Symbol,Date,Open,High,Low,Close,Volume
ACB,2021-05-17,13.882762317409787,13.957804275882273,13.676396931610453,13.713917910846693,11358700.0
ACB,2021-05-18,13.732678400464817,13.732678400464817,13.470031545811116,13.601354973137967,7881100.0
ACB,2021-05-19,13.582594483519847,13.77019937970106,13.470031545811116,13.732678400464817,8143500.0
ACB,2021-05-20,13.732678400464817,14.070367213591,13.732678400464817,14.032846234354757,12263200.0
ACB,2021-05-21,14.032846234354757,14.37053504748094,13.995325255118514,14.070367213591,9146500.0
ACB,2021-05-24,14.20169064091785,14.20169064091785,13.976564765500394,14.070367213591,8083100.0
ACB,2021-05-25,14.070367213591,14.35177455786282,13.995325255118514,14.257972109772213,8757400.0
ACB,2021-05-26,14.276732599390334,14.50185847480779,14.276732599390334,14.426816516335306,10216000.0
ACB,2021-05-27,14.445577005953426,14.689463370989003,14.22045113053597,14.3330140682447,9551700.0
ACB,2021-05-28,14.3330140682447,14.595660922898396,14.276732599390334,14.595660922898396,9896000.0
ACB,2021-05-31,14.820786798315853,15.552445893422586,14.63318190213464,15.533685403804464,16094300.0
ACB,2021-06-01,15.946416175403133,16.096500092348105,15.75881127922192,15.796332258458163,11159800.0
ACB,2021-06-02,16.0026976442575,16.73435673936423,15.946416175403133,16.73435673936423,16313600.0
ACB,2021-06-03,17.372213386380352,17.372213386380352,16.73435673936423,17.222129469435384,12265700.0
ACB,2021-06-04,16.8844406563092,17.222129469435384,16.8844406563092,16.997003594017926,9859200.0
ACB,2021-06-07,16.846919677072957,16.846919677072957,15.852613727312526,16.134021071584346,18505000.0
ACB,2021-06-08,15.965176665021254,16.284104988529318,15.083433652969553,15.083433652969553,14962800.0
ACB,2021-06-09,15.083433652969553,15.983937154639376,15.008391694497066,15.927655685785012,12565100.0
ACB,2021-06-10,16.180922295629646,16.579582700014722,15.993317399448431,15.993317399448431,15447700.0
ACB,2021-06-11,16.13402107158434,16.462329639901466,15.85261372731252,16.2512741316976,9532300.0
ACB,2021-06-14,16.2512741316976,16.368527191810855,15.876064339335173,15.993317399448431,12734730.0
ACB,2021-06-15,15.993317399448431,16.9782431043998,15.711910055176611,16.579582700014722,19178200.0
ACB,2021-06-16,16.579582700014722,16.62648392406003,16.180922295629646,16.274724743720252,9976800.0
ACB,2021-06-17,15.946416175403128,16.415428415856162,15.80571250326722,16.368527191810855,6413400.0
ACB,2021-06-18,16.50923086394677,16.64993453608268,16.368527191810855,16.415428415856162,9215200.0
ACB,2021-06-21,16.368527191810855,16.50923086394677,16.2512741316976,16.298175355742902,5447600.0
ACB,2021-06-22,16.50923086394677,16.884440656309195,16.345076579788206,16.720286372150632,15054500.0
ACB,2021-06-23,16.837539432263892,17.07204555249041,16.743736984173285,16.790638208218585,10448800.0
ACB,2021-06-24,16.884440656309195,17.09549616451306,16.696835760127982,16.9782431043998,11642700.0
ACB,2021-06-25,16.9782431043998,17.165848000581015,16.907891268331845,17.048594940467755,7934000.0
ACB,2021-06-28,17.212749224626318,17.259650448671618,17.0251443284451,17.212749224626318,7967700.0
ACB,2021-06-29,17.306551672716925,17.330002284739578,17.09549616451306,17.09549616451306,7132800.0
ACB,2021-06-30,17.07204555249041,17.11894677653571,16.696835760127982,16.743736984173285,9628000.0
ACB,2021-07-01,16.67338514810533,16.9782431043998,16.462329639901466,16.860990044286545,10393200.0
ACB,2021-07-02,17.0251443284451,17.07204555249041,16.884440656309195,16.9313418803545,6748800.0
ACB,2021-07-05,17.0251443284451,17.869366361260564,16.837539432263892,17.79901452519261,18492100.0
ACB,2021-07-06,17.82246513721526,17.916267585305867,16.884440656309195,16.884440656309195,10230700.0
ACB,2021-07-07,16.884440656309195,17.306551672716925,16.462329639901466,17.14239738855836,10121600.0
ACB,2021-07-08,17.14239738855836,17.447255344852834,16.884440656309195,16.9782431043998,7412900.0
ACB,2021-07-09,16.884440656309195,17.165848000581015,15.946416175403128,16.50923086394677,11315400.0
ACB,2021-07-12,16.180922295629646,16.298175355742902,15.360150874836837,15.360150874836837,18670400.0
ACB,2021-07-13,15.618107607086003,15.618107607086003,15.14909536663297,15.43050271090479,6922200.0
ACB,2021-07-14,15.43050271090479,15.477403934950095,14.586280678089333,14.891138634383804,10810500.0
ACB,2021-07-15,14.72698435022524,15.453953322927445,14.70353373820259,15.360150874836837,8676100.0
ACB,2021-07-16,15.54775577101805,15.758811279221915,15.383601486859487,15.758811279221915,5918800.0
ACB,2021-07-19,15.43050271090479,15.54775577101805,14.984941082474409,15.078743530565015,10553200.0
ACB,2021-07-20,15.242897814723579,15.899514951357824,15.008391694497062,15.899514951357824,9494600.0
ACB,2021-07-21,15.969866787425778,16.180922295629646,15.82916311528987,15.85261372731252,8179300.0
ACB,2021-07-22,15.85261372731252,16.13402107158434,15.571206383040703,15.993317399448431,7513300.0
ACB,2021-07-23,15.899514951357824,16.016768011471083,15.477403934950095,15.477403934950095,7433000.0
ACB,2021-07-26,15.289799038768882,15.524305158995398,15.031842306519712,15.336700262814187,8263400.0
ACB,2021-07-27,15.500854546972745,15.711910055176611,15.477403934950095,15.54775577101805,5904900.0
ACB,2021-07-28,15.571206383040703,15.758811279221915,15.500854546972745,15.54775577101805,4846400.0
ACB,2021-07-29,15.688459443153961,16.040218623493736,15.618107607086003,16.016768011471083,7638000.0
ACB,2021-07-30,16.087119847539036,16.95479249237715,16.087119847539036,16.95479249237715,40589700.0
ACB,2021-08-02,16.64993453608268,16.884440656309195,16.579582700014722,16.67338514810533,10223859.0
ACB,2021-08-03,16.62648392406003,16.790638208218585,16.415428415856162,16.790638208218585,11367325.0
ACB,2021-08-04,16.884440656309195,16.884440656309195,16.55613208799207,16.64993453608268,19897100.0
ACB,2021-08-05,16.579582700014722,16.9313418803545,16.55613208799207,16.884440656309195,13885400.0
ACB,2021-08-06,16.9313418803545,16.95479249237715,16.62648392406003,16.67338514810533,8690800.0
ACB,2021-08-09,16.603033312037375,17.283101060694275,16.485780251924115,17.11894677653571,20045200.0
ACB,2021-08-10,17.259650448671618,17.283101060694275,16.9782431043998,17.11894677653571,10457700.0
ACB,2021-08-11,17.11894677653571,17.236199836648968,16.884440656309195,16.884440656309195,16492300.0
ACB,2021-08-12,16.790638208218585,16.884440656309195,16.55613208799207,16.55613208799207,12447100.0
ACB,2021-08-13,16.50923086394677,16.62648392406003,16.087119847539036,16.579582700014722,17576600.0
ACB,2021-08-16,16.579582700014722,16.884440656309195,16.321625967765552,16.743736984173285,17074725.0
ACB,2021-08-17,16.884440656309195,16.9782431043998,16.603033312037375,16.696835760127982,9068100.0
ACB,2021-08-18,16.62648392406003,16.790638208218585,16.55613208799207,16.67338514810533,9543600.0
ACB,2021-08-19,16.64993453608268,16.67338514810533,16.391977803833512,16.55613208799207,10378000.0
ACB,2021-08-20,16.55613208799207,16.579582700014722,15.500854546972745,15.758811279221915,20952900.0
ACB,2021-08-23,15.711910055176611,15.758811279221915,15.008391694497062,15.008391694497062,24602700.0
ACB,2021-08-24,15.008391694497062,15.242897814723579,14.86768802236115,15.14909536663297,9584200.0
ACB,2021-08-25,15.102194142587669,15.242897814723579,14.961490470451757,15.219447202700929,4865700.0
ACB,2021-08-26,15.266348426746228,15.289799038768882,14.914589246406456,14.984941082474409,5024800.0
ACB,2021-08-27,14.86768802236115,14.938039858429107,14.445577005953423,14.891138634383804,8069600.0
ACB,2021-08-30,14.914589246406456,15.195996590678273,14.820786798315849,15.078743530565015,8029600.0
ACB,2021-08-31,15.242897814723579,15.289799038768882,15.008391694497062,15.008391694497062,5528600.0
ACB,2021-09-01,15.008391694497062,15.360150874836837,14.984941082474409,15.008391694497062,8785300.0
ACB,2021-09-06,15.102194142587669,15.14909536663297,14.984941082474409,15.031842306519712,7383200.0
ACB,2021-09-07,15.195996590678273,15.360150874836837,15.102194142587669,15.242897814723579,7963700.0
ACB,2021-09-08,15.242897814723579,15.360150874836837,15.055292918542365,15.078743530565015,5122900.0
ACB,2021-09-09,15.008391694497062,15.219447202700929,14.984941082474409,15.219447202700929,3731900.0
ACB,2021-09-10,15.242897814723579,15.266348426746228,15.12564475461032,15.14909536663297,4101100.0
ACB,2021-09-13,15.14909536663297,15.14909536663297,14.961490470451757,14.961490470451757,5199800.0
ACB,2021-09-14,14.938039858429107,15.008391694497062,14.773885574270546,14.773885574270546,6368100.0
ACB,2021-09-15,14.773885574270546,14.773885574270546,14.609731290111982,14.633181902134634,5049200.0
ACB,2021-09-16,14.656632514157288,14.797336186293197,14.633181902134634,14.68008312617994,3455500.0
ACB,2021-09-17,14.820786798315849,14.914589246406456,14.70353373820259,14.820786798315849,4572300.0
ACB,2021-09-20,15.008391694497062,15.14909536663297,14.938039858429107,15.055292918542365,6557800.0
ACB,2021-09-21,14.914589246406456,15.008391694497062,14.750434962247892,14.914589246406456,3882100.0
ACB,2021-09-22,14.914589246406456,15.008391694497062,14.820786798315849,14.820786798315849,2681700.0
ACB,2021-09-23,14.86768802236115,14.914589246406456,14.773885574270546,14.820786798315849,4410800.0
ACB,2021-09-24,14.914589246406456,15.078743530565015,14.820786798315849,15.008391694497062,6688700.0
ACB,2021-09-27,15.102194142587669,15.195996590678273,14.773885574270546,14.773885574270546,4871300.0
ACB,2021-09-28,14.773885574270546,14.891138634383804,14.72698435022524,14.820786798315849,2617400.0
ACB,2021-09-29,14.820786798315849,14.86768802236115,14.609731290111982,14.70353373820259,3615100.0
ACB,2021-09-30,14.70353373820259,14.820786798315849,14.68008312617994,14.797336186293197,4464800.0
ACB,2021-10-01,14.773885574270546,14.797336186293197,14.586280678089333,14.773885574270546,6471703.0
ACB,2021-10-04,14.68008312617994,14.72698435022524,14.351774557862816,14.539379454044028,5659000.0
ACB,2021-10-05,14.539379454044028,14.773885574270546,14.539379454044028,14.773885574270546,4032300.0
ACB,2021-10-06,14.797336186293197,14.844237410338499,14.586280678089333,14.70353373820259,4095800.0
ACB,2021-10-07,14.773885574270546,14.773885574270546,14.633181902134634,14.633181902134634,3831800.0
ACB,2021-10-08,14.72698435022524,14.797336186293197,14.656632514157288,14.750434962247892,3605900.0
ACB,2021-10-11,14.820786798315849,15.289799038768882,14.820786798315849,15.289799038768882,6684100.0
ACB,2021-10-12,15.43050271090479,15.43050271090479,15.195996590678273,15.289799038768882,3385300.0
ACB,2021-10-13,15.289799038768882,15.43050271090479,15.242897814723579,15.289799038768882,3709300.0
ACB,2021-10-14,15.289799038768882,15.336700262814187,15.102194142587669,15.14909536663297,4591600.0
ACB,2021-10-15,15.242897814723579,15.266348426746228,15.055292918542365,15.102194142587669,4935300.0
ACB,2021-10-18,15.172545978655624,15.289799038768882,15.008391694497062,15.008391694497062,4543400.0
ACB,2021-10-19,15.195996590678273,15.195996590678273,14.961490470451757,15.14909536663297,3698600.0
ACB,2021-10-20,15.14909536663297,15.313249650791532,14.914589246406456,15.14909536663297,3846400.0
ACB,2021-10-21,15.14909536663297,15.14909536663297,14.891138634383804,14.891138634383804,4132200.0
ACB,2021-10-22,14.961490470451757,14.984941082474409,14.750434962247892,14.820786798315849,3827100.0
ACB,2021-10-25,14.86768802236115,14.86768802236115,14.586280678089333,14.656632514157288,5240400.0
ACB,2021-10-26,14.656632514157288,14.656632514157288,14.445577005953423,14.586280678089333,5509100.0
ACB,2021-10-27,14.609731290111982,14.914589246406456,14.609731290111982,14.72698435022524,5777500.0
ACB,2021-10-28,14.844237410338499,14.938039858429107,14.773885574270546,14.938039858429107,9869000.0
ACB,2021-10-29,14.938039858429107,15.477403934950095,14.891138634383804,15.477403934950095,15872550.0
ACB,2021-11-01,15.383601486859487,15.43050271090479,15.195996590678273,15.336700262814187,5598300.0
ACB,2021-11-02,15.336700262814187,15.54775577101805,15.266348426746228,15.54775577101805,7958700.0
ACB,2021-11-03,15.618107607086003,15.993317399448431,15.594656995063353,15.876064339335173,13293500.0
ACB,2021-11-04,15.969866787425778,15.969866787425778,15.688459443153961,15.711910055176611,5335800.0
ACB,2021-11-05,15.85261372731252,15.85261372731252,15.618107607086003,15.711910055176611,5241700.0
ACB,2021-11-08,15.711910055176611,15.782261891244566,15.571206383040703,15.665008831131308,5817500.0
ACB,2021-11-09,15.665008831131308,15.85261372731252,15.641558219108656,15.688459443153961,6598500.0
ACB,2021-11-10,15.711910055176611,15.735360667199261,15.54775577101805,15.665008831131308,5794500.0
ACB,2021-11-11,15.618107607086003,15.735360667199261,15.242897814723579,15.477403934950095,7503700.0
ACB,2021-11-12,15.477403934950095,15.641558219108656,15.313249650791532,15.641558219108656,17087412.0
ACB,2021-11-15,15.665008831131308,15.758811279221915,15.594656995063353,15.665008831131308,5435700.0
ACB,2021-11-16,15.641558219108656,15.665008831131308,15.383601486859487,15.54775577101805,5261500.0
ACB,2021-11-17,15.54775577101805,15.711910055176611,15.383601486859487,15.618107607086003,5060500.0
ACB,2021-11-18,15.711910055176611,15.711910055176611,15.242897814723579,15.242897814723579,5497600.0
ACB,2021-11-19,15.336700262814187,15.899514951357824,15.266348426746228,15.688459443153961,10217500.0
ACB,2021-11-22,15.711910055176611,16.321625967765552,15.477403934950095,16.016768011471083,9493900.0
ACB,2021-11-23,16.063669235516386,16.087119847539036,15.80571250326722,15.922965563380478,4505600.0
ACB,2021-11-24,15.899514951357824,16.62648392406003,15.82916311528987,16.579582700014722,16933000.0
ACB,2021-11-25,16.64993453608268,16.67338514810533,16.391977803833512,16.485780251924115,8149386.0
ACB,2021-11-26,16.485780251924115,16.55613208799207,16.22782351967495,16.22782351967495,8516225.0
ACB,2021-11-29,15.85261372731252,16.087119847539036,15.85261372731252,16.016768011471083,6596400.0
ACB,2021-11-30,16.13402107158434,16.180922295629646,15.571206383040703,15.618107607086003,7175200.0
ACB,2021-12-01,15.524305158995398,15.711910055176611,15.500854546972745,15.711910055176611,3820400.0
ACB,2021-12-02,15.758811279221915,15.758811279221915,15.571206383040703,15.571206383040703,3055900.0
ACB,2021-12-03,15.665008831131308,15.735360667199261,15.266348426746228,15.266348426746228,5932100.0
ACB,2021-12-06,15.14909536663297,15.383601486859487,14.844237410338499,15.14909536663297,6499000.0
ACB,2021-12-07,15.242897814723579,15.453953322927445,15.055292918542365,15.453953322927445,3199600.0
ACB,2021-12-08,15.313249650791532,15.665008831131308,15.266348426746228,15.524305158995398,4533200.0
ACB,2021-12-09,15.477403934950095,15.618107607086003,15.383601486859487,15.618107607086003,2796900.0
ACB,2021-12-10,15.571206383040703,15.758811279221915,15.524305158995398,15.665008831131308,5383407.0
ACB,2021-12-13,15.735360667199261,15.85261372731252,15.618107607086003,15.665008831131308,4376850.0
ACB,2021-12-14,15.618107607086003,15.711910055176611,15.524305158995398,15.618107607086003,2901000.0
ACB,2021-12-15,15.524305158995398,15.735360667199261,15.500854546972745,15.665008831131308,3316600.0
ACB,2021-12-16,15.711910055176611,15.735360667199261,15.477403934950095,15.477403934950095,2505800.0
ACB,2021-12-17,15.54775577101805,15.618107607086003,15.500854546972745,15.571206383040703,3193200.0
ACB,2021-12-20,15.571206383040703,15.618107607086003,15.40705209888214,15.524305158995398,5168600.0
ACB,2021-12-21,15.453953322927445,15.453953322927445,15.383601486859487,15.383601486859487,2620400.0
ACB,2021-12-22,15.313249650791532,15.453953322927445,15.313249650791532,15.336700262814187,5888536.0
ACB,2021-12-23,15.289799038768882,15.313249650791532,15.008391694497062,15.242897814723579,5513500.0
ACB,2021-12-24,15.242897814723579,15.54775577101805,15.102194142587669,15.477403934950095,6383150.0
ACB,2021-12-27,15.618107607086003,15.618107607086003,15.43050271090479,15.54775577101805,2951400.0
ACB,2021-12-28,15.54775577101805,15.82916311528987,15.500854546972745,15.782261891244566,13102300.0
ACB,2021-12-29,15.876064339335173,16.040218623493736,15.80571250326722,15.85261372731252,5690100.0
ACB,2021-12-30,15.80571250326722,15.946416175403128,15.711910055176611,15.899514951357824,3259600.0
ACB,2021-12-31,15.946416175403128,16.204372907652296,15.946416175403128,16.180922295629646,12977700.0
ACB,2022-01-04,16.321625967765552,16.321625967765552,16.063669235516386,16.13402107158434,5403400.0
ACB,2022-01-05,16.11057045956169,16.11057045956169,15.782261891244566,15.80571250326722,6839700.0
ACB,2022-01-06,15.711910055176611,15.946416175403128,15.524305158995398,15.82916311528987,7482700.0
ACB,2022-01-07,15.899514951357824,15.922965563380478,15.618107607086003,15.618107607086003,9895200.0
ACB,2022-01-10,15.477403934950095,15.665008831131308,15.453953322927445,15.477403934950095,9055100.0
ACB,2022-01-11,15.477403934950095,15.500854546972745,15.336700262814187,15.360150874836837,8011500.0
ACB,2022-01-12,15.336700262814187,15.735360667199261,15.266348426746228,15.524305158995398,9146271.0
ACB,2022-01-13,15.782261891244566,16.063669235516386,15.54775577101805,15.641558219108656,7671800.0
ACB,2022-01-14,15.641558219108656,15.688459443153961,15.477403934950095,15.500854546972745,3493000.0
ACB,2022-01-17,15.524305158995398,15.782261891244566,15.360150874836837,15.360150874836837,16934050.0
ACB,2022-01-18,15.360150874836837,15.500854546972745,15.14909536663297,15.383601486859487,5189600.0
ACB,2022-01-19,15.383601486859487,15.618107607086003,15.383601486859487,15.477403934950095,3250200.0
ACB,2022-01-20,15.477403934950095,15.54775577101805,15.336700262814187,15.453953322927445,4120900.0
ACB,2022-01-21,15.453953322927445,15.946416175403128,15.43050271090479,15.688459443153961,14121000.0
ACB,2022-01-24,15.711910055176611,16.368527191810855,15.711910055176611,16.11057045956169,14138700.0
ACB,2022-01-25,16.11057045956169,16.438879027878812,16.11057045956169,16.345076579788206,4587700.0
ACB,2022-01-26,16.415428415856162,16.860990044286545,16.415428415856162,16.62648392406003,8494500.0
ACB,2022-01-27,16.603033312037375,16.603033312037375,16.204372907652296,16.368527191810855,6839400.0
ACB,2022-01-28,16.368527191810855,16.415428415856162,16.13402107158434,16.204372907652296,18783100.0
ACB,2022-02-07,16.415428415856162,16.485780251924115,16.2512741316976,16.274724743720252,5506156.0
ACB,2022-02-08,16.274724743720252,16.884440656309195,16.274724743720252,16.767187596195935,32689200.0
ACB,2022-02-09,16.837539432263892,16.860990044286545,16.64993453608268,16.696835760127982,11641700.0
ACB,2022-02-10,16.696835760127982,16.790638208218585,16.579582700014722,16.67338514810533,15011820.0
ACB,2022-02-11,16.55613208799207,17.048594940467755,16.53268147596942,16.743736984173285,9923200.0
ACB,2022-02-14,16.603033312037375,16.696835760127982,15.946416175403128,15.946416175403128,13828200.0
ACB,2022-02-15,15.969866787425778,16.180922295629646,15.946416175403128,16.180922295629646,11543900.0
ACB,2022-02-16,16.274724743720252,16.274724743720252,15.946416175403128,16.040218623493736,5526300.0
ACB,2022-02-17,16.016768011471083,16.157471683606992,15.993317399448431,16.087119847539036,4748600.0
ACB,2022-02-18,15.993317399448431,16.063669235516386,15.80571250326722,15.876064339335173,11392400.0
ACB,2022-02-21,15.899514951357824,16.13402107158434,15.735360667199261,16.13402107158434,8887900.0
ACB,2022-02-22,15.946416175403128,16.274724743720252,15.758811279221915,16.274724743720252,8630200.0
ACB,2022-02-23,16.321625967765552,16.462329639901466,16.22782351967495,16.22782351967495,7056600.0
ACB,2022-02-24,16.11057045956169,16.22782351967495,15.688459443153961,16.157471683606992,9190200.0
ACB,2022-02-25,16.180922295629646,16.298175355742902,16.087119847539036,16.11057045956169,6365900.0
ACB,2022-02-28,16.087119847539036,16.11057045956169,15.899514951357824,15.899514951357824,5273425.0
ACB,2022-03-01,15.946416175403128,15.946416175403128,15.735360667199261,15.876064339335173,5908400.0
ACB,2022-03-02,15.80571250326722,15.946416175403128,15.43050271090479,15.43050271090479,13981600.0
ACB,2022-03-03,15.477403934950095,15.688459443153961,15.43050271090479,15.688459443153961,8167100.0
ACB,2022-03-04,15.665008831131308,16.087119847539036,15.477403934950095,16.087119847539036,6925100.0
ACB,2022-03-07,15.711910055176611,15.85261372731252,15.54775577101805,15.594656995063353,4694500.0
ACB,2022-03-08,15.477403934950095,15.571206383040703,15.266348426746228,15.289799038768882,7342900.0
ACB,2022-03-09,15.360150874836837,15.453953322927445,15.195996590678273,15.336700262814187,4172000.0
ACB,2022-03-10,15.477403934950095,15.665008831131308,15.43050271090479,15.43050271090479,2801800.0
ACB,2022-03-11,15.383601486859487,15.453953322927445,15.289799038768882,15.336700262814187,3160100.0
ACB,2022-03-14,15.242897814723579,15.383601486859487,15.219447202700929,15.336700262814187,4380000.0
ACB,2022-03-15,15.383601486859487,15.54775577101805,15.336700262814187,15.383601486859487,4036400.0
ACB,2022-03-16,15.43050271090479,15.500854546972745,15.313249650791532,15.383601486859487,3539400.0
ACB,2022-03-17,15.54775577101805,15.571206383040703,15.383601486859487,15.383601486859487,3662400.0
ACB,2022-03-18,15.477403934950095,15.524305158995398,15.383601486859487,15.383601486859487,6013400.0
ACB,2022-03-21,15.43050271090479,15.477403934950095,15.336700262814187,15.453953322927445,5404400.0
ACB,2022-03-22,15.477403934950095,15.665008831131308,15.477403934950095,15.618107607086003,5581400.0
ACB,2022-03-23,15.571206383040703,15.665008831131308,15.54775577101805,15.571206383040703,7176525.0
ACB,2022-03-24,15.500854546972745,15.571206383040703,15.40705209888214,15.43050271090479,3240900.0
ACB,2022-03-25,15.43050271090479,15.54775577101805,15.336700262814187,15.336700262814187,5480359.0
ACB,2022-03-28,15.336700262814187,15.383601486859487,15.14909536663297,15.172545978655624,9075500.0
ACB,2022-03-29,15.219447202700929,15.313249650791532,15.14909536663297,15.172545978655624,4590641.0
ACB,2022-03-30,15.195996590678273,15.43050271090479,15.14909536663297,15.289799038768882,4892100.0
ACB,2022-03-31,15.336700262814187,15.571206383040703,15.289799038768882,15.500854546972745,5523400.0
ACB,2022-04-01,15.500854546972745,15.665008831131308,15.477403934950095,15.665008831131308,6515500.0
ACB,2022-04-04,15.758811279221915,15.80571250326722,15.665008831131308,15.711910055176611,5238850.0
ACB,2022-04-05,15.665008831131308,15.665008831131308,15.453953322927445,15.477403934950095,4808400.0
ACB,2022-04-06,15.40705209888214,15.618107607086003,15.360150874836837,15.571206383040703,4156600.0
ACB,2022-04-07,15.665008831131308,16.016768011471083,15.594656995063353,15.758811279221915,9677900.0
ACB,2022-04-08,15.80571250326722,15.946416175403128,15.782261891244566,15.876064339335173,8904400.0
ACB,2022-04-12,15.876064339335173,15.876064339335173,15.641558219108656,15.688459443153961,5223200.0
ACB,2022-04-13,15.711910055176611,15.876064339335173,15.618107607086003,15.782261891244566,5232400.0
ACB,2022-04-14,15.782261891244566,16.016768011471083,15.758811279221915,15.85261372731252,5421600.0
ACB,2022-04-15,15.85261372731252,15.946416175403128,15.688459443153961,15.735360667199261,5388100.0
ACB,2022-04-18,15.711910055176611,15.758811279221915,15.383601486859487,15.383601486859487,6485500.0
ACB,2022-04-19,15.289799038768882,15.383601486859487,14.820786798315849,14.844237410338499,5544400.0
ACB,2022-04-20,14.86768802236115,15.102194142587669,14.844237410338499,14.961490470451757,4560500.0
ACB,2022-04-21,15.008391694497062,15.242897814723579,14.773885574270546,14.773885574270546,5899800.0
ACB,2022-04-22,14.86768802236115,15.289799038768882,14.86768802236115,15.14909536663297,5488800.0
ACB,2022-04-25,15.14909536663297,15.219447202700929,14.304873333817511,14.304873333817511,9502659.0
ACB,2022-04-26,14.304873333817511,14.656632514157288,14.070367213590995,14.492478229998724,6106000.0
ACB,2022-04-27,14.398675781908118,14.633181902134634,14.211070885726906,14.492478229998724,2831800.0
ACB,2022-04-28,14.351774557862816,14.633181902134634,14.351774557862816,14.539379454044028,1568200.0
ACB,2022-04-29,14.539379454044028,15.336700262814187,14.42212639393077,15.336700262814187,4660900.0
ACB,2022-05-04,15.12564475461032,15.242897814723579,14.891138634383804,14.891138634383804,2660200.0
ACB,2022-05-05,15.14909536663297,15.14909536663297,14.68008312617994,14.86768802236115,3503200.0
ACB,2022-05-06,14.633181902134634,14.914589246406456,14.469027617976074,14.539379454044028,3655300.0
ACB,2022-05-09,14.539379454044028,14.539379454044028,13.929663541455085,14.351774557862816,5176200.0
ACB,2022-05-10,14.211070885726906,14.539379454044028,14.023465989545691,14.445577005953423,4888500.0
ACB,2022-05-11,14.445577005953423,14.820786798315849,14.351774557862816,14.820786798315849,2319300.0
ACB,2022-05-12,14.398675781908118,14.656632514157288,13.835861093364478,13.835861093364478,3461900.0
ACB,2022-05-13,14.023465989545691,14.211070885726906,12.897836612458413,12.897836612458413,6442600.0
ACB,2022-05-16,12.968188448526366,13.460651301002052,12.897836612458413,12.944737836503716,5137600.0
ACB,2022-05-17,12.944737836503716,13.765509257296523,12.897836612458413,13.71860803325122,2617900.0
ACB,2022-05-18,13.929663541455085,13.953114153477737,13.507552525047355,13.57790436111531,3521100.0
ACB,2022-05-19,13.319947628866142,13.601354973137962,13.179243956730232,13.413750076956749,5423275.0
ACB,2022-05-20,13.413750076956749,13.742058645273872,13.413750076956749,13.624805585160614,1936000.0
ACB,2022-05-23,13.648256197183265,13.742058645273872,13.273046404820839,13.343398240888794,1256800.0
ACB,2022-05-24,13.507552525047355,13.507552525047355,13.202694568752882,13.507552525047355,1574100.0
ACB,2022-05-25,13.507552525047355,14.070367213590995,13.507552525047355,14.070367213590995,3815600.0
ACB,2022-05-26,14.257972109772208,14.304873333817511,14.070367213590995,14.234521497749558,2690700.0
ACB,2022-05-27,14.445577005953423,14.914589246406456,14.351774557862816,14.914589246406456,4910800.0
ACB,2022-05-30,15.008391694497062,15.008391694497062,14.773885574270546,14.984941082474409,2244200.0
ACB,2022-05-31,14.86768802236115,14.914589246406456,14.773885574270546,14.797336186293197,2348500.0
ACB,2022-06-01,14.914589246406456,14.914589246406456,14.586280678089333,14.586280678089333,3523400.0
ACB,2022-06-02,15.008391694497066,15.213584549695268,14.861825369355493,14.861825369355493,3745600.0
ACB,2022-06-03,14.949765164440436,15.008391694497066,14.598005984100661,14.83251210432718,1409500.0
ACB,2022-06-06,14.83251210432718,14.979078429468752,14.773885574270547,14.83251210432718,1698800.0
ACB,2022-06-07,14.83251210432718,14.83251210432718,14.246246803760886,14.627319249128975,2255000.0
ACB,2022-06-08,14.598005984100661,15.067018224553694,14.451439658959087,15.067018224553694,4494800.0
ACB,2022-06-09,15.125644754610324,15.184271284666952,14.685945779185605,15.09633148958201,3388400.0
ACB,2022-06-10,14.773885574270547,15.125644754610324,14.744572309242233,14.773885574270547,2278300.0
ACB,2022-06-13,14.656632514157291,14.656632514157291,13.95311415347774,14.011740683534368,3830300.0
ACB,2022-06-14,14.011740683534368,14.334186598845829,13.777234563307854,14.128993743647628,2049600.0
ACB,2022-06-15,14.334186598845829,14.363499863874145,13.542728443081337,13.835861093364484,3633100.0
ACB,2022-06-16,13.835861093364484,14.128993743647628,13.835861093364484,14.128993743647628,1925600.0
ACB,2022-06-17,13.777234563307854,13.982427418506056,13.396162117939765,13.542728443081337,3460900.0
ACB,2022-06-20,13.542728443081337,13.777234563307854,13.366848852911449,13.425475382968077,3956000.0
ACB,2022-06-21,13.190969262741561,13.601354973137965,13.190969262741561,13.484101913024707,4426500.0
ACB,2022-06-22,13.601354973137965,14.011740683534368,13.601354973137965,13.923800888449426,2782000.0
ACB,2022-06-23,13.718608033251224,13.982427418506056,13.513415178053021,13.923800888449426,2140900.0
ACB,2022-06-24,13.89448762342111,14.070367213590998,13.777234563307854,13.95311415347774,1588100.0
ACB,2022-06-27,13.95311415347774,14.158307008675942,13.865174358392796,14.041053948562684,2447600.0
ACB,2022-06-28,13.95311415347774,14.539379454044033,13.89448762342111,14.363499863874145,2995800.0
ACB,2022-06-29,14.187620273704256,14.363499863874145,14.070367213590998,14.187620273704256,2660600.0
ACB,2022-06-30,14.363499863874145,14.363499863874145,14.041053948562684,14.070367213590998,2088400.0
ACB,2022-07-01,13.982427418506056,14.099680478619314,13.777234563307854,14.099680478619314,1851900.0
ACB,2022-07-04,14.304873333817515,14.363499863874145,14.070367213590998,14.216933538732572,2143900.0
ACB,2022-07-05,14.334186598845829,14.422126393930775,14.216933538732572,14.334186598845829,3707000.0
ACB,2022-07-06,14.304873333817515,14.363499863874145,13.835861093364484,14.187620273704256,2017800.0
ACB,2022-07-07,14.246246803760886,14.363499863874145,14.128993743647628,14.158307008675942,2496700.0
ACB,2022-07-08,14.187620273704256,14.304873333817515,14.070367213590998,14.070367213590998,2176000.0
ACB,2022-07-11,13.982427418506056,14.070367213590998,13.777234563307854,13.777234563307854,1634700.0
ACB,2022-07-12,13.835861093364484,14.070367213590998,13.777234563307854,14.070367213590998,758000.0
ACB,2022-07-13,14.070367213590998,14.304873333817515,13.95311415347774,14.070367213590998,2126200.0
ACB,2022-07-14,13.95311415347774,14.158307008675942,13.95311415347774,14.099680478619314,2029400.0
ACB,2022-07-15,14.216933538732572,14.334186598845829,14.070367213590998,14.070367213590998,3396600.0
ACB,2022-07-18,14.128993743647628,14.187620273704256,14.011740683534368,14.011740683534368,2425000.0
ACB,2022-07-19,14.011740683534368,14.041053948562684,13.95311415347774,14.011740683534368,1507000.0
ACB,2022-07-20,14.128993743647628,14.275560068789202,14.011740683534368,14.246246803760886,3089300.0
ACB,2022-07-21,14.246246803760886,14.598005984100661,14.187620273704256,14.451439658959087,4313000.0
ACB,2022-07-22,14.451439658959087,14.539379454044033,14.275560068789202,14.275560068789202,2178431.0
ACB,2022-07-25,14.187620273704256,14.304873333817515,14.011740683534368,14.099680478619314,1850700.0
ACB,2022-07-26,14.070367213590998,14.216933538732572,14.070367213590998,14.099680478619314,1902900.0
ACB,2022-07-27,14.070367213590998,14.187620273704256,14.041053948562684,14.187620273704256,890000.0
ACB,2022-07-28,14.480752923987403,14.480752923987403,14.304873333817515,14.334186598845829,3347500.0
ACB,2022-07-29,14.392813128902459,14.480752923987403,14.334186598845829,14.422126393930775,5438100.0
ACB,2022-08-01,14.451439658959087,14.656632514157291,14.363499863874145,14.656632514157291,4455500.0
ACB,2022-08-02,14.656632514157291,14.685945779185605,14.480752923987403,14.598005984100661,3591300.0
ACB,2022-08-03,14.656632514157291,14.685945779185605,14.480752923987403,14.627319249128975,7920900.0
ACB,2022-08-04,14.656632514157291,14.803198839298863,14.598005984100661,14.656632514157291,4390100.0
ACB,2022-08-05,14.656632514157291,14.656632514157291,14.363499863874145,14.568692719072347,3762800.0
ACB,2022-08-08,14.539379454044033,14.656632514157291,14.451439658959087,14.510066189015717,3202100.0
ACB,2022-08-09,14.598005984100661,14.656632514157291,14.480752923987403,14.627319249128975,3945100.0
ACB,2022-08-10,14.627319249128975,14.685945779185605,14.510066189015717,14.568692719072347,1987700.0
ACB,2022-08-11,14.656632514157291,14.715259044213921,14.480752923987403,14.510066189015717,3442200.0
ACB,2022-08-12,14.480752923987403,14.568692719072347,14.422126393930775,14.539379454044033,1482500.0
ACB,2022-08-15,14.598005984100661,14.744572309242233,14.539379454044033,14.627319249128975,3154600.0
ACB,2022-08-16,14.598005984100661,14.627319249128975,14.451439658959087,14.568692719072347,3234500.0
ACB,2022-08-17,14.627319249128975,14.656632514157291,14.568692719072347,14.627319249128975,3350600.0
ACB,2022-08-18,14.627319249128975,14.803198839298863,14.539379454044033,14.744572309242233,5981500.0
ACB,2022-08-19,14.744572309242233,14.744572309242233,14.539379454044033,14.568692719072347,1909000.0
ACB,2022-08-22,14.539379454044033,14.539379454044033,14.422126393930775,14.451439658959087,2239300.0
ACB,2022-08-23,14.275560068789202,14.539379454044033,14.187620273704256,14.539379454044033,2385000.0
ACB,2022-08-24,14.480752923987403,14.598005984100661,14.451439658959087,14.568692719072347,2753500.0
ACB,2022-08-25,14.568692719072347,14.656632514157291,14.510066189015717,14.656632514157291,3631800.0
ACB,2022-08-26,14.715259044213921,14.83251210432718,14.510066189015717,14.539379454044033,3878700.0
ACB,2022-08-29,14.334186598845829,14.480752923987403,14.246246803760886,14.392813128902459,3599300.0
ACB,2022-08-30,14.422126393930775,14.568692719072347,14.392813128902459,14.392813128902459,2396400.0
ACB,2022-08-31,14.392813128902459,14.510066189015717,14.392813128902459,14.451439658959087,1967000.0
ACB,2022-09-05,14.392813128902459,14.510066189015717,14.334186598845829,14.363499863874145,2396400.0
ACB,2022-09-06,14.363499863874145,14.480752923987403,14.334186598845829,14.451439658959087,2405200.0
ACB,2022-09-07,14.363499863874145,14.422126393930775,14.246246803760886,14.246246803760886,3414400.0
ACB,2022-09-08,14.304873333817515,14.334186598845829,14.070367213590998,14.070367213590998,2080700.0
ACB,2022-09-09,14.187620273704256,14.187620273704256,13.923800888449426,14.070367213590998,3307900.0
ACB,2022-09-12,14.070367213590998,14.187620273704256,13.923800888449426,13.923800888449426,1466221.0
ACB,2022-09-13,14.011740683534368,14.070367213590998,13.835861093364484,13.95311415347774,2185500.0
ACB,2022-09-14,13.777234563307854,13.835861093364484,13.68929476822291,13.777234563307854,2102100.0
ACB,2022-09-15,13.835861093364484,13.835861093364484,13.747921298279538,13.806547828336168,2020600.0
ACB,2022-09-16,13.777234563307854,13.835861093364484,13.542728443081337,13.57204170810965,2120100.0
ACB,2022-09-19,13.57204170810965,13.601354973137965,13.308222322854819,13.396162117939765,10567600.0
ACB,2022-09-20,13.425475382968077,13.454788647996391,13.24959579279819,13.425475382968077,2218000.0
ACB,2022-09-21,13.396162117939765,13.396162117939765,13.24959579279819,13.24959579279819,8058200.0
ACB,2022-09-22,13.190969262741561,13.366848852911449,13.190969262741561,13.366848852911449,1978800.0
ACB,2022-09-23,13.278909057826505,13.454788647996391,13.24959579279819,13.24959579279819,7888600.0
ACB,2022-09-26,13.132342732684931,13.190969262741561,12.780583552345158,13.015089672571673,4788500.0
ACB,2022-09-27,13.015089672571673,13.161655997713247,12.956463142515046,13.132342732684931,12625700.0
ACB,2022-09-28,12.92714987748673,13.044402937599989,12.8685233474301,12.897836612458416,2513100.0
ACB,2022-09-29,12.985776407543359,12.985776407543359,12.839210082401786,12.897836612458416,9323300.0
ACB,2022-09-30,12.897836612458416,13.161655997713247,12.809896817373472,13.015089672571673,4219300.0
ACB,2022-10-03,12.92714987748673,13.073716202628303,12.487450902062012,12.6633304922319,4607900.0
ACB,2022-10-04,12.721957022288528,12.8685233474301,12.311571311892124,12.311571311892124,3941500.0
ACB,2022-10-05,12.370197841948753,12.575390697146954,12.194318251778865,12.194318251778865,3470800.0
ACB,2022-10-06,12.223631516807181,12.428824372005382,11.725306011325833,11.725306011325833,3274400.0
ACB,2022-10-07,11.461486626071002,11.666679481269203,10.904534590533025,10.933847855561337,8685400.0
ACB,2022-10-10,10.670028470306507,11.197667240816171,10.670028470306507,10.963161120589653,6473000.0
ACB,2022-10-11,10.963161120589653,10.963161120589653,10.230329494881788,10.259642759910104,7103000.0
ACB,2022-10-12,10.494148880136619,10.963161120589653,10.43552235007999,10.963161120589653,3629276.0
ACB,2022-10-13,10.963161120589653,11.695992746297517,10.845908060476395,11.695992746297517,4370800.0
ACB,2022-10-14,12.018438661608979,12.252944781835494,11.84255907143909,12.223631516807181,3138200.0
ACB,2022-10-17,11.90118560149572,12.311571311892124,11.871872336467405,12.28225804686381,3756600.0
ACB,2022-10-18,12.487450902062012,12.60470396217527,12.370197841948753,12.54607743211864,2790775.0
ACB,2022-10-19,12.6633304922319,12.6633304922319,12.311571311892124,12.370197841948753,1445700.0
ACB,2022-10-20,12.370197841948753,12.60470396217527,12.135691721722235,12.516764167090328,4643093.0
ACB,2022-10-21,12.516764167090328,12.516764167090328,11.871872336467405,11.959812131552349,9520500.0
ACB,2022-10-24,11.989125396580663,12.018438661608979,11.256293770872798,11.432173361042686,8797800.0
ACB,2022-10-25,11.549426421155944,12.223631516807181,11.226980505844484,11.959812131552349,5576800.0
ACB,2022-10-26,12.077065191665609,12.252944781835494,11.84255907143909,12.106378456693921,2716100.0
ACB,2022-10-27,12.135691721722235,12.92714987748673,12.018438661608979,12.92714987748673,4846000.0
ACB,2022-10-28,13.132342732684931,13.220282527769877,12.92714987748673,13.073716202628303,3811700.0
ACB,2022-10-31,13.103029467656619,13.190969262741561,12.692643757260212,13.132342732684931,3827300.0
ACB,2022-11-01,13.190969262741561,13.484101913024707,13.103029467656619,13.161655997713247,3355400.0
ACB,2022-11-02,13.132342732684931,13.161655997713247,12.780583552345158,12.780583552345158,4015200.0
ACB,2022-11-03,12.60470396217527,12.897836612458416,12.516764167090328,12.516764167090328,3367300.0
ACB,2022-11-04,12.516764167090328,12.54607743211864,11.695992746297517,11.813245806410775,12923400.0
ACB,2022-11-07,12.252944781835494,12.311571311892124,11.84255907143909,12.106378456693921,4996600.0
ACB,2022-11-08,12.077065191665609,12.751270287316842,11.813245806410775,12.487450902062012,4366100.0
ACB,2022-11-09,12.54607743211864,12.721957022288528,12.135691721722235,12.165004986750551,3755800.0
ACB,2022-11-10,12.106378456693921,12.252944781835494,11.432173361042686,11.725306011325833,5464700.0
ACB,2022-11-11,12.135691721722235,12.428824372005382,11.989125396580663,12.194318251778865,8725500.0
ACB,2022-11-14,12.018438661608979,12.135691721722235,11.695992746297517,11.90118560149572,5287100.0
ACB,2022-11-15,11.871872336467405,11.989125396580663,11.197667240816171,11.197667240816171,6563300.0
ACB,2022-11-16,11.080414180702912,11.959812131552349,10.494148880136619,11.959812131552349,8600600.0
ACB,2022-11-17,12.194318251778865,12.516764167090328,12.194318251778865,12.34088457692044,8443875.0
ACB,2022-11-18,12.194318251778865,12.575390697146954,12.077065191665609,12.399511106977068,3691700.0
ACB,2022-11-21,12.428824372005382,12.428824372005382,12.077065191665609,12.077065191665609,2610700.0
ACB,2022-11-22,11.959812131552349,12.516764167090328,11.930498866524035,11.930498866524035,4477400.0
ACB,2022-11-23,11.959812131552349,12.28225804686381,11.930498866524035,12.106378456693921,2950800.0
ACB,2022-11-24,12.077065191665609,12.428824372005382,11.959812131552349,12.311571311892124,2306700.0
ACB,2022-11-25,12.60470396217527,12.60470396217527,12.34088457692044,12.60470396217527,5438741.0
ACB,2022-11-28,12.6633304922319,13.044402937599989,12.634017227203584,13.044402937599989,6170700.0
ACB,2022-11-29,13.044402937599989,13.044402937599989,12.721957022288528,12.985776407543359,4377700.0
ACB,2022-11-30,13.044402937599989,13.161655997713247,12.780583552345158,12.956463142515046,4118400.0
ACB,2022-12-01,13.073716202628303,13.396162117939765,12.897836612458416,13.190969262741561,7524100.0
ACB,2022-12-02,13.190969262741561,13.777234563307854,12.985776407543359,13.777234563307854,5294450.0
ACB,2022-12-05,13.806547828336168,14.070367213590998,13.601354973137965,13.835861093364484,4715700.0
ACB,2022-12-06,13.835861093364484,13.923800888449426,13.073716202628303,13.073716202628303,5158400.0
ACB,2022-12-07,13.190969262741561,13.190969262741561,12.751270287316842,13.073716202628303,3295000.0
ACB,2022-12-08,13.161655997713247,13.95311415347774,12.956463142515046,13.278909057826505,4795900.0
ACB,2022-12-09,13.337535587883135,13.601354973137965,13.161655997713247,13.513415178053021,3319800.0
ACB,2022-12-12,13.513415178053021,13.659981503194595,13.190969262741561,13.190969262741561,3281800.0
ACB,2022-12-13,13.132342732684931,13.513415178053021,13.044402937599989,13.513415178053021,4186800.0
ACB,2022-12-14,13.542728443081337,13.747921298279538,13.337535587883135,13.57204170810965,3750600.0
ACB,2022-12-15,13.484101913024707,13.777234563307854,13.484101913024707,13.601354973137965,4113600.0
ACB,2022-12-16,13.484101913024707,13.718608033251224,13.396162117939765,13.484101913024707,2628500.0
ACB,2022-12-19,13.425475382968077,13.63066823816628,13.337535587883135,13.337535587883135,3982600.0
ACB,2022-12-20,13.337535587883135,13.425475382968077,13.015089672571673,13.220282527769877,5136900.0
ACB,2022-12-21,13.24959579279819,13.484101913024707,13.073716202628303,13.366848852911449,2157300.0
ACB,2022-12-22,13.484101913024707,13.484101913024707,13.337535587883135,13.425475382968077,2106500.0
ACB,2022-12-23,13.425475382968077,13.425475382968077,13.073716202628303,13.425475382968077,5635100.0
ACB,2022-12-26,13.425475382968077,13.425475382968077,12.956463142515046,12.956463142515046,2038000.0
ACB,2022-12-27,12.956463142515046,13.24959579279819,12.897836612458416,12.956463142515046,2189600.0
ACB,2022-12-28,12.956463142515046,13.161655997713247,12.8685233474301,12.897836612458416,2041400.0
ACB,2022-12-29,12.897836612458416,13.132342732684931,12.780583552345158,12.897836612458416,3469100.0
ACB,2022-12-30,12.897836612458416,13.015089672571673,12.780583552345158,12.839210082401786,1339500.0
ACB,2023-01-03,12.897836612458416,13.308222322854819,12.8685233474301,13.308222322854819,1547700.0
ACB,2023-01-04,13.396162117939765,13.396162117939765,13.220282527769877,13.278909057826505,7244400.0
ACB,2023-01-05,13.337535587883135,13.484101913024707,13.278909057826505,13.396162117939765,2104500.0
ACB,2023-01-06,13.366848852911449,13.68929476822291,13.24959579279819,13.57204170810965,8403100.0
ACB,2023-01-09,13.68929476822291,13.68929476822291,13.454788647996391,13.542728443081337,2491075.0
ACB,2023-01-10,13.63066823816628,13.747921298279538,13.454788647996391,13.747921298279538,12503100.0
ACB,2023-01-11,13.835861093364484,14.334186598845829,13.747921298279538,14.187620273704256,6048000.0
ACB,2023-01-12,14.187620273704256,14.451439658959087,14.187620273704256,14.363499863874145,8143675.0
ACB,2023-01-13,14.422126393930775,14.539379454044033,14.158307008675942,14.158307008675942,6144900.0
ACB,2023-01-16,14.158307008675942,14.656632514157291,14.158307008675942,14.656632514157291,20242200.0
ACB,2023-01-17,14.685945779185605,14.920451899412122,14.627319249128975,14.83251210432718,4178900.0
ACB,2023-01-18,14.83251210432718,15.067018224553694,14.715259044213921,14.949765164440436,5435900.0
ACB,2023-01-19,14.949765164440436,15.242897814723582,14.920451899412122,15.242897814723582,5621600.0
ACB,2023-01-27,15.448090669921784,15.536030465006728,15.184271284666952,15.448090669921784,4119200.0
ACB,2023-01-30,15.41877740489347,15.448090669921784,14.891138634383806,14.891138634383806,10399000.0
ACB,2023-01-31,14.891138634383806,15.272211079751898,14.656632514157291,15.272211079751898,13250500.0
ACB,2023-02-01,15.301524344780212,15.389464139865154,14.715259044213921,14.773885574270547,9695938.0
ACB,2023-02-02,14.744572309242233,15.008391694497066,14.539379454044033,14.656632514157291,2973400.0
ACB,2023-02-03,14.656632514157291,14.803198839298863,14.304873333817515,14.363499863874145,14532100.0
ACB,2023-02-06,14.304873333817515,14.744572309242233,14.158307008675942,14.598005984100661,8895700.0
ACB,2023-02-07,14.656632514157291,14.715259044213921,14.304873333817515,14.422126393930775,2469300.0
ACB,2023-02-08,14.539379454044033,14.685945779185605,14.392813128902459,14.451439658959087,6922400.0
ACB,2023-02-09,14.451439658959087,14.715259044213921,14.363499863874145,14.363499863874145,6303600.0
ACB,2023-02-10,14.422126393930775,14.510066189015717,14.187620273704256,14.187620273704256,11072700.0
ACB,2023-02-13,14.158307008675942,14.158307008675942,13.95311415347774,14.011740683534368,4594100.0
ACB,2023-02-14,14.128993743647628,14.128993743647628,13.95311415347774,13.982427418506056,7738600.0
ACB,2023-02-15,14.011740683534368,14.451439658959087,13.923800888449426,14.392813128902459,19981500.0
ACB,2023-02-16,14.539379454044033,14.539379454044033,14.304873333817515,14.539379454044033,10912445.0
ACB,2023-02-17,14.568692719072347,14.627319249128975,14.392813128902459,14.539379454044033,2447200.0
ACB,2023-02-20,14.480752923987403,15.125644754610324,14.451439658959087,15.125644754610324,9351500.0
ACB,2023-02-21,15.125644754610324,15.242897814723582,14.949765164440436,14.949765164440436,6566206.0
ACB,2023-02-22,14.773885574270547,14.979078429468752,14.568692719072347,14.568692719072347,2752600.0
ACB,2023-02-23,14.510066189015717,14.949765164440436,14.216933538732572,14.891138634383806,3860600.0
ACB,2023-02-24,14.656632514157291,14.83251210432718,14.392813128902459,14.422126393930775,2427600.0
ACB,2023-02-27,14.363499863874145,14.422126393930775,14.128993743647628,14.216933538732572,3381458.0
ACB,2023-02-28,14.363499863874145,14.510066189015717,14.216933538732572,14.304873333817515,6149000.0
ACB,2023-03-01,14.304873333817515,14.773885574270547,14.187620273704256,14.744572309242233,5333100.0
ACB,2023-03-02,14.656632514157291,14.920451899412122,14.656632514157291,14.685945779185605,6200600.0
ACB,2023-03-03,14.685945779185605,14.83251210432718,14.363499863874145,14.363499863874145,2565600.0
ACB,2023-03-06,14.568692719072347,14.715259044213921,14.246246803760886,14.246246803760886,5224700.0
ACB,2023-03-07,14.510066189015717,14.656632514157291,14.246246803760886,14.363499863874145,4862600.0
ACB,2023-03-08,14.216933538732572,14.656632514157291,14.216933538732572,14.656632514157291,2784900.0
ACB,2023-03-09,14.656632514157291,14.920451899412122,14.598005984100661,14.861825369355493,3961300.0
ACB,2023-03-10,14.685945779185605,14.773885574270547,14.510066189015717,14.598005984100661,2814325.0
ACB,2023-03-13,14.510066189015717,14.627319249128975,14.275560068789202,14.363499863874145,5641400.0
ACB,2023-03-14,14.392813128902459,14.480752923987403,14.041053948562684,14.099680478619314,6765600.0
ACB,2023-03-15,14.422126393930775,14.539379454044033,14.334186598845829,14.539379454044033,4232500.0
ACB,2023-03-16,14.363499863874145,14.510066189015717,14.158307008675942,14.304873333817515,23260912.0
ACB,2023-03-17,14.392813128902459,14.451439658959087,14.275560068789202,14.275560068789202,8837200.0
ACB,2023-03-20,14.187620273704256,14.275560068789202,14.070367213590998,14.070367213590998,2456100.0
ACB,2023-03-21,14.304873333817515,14.304873333817515,13.982427418506056,14.187620273704256,6628000.0
ACB,2023-03-22,14.275560068789202,14.275560068789202,14.099680478619314,14.158307008675942,5021100.0
ACB,2023-03-23,14.128993743647628,14.422126393930775,14.041053948562684,14.363499863874145,8079200.0
ACB,2023-03-24,14.422126393930775,14.568692719072347,14.363499863874145,14.392813128902459,1681900.0
ACB,2023-03-27,14.422126393930775,14.510066189015717,14.275560068789202,14.334186598845829,2458000.0
ACB,2023-03-28,14.451439658959087,14.539379454044033,14.334186598845829,14.334186598845829,8286100.0
ACB,2023-03-29,14.363499863874145,14.422126393930775,14.275560068789202,14.304873333817515,16229800.0
ACB,2023-03-30,14.422126393930775,14.480752923987403,14.392813128902459,14.422126393930775,2120900.0
ACB,2023-03-31,14.480752923987403,14.803198839298863,14.451439658959087,14.656632514157291,5882100.0
ACB,2023-04-03,14.803198839298863,14.891138634383806,14.656632514157291,14.803198839298863,11176400.0
ACB,2023-04-04,14.803198839298863,14.861825369355493,14.685945779185605,14.744572309242233,7188400.0
ACB,2023-04-05,14.715259044213921,14.83251210432718,14.685945779185605,14.83251210432718,3418800.0
ACB,2023-04-06,14.891138634383806,14.920451899412122,14.598005984100661,14.598005984100661,4831100.0
ACB,2023-04-07,14.627319249128975,14.715259044213921,14.598005984100661,14.685945779185605,3593400.0
ACB,2023-04-10,14.715259044213921,14.744572309242233,14.568692719072347,14.656632514157291,3637100.0
ACB,2023-04-11,14.598005984100661,14.685945779185605,14.480752923987403,14.627319249128975,1697500.0
ACB,2023-04-12,14.656632514157291,14.685945779185605,14.539379454044033,14.568692719072347,3220200.0
ACB,2023-04-13,14.627319249128975,14.685945779185605,14.568692719072347,14.627319249128975,2585000.0
ACB,2023-04-14,14.685945779185605,14.715259044213921,14.568692719072347,14.627319249128975,5277400.0
ACB,2023-04-17,14.627319249128975,14.656632514157291,14.539379454044033,14.656632514157291,1772450.0
ACB,2023-04-18,14.656632514157291,14.656632514157291,14.510066189015717,14.510066189015717,2203400.0
ACB,2023-04-19,14.539379454044033,14.539379454044033,14.304873333817515,14.304873333817515,4995401.0
ACB,2023-04-20,14.363499863874145,14.392813128902459,14.187620273704256,14.216933538732572,5776600.0
ACB,2023-04-21,14.246246803760886,14.304873333817515,14.216933538732572,14.216933538732572,3415500.0
ACB,2023-04-24,14.246246803760886,14.334186598845829,14.128993743647628,14.187620273704256,2274000.0
ACB,2023-04-25,14.246246803760886,14.334186598845829,14.128993743647628,14.158307008675942,6173200.0
ACB,2023-04-26,14.158307008675942,14.187620273704256,14.041053948562684,14.158307008675942,3856500.0
ACB,2023-04-27,14.187620273704256,14.334186598845829,14.128993743647628,14.158307008675942,2181201.0
ACB,2023-04-28,14.187620273704256,14.304873333817515,14.158307008675942,14.187620273704256,9770100.0
ACB,2023-05-04,14.246246803760886,14.510066189015717,14.246246803760886,14.480752923987403,4304300.0
ACB,2023-05-05,14.363499863874145,14.510066189015717,14.363499863874145,14.451439658959087,2623900.0
ACB,2023-05-08,14.451439658959087,14.656632514157291,14.422126393930775,14.627319249128975,2303901.0
ACB,2023-05-09,14.656632514157291,14.685945779185605,14.539379454044033,14.598005984100661,3594000.0
ACB,2023-05-10,14.598005984100661,14.627319249128975,14.539379454044033,14.598005984100661,1959800.0
ACB,2023-05-11,14.656632514157291,14.715259044213921,14.539379454044033,14.598005984100661,2554301.0
ACB,2023-05-12,14.656632514157291,14.685945779185605,14.539379454044033,14.656632514157291,2346700.0
ACB,2023-05-15,14.773885574270547,14.83251210432718,14.627319249128975,14.656632514157291,6383000.0
ACB,2023-05-16,14.656632514157291,14.685945779185605,14.598005984100661,14.656632514157291,1462200.0
ACB,2023-05-17,14.656632514157291,14.744572309242233,14.568692719072347,14.598005984100661,3773000.0
ACB,2023-05-18,14.598005984100661,14.715259044213921,14.568692719072347,14.656632514157291,3351400.0
ACB,2023-05-19,14.685945779185605,14.685945779185605,14.510066189015717,14.627319249128975,4191500.0
ACB,2023-05-22,14.656632514157291,14.685945779185605,14.598005984100661,14.685945779185605,6521858.0
ACB,2023-05-23,14.773885574270547,15.008391694497066,14.656632514157291,14.861825369355493,21722400.0
ACB,2023-05-24,14.949765164440436,14.949765164440436,14.627319249128975,14.744572309242233,11148501.0
ACB,2023-05-25,14.773885574270547,14.773885574270547,14.598005984100661,14.715259044213921,8950400.0
ACB,2023-05-26,14.773885574270547,14.773885574270547,14.627319249128975,14.656632514157291,9560600.0
ACB,2023-05-29,14.715259044213921,14.83251210432718,14.656632514157291,14.744572309242233,19181401.0
ACB,2023-05-30,14.83251210432718,14.83251210432718,14.656632514157291,14.773885574270547,23895600.0
ACB,2023-05-31,14.773885574270547,14.891138634383806,14.656632514157291,14.891138634383806,31762600.0
ACB,2023-06-01,15.089483719271097,15.264942832285877,14.914024606256318,15.019300074065184,14061200.0
ACB,2023-06-02,15.089483719271097,15.51058559050657,15.054391896668141,15.300034654888835,15215000.0
ACB,2023-06-05,15.440401945300657,15.545677413109525,15.194759187079965,15.264942832285877,13842800.0
ACB,2023-06-06,15.300034654888835,15.33512647749179,15.229851009682921,15.300034654888835,10061200.0
ACB,2023-06-07,15.300034654888835,15.440401945300657,15.300034654888835,15.33512647749179,9478100.0
ACB,2023-06-08,15.300034654888835,15.370218300094745,15.159667364477011,15.159667364477011,9677000.0
ACB,2023-06-09,15.194759187079965,15.194759187079965,14.949116428859273,15.124575541874053,7464100.0
ACB,2023-06-12,15.194759187079965,15.194759187079965,14.98420825146223,15.054391896668141,4435400.0
ACB,2023-06-13,15.089483719271097,15.159667364477011,15.019300074065184,15.159667364477011,7969500.0
ACB,2023-06-14,15.194759187079965,15.370218300094745,15.159667364477011,15.194759187079965,16296502.0
ACB,2023-06-15,15.194759187079965,15.229851009682921,15.124575541874053,15.229851009682921,5906901.0
ACB,2023-06-16,15.229851009682921,15.51058559050657,15.159667364477011,15.300034654888835,22510500.0
ACB,2023-06-19,15.300034654888835,15.33512647749179,15.159667364477011,15.194759187079965,6551700.0
ACB,2023-06-20,15.194759187079965,15.229851009682921,15.089483719271097,15.194759187079965,5637600.0
ACB,2023-06-21,15.159667364477011,15.229851009682921,15.124575541874053,15.229851009682921,6912100.0
ACB,2023-06-22,15.264942832285877,15.370218300094745,15.194759187079965,15.194759187079965,7973200.0
ACB,2023-06-23,15.229851009682921,15.370218300094745,15.159667364477011,15.370218300094745,13403900.0
ACB,2023-06-26,15.58076923571248,15.791320171330218,15.440401945300657,15.615861058315438,11784601.0
ACB,2023-06-27,15.826411993933174,15.826411993933174,15.58076923571248,15.58076923571248,9611900.0
ACB,2023-06-28,15.58076923571248,15.721136526124305,15.51058559050657,15.650952880918394,8635200.0
ACB,2023-06-29,15.650952880918394,15.721136526124305,15.370218300094745,15.370218300094745,9196500.0
ACB,2023-06-30,15.370218300094745,15.475493767903615,15.300034654888835,15.475493767903615,5117901.0
ACB,2023-07-03,15.475493767903615,15.51058559050657,15.405310122697701,15.475493767903615,4029900.0
ACB,2023-07-04,15.405310122697701,15.475493767903615,15.370218300094745,15.440401945300657,5572100.0
ACB,2023-07-05,15.440401945300657,15.51058559050657,15.405310122697701,15.405310122697701,8124400.0
ACB,2023-07-06,15.405310122697701,15.440401945300657,15.194759187079965,15.229851009682921,7649900.0
ACB,2023-07-07,15.229851009682921,15.264942832285877,15.089483719271097,15.229851009682921,8537800.0
ACB,2023-07-10,15.264942832285877,15.51058559050657,15.229851009682921,15.405310122697701,9032000.0
ACB,2023-07-11,15.650952880918394,15.650952880918394,15.405310122697701,15.440401945300657,9436200.0
ACB,2023-07-12,15.58076923571248,15.58076923571248,15.300034654888835,15.33512647749179,5185000.0
ACB,2023-07-13,15.440401945300657,15.440401945300657,15.300034654888835,15.440401945300657,6940600.0
ACB,2023-07-14,15.475493767903615,15.51058559050657,15.300034654888835,15.440401945300657,6897700.0
ACB,2023-07-17,15.475493767903615,15.475493767903615,15.370218300094745,15.440401945300657,6849503.0
ACB,2023-07-18,15.370218300094745,15.440401945300657,15.33512647749179,15.440401945300657,8525247.0
ACB,2023-07-19,15.440401945300657,15.545677413109525,15.405310122697701,15.440401945300657,10007000.0
ACB,2023-07-20,15.440401945300657,15.475493767903615,15.370218300094745,15.440401945300657,6284621.0
ACB,2023-07-21,15.440401945300657,15.51058559050657,15.370218300094745,15.51058559050657,7069469.0
ACB,2023-07-24,15.51058559050657,15.58076923571248,15.405310122697701,15.475493767903615,8060017.0
ACB,2023-07-25,15.440401945300657,15.791320171330218,15.440401945300657,15.650952880918394,13732660.0
ACB,2023-07-26,15.650952880918394,15.756228348727262,15.58076923571248,15.650952880918394,5967267.0
ACB,2023-07-27,15.650952880918394,15.68604470352135,15.475493767903615,15.545677413109525,8207773.0
ACB,2023-07-28,15.58076923571248,15.721136526124305,15.475493767903615,15.58076923571248,9196310.0
ACB,2023-07-31,15.791320171330218,16.107146574756822,15.756228348727262,16.107146574756822,19326113.0
ACB,2023-08-01,16.317697510374558,16.317697510374558,15.966779284344998,16.03696292955091,17214293.0
ACB,2023-08-02,16.001871106947956,16.247513865168646,16.001871106947956,16.21242204256569,12806196.0
ACB,2023-08-03,16.177330219962734,16.49315662338934,16.14223839735978,16.45806480078638,17506712.0
ACB,2023-08-04,16.56334026859525,17.124809430242546,16.317697510374558,17.124809430242546,18772400.0
ACB,2023-08-07,16.80898302681594,16.879166672021856,16.56334026859525,16.66861573640412,150760038.0
ACB,2023-08-08,16.703707559007075,16.773891204212987,16.352789332977515,16.422972978183427,15568223.0
ACB,2023-08-09,16.422972978183427,16.56334026859525,16.247513865168646,16.282605687771603,15556051.0
ACB,2023-08-10,16.317697510374558,16.387881155580473,16.072054752153864,16.072054752153864,14132130.0
ACB,2023-08-11,16.107146574756822,16.14223839735978,15.861503816536132,16.072054752153864,9157508.0
ACB,2023-08-14,16.072054752153864,16.177330219962734,16.001871106947956,16.177330219962734,10439641.0
ACB,2023-08-15,16.247513865168646,16.317697510374558,16.03696292955091,16.03696292955091,6458843.0
ACB,2023-08-16,16.03696292955091,16.177330219962734,16.001871106947956,16.072054752153864,8397119.0
ACB,2023-08-17,16.107146574756822,16.14223839735978,15.931687461742042,15.931687461742042,10120590.0
ACB,2023-08-18,15.931687461742042,15.931687461742042,15.370218300094745,15.370218300094745,20451420.0
ACB,2023-08-21,15.33512647749179,15.58076923571248,15.33512647749179,15.440401945300657,8074911.0
ACB,2023-08-22,15.51058559050657,15.545677413109525,15.159667364477011,15.475493767903615,9351017.0
ACB,2023-08-23,15.58076923571248,15.650952880918394,15.33512647749179,15.33512647749179,5544339.0
ACB,2023-08-24,15.33512647749179,15.615861058315438,15.33512647749179,15.475493767903615,5311135.0
ACB,2023-08-25,15.440401945300657,15.475493767903615,15.33512647749179,15.405310122697701,5378212.0
ACB,2023-08-28,15.440401945300657,15.51058559050657,15.405310122697701,15.475493767903615,6156304.0
ACB,2023-08-29,15.475493767903615,15.58076923571248,15.405310122697701,15.475493767903615,5774705.0
ACB,2023-08-30,15.475493767903615,15.791320171330218,15.475493767903615,15.756228348727262,7522102.0
ACB,2023-08-31,15.756228348727262,15.861503816536132,15.756228348727262,15.861503816536132,7826605.0
ACB,2023-09-05,15.931687461742042,16.177330219962734,15.896595639139086,15.966779284344998,10426813.0
ACB,2023-09-06,15.966779284344998,16.107146574756822,15.861503816536132,16.107146574756822,4778105.0
ACB,2023-09-07,16.14223839735978,16.247513865168646,15.966779284344998,16.072054752153864,12614919.0
ACB,2023-09-08,16.072054752153864,16.107146574756822,15.931687461742042,15.966779284344998,8225820.0
ACB,2023-09-11,16.001871106947956,16.072054752153864,15.615861058315438,15.68604470352135,10536000.0
ACB,2023-09-12,15.68604470352135,15.966779284344998,15.58076923571248,15.966779284344998,12447659.0
ACB,2023-09-13,15.966779284344998,16.001871106947956,15.756228348727262,15.826411993933174,9488802.0
ACB,2023-09-14,15.791320171330218,16.001871106947956,15.721136526124305,15.756228348727262,6692000.0
ACB,2023-09-15,15.861503816536132,15.966779284344998,15.756228348727262,15.896595639139086,7615220.0
ACB,2023-09-18,15.861503816536132,15.896595639139086,15.650952880918394,15.756228348727262,7391000.0
ACB,2023-09-19,15.756228348727262,15.861503816536132,15.615861058315438,15.650952880918394,10569400.0
ACB,2023-09-20,15.650952880918394,15.826411993933174,15.615861058315438,15.756228348727262,7194700.0
ACB,2023-09-21,15.721136526124305,15.826411993933174,15.68604470352135,15.721136526124305,7916000.0
ACB,2023-09-22,15.58076923571248,15.791320171330218,15.51058559050657,15.650952880918394,12248000.0
ACB,2023-09-25,15.650952880918394,15.68604470352135,15.440401945300657,15.440401945300657,10096900.0
ACB,2023-09-26,15.475493767903615,15.615861058315438,15.33512647749179,15.370218300094745,9499200.0
ACB,2023-09-27,15.370218300094745,15.440401945300657,15.264942832285877,15.440401945300657,5800001.0
ACB,2023-09-28,15.33512647749179,15.440401945300657,15.229851009682921,15.264942832285877,7591801.0
ACB,2023-09-29,15.300034654888835,15.475493767903615,15.300034654888835,15.33512647749179,2576700.0
ACB,2023-10-02,15.300034654888835,15.405310122697701,15.229851009682921,15.370218300094745,3809300.0
ACB,2023-10-03,15.300034654888835,15.370218300094745,15.159667364477011,15.159667364477011,8807602.0
ACB,2023-10-04,15.124575541874053,15.229851009682921,15.089483719271097,15.159667364477011,3178300.0
ACB,2023-10-05,15.264942832285877,15.405310122697701,15.159667364477011,15.159667364477011,3850702.0
ACB,2023-10-06,15.159667364477011,15.370218300094745,15.124575541874053,15.300034654888835,2440800.0
ACB,2023-10-09,15.229851009682921,15.826411993933174,15.229851009682921,15.791320171330218,13277800.0
ACB,2023-10-10,15.791320171330218,16.03696292955091,15.791320171330218,16.001871106947956,6535101.0
ACB,2023-10-11,16.001871106947956,16.001871106947956,15.826411993933174,15.931687461742042,2844501.0
ACB,2023-10-12,15.931687461742042,16.072054752153864,15.791320171330218,15.931687461742042,5633800.0
ACB,2023-10-13,15.861503816536132,15.931687461742042,15.791320171330218,15.896595639139086,4691800.0
ACB,2023-10-16,15.826411993933174,15.931687461742042,15.721136526124305,15.861503816536132,4784800.0
ACB,2023-10-17,15.861503816536132,15.896595639139086,15.756228348727262,15.756228348727262,3657500.0
ACB,2023-10-18,15.756228348727262,15.756228348727262,15.475493767903615,15.475493767903615,6208800.0
ACB,2023-10-19,15.475493767903615,15.545677413109525,15.300034654888835,15.300034654888835,6209300.0
ACB,2023-10-20,15.300034654888835,15.51058559050657,15.300034654888835,15.370218300094745,3800201.0
ACB,2023-10-23,15.51058559050657,15.51058559050657,15.229851009682921,15.300034654888835,2398301.0
ACB,2023-10-24,15.405310122697701,15.51058559050657,15.300034654888835,15.370218300094745,3366603.0
ACB,2023-10-25,15.58076923571248,15.615861058315438,15.370218300094745,15.370218300094745,2637101.0
ACB,2023-10-26,15.264942832285877,15.264942832285877,14.70347367063858,14.80874913844745,12806465.0
ACB,2023-10-27,15.054391896668141,15.229851009682921,14.87893278365336,15.124575541874053,3180900.0
ACB,2023-10-30,15.159667364477011,15.194759187079965,14.949116428859273,14.949116428859273,3856500.0
ACB,2023-10-31,14.98420825146223,15.124575541874053,14.914024606256318,15.019300074065184,3489400.0
ACB,2023-11-01,15.019300074065184,15.194759187079965,14.98420825146223,15.159667364477011,4832800.0
ACB,2023-11-02,15.264942832285877,15.650952880918394,15.159667364477011,15.650952880918394,5148101.0
ACB,2023-11-03,15.650952880918394,15.721136526124305,15.475493767903615,15.475493767903615,6725500.0
ACB,2023-11-06,15.58076923571248,15.68604470352135,15.51058559050657,15.58076923571248,4601000.0
ACB,2023-11-07,15.51058559050657,15.615861058315438,15.51058559050657,15.51058559050657,4497000.0
ACB,2023-11-08,15.51058559050657,16.072054752153864,15.475493767903615,16.001871106947956,8114900.0
ACB,2023-11-09,16.072054752153864,16.072054752153864,15.826411993933174,15.826411993933174,4763901.0
ACB,2023-11-10,15.721136526124305,15.861503816536132,15.615861058315438,15.721136526124305,5047700.0
ACB,2023-11-13,15.756228348727262,15.861503816536132,15.58076923571248,15.756228348727262,3492000.0
ACB,2023-11-14,15.756228348727262,16.072054752153864,15.756228348727262,15.931687461742042,10301201.0
ACB,2023-11-15,16.14223839735978,16.49315662338934,16.107146574756822,16.317697510374558,32333400.0
ACB,2023-11-16,16.317697510374558,16.422972978183427,16.21242204256569,16.352789332977515,8517301.0
ACB,2023-11-17,16.422972978183427,16.422972978183427,15.826411993933174,15.931687461742042,12350400.0
ACB,2023-11-20,15.721136526124305,16.107146574756822,15.545677413109525,15.791320171330218,10207600.0
ACB,2023-11-21,15.896595639139086,16.001871106947956,15.791320171330218,15.861503816536132,3711000.0
ACB,2023-11-22,15.791320171330218,15.966779284344998,15.68604470352135,15.931687461742042,4634101.0
ACB,2023-11-23,15.931687461742042,15.966779284344998,15.58076923571248,15.58076923571248,5181901.0
ACB,2023-11-24,15.650952880918394,15.650952880918394,15.300034654888835,15.475493767903615,7898300.0
ACB,2023-11-27,15.475493767903615,15.51058559050657,15.33512647749179,15.33512647749179,3259000.0
ACB,2023-11-28,15.370218300094745,15.51058559050657,15.229851009682921,15.370218300094745,4217100.0
ACB,2023-11-29,15.440401945300657,15.68604470352135,15.440401945300657,15.475493767903615,5818800.0
ACB,2023-11-30,15.475493767903615,15.650952880918394,15.405310122697701,15.405310122697701,5263601.0
ACB,2023-12-01,15.545677413109525,15.545677413109525,15.264942832285877,15.405310122697701,5734700.0
ACB,2023-12-04,15.475493767903615,15.756228348727262,15.440401945300657,15.650952880918394,9061002.0
ACB,2023-12-05,15.650952880918394,15.756228348727262,15.475493767903615,15.545677413109525,4558000.0
ACB,2023-12-06,15.545677413109525,15.650952880918394,15.440401945300657,15.650952880918394,2791901.0
ACB,2023-12-07,15.650952880918394,15.791320171330218,15.58076923571248,15.721136526124305,7237600.0
ACB,2023-12-08,15.721136526124305,15.826411993933174,15.650952880918394,15.721136526124305,3812500.0
ACB,2023-12-11,15.756228348727262,15.791320171330218,15.615861058315438,15.721136526124305,2274400.0
ACB,2023-12-12,15.756228348727262,15.791320171330218,15.650952880918394,15.791320171330218,3228202.0
ACB,2023-12-13,15.791320171330218,15.826411993933174,15.650952880918394,15.650952880918394,4099900.0
ACB,2023-12-14,15.721136526124305,15.966779284344998,15.650952880918394,15.791320171330218,6945700.0
ACB,2023-12-15,15.861503816536132,16.03696292955091,15.826411993933174,15.966779284344998,6189100.0
ACB,2023-12-18,15.931687461742042,16.001871106947956,15.896595639139086,16.001871106947956,7600000.0
ACB,2023-12-19,16.001871106947956,16.21242204256569,16.001871106947956,16.177330219962734,11758400.0
ACB,2023-12-20,16.177330219962734,16.317697510374558,16.177330219962734,16.282605687771603,9021600.0
ACB,2023-12-21,16.282605687771603,16.317697510374558,16.177330219962734,16.317697510374558,7260790.0
ACB,2023-12-22,16.282605687771603,16.352789332977515,16.282605687771603,16.282605687771603,4510000.0
ACB,2023-12-25,16.317697510374558,16.45806480078638,16.282605687771603,16.387881155580473,7582400.0
ACB,2023-12-26,16.422972978183427,16.422972978183427,16.317697510374558,16.317697510374558,5823800.0
ACB,2023-12-27,16.282605687771603,16.422972978183427,16.282605687771603,16.352789332977515,4866000.0
ACB,2023-12-28,16.352789332977515,16.80898302681594,16.352789332977515,16.66861573640412,11166000.0
ACB,2023-12-29,16.773891204212987,16.91425849462481,16.703707559007075,16.773891204212987,10268240.0
ACB,2024-01-02,16.80898302681594,17.37045218846324,16.80898302681594,17.159901252845504,13883500.0
ACB,2024-01-03,17.19499307544846,17.54591130147802,17.01953396243368,17.54591130147802,9918001.0
ACB,2024-01-04,17.686278591889845,18.002104995316447,17.616094946683933,17.756462237095757,23587800.0
ACB,2024-01-05,17.756462237095757,17.861737704904623,17.581003124080976,17.861737704904623,9372101.0
ACB,2024-01-08,18.037196817919405,18.07228864052236,17.686278591889845,17.791554059698715,12483900.0
ACB,2024-01-09,17.7213704144928,17.791554059698715,17.510819478875064,17.54591130147802,15499501.0
ACB,2024-01-10,17.686278591889845,17.89682952750758,17.54591130147802,17.7213704144928,17782300.0
ACB,2024-01-11,17.82664588230167,18.07228864052236,17.651186769286888,17.7213704144928,9933500.0
ACB,2024-01-12,17.651186769286888,18.388115043948964,17.581003124080976,18.107380463125317,25754500.0
ACB,2024-01-15,18.24774775353714,18.24774775353714,17.756462237095757,17.756462237095757,14932400.0
ACB,2024-01-16,17.82664588230167,17.93192135011054,17.581003124080976,17.82664588230167,12980200.0
ACB,2024-01-17,17.861737704904623,18.107380463125317,17.791554059698715,17.82664588230167,10214300.0
ACB,2024-01-18,17.861737704904623,18.07228864052236,17.791554059698715,17.967013172713493,10740300.0
ACB,2024-01-19,18.107380463125317,18.212655930934183,18.002104995316447,18.212655930934183,12801300.0
ACB,2024-01-22,18.388115043948964,18.458298689154876,18.107380463125317,18.458298689154876,12031201.0
ACB,2024-01-23,18.423206866551922,18.563574156963746,18.2828395761401,18.2828395761401,11851500.0
ACB,2024-01-24,18.2828395761401,18.317931398743053,18.037196817919405,18.107380463125317,11904001.0
ACB,2024-01-25,18.142472285728275,18.17756410833123,17.967013172713493,18.107380463125317,5316301.0
ACB,2024-01-26,18.142472285728275,18.52848233436079,18.142472285728275,18.458298689154876,6931000.0
ACB,2024-01-29,18.5986659795667,18.5986659795667,18.212655930934183,18.212655930934183,11962500.0
ACB,2024-01-30,18.2828395761401,18.388115043948964,18.17756410833123,18.212655930934183,15322650.0
ACB,2024-01-31,18.317931398743053,18.317931398743053,17.93192135011054,18.07228864052236,12758100.0
ACB,2024-02-01,18.037196817919405,18.317931398743053,18.037196817919405,18.24774775353714,6351100.0
ACB,2024-02-02,18.212655930934183,18.458298689154876,18.142472285728275,18.423206866551922,15519200.0
ACB,2024-02-05,18.423206866551922,19.651420657655382,18.353023221346007,19.51105336724356,29468600.0
ACB,2024-02-06,19.546145189846516,19.58123701244947,19.40577789943469,19.546145189846516,16581900.0
ACB,2024-02-07,19.546145189846516,19.791787948067206,19.546145189846516,19.651420657655382,12727500.0
ACB,2024-02-15,19.68651248025834,19.93215523847903,19.089951496008087,19.089951496008087,15244300.0
ACB,2024-02-16,19.300502431625823,19.370686076831735,19.160135141214,19.370686076831735,9595400.0
ACB,2024-02-19,19.440869722037647,19.440869722037647,19.089951496008087,19.440869722037647,12966900.0
ACB,2024-02-20,19.300502431625823,19.4759615446406,19.195226963816957,19.335594254228777,9376400.0
ACB,2024-02-21,19.300502431625823,19.58123701244947,19.230318786419907,19.440869722037647,10460900.0
ACB,2024-02-22,19.440869722037647,19.4759615446406,19.300502431625823,19.40577789943469,10801800.0
ACB,2024-02-23,19.440869722037647,19.93215523847903,19.160135141214,19.160135141214,25975601.0
ACB,2024-02-26,19.160135141214,19.440869722037647,19.019767850802175,19.300502431625823,10222667.0
ACB,2024-02-27,19.440869722037647,19.440869722037647,19.195226963816957,19.370686076831735,12054801.0
ACB,2024-02-28,19.40577789943469,19.651420657655382,19.335594254228777,19.651420657655382,10510800.0
ACB,2024-02-29,19.721604302861294,19.826879770670164,19.440869722037647,19.651420657655382,9951400.0
ACB,2024-03-01,19.651420657655382,19.651420657655382,19.335594254228777,19.51105336724356,11193801.0
ACB,2024-03-04,19.51105336724356,19.791787948067206,19.230318786419907,19.51105336724356,13916502.0
ACB,2024-03-05,19.51105336724356,19.651420657655382,19.335594254228777,19.616328835052425,6482600.0
ACB,2024-03-06,19.651420657655382,19.75669612546425,19.335594254228777,19.370686076831735,10891602.0
ACB,2024-03-07,19.370686076831735,19.440869722037647,19.230318786419907,19.300502431625823,10165801.0
ACB,2024-03-08,19.300502431625823,19.40577789943469,18.949584205596263,18.984676028199218,25017000.0
ACB,2024-03-11,18.984676028199218,19.019767850802175,18.70394144737557,18.77412509258148,12965800.0
ACB,2024-03-12,18.70394144737557,18.844308737787394,18.668849624772616,18.77412509258148,8312600.0
ACB,2024-03-13,18.77412509258148,19.40577789943469,18.77412509258148,19.40577789943469,9034301.0
ACB,2024-03-14,19.370686076831735,19.370686076831735,18.984676028199218,19.12504331861104,8224301.0
ACB,2024-03-15,19.12504331861104,19.230318786419907,18.949584205596263,19.195226963816957,9002800.0
ACB,2024-03-18,19.089951496008087,19.195226963816957,18.739033269978524,18.879400560390348,14269301.0
ACB,2024-03-19,18.80921691518444,18.984676028199218,18.77412509258148,18.844308737787394,7270501.0
ACB,2024-03-20,18.844308737787394,19.440869722037647,18.80921691518444,19.300502431625823,14342200.0
ACB,2024-03-21,19.440869722037647,19.651420657655382,19.335594254228777,19.651420657655382,13236000.0
ACB,2024-03-22,19.826879770670164,20.318165287111547,19.58123701244947,19.75669612546425,168026000.0
ACB,2024-03-25,19.68651248025834,19.68651248025834,19.300502431625823,19.300502431625823,12775700.0
ACB,2024-03-26,19.370686076831735,19.616328835052425,19.195226963816957,19.616328835052425,6363401.0
ACB,2024-03-27,19.616328835052425,19.68651248025834,19.370686076831735,19.651420657655382,6318100.0
ACB,2024-03-28,19.86197159327312,20.072522528890858,19.791787948067206,19.897063415876076,61330586.0
ACB,2024-03-29,19.93215523847903,20.10761435149381,19.75669612546425,20.002338883684942,16419701.0
ACB,2024-04-01,19.791787948067206,20.002338883684942,19.721604302861294,19.967247061081988,7494900.0
ACB,2024-04-02,19.86197159327312,19.93215523847903,19.58123701244947,19.93215523847903,14139700.0
ACB,2024-04-03,19.791787948067206,19.93215523847903,19.58123701244947,19.651420657655382,12199403.0
ACB,2024-04-04,19.68651248025834,19.68651248025834,19.335594254228777,19.335594254228777,11379500.0
ACB,2024-04-05,19.160135141214,19.230318786419907,19.019767850802175,19.05485967340513,12439500.0
ACB,2024-04-08,19.05485967340513,19.12504331861104,18.914492382993306,19.05485967340513,6869300.0
ACB,2024-04-09,19.05485967340513,19.160135141214,18.984676028199218,19.160135141214,5391500.0
ACB,2024-04-10,19.265410609022865,19.370686076831735,19.019767850802175,19.019767850802175,5122000.0
ACB,2024-04-11,18.949584205596263,19.05485967340513,18.879400560390348,19.05485967340513,11286500.0
ACB,2024-04-12,19.089951496008087,19.651420657655382,18.949584205596263,19.651420657655382,215056492.0
ACB,2024-04-15,19.51105336724356,19.651420657655382,18.844308737787394,18.844308737787394,19503800.0
ACB,2024-04-16,18.844308737787394,19.05485967340513,18.77412509258148,19.05485967340513,18350400.0
ACB,2024-04-17,19.089951496008087,19.12504331861104,18.77412509258148,18.77412509258148,12592201.0
ACB,2024-04-19,18.668849624772616,18.80921691518444,18.563574156963746,18.668849624772616,11555000.0
ACB,2024-04-22,18.879400560390348,18.914492382993306,18.739033269978524,18.80921691518444,7229387.0
ACB,2024-04-23,18.80921691518444,18.914492382993306,18.633757802169658,18.70394144737557,8682631.0
ACB,2024-04-24,18.80921691518444,19.019767850802175,18.739033269978524,18.984676028199218,6701200.0
ACB,2024-04-25,18.949584205596263,18.984676028199218,18.77412509258148,18.80921691518444,5517500.0
ACB,2024-04-26,18.80921691518444,18.949584205596263,18.668849624772616,18.844308737787394,5444000.0
ACB,2024-05-02,18.844308737787394,19.05485967340513,18.80921691518444,18.949584205596263,4825100.0
ACB,2024-05-03,19.019767850802175,19.300502431625823,19.019767850802175,19.300502431625823,8718800.0
ACB,2024-05-06,19.300502431625823,19.440869722037647,19.195226963816957,19.370686076831735,11123001.0
ACB,2024-05-07,19.4759615446406,19.51105336724356,19.300502431625823,19.40577789943469,7920300.0
ACB,2024-05-08,19.300502431625823,19.40577789943469,19.160135141214,19.335594254228777,7037701.0
ACB,2024-05-09,19.370686076831735,19.51105336724356,19.300502431625823,19.370686076831735,4208800.0
ACB,2024-05-10,19.370686076831735,19.440869722037647,19.265410609022865,19.440869722037647,10189800.0
ACB,2024-05-13,19.651420657655382,19.651420657655382,19.40577789943469,19.440869722037647,5896851.0
ACB,2024-05-14,19.440869722037647,19.58123701244947,19.40577789943469,19.4759615446406,5955600.0
ACB,2024-05-15,19.546145189846516,19.546145189846516,19.440869722037647,19.440869722037647,8259000.0
ACB,2024-05-16,19.651420657655382,19.93215523847903,19.51105336724356,19.826879770670164,30277901.0
ACB,2024-05-17,19.826879770670164,19.93215523847903,19.791787948067206,19.826879770670164,9381800.0
ACB,2024-05-20,20.002338883684942,20.0374307062879,19.791787948067206,19.826879770670164,10087283.0
ACB,2024-05-21,19.826879770670164,19.86197159327312,19.546145189846516,19.791787948067206,12273400.0
ACB,2024-05-22,19.791787948067206,19.826879770670164,19.58123701244947,19.616328835052425,10658500.0
ACB,2024-05-23,19.651420657655382,20.002338883684942,19.651420657655382,19.967247061081988,10619700.0
ACB,2024-05-24,19.967247061081988,21.195460852185448,19.826879770670164,20.528716222729283,34848201.0
ACB,2024-05-27,20.704175335744065,20.94981809396476,20.528716222729283,20.669083513141107,9635502.0
ACB,2024-05-28,20.84454262615589,20.84454262615589,20.56380804533224,20.80945080355293,10686702.0
ACB,2024-05-29,20.84454262615589,20.879634448758843,20.528716222729283,20.528716222729283,15096401.0
ACB,2024-05-30,20.45853257752337,20.63399169053815,20.247981641905636,20.63399169053815,13111100.0
ACB,2024-05-31,20.888283841540265,21.138943247638746,20.5958478677587,20.5958478677587,12122401.0
ACB,2024-06-03,20.762954138491022,20.84650727385718,20.55407130007562,20.721177570807942,17805500.0
ACB,2024-06-04,20.721177570807942,20.721177570807942,20.428741597026377,20.47051816470946,9924200.0
ACB,2024-06-05,20.679401003124863,20.679401003124863,20.303411893977138,20.345188461660218,11319900.0
ACB,2024-06-06,20.386965029343298,20.47051816470946,20.303411893977138,20.345188461660218,8027700.0
ACB,2024-06-07,20.51229473239254,20.5958478677587,20.303411893977138,20.55407130007562,6787101.0
ACB,2024-06-10,20.55407130007562,20.63762443544178,20.303411893977138,20.386965029343298,9384900.0
ACB,2024-06-11,20.386965029343298,20.428741597026377,20.136305623244816,20.178082190927896,10300500.0
ACB,2024-06-12,20.178082190927896,20.51229473239254,19.96919935251249,20.51229473239254,11889700.0
ACB,2024-06-13,20.51229473239254,20.8047307061741,20.386965029343298,20.721177570807942,13016400.0
ACB,2024-06-14,20.63762443544178,20.8047307061741,20.55407130007562,20.55407130007562,11535000.0
ACB,2024-06-17,20.55407130007562,20.55407130007562,20.261635326294055,20.51229473239254,6368600.0
ACB,2024-06-18,20.63762443544178,20.63762443544178,20.386965029343298,20.51229473239254,6154600.0
ACB,2024-06-19,20.51229473239254,20.63762443544178,20.261635326294055,20.5958478677587,7809500.0
ACB,2024-06-20,20.51229473239254,20.762954138491022,20.386965029343298,20.721177570807942,10530700.0
ACB,2024-06-21,20.762954138491022,20.762954138491022,20.47051816470946,20.51229473239254,5122000.0
ACB,2024-06-24,20.55407130007562,20.55407130007562,19.96919935251249,20.136305623244816,14552100.0
ACB,2024-06-25,20.052752487878653,20.219858758610975,19.96919935251249,20.094529055561736,8784401.0
ACB,2024-06-26,20.052752487878653,20.136305623244816,19.718539946414012,20.136305623244816,13096500.0
ACB,2024-06-27,20.052752487878653,20.136305623244816,19.88564621714633,20.010975920195573,5103300.0
ACB,2024-06-28,19.88564621714633,20.052752487878653,19.84386964946325,19.88564621714633,13972830.0
ACB,2024-07-01,19.88564621714633,19.927422784829414,19.718539946414012,19.88564621714633,3933500.0
ACB,2024-07-02,19.88564621714633,20.136305623244816,19.80209308178017,20.094529055561736,6016300.0
ACB,2024-07-03,20.178082190927896,20.386965029343298,20.010975920195573,20.261635326294055,8968800.0
ACB,2024-07-04,20.303411893977138,20.345188461660218,20.010975920195573,20.178082190927896,7588101.0
ACB,2024-07-05,20.178082190927896,20.303411893977138,20.052752487878653,20.303411893977138,7335001.0
ACB,2024-07-08,20.303411893977138,20.345188461660218,20.136305623244816,20.261635326294055,12410300.0
ACB,2024-07-09,20.178082190927896,20.386965029343298,20.094529055561736,20.303411893977138,8685201.0
ACB,2024-07-10,20.47051816470946,20.47051816470946,20.261635326294055,20.261635326294055,11671500.0
ACB,2024-07-11,20.345188461660218,20.345188461660218,20.178082190927896,20.178082190927896,4990300.0
ACB,2024-07-12,20.136305623244816,20.178082190927896,19.88564621714633,20.052752487878653,14797800.0
ACB,2024-07-15,20.052752487878653,20.094529055561736,19.96919935251249,20.010975920195573,5981501.0
ACB,2024-07-16,20.052752487878653,20.303411893977138,20.010975920195573,20.136305623244816,16018700.0
ACB,2024-07-17,20.303411893977138,21.055390112272587,20.219858758610975,20.47051816470946,29190401.0
ACB,2024-07-18,20.47051816470946,20.971836976906427,20.47051816470946,20.721177570807942,11715201.0
ACB,2024-07-19,20.721177570807942,21.138943247638746,20.5958478677587,20.971836976906427,18467801.0
ACB,2024-07-22,20.971836976906427,21.055390112272587,20.5958478677587,20.679401003124863,17755201.0
ACB,2024-07-23,20.721177570807942,20.8047307061741,20.052752487878653,20.052752487878653,16861000.0
ACB,2024-07-24,20.052752487878653,20.386965029343298,19.88564621714633,20.219858758610975,12683401.0
ACB,2024-07-25,20.178082190927896,20.178082190927896,19.88564621714633,20.094529055561736,8530700.0
ACB,2024-07-26,20.136305623244816,20.178082190927896,20.052752487878653,20.136305623244816,3682400.0
ACB,2024-07-29,20.303411893977138,20.303411893977138,20.094529055561736,20.178082190927896,4343716.0
ACB,2024-07-30,20.052752487878653,20.178082190927896,20.010975920195573,20.178082190927896,7224200.0
ACB,2024-07-31,20.219858758610975,20.51229473239254,20.136305623244816,20.51229473239254,8548700.0
ACB,2024-08-01,20.47051816470946,20.55407130007562,20.010975920195573,20.010975920195573,12029002.0
ACB,2024-08-02,19.96919935251249,20.052752487878653,19.760316514097088,20.010975920195573,13806000.0
ACB,2024-08-05,19.718539946414012,19.927422784829414,19.342550837266284,19.384327404949364,31570603.0
ACB,2024-08-06,19.63498681104785,19.760316514097088,19.426103972632447,19.63498681104785,8306901.0
ACB,2024-08-07,19.718539946414012,19.718539946414012,19.467880540315527,19.551433675681686,5211000.0
ACB,2024-08-08,19.426103972632447,19.63498681104785,19.426103972632447,19.426103972632447,5821701.0
ACB,2024-08-09,19.551433675681686,19.718539946414012,19.467880540315527,19.718539946414012,3241900.0
ACB,2024-08-12,19.718539946414012,19.88564621714633,19.467880540315527,19.88564621714633,6238604.0
ACB,2024-08-13,19.67676337873093,19.88564621714633,19.63498681104785,19.718539946414012,3085001.0
ACB,2024-08-14,19.80209308178017,19.88564621714633,19.67676337873093,19.67676337873093,3316803.0
ACB,2024-08-15,19.67676337873093,19.718539946414012,19.593210243364766,19.63498681104785,5983475.0
ACB,2024-08-16,19.63498681104785,20.052752487878653,19.63498681104785,20.052752487878653,7901200.0
ACB,2024-08-19,20.052752487878653,20.178082190927896,20.010975920195573,20.094529055561736,7296528.0
ACB,2024-08-20,20.094529055561736,20.303411893977138,20.052752487878653,20.136305623244816,7578701.0
ACB,2024-08-21,20.094529055561736,20.386965029343298,20.094529055561736,20.386965029343298,7756900.0
ACB,2024-08-22,20.47051816470946,20.51229473239254,20.303411893977138,20.386965029343298,7789104.0
ACB,2024-08-23,20.386965029343298,20.47051816470946,20.261635326294055,20.428741597026377,6122906.0
ACB,2024-08-26,20.51229473239254,20.51229473239254,20.386965029343298,20.428741597026377,7120500.0
ACB,2024-08-27,20.428741597026377,20.47051816470946,20.386965029343298,20.428741597026377,5038101.0
ACB,2024-08-28,20.47051816470946,20.51229473239254,20.386965029343298,20.47051816470946,7700405.0
ACB,2024-08-29,20.51229473239254,20.8047307061741,20.51229473239254,20.5958478677587,12828001.0
ACB,2024-08-30,20.5958478677587,20.721177570807942,20.5958478677587,20.721177570807942,4906704.0
ACB,2024-09-04,20.47051816470946,20.63762443544178,20.428741597026377,20.5958478677587,11713404.0
ACB,2024-09-05,20.5958478677587,20.63762443544178,20.428741597026377,20.47051816470946,3870600.0
ACB,2024-09-06,20.47051816470946,20.55407130007562,20.428741597026377,20.55407130007562,5974500.0
ACB,2024-09-09,20.51229473239254,20.55407130007562,20.303411893977138,20.428741597026377,7921902.0
ACB,2024-09-10,20.428741597026377,20.51229473239254,20.136305623244816,20.261635326294055,6333502.0
ACB,2024-09-11,20.178082190927896,20.261635326294055,20.136305623244816,20.178082190927896,3684101.0
ACB,2024-09-12,20.261635326294055,20.47051816470946,20.219858758610975,20.428741597026377,2837700.0
ACB,2024-09-13,20.386965029343298,20.428741597026377,20.261635326294055,20.386965029343298,2370800.0
ACB,2024-09-16,20.386965029343298,20.51229473239254,20.178082190927896,20.178082190927896,3932403.0
ACB,2024-09-17,20.178082190927896,20.47051816470946,20.136305623244816,20.47051816470946,4124316.0
ACB,2024-09-18,20.47051816470946,20.679401003124863,20.345188461660218,20.5958478677587,8968503.0
ACB,2024-09-19,20.679401003124863,20.762954138491022,20.55407130007562,20.721177570807942,5239401.0
ACB,2024-09-20,20.8047307061741,21.556708924469554,20.8047307061741,21.43137922142031,34520900.0
ACB,2024-09-23,21.47315578910339,21.723815195201876,21.38960265373723,21.43137922142031,11139400.0
ACB,2024-09-24,21.43137922142031,21.556708924469554,21.222496383004906,21.556708924469554,16509100.0
ACB,2024-09-25,21.723815195201876,21.890921465934195,21.556708924469554,21.890921465934195,27136541.0
ACB,2024-09-26,21.974474601300358,22.01625116898344,21.723815195201876,21.723815195201876,18712201.0
ACB,2024-09-27,21.723815195201876,22.058027736666517,21.640262059835713,21.640262059835713,11064500.0
ACB,2024-09-30,21.47315578910339,21.682038627518793,21.47315578910339,21.51493235678647,15961604.0
ACB,2024-10-01,21.51493235678647,21.849144898251115,21.51493235678647,21.51493235678647,10408300.0
ACB,2024-10-02,21.47315578910339,21.807368330568035,21.38960265373723,21.556708924469554,10112400.0
ACB,2024-10-03,21.682038627518793,21.974474601300358,21.47315578910339,21.47315578910339,14798400.0
ACB,2024-10-04,21.47315578910339,21.51493235678647,21.222496383004906,21.222496383004906,8664100.0
ACB,2024-10-07,21.30604951837107,21.47315578910339,21.18071981532183,21.26427295068799,6769700.0
ACB,2024-10-08,21.30604951837107,21.43137922142031,21.18071981532183,21.30604951837107,6522703.0
ACB,2024-10-09,21.38960265373723,21.932698033617278,21.34782608605415,21.932698033617278,22023200.0
ACB,2024-10-10,22.058027736666517,22.14158087203268,21.765591762884956,21.890921465934195,9889401.0
ACB,2024-10-11,21.807368330568035,21.849144898251115,21.640262059835713,21.807368330568035,7182300.0
ACB,2024-10-14,21.849144898251115,21.932698033617278,21.682038627518793,21.682038627518793,9386900.0
ACB,2024-10-15,21.682038627518793,21.890921465934195,21.556708924469554,21.598485492152633,7109800.0
ACB,2024-10-16,21.51493235678647,21.598485492152633,21.38960265373723,21.51493235678647,5885601.0
ACB,2024-10-17,21.640262059835713,21.849144898251115,21.51493235678647,21.849144898251115,10046786.0
ACB,2024-10-18,21.932698033617278,22.14158087203268,21.682038627518793,21.807368330568035,11820305.0
ACB,2024-10-21,21.723815195201876,21.807368330568035,21.556708924469554,21.556708924469554,5572006.0
ACB,2024-10-22,21.556708924469554,21.598485492152633,21.222496383004906,21.222496383004906,12425302.0
ACB,2024-10-23,21.222496383004906,21.34782608605415,21.013613544589504,21.222496383004906,7740100.0
ACB,2024-10-24,21.222496383004906,21.26427295068799,20.888283841540265,20.888283841540265,12246700.0
ACB,2024-10-25,20.888283841540265,20.971836976906427,20.762954138491022,20.8047307061741,10970402.0
ACB,2024-10-28,20.8047307061741,21.013613544589504,20.679401003124863,21.013613544589504,5315602.0
ACB,2024-10-29,21.138943247638746,21.138943247638746,20.971836976906427,21.055390112272587,5561461.0
ACB,2024-10-30,21.055390112272587,21.097166679955667,20.84650727385718,20.971836976906427,7182400.0
ACB,2024-10-31,20.971836976906427,21.26427295068799,20.930060409223344,21.222496383004906,5191604.0
ACB,2024-11-01,21.138943247638746,21.222496383004906,20.8047307061741,20.8047307061741,8248158.0
ACB,2024-11-04,20.888283841540265,20.930060409223344,20.5958478677587,20.679401003124863,17029178.0
ACB,2024-11-05,20.721177570807942,20.8047307061741,20.679401003124863,20.679401003124863,3157300.0
ACB,2024-11-06,20.8047307061741,21.055390112272587,20.721177570807942,20.971836976906427,7262400.0
ACB,2024-11-07,21.055390112272587,21.138943247638746,20.8047307061741,20.971836976906427,5136201.0
ACB,2024-11-08,20.971836976906427,21.055390112272587,20.679401003124863,20.8047307061741,8541402.0
ACB,2024-11-11,20.8047307061741,20.888283841540265,20.5958478677587,20.762954138491022,7318306.0
ACB,2024-11-12,20.721177570807942,20.84650727385718,20.5958478677587,20.762954138491022,4287900.0
ACB,2024-11-13,20.721177570807942,20.8047307061741,20.55407130007562,20.8047307061741,15072900.0
ACB,2024-11-14,20.5958478677587,20.762954138491022,20.51229473239254,20.51229473239254,9120701.0
ACB,2024-11-15,20.51229473239254,20.55407130007562,20.303411893977138,20.386965029343298,29653002.0
ACB,2024-11-18,20.386965029343298,20.55407130007562,20.136305623244816,20.47051816470946,12680293.0
ACB,2024-11-19,20.47051816470946,20.51229473239254,20.303411893977138,20.303411893977138,7334100.0
ACB,2024-11-20,20.219858758610975,20.51229473239254,20.178082190927896,20.47051816470946,9542487.0
ACB,2024-11-21,20.47051816470946,20.762954138491022,20.261635326294055,20.762954138491022,8184301.0
ACB,2024-11-22,20.762954138491022,20.84650727385718,20.5958478677587,20.84650727385718,7843300.0
ACB,2024-11-25,20.84650727385718,20.888283841540265,20.721177570807942,20.8047307061741,5819602.0
ACB,2024-11-26,20.8047307061741,20.971836976906427,20.762954138491022,20.888283841540265,5997800.0
ACB,2024-11-27,20.84650727385718,21.055390112272587,20.84650727385718,20.930060409223344,4043801.0
ACB,2024-11-28,21.013613544589504,21.055390112272587,20.84650727385718,21.013613544589504,4828102.0
ACB,2024-11-29,21.013613544589504,21.055390112272587,20.888283841540265,21.055390112272587,4550001.0
ACB,2024-12-02,21.097166679955667,21.18071981532183,20.930060409223344,21.013613544589504,4701802.0
ACB,2024-12-03,21.055390112272587,21.055390112272587,20.84650727385718,20.888283841540265,7867400.0
ACB,2024-12-04,20.84650727385718,20.930060409223344,20.762954138491022,20.930060409223344,6395502.0
ACB,2024-12-05,20.888283841540265,21.47315578910339,20.84650727385718,21.47315578910339,8287102.0
ACB,2024-12-06,21.30604951837107,21.51493235678647,21.30604951837107,21.43137922142031,10127600.0
ACB,2024-12-09,21.38960265373723,21.43137922142031,21.18071981532183,21.30604951837107,9036949.0
ACB,2024-12-10,21.30604951837107,21.30604951837107,21.18071981532183,21.18071981532183,6655538.0
ACB,2024-12-11,21.18071981532183,21.30604951837107,21.055390112272587,21.222496383004906,8847389.0
ACB,2024-12-12,21.222496383004906,21.30604951837107,21.097166679955667,21.138943247638746,8512283.0
ACB,2024-12-13,21.138943247638746,21.138943247638746,20.971836976906427,21.013613544589504,10650030.0
ACB,2024-12-16,21.013613544589504,21.097166679955667,20.930060409223344,21.013613544589504,5193794.0
ACB,2024-12-17,21.097166679955667,21.097166679955667,20.930060409223344,21.055390112272587,5964239.0
ACB,2024-12-18,21.097166679955667,21.097166679955667,20.971836976906427,21.013613544589504,3528665.0
ACB,2024-12-19,20.930060409223344,20.930060409223344,20.63762443544178,20.721177570807942,12364044.0
ACB,2024-12-20,20.762954138491022,20.8047307061741,20.679401003124863,20.721177570807942,4760933.0
ACB,2024-12-23,20.762954138491022,20.84650727385718,20.721177570807942,20.8047307061741,6909009.0
ACB,2024-12-24,20.8047307061741,20.888283841540265,20.721177570807942,20.888283841540265,5001041.0
ACB,2024-12-25,20.888283841540265,21.38960265373723,20.84650727385718,21.26427295068799,10012342.0
ACB,2024-12-26,21.26427295068799,21.34782608605415,21.222496383004906,21.34782608605415,16424331.0
ACB,2024-12-27,21.38960265373723,21.47315578910339,21.30604951837107,21.34782608605415,11739945.0
ACB,2024-12-30,21.18071981532183,21.43137922142031,21.18071981532183,21.222496383004906,5000494.0
ACB,2024-12-31,21.222496383004906,21.556708924469554,21.18071981532183,21.556708924469554,8841039.0
ACB,2025-01-02,21.38960265373723,21.47315578910339,21.222496383004906,21.38960265373723,5131327.0
ACB,2025-01-03,21.30604951837107,21.34782608605415,20.971836976906427,20.971836976906427,22291026.0
ACB,2025-01-06,20.888283841540265,20.930060409223344,20.679401003124863,20.721177570807942,16386625.0
ACB,2025-01-07,20.721177570807942,20.930060409223344,20.721177570807942,20.888283841540265,5022156.0
ACB,2025-01-08,20.888283841540265,20.888283841540265,20.721177570807942,20.888283841540265,4522146.0
ACB,2025-01-09,20.84650727385718,20.888283841540265,20.762954138491022,20.84650727385718,3864330.0
ACB,2025-01-10,20.8047307061741,20.84650727385718,20.63762443544178,20.63762443544178,4710923.0
ACB,2025-01-13,20.47051816470946,20.762954138491022,20.47051816470946,20.679401003124863,4747540.0
ACB,2025-01-14,20.679401003124863,20.721177570807942,20.47051816470946,20.5958478677587,5289932.0
ACB,2025-01-15,20.762954138491022,20.84650727385718,20.5958478677587,20.8047307061741,7425142.0
ACB,2025-01-16,20.762954138491022,20.930060409223344,20.63762443544178,20.762954138491022,5005520.0
ACB,2025-01-17,20.762954138491022,20.888283841540265,20.721177570807942,20.84650727385718,2808931.0
ACB,2025-01-20,20.84650727385718,20.930060409223344,20.721177570807942,20.888283841540265,4004475.0
ACB,2025-01-21,20.930060409223344,20.971836976906427,20.762954138491022,20.84650727385718,4542626.0
ACB,2025-01-22,20.888283841540265,20.888283841540265,20.721177570807942,20.762954138491022,6188034.0
ACB,2025-01-23,20.8047307061741,21.222496383004906,20.8047307061741,21.138943247638746,10896833.0
ACB,2025-01-24,21.055390112272587,21.30604951837107,21.055390112272587,21.18071981532183,4898642.0
ACB,2025-02-03,20.930060409223344,21.138943247638746,20.8047307061741,20.971836976906427,12449102.0
ACB,2025-02-04,21.097166679955667,21.18071981532183,20.930060409223344,21.097166679955667,4998001.0
ACB,2025-02-05,21.097166679955667,21.222496383004906,21.055390112272587,21.222496383004906,7555106.0
ACB,2025-02-06,21.30604951837107,21.43137922142031,21.222496383004906,21.30604951837107,6090301.0
ACB,2025-02-07,21.30604951837107,21.556708924469554,21.222496383004906,21.47315578910339,10168300.0
ACB,2025-02-10,21.43137922142031,21.849144898251115,21.30604951837107,21.556708924469554,14317100.0
ACB,2025-02-11,21.598485492152633,21.682038627518793,21.47315578910339,21.598485492152633,5787402.0
ACB,2025-02-12,21.640262059835713,21.723815195201876,21.43137922142031,21.43137922142031,6970600.0
ACB,2025-02-13,21.43137922142031,21.51493235678647,21.34782608605415,21.47315578910339,5749901.0
ACB,2025-02-14,21.682038627518793,21.682038627518793,21.47315578910339,21.51493235678647,8389276.0
ACB,2025-02-17,21.682038627518793,21.682038627518793,21.51493235678647,21.556708924469554,5754831.0
ACB,2025-02-18,21.556708924469554,21.723815195201876,21.51493235678647,21.51493235678647,5307415.0
ACB,2025-02-19,21.51493235678647,21.640262059835713,21.47315578910339,21.556708924469554,5423705.0
ACB,2025-02-20,21.598485492152633,21.682038627518793,21.51493235678647,21.682038627518793,6736703.0
ACB,2025-02-21,21.723815195201876,22.01625116898344,21.682038627518793,21.890921465934195,12719310.0
ACB,2025-02-24,21.765591762884956,21.932698033617278,21.765591762884956,21.849144898251115,7244726.0
ACB,2025-02-25,21.849144898251115,21.932698033617278,21.723815195201876,21.723815195201876,6919604.0
ACB,2025-02-26,21.765591762884956,21.807368330568035,21.682038627518793,21.682038627518793,5378561.0
ACB,2025-02-27,21.723815195201876,21.807368330568035,21.598485492152633,21.807368330568035,6366801.0
ACB,2025-02-28,21.723815195201876,21.890921465934195,21.556708924469554,21.723815195201876,9620702.0
ACB,2025-03-03,21.723815195201876,21.765591762884956,21.556708924469554,21.723815195201876,23608401.0
ACB,2025-03-04,21.640262059835713,21.890921465934195,21.556708924469554,21.849144898251115,9957304.0
ACB,2025-03-05,21.974474601300358,22.26691057508192,21.849144898251115,21.849144898251115,11670700.0
ACB,2025-03-06,21.932698033617278,22.058027736666517,21.849144898251115,22.058027736666517,5991000.0
ACB,2025-03-07,22.14158087203268,22.392240278131165,22.01625116898344,22.26691057508192,12984900.0
ACB,2025-03-10,22.308687142765002,22.350463710448082,22.058027736666517,22.0998043043496,11003403.0
ACB,2025-03-11,21.974474601300358,22.0998043043496,21.807368330568035,22.0998043043496,12961405.0
ACB,2025-03-12,22.14158087203268,22.308687142765002,21.890921465934195,21.974474601300358,8814301.0
ACB,2025-03-13,22.01625116898344,22.0998043043496,21.807368330568035,21.807368330568035,13510501.0
ACB,2025-03-14,21.890921465934195,21.890921465934195,21.640262059835713,21.723815195201876,12170100.0
ACB,2025-03-17,21.807368330568035,21.932698033617278,21.723815195201876,21.890921465934195,6484401.0
ACB,2025-03-18,21.974474601300358,22.18335743971576,21.932698033617278,21.974474601300358,6611501.0
ACB,2025-03-19,21.974474601300358,21.974474601300358,21.765591762884956,21.890921465934195,8792403.0
ACB,2025-03-20,22.058027736666517,22.0998043043496,21.849144898251115,21.932698033617278,5048701.0
ACB,2025-03-21,21.932698033617278,21.974474601300358,21.807368330568035,21.807368330568035,11854091.0
ACB,2025-03-24,21.932698033617278,22.01625116898344,21.765591762884956,22.01625116898344,8408305.0
ACB,2025-03-25,22.058027736666517,22.0998043043496,21.849144898251115,21.974474601300358,6865901.0
ACB,2025-03-26,21.974474601300358,22.0998043043496,21.807368330568035,21.849144898251115,10733902.0
ACB,2025-03-27,21.723815195201876,21.890921465934195,21.682038627518793,21.723815195201876,6649101.0
ACB,2025-03-28,21.723815195201876,21.765591762884956,21.598485492152633,21.682038627518793,10417503.0
ACB,2025-03-31,21.598485492152633,21.723815195201876,21.556708924469554,21.723815195201876,10514000.0
ACB,2025-04-01,21.723815195201876,21.765591762884956,21.640262059835713,21.765591762884956,3049502.0
ACB,2025-04-02,21.807368330568035,21.890921465934195,21.640262059835713,21.682038627518793,13447003.0
ACB,2025-04-03,21.013613544589504,21.18071981532183,20.178082190927896,20.178082190927896,41976300.0
ACB,2025-04-04,18.96656172811856,19.88564621714633,18.799455457386237,19.88564621714633,72316401.0
ACB,2025-04-08,19.300774269583204,19.467880540315527,18.507019483604672,18.507019483604672,54028805.0
ACB,2025-04-09,17.33727558847842,19.091891431167802,17.33727558847842,18.21458350982311,38484501.0
ACB,2025-04-10,19.467880540315527,19.467880540315527,19.467880540315527,19.467880540315527,5831701.0
ACB,2025-04-11,20.721177570807942,20.8047307061741,20.010975920195573,20.762954138491022,43858600.0
ACB,2025-04-14,20.762954138491022,21.18071981532183,20.55407130007562,20.721177570807942,22806041.0
ACB,2025-04-15,20.55407130007562,20.63762443544178,20.136305623244816,20.136305623244816,16761800.0
ACB,2025-04-16,20.428741597026377,20.63762443544178,20.178082190927896,20.303411893977138,11482101.0
ACB,2025-04-17,20.47051816470946,20.51229473239254,20.136305623244816,20.303411893977138,10864900.0
ACB,2025-04-18,20.47051816470946,20.679401003124863,20.428741597026377,20.47051816470946,10996501.0
ACB,2025-04-21,20.345188461660218,20.47051816470946,20.136305623244816,20.136305623244816,7296002.0
ACB,2025-04-22,20.303411893977138,20.386965029343298,18.924785160435476,20.136305623244816,13607200.0
ACB,2025-04-23,20.55407130007562,20.55407130007562,20.178082190927896,20.55407130007562,6832100.0
ACB,2025-04-24,20.386965029343298,20.51229473239254,20.178082190927896,20.178082190927896,8251000.0
ACB,2025-04-25,20.386965029343298,20.386965029343298,19.96919935251249,19.96919935251249,18345603.0
ACB,2025-04-28,20.094529055561736,20.094529055561736,19.927422784829414,20.010975920195573,6005500.0
ACB,2025-04-29,20.010975920195573,20.219858758610975,20.010975920195573,20.094529055561736,3696800.0
ACB,2025-05-05,20.261635326294055,20.261635326294055,20.052752487878653,20.094529055561736,6672000.0
ACB,2025-05-06,20.094529055561736,20.219858758610975,20.052752487878653,20.052752487878653,9432502.0
ACB,2025-05-07,20.219858758610975,20.219858758610975,20.010975920195573,20.052752487878653,10470800.0
ACB,2025-05-08,20.136305623244816,20.178082190927896,20.010975920195573,20.178082190927896,9554450.0
ACB,2025-05-09,20.428741597026377,20.428741597026377,20.136305623244816,20.178082190927896,14939300.0
ACB,2025-05-12,20.261635326294055,20.428741597026377,20.178082190927896,20.386965029343298,11189806.0
ACB,2025-05-13,20.51229473239254,20.63762443544178,20.428741597026377,20.55407130007562,12690202.0
ACB,2025-05-14,20.5958478677587,20.84650727385718,20.5958478677587,20.721177570807942,12136493.0
ACB,2025-05-15,21.30604951837107,21.43137922142031,20.971836976906427,21.34782608605415,27231201.0
ACB,2025-05-16,21.47315578910339,21.47315578910339,21.26427295068799,21.26427295068799,15365800.0
ACB,2025-05-19,21.26427295068799,21.47315578910339,21.138943247638746,21.222496383004906,21373850.0
ACB,2025-05-20,21.30604951837107,21.43137922142031,21.222496383004906,21.38960265373723,17581630.0
ACB,2025-05-21,21.51493235678647,21.640262059835713,21.38960265373723,21.43137922142031,12544001.0
ACB,2025-05-22,21.47315578910339,21.51493235678647,21.30604951837107,21.34782608605415,21033202.0
ACB,2025-05-23,21.55,21.6,21.45,21.6,16924721.0
ACB,2025-05-26,21.6,21.65,21.1,21.5,9939205.0
ACB,2025-05-27,21.6,21.6,21.4,21.45,10172201.0
ACB,2025-05-28,21.5,21.55,21.35,21.4,8191901.0
ACB,2025-05-29,21.45,21.5,21.3,21.3,9271601.0
ACB,2025-05-30,21.3,21.35,21.1,21.1,10517901.0
ACB,2025-06-02,21.1,21.2,21.0,21.1,8187502.0
ACB,2025-06-03,21.15,21.3,21.15,21.25,8159100.0
ACB,2025-06-04,21.3,21.35,21.1,21.1,7185501.0
ACB,2025-06-05,21.15,21.2,21.0,21.0,6316503.0
ACB,2025-06-06,21.05,21.2,21.0,21.0,10620102.0
ACB,2025-06-09,21.0,21.05,20.9,20.95,5725200.0
ACB,2025-06-10,21.05,21.05,20.9,20.95,10899600.0
ACB,2025-06-11,21.0,21.05,20.9,20.95,4467100.0
ACB,2025-06-12,21.05,21.15,20.95,21.05,6547501.0
ACB,2025-06-13,21.0,21.35,20.9,21.05,11049100.0
ACB,2025-06-16,21.0,21.3,20.95,21.3,9706603.0
ACB,2025-06-17,21.4,21.45,21.15,21.2,12436500.0
ACB,2025-06-18,21.2,21.35,21.15,21.3,8638501.0
ACB,2025-06-19,21.3,21.35,21.15,21.3,8460501.0
ACB,2025-06-20,21.3,21.75,21.3,21.45,15752603.0
ACB,2025-06-23,21.4,21.45,21.25,21.35,10979102.0
ACB,2025-06-24,21.45,21.6,21.3,21.3,8571602.0
ACB,2025-06-25,21.35,21.45,21.25,21.25,7771701.0
ACB,2025-06-26,21.3,21.35,21.15,21.2,9897400.0
ACB,2025-06-27,21.3,21.3,21.15,21.2,6312400.0
ACB,2025-06-30,21.25,21.3,21.15,21.3,6039703.0
ACB,2025-07-01,21.3,21.4,21.25,21.3,7527601.0
ACB,2025-07-02,21.3,21.45,21.25,21.3,8472000.0
ACB,2025-07-03,21.35,21.6,21.3,21.4,16225501.0
ACB,2025-07-04,21.45,22.2,21.45,21.85,27655100.0
ACB,2025-07-07,22.05,22.35,21.9,22.25,18757420.0
ACB,2025-07-08,22.4,22.4,22.1,22.25,16144607.0
ACB,2025-07-09,22.25,22.5,22.25,22.45,21444513.0
ACB,2025-07-10,22.65,22.7,22.4,22.55,9132513.0
ACB,2025-07-11,22.55,22.75,22.5,22.7,16023232.0
ACB,2025-07-14,22.75,22.85,22.35,22.7,13160210.0
ACB,2025-07-15,22.7,22.8,22.45,22.45,15450502.0
ACB,2025-07-16,22.45,22.55,22.3,22.45,10391902.0
ACB,2025-07-17,22.45,22.55,22.4,22.45,16094900.0
ACB,2025-07-18,22.5,22.75,22.4,22.65,18844712.0
ACB,2025-07-21,22.7,23.1,22.65,22.85,19880940.0
ACB,2025-07-22,22.85,22.9,22.6,22.9,12991352.0
ACB,2025-07-23,23.05,23.15,22.9,23.0,15682602.0
ACB,2025-07-24,23.15,23.5,23.1,23.2,15699500.0
ACB,2025-07-25,23.45,23.7,23.45,23.6,17559600.0
ACB,2025-07-28,23.7,23.85,23.5,23.85,17578501.0
ACB,2025-07-29,23.9,23.95,22.75,22.75,41410435.0
ACB,2025-07-30,22.75,23.1,22.7,23.0,16763184.0
ACB,2025-07-31,23.2,23.25,22.7,23.0,12062653.0
ACB,2025-08-01,23.0,23.05,22.8,23.0,12206600.0
ACB,2025-08-04,23.0,23.3,22.8,23.3,12350500.0
ACB,2025-08-05,23.5,24.5,23.3,23.45,45505601.0
ACB,2025-08-06,23.7,24.4,23.7,24.2,16634903.0
ACB,2025-08-07,24.4,24.65,24.1,24.4,19661100.0
ACB,2025-08-08,24.5,24.8,24.0,24.25,15843101.0
ACB,2025-08-11,24.3,24.7,24.25,24.4,16056300.0
ACB,2025-08-12,24.5,24.55,24.1,24.25,14652201.0
ACB,2025-08-13,24.4,24.65,24.15,24.5,22664867.0
ACB,2025-08-14,24.75,26.2,24.7,26.2,34889501.0
ACB,2025-08-15,27.3,27.6,26.35,26.55,29991500.0
ACB,2025-08-18,26.8,27.5,26.35,27.05,29134100.0
ACB,2025-08-19,27.05,28.7,27.0,28.45,42818531.0
ACB,2025-08-20,28.5,28.5,26.9,28.0,36583500.0
ACB,2025-08-21,28.3,29.5,28.0,29.45,46146403.0
ACB,2025-08-22,29.0,29.4,27.65,27.85,44909882.0
ACB,2025-08-25,28.2,28.4,25.95,26.2,37876509.0
ACB,2025-08-26,26.25,27.4,26.1,27.35,21984000.0
ACB,2025-08-27,27.8,28.6,27.55,27.65,20579501.0
ACB,2025-08-28,27.8,28.15,27.1,27.55,15190201.0
ACB,2025-08-29,27.75,28.4,27.5,27.8,23848603.0
ACB,2025-09-03,27.7,27.75,27.2,27.5,21108804.0
ACB,2025-09-04,27.6,27.75,27.4,27.65,12216605.0
ACB,2025-09-05,27.95,28.05,27.15,27.15,26496702.0
ACB,2025-09-08,27.0,27.6,26.55,26.55,28848002.0
ACB,2025-09-09,26.95,26.95,26.45,26.55,15204501.0
ACB,2025-09-10,26.7,26.85,26.45,26.55,14091101.0
ACB,2025-09-11,26.5,26.55,25.8,26.2,20449900.0
ACB,2025-09-12,26.55,26.65,26.2,26.3,13099301.0
ACB,2025-09-15,26.3,26.65,26.1,26.4,30896202.0
ACB,2025-09-16,26.6,26.6,26.2,26.4,40858802.0
ACB,2025-09-17,26.4,26.45,26.05,26.15,14989400.0
ACB,2025-09-18,26.2,26.2,25.55,25.55,22872401.0
ACB,2025-09-19,25.8,25.8,25.3,25.35,17103000.0
ACB,2025-09-22,25.45,25.45,25.05,25.15,19404803.0
ACB,2025-09-23,25.15,25.7,25.15,25.35,12455502.0
ACB,2025-09-24,25.5,26.0,25.25,26.0,11265300.0
ACB,2025-09-25,26.15,26.15,25.65,25.65,8158201.0
ACB,2025-09-26,25.65,25.75,25.45,25.65,8974503.0
ACB,2025-09-29,25.55,25.8,25.35,25.6,8265201.0
ACB,2025-09-30,25.75,25.8,25.45,25.5,11094302.0
ACB,2025-10-01,25.7,25.95,25.55,25.8,10959302.0
ACB,2025-10-02,25.9,26.2,25.7,25.75,12459801.0
ACB,2025-10-03,25.75,25.85,25.5,25.65,10218201.0
ACB,2025-10-06,26.15,26.8,25.9,26.8,20288602.0
ACB,2025-10-07,26.9,26.9,26.45,26.45,12589802.0
ACB,2025-10-08,26.65,26.85,26.6,26.75,18228003.0
ACB,2025-10-09,26.8,26.95,26.6,26.95,18838600.0
ACB,2025-10-10,27.05,27.2,26.8,26.95,18167902.0
ACB,2025-10-13,26.55,26.8,26.4,26.75,22473300.0
ACB,2025-10-14,26.75,26.95,26.25,26.3,18831604.0
ACB,2025-10-15,26.4,26.65,26.15,26.3,14716102.0
ACB,2025-10-16,26.4,26.55,26.15,26.3,13461004.0
ACB,2025-10-17,26.3,26.4,25.75,25.75,16289602.0
ACB,2025-10-20,25.6,25.65,24.6,24.8,33091201.0
ACB,2025-10-21,24.85,25.3,24.85,25.0,21607015.0
ACB,2025-10-22,25.2,25.3,24.65,25.1,15620501.0
ACB,2025-10-23,25.1,25.2,24.95,24.95,10702202.0
ACB,2025-10-24,24.95,25.3,24.8,25.0,17724502.0
ACB,2025-10-27,25.3,25.55,24.95,25.0,10528702.0
ACB,2025-10-28,25.1,25.4,25.05,25.4,10305300.0
ACB,2025-10-29,25.4,25.55,25.3,25.4,36650703.0
ACB,2025-10-30,25.5,25.7,25.0,25.1,9709301.0
ACB,2025-10-31,25.3,25.5,25.05,25.5,16903201.0
ACB,2025-11-03,25.4,25.9,25.3,25.45,14534903.0
ACB,2025-11-04,25.45,26.1,25.4,26.0,19134000.0
ACB,2025-11-05,25.8,25.9,25.55,25.6,10314200.0
ACB,2025-11-06,25.55,25.7,25.3,25.3,6835201.0
ACB,2025-11-07,25.25,25.3,24.85,24.9,15032801.0
ACB,2025-11-10,24.9,25.2,24.7,24.8,7512900.0
ACB,2025-11-11,24.85,25.05,24.8,24.85,7862302.0
ACB,2025-11-12,25.0,25.2,24.8,25.2,7129100.0
ACB,2025-11-13,25.2,25.2,25.0,25.1,5897201.0
ACB,2025-11-14,25.1,25.1,24.9,24.95,7664401.0
ACB,2025-11-17,25.0,25.15,24.95,25.15,4991503.0
ACB,2025-11-18,25.2,25.4,25.05,25.1,6387001.0
ACB,2025-11-19,25.15,25.15,24.85,24.9,5994400.0
ACB,2025-11-20,25.0,25.0,24.8,24.8,6153200.0
ACB,2025-11-21,24.75,24.85,24.6,24.7,7299200.0
ACB,2025-11-24,24.7,24.85,24.6,24.6,7081700.0
ACB,2025-11-25,24.65,24.7,24.1,24.2,15856700.0
ACB,2025-11-26,24.2,24.4,24.15,24.2,9003200.0
ACB,2025-11-27,24.45,24.5,24.3,24.35,7791600.0
ACB,2025-11-28,24.35,24.45,24.25,24.25,5658800.0
ACB,2025-12-01,24.3,24.35,24.0,24.0,17043000.0
ACB,2025-12-02,24.05,24.15,23.85,23.95,16503200.0
ACB,2025-12-03,24.0,24.55,24.0,24.45,16411700.0
ACB,2025-12-04,24.55,25.0,24.5,24.9,12469800.0
ACB,2025-12-05,24.9,25.0,24.35,24.35,8994300.0
ACB,2025-12-08,24.25,24.45,24.2,24.2,4935600.0
ACB,2025-12-09,24.2,24.25,24.0,24.1,12926500.0
ACB,2025-12-10,24.15,24.3,24.05,24.1,5460100.0
ACB,2025-12-11,24.25,24.25,23.95,23.95,7525800.0
ACB,2025-12-12,24.05,24.1,23.5,23.5,14587900.0
ACB,2025-12-15,23.5,23.6,23.45,23.55,11356100.0
ACB,2025-12-16,23.55,24.8,23.45,24.0,9830200.0
ACB,2025-12-17,24.05,24.15,23.9,24.0,14406101.0
ACB,2025-12-18,24.0,24.0,23.8,23.85,5558000.0
ACB,2025-12-19,23.9,24.05,23.85,23.9,6809700.0
ACB,2025-12-22,24.0,24.45,23.9,24.3,10013100.0
ACB,2025-12-23,24.45,24.6,23.95,24.2,8668300.0
ACB,2025-12-24,24.15,24.45,23.95,24.3,9009200.0
ACB,2025-12-25,24.3,24.6,24.0,24.0,7250600.0
ACB,2025-12-26,23.9,24.05,23.65,23.9,8361901.0
ACB,2025-12-29,23.85,24.1,23.8,24.0,7973400.0
ACB,2025-12-30,24.0,24.2,23.9,24.1,19352300.0
ACB,2025-12-31,24.15,24.25,23.9,24.0,6092900.0
ACB,2026-01-05,24.0,24.1,23.85,24.0,9125200.0
ACB,2026-01-06,24.05,24.1,23.75,24.0,12736300.0
ACB,2026-01-07,24.2,24.75,24.1,24.65,22921900.0
ACB,2026-01-08,24.75,25.05,24.5,24.55,24925700.0
ACB,2026-01-09,24.7,24.95,24.5,24.55,16460000.0
ACB,2026-01-12,24.65,25.5,24.65,25.5,22302500.0
ACB,2026-01-13,25.7,25.8,24.9,24.9,24138300.0
ACB,2026-01-14,25.0,25.15,24.5,24.65,19456100.0
ACB,2026-01-15,24.85,24.9,24.55,24.9,14169900.0
ACB,2026-01-16,25.0,25.1,24.65,24.85,10941400.0
ACB,2026-01-19,24.9,25.15,24.75,25.1,10927600.0
ACB,2026-01-20,25.1,25.3,25.0,25.05,18384900.0
ACB,2026-01-21,25.0,25.15,24.75,24.85,12924400.0
ACB,2026-01-22,24.9,25.05,24.8,24.85,10084800.0
ACB,2026-01-23,25.0,25.1,24.9,25.05,11781000.0
ACB,2026-01-26,25.05,25.1,24.65,24.8,13742900.0
ACB,2026-01-27,24.6,24.8,24.45,24.7,12471600.0
ACB,2026-01-28,24.45,24.5,23.85,23.9,32294900.0
ACB,2026-01-29,24.0,24.15,23.75,23.8,20344800.0
ACB,2026-01-30,23.85,24.1,23.8,24.1,15667300.0
ACB,2026-02-02,24.05,24.05,23.7,23.75,14303300.0
ACB,2026-02-03,23.8,23.9,23.7,23.7,17659700.0
ACB,2026-02-04,23.7,23.8,23.55,23.6,17881700.0
ACB,2026-02-05,23.65,23.7,23.45,23.45,14043600.0
ACB,2026-02-06,23.4,23.45,23.0,23.0,18597300.0
ACB,2026-02-09,23.2,23.35,22.9,22.95,11128300.0
ACB,2026-02-10,23.1,23.15,22.85,23.0,14120400.0
ACB,2026-02-11,23.05,23.65,23.05,23.65,17796900.0
ACB,2026-02-12,23.65,23.85,23.55,23.85,17469600.0
ACB,2026-02-13,23.85,23.9,23.7,23.85,13629700.0
ACB,2026-02-23,24.0,24.1,23.85,24.05,11535400.0
ACB,2026-02-24,24.1,24.1,24.0,24.0,13798400.0
ACB,2026-02-25,24.1,24.45,24.05,24.45,16965000.0
ACB,2026-02-26,24.5,24.55,24.25,24.45,13367200.0
ACB,2026-02-27,24.45,24.6,24.2,24.55,11051000.0
ACB,2026-03-02,24.0,24.2,23.9,23.95,19337800.0
ACB,2026-03-03,23.95,24.25,23.5,23.5,14088200.0
ACB,2026-03-04,23.5,23.6,23.1,23.2,21996800.0
ACB,2026-03-05,23.5,23.55,23.2,23.55,9923300.0
ACB,2026-03-06,23.5,23.6,23.2,23.3,11699100.0
ACB,2026-03-09,22.1,22.65,21.7,21.7,35451400.0
ACB,2026-03-10,22.55,23.2,22.0,23.15,23159600.0
ACB,2026-03-11,23.05,23.6,23.0,23.2,18301200.0
ACB,2026-03-12,23.0,23.25,22.6,23.15,15668600.0
ACB,2026-03-13,22.95,23.45,22.8,23.45,15525700.0
ACB,2026-03-16,23.4,23.45,23.25,23.45,9534100.0
ACB,2026-03-17,23.5,23.85,23.5,23.75,9847800.0
ACB,2026-03-18,23.75,23.9,23.55,23.75,10506600.0
ACB,2026-03-19,23.5,23.8,23.25,23.6,16614600.0
ACB,2026-03-20,23.4,23.5,23.0,23.0,13775200.0
ACB,2026-03-23,22.95,22.95,22.45,22.5,15858400.0
ACB,2026-03-24,22.75,23.1,22.75,23.1,14004000.0
ACB,2026-03-25,23.2,23.8,23.15,23.8,12449400.0
ACB,2026-03-26,23.7,23.7,23.3,23.6,8294500.0
ACB,2026-03-27,23.4,23.8,23.3,23.8,7638400.0
ACB,2026-03-30,23.3,23.8,23.3,23.75,7414700.0
ACB,2026-03-31,23.65,23.85,23.45,23.55,13096000.0
ACB,2026-04-01,23.85,23.9,23.7,23.8,9883500.0
ACB,2026-04-02,23.7,23.7,23.3,23.6,9767900.0
ACB,2026-04-03,23.6,23.7,23.25,23.5,11386300.0
ACB,2026-04-06,23.5,23.5,23.2,23.25,5554000.0
ACB,2026-04-07,23.25,23.4,23.15,23.2,10472700.0
ACB,2026-04-08,23.7,24.15,23.55,24.1,19727300.0
ACB,2026-04-09,24.05,24.05,23.75,23.85,5141500.0
ACB,2026-04-10,24.1,24.2,23.85,23.85,8136300.0
ACB,2026-04-13,23.8,24.0,23.55,23.75,8083900.0
ACB,2026-04-14,23.95,24.15,23.8,24.0,15449600.0
ACB,2026-04-15,24.15,24.2,23.8,23.8,7254600.0
ACB,2026-04-16,23.9,23.9,23.6,23.65,8623100.0
ACB,2026-04-17,23.7,23.85,23.65,23.75,6073500.0
ACB,2026-04-20,23.85,24.0,23.75,23.95,8670200.0
ACB,2026-04-21,24.0,24.05,23.75,23.75,6823700.0
ACB,2026-04-22,23.75,23.8,23.55,23.6,8805900.0
ACB,2026-04-23,23.55,23.9,23.5,23.5,14035700.0
ACB,2026-04-24,23.55,23.6,23.3,23.4,17478700.0
ACB,2026-04-28,23.4,23.5,23.35,23.5,7240400.0
ACB,2026-04-29,23.5,23.55,23.3,23.5,8936800.0
ACB,2026-05-04,23.55,23.55,23.1,23.1,12018500.0
ACB,2026-05-05,23.1,23.15,22.5,22.6,28808700.0
ACB,2026-05-06,22.65,23.25,22.65,23.1,19398600.0
ACB,2026-05-07,23.1,23.2,22.85,22.9,20236200.0
ACB,2026-05-08,22.9,23.05,22.85,22.85,15734200.0
ACB,2026-05-11,23.0,23.0,22.75,22.75,12866600.0
ACB,2026-05-12,22.8,22.85,22.65,22.7,10943200.0
ACB,2026-05-13,22.7,22.75,22.4,22.5,21238100.0
ACB,2026-05-14,22.5,22.9,22.5,22.8,16144400.0
