Symbol,Date,Open,High,Low,Close,Volume
BCM,2021-05-17,49.8079761934212,50.27347129803261,49.435580109732065,50.27347129803261,44600.0
BCM,2021-05-18,49.62177815157663,50.27347129803261,49.435580109732065,50.27347129803261,23600.0
BCM,2021-05-19,50.18037227711033,50.27347129803261,49.342481088809784,50.18037227711033,19800.0
BCM,2021-05-20,50.18037227711033,50.18037227711033,48.6907879423538,49.8079761934212,65400.0
BCM,2021-05-21,49.342481088809784,49.342481088809784,48.13219381682011,49.06318402604294,34600.0
BCM,2021-05-24,49.342481088809784,51.57685759094456,49.342481088809784,51.57685759094456,41600.0
BCM,2021-05-25,51.20446150725544,52.04235269555598,50.738966402644024,51.57685759094456,21000.0
BCM,2021-05-26,49.435580109732065,51.57685759094456,49.435580109732065,51.57685759094456,13900.0
BCM,2021-05-27,49.8079761934212,51.48375857002228,49.52867913065435,49.8079761934212,3200.0
BCM,2021-05-28,49.342481088809784,50.27347129803261,49.342481088809784,50.27347129803261,3900.0
BCM,2021-05-31,48.97008500512066,49.342481088809784,48.87698598419837,49.342481088809784,8700.0
BCM,2021-06-01,48.78388696327609,48.97008500512066,45.89781731468533,48.97008500512066,17300.0
BCM,2021-06-02,48.22529283774239,50.08727325618804,46.5495104611413,48.41149087958696,52700.0
BCM,2021-06-03,47.29430262851957,48.41149087958696,47.29430262851957,48.41149087958696,14200.0
BCM,2021-06-04,48.41149087958696,48.41149087958696,47.48050067036413,48.41149087958696,10800.0
BCM,2021-06-07,48.41149087958696,48.41149087958696,47.48050067036413,47.6666987122087,13100.0
BCM,2021-06-08,48.41149087958696,48.41149087958696,47.48050067036413,47.57359969128642,22800.0
BCM,2021-06-09,47.57359969128642,47.57359969128642,46.45641144021902,46.73570850298587,22000.0
BCM,2021-06-10,46.73570850298587,47.48050067036413,46.73570850298587,46.73570850298587,8700.0
BCM,2021-06-11,46.73570850298587,48.41149087958696,46.5495104611413,48.41149087958696,34600.0
BCM,2021-06-14,48.41149087958696,49.342481088809784,48.318391858664675,49.342481088809784,11600.0
BCM,2021-06-15,49.342481088809784,51.20446150725544,49.342481088809784,51.20446150725544,66600.0
BCM,2021-06-16,51.20446150725544,51.20446150725544,50.27347129803261,51.11136248633315,16500.0
BCM,2021-06-17,50.27347129803261,51.20446150725544,49.99417423526577,51.20446150725544,19600.0
BCM,2021-06-18,51.48375857002228,51.48375857002228,50.552768360799455,51.20446150725544,24600.0
BCM,2021-06-21,49.2493820678875,51.11136248633315,49.2493820678875,50.738966402644024,37500.0
BCM,2021-06-22,50.738966402644024,51.01826346541087,49.342481088809784,51.01826346541087,18200.0
BCM,2021-06-23,50.27347129803261,50.832065423566306,50.27347129803261,50.832065423566306,8800.0
BCM,2021-06-24,50.832065423566306,50.832065423566306,49.342481088809784,50.832065423566306,26300.0
BCM,2021-06-25,50.27347129803261,50.832065423566306,49.435580109732065,50.832065423566306,19800.0
BCM,2021-06-28,49.62177815157663,50.832065423566306,49.435580109732065,50.64586738172174,41400.0
BCM,2021-06-29,50.64586738172174,50.64586738172174,49.714877172498916,50.64586738172174,17700.0
BCM,2021-06-30,49.8079761934212,50.64586738172174,49.62177815157663,50.64586738172174,30400.0
BCM,2021-07-01,49.8079761934212,50.45966933987718,49.714877172498916,50.45966933987718,15900.0
BCM,2021-07-02,49.714877172498916,50.36657031895489,49.52867913065435,50.27347129803261,18800.0
BCM,2021-07-05,49.52867913065435,50.27347129803261,49.435580109732065,50.27347129803261,10200.0
BCM,2021-07-06,49.62177815157663,50.18037227711033,49.342481088809784,50.18037227711033,12200.0
BCM,2021-07-07,47.75979773313098,49.99417423526577,47.48050067036413,49.99417423526577,12100.0
BCM,2021-07-08,49.342481088809784,49.99417423526577,49.342481088809784,49.99417423526577,11700.0
BCM,2021-07-09,49.8079761934212,49.90107521434348,49.8079761934212,49.8079761934212,1500.0
BCM,2021-07-12,47.108104586675005,47.48050067036413,47.015005565752716,47.015005565752716,12300.0
BCM,2021-07-13,47.015005565752716,48.6907879423538,44.687530042695656,48.6907879423538,47300.0
BCM,2021-07-14,45.29267367869049,45.61852025191848,45.29267367869049,45.29267367869049,83700.0
BCM,2021-07-15,42.127306967332885,42.127306967332885,42.127306967332885,42.127306967332885,27400.0
BCM,2021-07-16,39.19468780828098,41.894559415027175,39.19468780828098,40.12567801750381,315600.0
BCM,2021-07-19,39.1015887873587,39.93947997565924,37.89130151536902,37.89130151536902,50200.0
BCM,2021-07-20,37.33270738983533,37.37925690029647,36.30861815969022,37.33270738983533,88300.0
BCM,2021-07-21,35.843123055078806,37.61200445260217,35.843123055078806,36.49481620153479,87100.0
BCM,2021-07-22,37.48243365212353,39.03440392881121,36.30669859402681,39.03440392881121,77300.0
BCM,2021-07-23,39.88093317064085,40.445285998527275,39.03440392881121,39.17549213578281,101700.0
BCM,2021-07-26,37.905698273038354,38.752227514868,37.62352185909514,38.56410990557252,48200.0
BCM,2021-07-27,39.41063914740216,39.41063914740216,38.56410990557252,38.752227514868,52900.0
BCM,2021-07-28,38.51708050324865,38.51708050324865,37.81163946839062,38.14084528465769,30000.0
BCM,2021-07-29,38.09381588233383,39.03440392881121,38.09381588233383,39.03440392881121,229600.0
BCM,2021-07-30,39.128462733458946,39.41063914740216,38.65816871022026,39.31658034275442,65200.0
BCM,2021-08-02,39.504697952049895,39.504697952049895,39.31658034275442,39.31658034275442,44500.0
BCM,2021-08-03,39.36360974507829,39.59875675669764,39.128462733458946,39.31658034275442,141600.0
BCM,2021-08-04,39.41063914740216,39.41063914740216,39.03440392881121,39.22252153810669,32900.0
BCM,2021-08-05,39.128462733458946,39.41063914740216,38.28193349162931,39.31658034275442,170600.0
BCM,2021-08-06,39.41063914740216,42.044285677538824,38.56410990557252,42.044285677538824,205800.0
BCM,2021-08-09,42.326462091482036,44.20763818443679,42.326462091482036,44.019520575141314,176300.0
BCM,2021-08-10,43.92546177049358,43.92546177049358,42.51457970077751,43.125961930987806,65000.0
BCM,2021-08-11,42.561609103101375,43.078932528663934,41.85616806824334,41.85616806824334,127900.0
BCM,2021-08-12,41.385874045004655,43.17299133331167,40.445285998527275,42.326462091482036,68300.0
BCM,2021-08-13,42.326462091482036,42.79675611472072,41.29181524035692,41.47993284965239,88200.0
BCM,2021-08-16,42.23240328683429,42.702697310072985,41.47993284965239,41.85616806824334,109200.0
BCM,2021-08-17,41.950226872891086,41.99725627521495,41.57399165430013,41.85616806824334,95400.0
BCM,2021-08-18,41.009638826413706,42.326462091482036,41.009638826413706,42.326462091482036,116100.0
BCM,2021-08-19,42.326462091482036,42.89081491936846,41.71507986127174,42.79675611472072,67700.0
BCM,2021-08-20,42.79675611472072,43.125961930987806,41.385874045004655,42.79675611472072,145600.0
BCM,2021-08-23,41.10369763106144,42.27943268915817,41.10369763106144,42.27943268915817,71700.0
BCM,2021-08-24,41.385874045004655,41.85616806824334,41.009638826413706,41.85616806824334,49800.0
BCM,2021-08-25,41.385874045004655,41.85616806824334,41.10369763106144,41.85616806824334,41400.0
BCM,2021-08-26,41.10369763106144,41.85616806824334,41.10369763106144,41.762109263595605,91500.0
BCM,2021-08-27,41.66805045894787,41.66805045894787,40.91558002176597,41.197756435709174,20700.0
BCM,2021-08-30,42.27943268915817,42.27943268915817,41.43290344732852,41.85616806824334,78700.0
BCM,2021-08-31,41.85616806824334,44.67793220767548,41.385874045004655,44.11357937978905,328400.0
BCM,2021-09-01,44.20763818443679,45.33634384020965,44.019520575141314,45.14822623091417,299200.0
BCM,2021-09-06,45.14822623091417,46.08881427739155,44.58387340302774,45.618520254152855,187300.0
BCM,2021-09-07,45.57149085182899,45.57149085182899,44.20763818443679,45.14822623091417,248900.0
BCM,2021-09-08,44.30169698908453,46.08881427739155,44.30169698908453,45.80663786344834,217300.0
BCM,2021-09-09,45.80663786344834,45.80663786344834,44.20763818443679,45.7125790588006,377300.0
BCM,2021-09-10,45.618520254152855,45.7125790588006,44.58387340302774,45.47743204718125,381900.0
BCM,2021-09-13,45.47743204718125,45.618520254152855,44.72496160999935,45.618520254152855,177200.0
BCM,2021-09-14,45.618520254152855,45.618520254152855,44.72496160999935,45.618520254152855,378800.0
BCM,2021-09-15,45.52446144950512,45.52446144950512,44.77199101232322,45.14822623091417,1126700.0
BCM,2021-09-16,45.14822623091417,45.14822623091417,44.63090280535161,45.14822623091417,609700.0
BCM,2021-09-17,44.67793220767548,44.91307921929482,43.54922655190262,44.91307921929482,249500.0
BCM,2021-09-20,44.20763818443679,44.67793220767548,43.7373441611981,43.92546177049358,96400.0
BCM,2021-09-21,43.92546177049358,43.92546177049358,41.43290344732852,42.51457970077751,127400.0
BCM,2021-09-22,43.125961930987806,43.26705013795941,42.326462091482036,42.702697310072985,47500.0
BCM,2021-09-23,42.79675611472072,44.20763818443679,42.79675611472072,42.79675611472072,108900.0
BCM,2021-09-24,42.84378551704459,42.84378551704459,42.326462091482036,42.79675611472072,37700.0
BCM,2021-09-27,42.79675611472072,43.26705013795941,42.044285677538824,42.326462091482036,37600.0
BCM,2021-09-28,42.326462091482036,42.326462091482036,41.385874045004655,41.57399165430013,499500.0
BCM,2021-09-29,43.03190312634007,43.03190312634007,41.57399165430013,41.762109263595605,19700.0
BCM,2021-09-30,41.57399165430013,42.326462091482036,41.57399165430013,41.950226872891086,36900.0
BCM,2021-10-01,42.51457970077751,42.561609103101375,41.29181524035692,41.385874045004655,45500.0
BCM,2021-10-04,42.326462091482036,42.326462091482036,41.47993284965239,41.85616806824334,42000.0
BCM,2021-10-05,41.85616806824334,42.138344482186554,41.71507986127174,41.762109263595605,28400.0
BCM,2021-10-06,41.85616806824334,41.950226872891086,41.621021056624,41.762109263595605,84800.0
BCM,2021-10-07,41.950226872891086,42.984873724016204,41.66805045894787,42.326462091482036,142900.0
BCM,2021-10-08,42.326462091482036,42.42052089612977,41.85616806824334,42.27943268915817,52200.0
BCM,2021-10-11,42.27943268915817,42.27943268915817,41.90319747056721,41.90319747056721,57100.0
BCM,2021-10-12,41.90319747056721,42.326462091482036,41.66805045894787,42.044285677538824,101100.0
BCM,2021-10-13,42.044285677538824,43.92546177049358,42.044285677538824,43.7373441611981,329500.0
BCM,2021-10-14,43.54922655190262,43.54922655190262,43.078932528663934,43.17299133331167,138500.0
BCM,2021-10-15,43.17299133331167,43.17299133331167,42.326462091482036,42.561609103101375,83000.0
BCM,2021-10-18,42.51457970077751,42.561609103101375,41.950226872891086,41.950226872891086,189800.0
BCM,2021-10-19,41.950226872891086,42.23240328683429,41.385874045004655,41.90319747056721,85800.0
BCM,2021-10-20,41.90319747056721,43.26705013795941,41.621021056624,42.138344482186554,291200.0
BCM,2021-10-21,42.23240328683429,42.74972671239686,42.138344482186554,42.326462091482036,116800.0
BCM,2021-10-22,42.51457970077751,43.45516774725489,42.51457970077751,43.40813834493102,1616200.0
BCM,2021-10-25,44.39575579373227,45.618520254152855,44.20763818443679,44.86604981697096,1082400.0
BCM,2021-10-26,45.14822623091417,45.33634384020965,44.58387340302774,44.67793220767548,315700.0
BCM,2021-10-27,45.101196828590304,47.78187276105083,44.20763818443679,47.02940232386893,1049000.0
BCM,2021-10-28,47.499696347107616,50.22740168189201,47.217519933164404,50.133342877244274,884000.0
BCM,2021-10-29,50.32146048653975,50.32146048653975,48.816519612175945,49.85116646330106,504600.0
BCM,2021-11-01,49.9452252679488,49.9452252679488,48.440284393584996,49.00463722147142,685400.0
BCM,2021-11-02,48.72246080752821,51.732342556255816,48.72246080752821,50.50957809583523,1102700.0
BCM,2021-11-03,50.6976957051307,51.732342556255816,48.72246080752821,49.85116646330106,837700.0
BCM,2021-11-04,49.38087244006237,49.85116646330106,48.252166784289514,49.757107658653325,350500.0
BCM,2021-11-05,49.38087244006237,50.97987211907392,49.38087244006237,50.79175450977844,1000700.0
BCM,2021-11-08,51.26204853301713,53.613518649210576,51.073930923721655,52.672930602733196,714300.0
BCM,2021-11-09,52.672930602733196,53.613518649210576,52.20263657949451,52.672930602733196,373800.0
BCM,2021-11-10,52.95510701667641,52.95510701667641,50.97987211907392,50.97987211907392,663600.0
BCM,2021-11-11,51.26204853301713,52.672930602733196,50.6976957051307,50.88581331442618,1211700.0
BCM,2021-11-12,51.35610733766487,52.672930602733196,50.97987211907392,51.45016614231261,836600.0
BCM,2021-11-15,52.29669538414225,52.29669538414225,51.26204853301713,51.9204601655513,635000.0
BCM,2021-11-16,50.79175450977844,55.02440071892664,49.9452252679488,53.049165821324145,1137500.0
BCM,2021-11-17,53.049165821324145,55.494694742165336,52.57887179808546,55.494694742165336,844600.0
BCM,2021-11-18,55.870929960756285,57.37587083512009,55.68281235146081,55.68281235146081,755700.0
BCM,2021-11-19,55.494694742165336,55.96498876540402,53.14322462597189,53.613518649210576,644400.0
BCM,2021-11-22,53.70757745385831,53.80163625850605,50.03928407259654,50.6976957051307,641600.0
BCM,2021-11-23,50.22740168189201,51.732342556255816,49.28681363541463,51.732342556255816,275800.0
BCM,2021-11-24,51.732342556255816,51.82640136090356,50.32146048653975,50.88581331442618,430900.0
BCM,2021-11-25,50.88581331442618,52.20263657949451,50.60363690048296,51.45016614231261,454000.0
BCM,2021-11-26,52.390754188789984,52.390754188789984,50.79175450977844,50.79175450977844,568600.0
BCM,2021-11-29,49.85116646330106,50.79175450977844,49.757107658653325,49.9452252679488,278900.0
BCM,2021-11-30,50.32146048653975,51.63828375160808,49.9452252679488,50.50957809583523,401800.0
BCM,2021-12-01,49.9452252679488,52.01451897019903,49.28681363541463,51.35610733766487,454900.0
BCM,2021-12-02,50.79175450977844,51.26204853301713,49.38087244006237,49.85116646330106,263000.0
BCM,2021-12-03,49.757107658653325,50.41551929118749,46.37099069133476,46.37099069133476,599800.0
BCM,2021-12-06,47.217519933164404,47.499696347107616,44.20763818443679,46.08881427739155,515300.0
BCM,2021-12-07,46.135843679715414,47.875931565698565,45.7125790588006,46.935343519221185,250400.0
BCM,2021-12-08,47.02940232386893,48.72246080752821,46.935343519221185,47.12346112851667,692700.0
BCM,2021-12-09,47.875931565698565,50.41551929118749,47.78187276105083,50.41551929118749,528200.0
BCM,2021-12-10,52.68990362050644,52.68990362050644,50.60505131897561,50.9841153737994,661700.0
BCM,2021-12-13,51.17364740121129,52.68990362050644,51.17364740121129,52.5951376068005,515000.0
BCM,2021-12-14,54.490457880919436,55.91194808650864,54.11139382609565,55.81718207280269,1652300.0
BCM,2021-12-15,56.10148011392053,59.70258863474651,56.10148011392053,59.70258863474651,1610800.0
BCM,2021-12-16,60.74501478551192,63.87229323780817,60.74501478551192,63.77752722410222,1352600.0
BCM,2021-12-17,63.77752722410222,66.24144358045685,61.59790890886545,64.34612330633792,1361400.0
BCM,2021-12-20,63.49322918298438,65.38854945710332,60.65024877180598,64.44088932004385,814300.0
BCM,2021-12-21,62.16650499110112,66.05191155304495,62.07173897739518,64.34612330633792,696100.0
BCM,2021-12-22,62.64033505963086,65.38854945710332,62.26127100480708,64.72518736116169,740200.0
BCM,2021-12-23,64.81995337486764,66.33620959416278,61.59790890886545,63.87229323780817,1343700.0
BCM,2021-12-24,63.49322918298438,63.49322918298438,60.27118471698219,62.07173897739518,763200.0
BCM,2021-12-27,62.07173897739518,63.01939911445465,60.27118471698219,61.59790890886545,599200.0
BCM,2021-12-28,61.59790890886545,63.01939911445465,60.93454681292381,62.45080303221897,637800.0
BCM,2021-12-29,62.26127100480708,63.01939911445465,60.65024877180598,60.65024877180598,290700.0
BCM,2021-12-30,60.65024877180598,61.59790890886545,59.98688667586435,60.65024877180598,295800.0
BCM,2021-12-31,60.460716744394084,60.83978079921788,58.75492849768704,60.65024877180598,264400.0
BCM,2022-01-04,60.93454681292381,62.545569045924914,59.797354648452455,62.35603701851302,639300.0
BCM,2022-01-05,63.01939911445465,65.19901742969142,62.26127100480708,62.545569045924914,1128300.0
BCM,2022-01-06,62.45080303221897,66.90480567639847,61.59790890886545,66.90480567639847,2294400.0
BCM,2022-01-07,67.85246581345793,71.54834034798986,67.85246581345793,71.54834034798986,1093200.0
BCM,2022-01-10,72.0221704165196,76.4761730606991,66.62050763528063,66.62050763528063,1151800.0
BCM,2022-01-11,69.1791900053412,71.26404230687203,68.9896579779293,71.26404230687203,1176500.0
BCM,2022-01-12,71.26404230687203,75.81281096475747,67.28386973122225,75.71804495105152,1566000.0
BCM,2022-01-13,76.57093907440505,76.57093907440505,70.50591419722446,73.8227246769326,942300.0
BCM,2022-01-14,69.27395601904713,73.8227246769326,69.27395601904713,72.0221704165196,283800.0
BCM,2022-01-17,72.0221704165196,73.4436606221088,66.99957169010442,66.99957169010442,798400.0
BCM,2022-01-18,66.52574162157468,67.28386973122225,62.545569045924914,64.44088932004385,426900.0
BCM,2022-01-19,63.967059251514115,68.89489196422336,63.967059251514115,68.89489196422336,567300.0
BCM,2022-01-20,68.70535993681146,71.8326383891077,67.28386973122225,71.8326383891077,528300.0
BCM,2022-01-21,72.0221704165196,72.59076649875527,68.70535993681146,71.35880832057796,601600.0
BCM,2022-01-24,70.03208412869472,72.11693643022554,67.28386973122225,68.23152986828173,582100.0
BCM,2022-01-25,68.23152986828173,72.96983055357907,64.44088932004385,72.96983055357907,1108600.0
BCM,2022-01-26,73.15936258099096,75.81281096475747,71.07451027946013,73.15936258099096,720200.0
BCM,2022-01-27,72.96983055357907,75.71804495105152,72.0221704165196,73.34889460840286,816800.0
BCM,2022-01-28,72.49600048504934,75.2442148825218,71.54834034798986,75.0546828551099,569700.0
BCM,2022-02-07,75.62327893734557,75.81281096475747,73.4436606221088,75.52851292363964,436000.0
BCM,2022-02-08,74.39132075916827,77.7081312388764,74.01225670434448,76.76047110181695,595100.0
BCM,2022-02-09,75.81281096475747,78.18196130740614,74.865150827698,76.57093907440505,701200.0
BCM,2022-02-10,77.51859921146452,77.51859921146452,75.71804495105152,76.57093907440505,389300.0
BCM,2022-02-11,76.38140704699315,76.57093907440505,74.865150827698,74.95991684140394,392600.0
BCM,2022-02-14,71.92740440281365,75.62327893734557,71.92740440281365,74.77038481399207,506100.0
BCM,2022-02-15,74.865150827698,78.18196130740614,74.01225670434448,77.7081312388764,616200.0
BCM,2022-02-16,77.32906718405262,78.37149333481804,77.13953515664073,77.51859921146452,145500.0
BCM,2022-02-17,77.42383319775857,80.5511116500548,76.00234299216937,80.07728158152509,462400.0
BCM,2022-02-18,79.22438745817155,81.40400577340834,78.0871952937002,79.31915347187751,418700.0
BCM,2022-02-21,79.31915347187751,79.31915347187751,77.8976632662883,78.0871952937002,170000.0
BCM,2022-02-22,76.665705088111,77.7081312388764,75.33898089622774,77.42383319775857,260600.0
BCM,2022-02-23,77.51859921146452,79.79298354040723,77.32906718405262,78.84532340334778,265900.0
BCM,2022-02-24,78.84532340334778,78.84532340334778,75.81281096475747,78.56102536222994,319700.0
BCM,2022-02-25,78.27672732111209,80.5511116500548,77.51859921146452,77.80289725258235,643700.0
BCM,2022-02-28,77.04476914293478,78.65579137593588,74.39132075916827,74.865150827698,481500.0
BCM,2022-03-01,74.865150827698,75.71804495105152,72.87506453987312,72.87506453987312,641300.0
BCM,2022-03-02,72.49600048504934,74.865150827698,70.97974426575419,74.39132075916827,590800.0
BCM,2022-03-03,73.91749069063853,76.28664103328721,73.15936258099096,75.81281096475747,295700.0
BCM,2022-03-04,74.39132075916827,76.19187501958126,73.8227246769326,74.77038481399207,232200.0
BCM,2022-03-07,72.96983055357907,74.6756188002861,72.59076649875527,72.59076649875527,305100.0
BCM,2022-03-08,72.11693643022554,72.49600048504934,69.93731811498877,70.88497825204823,650900.0
BCM,2022-03-09,70.2216161561066,70.79021223834229,67.75769979975199,67.75769979975199,581700.0
BCM,2022-03-10,68.42106189569363,70.60068021093039,68.23152986828173,69.55825406016498,444100.0
BCM,2022-03-11,69.74778608757687,69.93731811498877,68.61059392310551,68.61059392310551,136300.0
BCM,2022-03-14,67.85246581345793,68.42106189569363,64.53565533374979,66.99957169010442,411900.0
BCM,2022-03-15,67.85246581345793,68.70535993681146,65.38854945710332,68.70535993681146,210400.0
BCM,2022-03-16,68.8001259505174,70.50591419722446,68.70535993681146,70.12685014240066,207200.0
BCM,2022-03-17,71.07451027946013,71.35880832057796,70.03208412869472,70.12685014240066,153800.0
BCM,2022-03-18,70.97974426575419,72.68553251246122,70.12685014240066,72.0221704165196,307500.0
BCM,2022-03-21,72.96983055357907,73.53842663581474,72.40123447134339,72.87506453987312,249300.0
BCM,2022-03-22,72.78029852616717,72.78029852616717,71.45357433428393,71.8326383891077,158800.0
BCM,2022-03-23,72.68553251246122,72.87506453987312,71.16927629316608,71.73787237540176,145300.0
BCM,2022-03-24,71.73787237540176,71.73787237540176,70.31638216981256,70.69544622463634,149800.0
BCM,2022-03-25,70.69544622463634,71.26404230687203,69.93731811498877,70.03208412869472,168800.0
BCM,2022-03-28,68.70535993681146,69.46348804645903,68.61059392310551,68.70535993681146,136100.0
BCM,2022-03-29,70.97974426575419,70.97974426575419,68.23152986828173,68.23152986828173,270800.0
BCM,2022-03-30,68.23152986828173,69.65302007387093,67.75769979975199,68.23152986828173,154500.0
BCM,2022-03-31,68.23152986828173,70.97974426575419,68.23152986828173,69.55825406016498,187900.0
BCM,2022-04-01,69.65302007387093,70.12685014240066,68.51582790939956,68.70535993681146,195600.0
BCM,2022-04-04,68.8001259505174,71.07451027946013,68.8001259505174,69.93731811498877,212600.0
BCM,2022-04-05,70.97974426575419,72.0221704165196,70.4111481835185,70.4111481835185,436900.0
BCM,2022-04-06,69.93731811498877,70.88497825204823,69.08442399163525,70.60068021093039,188000.0
BCM,2022-04-07,70.97974426575419,70.97974426575419,68.8001259505174,68.8001259505174,195100.0
BCM,2022-04-08,68.70535993681146,71.45357433428393,68.70535993681146,70.12685014240066,322100.0
BCM,2022-04-12,70.12685014240066,71.07451027946013,68.70535993681146,70.12685014240066,264000.0
BCM,2022-04-13,69.27395601904713,71.8326383891077,69.27395601904713,71.8326383891077,257800.0
BCM,2022-04-14,72.30646845763744,72.78029852616717,71.45357433428393,72.78029852616717,380100.0
BCM,2022-04-15,72.78029852616717,76.76047110181695,72.78029852616717,74.865150827698,789800.0
BCM,2022-04-18,74.95991684140394,77.04476914293478,74.01225670434448,75.62327893734557,558400.0
BCM,2022-04-19,75.33898089622774,76.95000312922883,73.15936258099096,75.71804495105152,533700.0
BCM,2022-04-20,72.59076649875527,74.01225670434448,72.11693643022554,72.49600048504934,424900.0
BCM,2022-04-21,71.07451027946013,71.26404230687203,68.89489196422336,69.1791900053412,315400.0
BCM,2022-04-22,69.1791900053412,73.8227246769326,64.44088932004385,71.54834034798986,717900.0
BCM,2022-04-25,71.54834034798986,75.62327893734557,67.85246581345793,72.49600048504934,648900.0
BCM,2022-04-26,72.40123447134339,74.865150827698,70.31638216981256,74.20178873175637,2489200.0
BCM,2022-04-27,73.91749069063853,74.39132075916827,72.49600048504934,74.10702271805043,652900.0
BCM,2022-04-28,74.865150827698,79.22438745817155,74.58085278658017,78.65579137593588,1353600.0
BCM,2022-04-29,78.84532340334778,83.39409206123322,78.65579137593588,81.40400577340834,692300.0
BCM,2022-05-04,82.92026199270349,82.92026199270349,79.5086854992894,79.60345151299535,391600.0
BCM,2022-05-05,79.60345151299535,83.20456003382132,74.10702271805043,81.49877178711428,1493700.0
BCM,2022-05-06,78.75055738964181,79.60345151299535,76.09710900587531,76.28664103328721,493100.0
BCM,2022-05-09,74.20178873175637,75.81281096475747,70.97974426575419,70.97974426575419,532500.0
BCM,2022-05-10,66.05191155304495,75.90757697846341,66.05191155304495,75.90757697846341,918500.0
BCM,2022-05-11,76.19187501958126,80.26681360893697,72.0221704165196,80.26681360893697,511600.0
BCM,2022-05-12,80.07728158152509,80.07728158152509,74.6756188002861,74.6756188002861,426300.0
BCM,2022-05-13,73.91749069063853,73.91749069063853,69.46348804645903,69.46348804645903,318800.0
BCM,2022-05-16,69.74778608757687,72.2117024439315,64.63042134745575,64.63042134745575,310100.0
BCM,2022-05-17,61.59790890886545,67.28386973122225,61.59790890886545,66.33620959416278,390300.0
BCM,2022-05-18,67.28386973122225,70.97974426575419,65.38854945710332,70.97974426575419,274400.0
BCM,2022-05-19,66.43097560786873,74.01225670434448,66.43097560786873,71.8326383891077,363000.0
BCM,2022-05-20,71.6431063616958,73.91749069063853,69.55825406016498,72.0221704165196,453800.0
BCM,2022-05-23,71.92740440281365,71.92740440281365,67.28386973122225,67.3786357449282,226800.0
BCM,2022-05-24,67.47340175863415,70.12685014240066,66.33620959416278,70.12685014240066,208500.0
BCM,2022-05-25,70.97974426575419,71.07451027946013,68.51582790939956,70.69544622463634,288900.0
BCM,2022-05-26,70.50591419722446,70.50591419722446,67.66293378604605,70.50591419722446,359400.0
BCM,2022-05-27,69.65302007387093,70.12685014240066,68.23152986828173,69.65302007387093,327100.0
BCM,2022-05-30,69.84255210128282,69.84255210128282,68.23152986828173,69.1791900053412,122400.0
BCM,2022-05-31,68.89489196422336,71.73787237540176,68.23152986828173,69.27395601904713,462000.0
BCM,2022-06-01,69.27395601904713,71.16927629316608,66.33620959416278,69.46348804645903,463200.0
BCM,2022-06-02,71.07451027946013,71.07451027946013,68.32629588198766,68.32629588198766,234200.0
BCM,2022-06-03,68.32629588198766,69.55825406016498,67.18910371751632,67.75769979975199,311000.0
BCM,2022-06-06,67.75769979975199,68.04199784086983,65.38854945710332,65.67284749822116,438700.0
BCM,2022-06-07,65.38854945710332,67.75769979975199,63.11416512816059,67.66293378604605,372600.0
BCM,2022-06-08,68.13676385457579,68.61059392310551,67.09433770381035,68.23152986828173,239200.0
BCM,2022-06-09,68.32629588198766,68.42106189569363,66.90480567639847,68.23152986828173,92000.0
BCM,2022-06-10,66.90480567639847,70.03208412869472,66.90480567639847,67.28386973122225,308600.0
BCM,2022-06-13,65.86237952563306,67.28386973122225,64.06182526522007,64.44088932004385,283400.0
BCM,2022-06-14,63.967059251514115,66.43097560786873,62.73510107333681,64.44088932004385,225900.0
BCM,2022-06-15,64.44088932004385,65.38854945710332,61.976972963689235,63.58799519669032,218800.0
BCM,2022-06-16,65.10425141598549,65.38854945710332,63.967059251514115,65.38854945710332,138900.0
BCM,2022-06-17,63.77752722410222,65.76761351192711,63.49322918298438,64.15659127892602,116900.0
BCM,2022-06-20,64.34612330633792,64.81995337486764,61.692674922571385,61.692674922571385,123600.0
BCM,2022-06-21,63.01939911445465,63.01939911445465,59.70258863474651,60.27118471698219,146500.0
BCM,2022-06-22,61.59790890886545,61.59790890886545,58.56539647027515,58.75492849768704,142600.0
BCM,2022-06-23,58.66016248398109,61.12407884033571,57.14390626468594,59.98688667586435,114100.0
BCM,2022-06-24,61.12407884033571,61.12407884033571,58.94446052509894,59.039226538804876,36900.0
BCM,2022-06-27,59.039226538804876,60.65024877180598,57.33343829209784,58.84969451139299,161400.0
BCM,2022-06-28,58.84969451139299,60.460716744394084,58.2810984291573,59.70258863474651,101400.0
BCM,2022-06-29,59.70258863474651,62.16650499110112,59.51305660733461,61.12407884033571,112500.0
BCM,2022-06-30,61.12407884033571,63.49322918298438,59.228758566216776,63.49322918298438,238400.0
BCM,2022-07-01,62.35603701851302,63.11416512816059,59.70258863474651,59.892120662158405,94100.0
BCM,2022-07-04,60.17641870327624,61.12407884033571,59.70258863474651,59.70258863474651,26100.0
BCM,2022-07-05,59.70258863474651,60.65024877180598,57.807268360627575,58.75492849768704,100200.0
BCM,2022-07-06,57.33343829209784,59.323524579922726,56.19624612762647,56.19624612762647,384500.0
BCM,2022-07-07,56.29101214133242,57.23867227839189,55.91194808650864,56.480544168744316,63800.0
BCM,2022-07-08,56.8596082235681,57.99680038803947,55.4381180179789,55.81718207280269,126600.0
BCM,2022-07-11,55.153819976861065,56.76484220986215,55.153819976861065,56.00671410021458,65800.0
BCM,2022-07-12,56.480544168744316,58.470630456569204,56.10148011392053,58.18633241545136,125100.0
BCM,2022-07-13,58.375864442863254,58.375864442863254,57.712502346921625,57.807268360627575,48100.0
BCM,2022-07-14,57.807268360627575,60.460716744394084,57.617736333215674,60.27118471698219,131900.0
BCM,2022-07-15,60.83978079921788,61.12407884033571,58.75492849768704,59.51305660733461,116800.0
BCM,2022-07-18,60.460716744394084,60.460716744394084,58.75492849768704,59.60782262104056,63500.0
BCM,2022-07-19,59.60782262104056,60.0816526895703,57.807268360627575,58.2810984291573,107600.0
BCM,2022-07-20,58.75492849768704,60.27118471698219,58.09156640174541,59.70258863474651,114700.0
BCM,2022-07-21,59.70258863474651,60.65024877180598,58.94446052509894,58.94446052509894,89100.0
BCM,2022-07-22,58.94446052509894,63.01939911445465,58.94446052509894,63.01939911445465,468700.0
BCM,2022-07-25,64.06182526522007,65.29378344339737,63.49322918298438,64.25135729263195,180700.0
BCM,2022-07-26,63.49322918298438,64.91471938857359,63.49322918298438,64.91471938857359,116000.0
BCM,2022-07-27,63.68276121039628,64.91471938857359,63.11416512816059,64.91471938857359,184000.0
BCM,2022-07-28,65.38854945710332,68.13676385457579,64.53565533374979,68.13676385457579,434600.0
BCM,2022-07-29,69.08442399163525,70.97974426575419,68.42106189569363,69.65302007387093,414800.0
BCM,2022-08-01,70.03208412869472,72.0221704165196,69.55825406016498,71.45357433428393,222600.0
BCM,2022-08-02,71.45357433428393,72.0221704165196,69.74778608757687,71.6431063616958,294400.0
BCM,2022-08-03,70.2216161561066,72.96983055357907,70.2216161561066,70.88497825204823,274900.0
BCM,2022-08-04,71.16927629316608,72.96983055357907,70.2216161561066,72.68553251246122,262500.0
BCM,2022-08-05,74.39132075916827,74.39132075916827,72.68553251246122,73.91749069063853,214000.0
BCM,2022-08-08,73.91749069063853,74.29655474546233,72.49600048504934,74.20178873175637,176600.0
BCM,2022-08-09,73.8227246769326,74.6756188002861,73.15936258099096,74.20178873175637,130000.0
BCM,2022-08-10,74.10702271805043,76.38140704699315,73.91749069063853,75.81281096475747,262700.0
BCM,2022-08-11,75.81281096475747,76.4761730606991,73.91749069063853,75.33898089622774,202500.0
BCM,2022-08-12,75.33898089622774,77.7081312388764,74.39132075916827,76.76047110181695,232200.0
BCM,2022-08-15,76.95000312922883,76.95000312922883,74.48608677287422,76.19187501958126,183000.0
BCM,2022-08-16,76.19187501958126,76.19187501958126,74.865150827698,75.81281096475747,60400.0
BCM,2022-08-17,75.71804495105152,77.23430117034667,74.77038481399207,77.23430117034667,412900.0
BCM,2022-08-18,76.85523711552288,77.13953515664073,74.865150827698,76.00234299216937,149500.0
BCM,2022-08-19,75.81281096475747,77.23430117034667,75.33898089622774,75.81281096475747,145200.0
BCM,2022-08-22,74.865150827698,81.1197077322905,74.865150827698,81.1197077322905,700100.0
BCM,2022-08-23,82.25689989676185,85.19464632164622,81.68830381452618,84.34175219829268,210900.0
BCM,2022-08-24,84.34175219829268,85.19464632164622,82.44643192417375,84.34175219829268,224500.0
BCM,2022-08-25,84.34175219829268,88.32192477394246,84.34175219829268,85.85800841758783,124200.0
BCM,2022-08-26,86.14230645870568,86.23707247241163,82.06736786934995,85.76324240388189,199100.0
BCM,2022-08-29,83.20456003382132,84.81558226682242,80.83540969117266,84.34175219829268,234900.0
BCM,2022-08-30,84.34175219829268,86.71090254094136,84.34175219829268,86.14230645870568,150100.0
BCM,2022-08-31,86.14230645870568,87.1847326094711,84.91034828052837,87.1847326094711,207100.0
BCM,2022-09-05,85.57371037646999,88.13239274653056,85.57371037646999,85.76324240388189,150700.0
BCM,2022-09-06,86.04754044499973,86.04754044499973,84.24698618458675,84.24698618458675,175500.0
BCM,2022-09-07,83.58362408864511,83.86792212976296,79.60345151299535,83.29932604752727,500400.0
BCM,2022-09-08,83.39409206123322,84.05745415717485,81.97260185564402,83.39409206123322,114200.0
BCM,2022-09-09,83.39409206123322,87.1847326094711,83.39409206123322,85.09988030794025,203400.0
BCM,2022-09-12,85.57371037646999,86.23707247241163,84.34175219829268,85.3841783490581,141700.0
BCM,2022-09-13,85.28941233535215,86.23707247241163,82.92026199270349,86.23707247241163,233700.0
BCM,2022-09-14,84.1522201708808,86.71090254094136,84.1522201708808,86.71090254094136,169200.0
BCM,2022-09-15,86.61613652723541,92.77592741812197,85.95277443129379,92.77592741812197,421200.0
BCM,2022-09-16,92.39686336329817,94.6712476922409,92.39686336329817,92.8706934318279,246200.0
BCM,2022-09-19,92.8706934318279,96.47180195265388,88.13239274653056,92.20733133588627,283000.0
BCM,2022-09-20,93.81835356888737,93.81835356888737,86.71090254094136,91.4492032262387,304000.0
BCM,2022-09-21,91.4492032262387,93.62882154147547,90.0277130206495,91.25967119882681,120500.0
BCM,2022-09-22,89.26958491100193,92.39686336329817,89.26958491100193,91.07013917141491,1082600.0
BCM,2022-09-23,91.8282672810625,91.8282672810625,88.13239274653056,89.74341497953166,151500.0
BCM,2022-09-26,89.55388295211976,89.55388295211976,83.48885807493916,88.89052085617813,709400.0
BCM,2022-09-27,88.60622281506029,88.60622281506029,85.76324240388189,88.13239274653056,153200.0
BCM,2022-09-28,84.24698618458675,87.75332869170677,84.24698618458675,86.23707247241163,165800.0
BCM,2022-09-29,86.14230645870568,87.94286071911867,80.26681360893697,80.26681360893697,160200.0
BCM,2022-09-30,78.65579137593588,85.85800841758783,75.81281096475747,85.85800841758783,653500.0
BCM,2022-10-03,85.95277443129379,86.04754044499973,79.88774955411319,85.28941233535215,139100.0
BCM,2022-10-04,85.28941233535215,85.28941233535215,81.49877178711428,83.67839010235106,54900.0
BCM,2022-10-05,83.77315611605701,86.71090254094136,82.35166591046782,85.47894436276405,144300.0
BCM,2022-10-06,82.54119793787969,85.28941233535215,81.40400577340834,84.34175219829268,117900.0
BCM,2022-10-07,80.90313036310474,84.2462349235636,78.51519853420554,80.7120958167928,401400.0
BCM,2022-10-10,76.03174943215036,83.57761401147184,75.64968033952651,83.57761401147184,1098200.0
BCM,2022-10-11,83.57761401147184,83.57761401147184,78.6107158073615,78.6107158073615,84000.0
BCM,2022-10-12,78.6107158073615,81.18968218257264,78.6107158073615,81.18968218257264,136500.0
BCM,2022-10-13,81.18968218257264,81.18968218257264,79.27933671945328,81.18968218257264,49700.0
BCM,2022-10-14,81.18968218257264,81.57175127519652,79.37485399260925,81.18968218257264,107700.0
BCM,2022-10-17,80.23450945101295,80.23450945101295,79.18381944629732,80.23450945101295,59200.0
BCM,2022-10-18,80.23450945101295,83.100027645692,80.23450945101295,82.14485491413231,67300.0
BCM,2022-10-19,82.14485491413231,82.14485491413231,80.9986476362607,81.18968218257264,55400.0
BCM,2022-10-20,80.23450945101295,81.18968218257264,79.27933671945328,81.18968218257264,44700.0
BCM,2022-10-21,80.33002672416892,80.33002672416892,77.36899125633393,79.75692308523311,101300.0
BCM,2022-10-24,79.85244035838907,79.85244035838907,76.89140489055409,78.3241639878936,76700.0
BCM,2022-10-25,78.3241639878936,78.3241639878936,75.07657670059069,78.3241639878936,87400.0
BCM,2022-10-26,77.36899125633393,78.22864671473764,75.84071488583844,78.22864671473764,49800.0
BCM,2022-10-27,78.13312944158166,78.13312944158166,76.41381852477424,78.0376121684257,131800.0
BCM,2022-10-28,78.0376121684257,78.3241639878936,76.89140489055409,78.13312944158166,823500.0
BCM,2022-10-31,74.88554215427877,78.13312944158166,74.88554215427877,78.13312944158166,127200.0
BCM,2022-11-01,76.5093357979302,77.84657762211376,76.41381852477424,77.46450852948989,80000.0
BCM,2022-11-02,77.46450852948989,77.46450852948989,76.03174943215036,76.89140489055409,82400.0
BCM,2022-11-03,76.70037034424215,76.70037034424215,74.50347306165489,75.45864579321457,102400.0
BCM,2022-11-04,74.50347306165489,74.50347306165489,70.68278213541618,70.68278213541618,723200.0
BCM,2022-11-07,69.7276094038565,71.63795486697586,65.81140120446183,71.63795486697586,233800.0
BCM,2022-11-08,66.86209120917746,71.35140304750796,66.7665739360215,71.35140304750796,82600.0
BCM,2022-11-09,71.35140304750796,71.92450668644375,68.96347121860876,71.16036850119602,98200.0
BCM,2022-11-10,68.29485030651698,71.35140304750796,67.81726394073715,70.0141612233244,86700.0
BCM,2022-11-11,70.0141612233244,70.3007130427923,68.77243667229682,70.3007130427923,50600.0
BCM,2022-11-14,66.95760848233343,69.25002303807666,66.95760848233343,69.25002303807666,63000.0
BCM,2022-11-15,67.81726394073715,69.1545057649207,65.81140120446183,69.1545057649207,126000.0
BCM,2022-11-16,66.7665739360215,71.63795486697586,66.09795302392972,71.44692032066392,103000.0
BCM,2022-11-17,71.44692032066392,75.45864579321457,70.58726486226021,75.36312852005861,94200.0
BCM,2022-11-18,76.12726670530634,76.12726670530634,71.73347214013182,73.54830033009522,229500.0
BCM,2022-11-21,73.73933487640716,73.73933487640716,72.21105850591165,73.07071396431537,24100.0
BCM,2022-11-22,74.21692124218698,74.21692124218698,68.00829848704907,71.63795486697586,111800.0
BCM,2022-11-23,71.5424375938199,71.63795486697586,70.0141612233244,71.63795486697586,50100.0
BCM,2022-11-24,71.5424375938199,71.63795486697586,68.86795394545278,71.63795486697586,125800.0
BCM,2022-11-25,71.63795486697586,71.63795486697586,69.91864395016843,71.5424375938199,62200.0
BCM,2022-11-28,71.5424375938199,73.54830033009522,70.39623031594827,73.54830033009522,300800.0
BCM,2022-11-29,73.83485214956312,75.45864579321457,72.87967941800343,75.45864579321457,385200.0
BCM,2022-11-30,75.84071488583844,78.3241639878936,75.45864579321457,77.17795671002199,279500.0
BCM,2022-12-01,76.79588761739812,77.7510603489578,76.5093357979302,77.17795671002199,97300.0
BCM,2022-12-02,77.17795671002199,77.17795671002199,76.12726670530634,77.17795671002199,205800.0
BCM,2022-12-05,78.51519853420554,78.51519853420554,76.89140489055409,78.3241639878936,119000.0
BCM,2022-12-06,76.41381852477424,77.46450852948989,76.41381852477424,76.41381852477424,117900.0
BCM,2022-12-07,74.59899033481085,76.41381852477424,74.50347306165489,75.64968033952651,121100.0
BCM,2022-12-08,73.54830033009522,76.79588761739812,73.54830033009522,76.79588761739812,197700.0
BCM,2022-12-09,76.41381852477424,76.41381852477424,75.45864579321457,75.9362321589944,148200.0
BCM,2022-12-12,75.9362321589944,77.94209489526972,74.50347306165489,74.50347306165489,332300.0
BCM,2022-12-13,74.69450760796683,76.41381852477424,74.21692124218698,76.41381852477424,27800.0
BCM,2022-12-14,76.41381852477424,76.5093357979302,75.36312852005861,76.41381852477424,69300.0
BCM,2022-12-15,74.98105942743473,76.41381852477424,74.98105942743473,76.31830125161828,101700.0
BCM,2022-12-16,75.07657670059069,77.56002580264587,75.07657670059069,76.41381852477424,67500.0
BCM,2022-12-19,75.74519761268247,75.9362321589944,74.69450760796683,75.74519761268247,294500.0
BCM,2022-12-20,75.74519761268247,76.2227839784623,73.64381760325118,75.9362321589944,157400.0
BCM,2022-12-21,75.45864579321457,75.9362321589944,74.21692124218698,75.9362321589944,150100.0
BCM,2022-12-22,75.9362321589944,76.41381852477424,74.31243851534295,76.41381852477424,103000.0
BCM,2022-12-23,76.2227839784623,76.2227839784623,74.69450760796683,76.2227839784623,289500.0
BCM,2022-12-26,76.12726670530634,80.13899217785699,74.50347306165489,74.50347306165489,130700.0
BCM,2022-12-27,74.50347306165489,76.31830125161828,74.50347306165489,76.31830125161828,195400.0
BCM,2022-12-28,76.41381852477424,76.41381852477424,74.98105942743473,76.31830125161828,2102400.0
BCM,2022-12-29,76.03174943215036,76.03174943215036,74.98105942743473,75.64968033952651,88000.0
BCM,2022-12-30,75.45864579321457,76.98692216371005,74.59899033481085,76.98692216371005,3815800.0
BCM,2023-01-03,76.41381852477424,80.23450945101295,75.9362321589944,80.23450945101295,110300.0
BCM,2023-01-04,80.23450945101295,80.23450945101295,78.70623308051748,80.23450945101295,1587700.0
BCM,2023-01-05,80.13899217785699,80.13899217785699,78.99278489998538,80.04347490470101,76800.0
BCM,2023-01-06,78.8972676268294,79.75692308523311,78.3241639878936,79.18381944629732,186500.0
BCM,2023-01-09,78.80175035367344,78.80175035367344,77.7510603489578,78.6107158073615,114900.0
BCM,2023-01-10,78.3241639878936,78.3241639878936,77.36899125633393,78.3241639878936,135200.0
BCM,2023-01-11,78.3241639878936,78.3241639878936,77.17795671002199,78.3241639878936,77400.0
BCM,2023-01-12,77.56002580264587,78.13312944158166,76.89140489055409,78.13312944158166,274300.0
BCM,2023-01-13,78.22864671473764,78.22864671473764,77.08243943686603,78.22864671473764,97900.0
BCM,2023-01-16,77.84657762211376,78.22864671473764,77.17795671002199,78.22864671473764,65300.0
BCM,2023-01-17,78.22864671473764,81.18968218257264,77.84657762211376,79.75692308523311,121600.0
BCM,2023-01-18,80.04347490470101,81.18968218257264,79.85244035838907,80.7120958167928,91400.0
BCM,2023-01-19,81.09416490941668,81.09416490941668,79.85244035838907,80.52106127048086,91200.0
BCM,2023-01-27,81.38071672888458,81.38071672888458,79.27933671945328,81.38071672888458,79400.0
BCM,2023-01-30,80.23450945101295,80.9986476362607,80.13899217785699,80.9986476362607,99200.0
BCM,2023-01-31,80.80761308994876,80.9986476362607,79.94795763154505,80.9986476362607,102600.0
BCM,2023-02-01,80.9986476362607,81.47623400204054,80.04347490470101,80.23450945101295,125400.0
BCM,2023-02-02,80.23450945101295,80.23450945101295,79.27933671945328,80.23450945101295,118300.0
BCM,2023-02-03,80.9986476362607,80.9986476362607,80.23450945101295,80.23450945101295,280400.0
BCM,2023-02-06,80.7120958167928,80.7120958167928,80.13899217785699,80.23450945101295,69400.0
BCM,2023-02-07,80.23450945101295,80.90313036310474,80.23450945101295,80.23450945101295,1278300.0
BCM,2023-02-08,79.75692308523311,81.95382036782037,79.66140581207716,80.7120958167928,80500.0
BCM,2023-02-09,80.90313036310474,80.90313036310474,79.56588853892119,80.90313036310474,1057000.0
BCM,2023-02-10,80.90313036310474,80.90313036310474,79.75692308523311,80.7120958167928,86100.0
BCM,2023-02-13,81.09416490941668,81.09416490941668,77.08243943686603,80.04347490470101,76500.0
BCM,2023-02-14,78.8972676268294,80.80761308994876,78.8972676268294,80.7120958167928,80100.0
BCM,2023-02-15,79.56588853892119,81.09416490941668,79.56588853892119,81.09416490941668,50300.0
BCM,2023-02-16,81.18968218257264,81.18968218257264,79.94795763154505,81.18968218257264,81600.0
BCM,2023-02-17,81.18968218257264,81.2851994557286,80.23450945101295,81.09416490941668,75900.0
BCM,2023-02-20,81.18968218257264,82.14485491413231,80.7120958167928,82.14485491413231,82300.0
BCM,2023-02-21,82.14485491413231,82.14485491413231,80.9986476362607,81.66726854835248,91900.0
BCM,2023-02-22,80.7120958167928,81.18968218257264,79.47037126576522,80.7120958167928,92300.0
BCM,2023-02-23,81.09416490941668,81.09416490941668,78.99278489998538,80.80761308994876,123900.0
BCM,2023-02-24,79.56588853892119,80.7120958167928,78.8972676268294,80.33002672416892,97700.0
BCM,2023-02-27,77.36899125633393,79.75692308523311,77.36899125633393,79.66140581207716,90500.0
BCM,2023-02-28,80.23450945101295,80.23450945101295,78.8972676268294,79.94795763154505,39800.0
BCM,2023-03-01,78.22864671473764,80.52106127048086,78.22864671473764,80.52106127048086,44600.0
BCM,2023-03-02,80.23450945101295,80.4255439973249,79.66140581207716,80.23450945101295,32800.0
BCM,2023-03-03,80.23450945101295,80.7120958167928,77.84657762211376,79.75692308523311,94200.0
BCM,2023-03-06,80.13899217785699,80.23450945101295,79.18381944629732,79.94795763154505,60600.0
BCM,2023-03-07,80.7120958167928,80.7120958167928,79.47037126576522,80.23450945101295,46000.0
BCM,2023-03-08,79.27933671945328,80.7120958167928,78.8972676268294,80.7120958167928,120100.0
BCM,2023-03-09,80.7120958167928,80.7120958167928,79.37485399260925,80.23450945101295,120800.0
BCM,2023-03-10,79.27933671945328,80.23450945101295,78.6107158073615,80.04347490470101,148000.0
BCM,2023-03-13,79.75692308523311,80.04347490470101,78.70623308051748,79.94795763154505,115800.0
BCM,2023-03-14,78.8972676268294,79.56588853892119,78.51519853420554,79.37485399260925,131900.0
BCM,2023-03-15,79.37485399260925,79.56588853892119,79.27933671945328,79.47037126576522,84300.0
BCM,2023-03-16,79.37485399260925,79.75692308523311,77.94209489526972,78.51519853420554,105000.0
BCM,2023-03-17,78.80175035367344,78.80175035367344,77.56002580264587,78.70623308051748,46900.0
BCM,2023-03-20,79.08830217314134,79.08830217314134,76.89140489055409,77.94209489526972,93900.0
BCM,2023-03-21,77.94209489526972,78.3241639878936,76.89140489055409,78.3241639878936,93000.0
BCM,2023-03-22,78.3241639878936,78.3241639878936,76.89140489055409,77.84657762211376,158600.0
BCM,2023-03-23,77.84657762211376,78.22864671473764,76.89140489055409,78.22864671473764,80000.0
BCM,2023-03-24,78.80175035367344,78.80175035367344,77.65554307580183,78.3241639878936,92100.0
BCM,2023-03-27,78.3241639878936,78.51519853420554,77.36899125633393,78.51519853420554,97800.0
BCM,2023-03-28,78.80175035367344,78.80175035367344,77.65554307580183,78.6107158073615,88800.0
BCM,2023-03-29,78.6107158073615,78.6107158073615,76.89140489055409,78.51519853420554,138700.0
BCM,2023-03-30,78.41968126104956,78.6107158073615,77.65554307580183,78.6107158073615,78200.0
BCM,2023-03-31,77.94209489526972,79.18381944629732,77.94209489526972,79.18381944629732,129600.0
BCM,2023-04-03,79.27933671945328,79.75692308523311,78.13312944158166,79.75692308523311,124100.0
BCM,2023-04-04,79.75692308523311,79.75692308523311,78.0376121684257,78.3241639878936,150000.0
BCM,2023-04-05,79.47037126576522,79.47037126576522,77.56002580264587,77.56002580264587,68500.0
BCM,2023-04-06,77.56002580264587,77.84657762211376,76.89140489055409,76.89140489055409,78800.0
BCM,2023-04-07,77.27347398317796,77.27347398317796,76.41381852477424,76.60485307108618,55300.0
BCM,2023-04-10,76.12726670530634,76.5093357979302,75.55416306637053,76.41381852477424,101400.0
BCM,2023-04-11,76.41381852477424,76.60485307108618,75.74519761268247,76.60485307108618,35200.0
BCM,2023-04-12,76.60485307108618,76.79588761739812,75.64968033952651,76.41381852477424,96600.0
BCM,2023-04-13,76.5093357979302,76.5093357979302,75.84071488583844,76.2227839784623,18700.0
BCM,2023-04-14,76.31830125161828,76.60485307108618,75.74519761268247,75.74519761268247,16000.0
BCM,2023-04-17,76.31830125161828,76.31830125161828,75.07657670059069,75.84071488583844,54900.0
BCM,2023-04-18,75.84071488583844,75.9362321589944,75.07657670059069,75.9362321589944,47300.0
BCM,2023-04-19,75.9362321589944,75.9362321589944,75.07657670059069,75.64968033952651,39000.0
BCM,2023-04-20,75.9362321589944,75.9362321589944,75.26761124690263,75.84071488583844,25100.0
BCM,2023-04-21,75.84071488583844,75.84071488583844,75.17209397374667,75.55416306637053,27400.0
BCM,2023-04-24,75.55416306637053,75.55416306637053,74.79002488112279,75.55416306637053,40700.0
BCM,2023-04-25,75.07657670059069,75.17209397374667,74.02588669587504,75.17209397374667,68600.0
BCM,2023-04-26,75.17209397374667,75.17209397374667,74.31243851534295,75.17209397374667,24100.0
BCM,2023-04-27,74.50347306165489,74.98105942743473,74.21692124218698,74.98105942743473,25100.0
BCM,2023-04-28,74.88554215427877,75.17209397374667,74.40795578849892,75.17209397374667,27400.0
BCM,2023-05-04,74.50347306165489,74.59899033481085,74.02588669587504,74.59899033481085,63200.0
BCM,2023-05-05,73.93036942271908,74.40795578849892,73.35726578378328,74.40795578849892,75500.0
BCM,2023-05-08,74.40795578849892,74.59899033481085,73.45278305693925,74.59899033481085,79500.0
BCM,2023-05-09,74.59899033481085,74.59899033481085,73.45278305693925,74.21692124218698,96600.0
BCM,2023-05-10,74.21692124218698,74.21692124218698,73.54830033009522,74.12140396903101,81600.0
BCM,2023-05-11,74.12140396903101,74.12140396903101,73.54830033009522,74.02588669587504,30600.0
BCM,2023-05-12,74.02588669587504,74.02588669587504,73.45278305693925,74.02588669587504,141200.0
BCM,2023-05-15,73.64381760325118,74.02588669587504,73.64381760325118,73.93036942271908,35300.0
BCM,2023-05-16,74.02588669587504,74.02588669587504,73.64381760325118,73.93036942271908,74900.0
BCM,2023-05-17,73.93036942271908,74.12140396903101,73.54830033009522,74.02588669587504,105500.0
BCM,2023-05-18,74.21692124218698,74.98105942743473,73.73933487640716,74.98105942743473,34200.0
BCM,2023-05-19,74.98105942743473,74.98105942743473,73.64381760325118,74.40795578849892,92100.0
BCM,2023-05-22,73.83485214956312,74.31243851534295,73.35726578378328,74.31243851534295,65500.0
BCM,2023-05-23,73.54830033009522,73.93036942271908,73.26174851062731,73.26174851062731,50500.0
BCM,2023-05-24,73.26174851062731,73.54830033009522,72.78416214484747,73.54830033009522,23800.0
BCM,2023-05-25,73.64381760325118,74.02588669587504,72.87967941800343,73.93036942271908,29800.0
BCM,2023-05-26,73.93036942271908,73.93036942271908,73.35726578378328,73.93036942271908,18600.0
BCM,2023-05-29,74.02588669587504,74.31243851534295,73.45278305693925,74.31243851534295,57600.0
BCM,2023-05-30,74.31243851534295,74.69450760796683,74.12140396903101,74.50347306165489,35500.0
BCM,2023-05-31,74.31243851534295,74.50347306165489,73.73933487640716,74.50347306165489,36700.0
BCM,2023-06-01,74.50347306165489,74.50347306165489,73.83485214956312,74.21692124218698,32300.0
BCM,2023-06-02,74.21692124218698,74.50347306165489,73.83485214956312,74.50347306165489,67100.0
BCM,2023-06-05,74.50347306165489,74.50347306165489,73.83485214956312,74.31243851534295,50700.0
BCM,2023-06-06,74.79002488112279,74.79002488112279,74.02588669587504,74.40795578849892,48700.0
BCM,2023-06-07,74.40795578849892,76.2227839784623,73.83485214956312,76.03174943215036,318200.0
BCM,2023-06-08,76.03174943215036,76.03174943215036,75.64968033952651,75.74519761268247,312000.0
BCM,2023-06-09,75.07657670059069,76.60485307108618,75.07657670059069,76.41381852477424,468500.0
BCM,2023-06-12,77.36899125633393,78.3241639878936,76.41381852477424,78.3241639878936,375200.0
BCM,2023-06-13,79.27933671945328,79.27933671945328,76.5093357979302,77.7510603489578,863500.0
BCM,2023-06-14,76.98692216371005,78.3241639878936,76.79588761739812,77.17795671002199,345400.0
BCM,2023-06-15,77.17795671002199,77.17795671002199,76.41381852477424,76.41381852477424,734100.0
BCM,2023-06-16,76.41381852477424,77.65554307580183,76.41381852477424,77.56002580264587,342000.0
BCM,2023-06-19,76.41381852477424,77.56002580264587,76.41381852477424,77.36899125633393,305800.0
BCM,2023-06-20,77.84657762211376,79.08830217314134,76.98692216371005,78.3241639878936,398100.0
BCM,2023-06-21,79.27933671945328,79.27933671945328,78.3241639878936,78.41968126104956,265100.0
BCM,2023-06-22,79.27933671945328,79.27933671945328,77.17795671002199,77.65554307580183,452800.0
BCM,2023-06-23,78.22864671473764,78.22864671473764,76.79588761739812,76.98692216371005,342800.0
BCM,2023-06-26,76.98692216371005,77.65554307580183,76.5093357979302,77.65554307580183,368500.0
BCM,2023-06-27,77.56002580264587,78.13312944158166,76.89140489055409,77.36899125633393,271300.0
BCM,2023-06-28,77.84657762211376,77.84657762211376,76.12726670530634,76.41381852477424,349800.0
BCM,2023-06-29,76.31830125161828,76.70037034424215,75.64968033952651,75.64968033952651,326000.0
BCM,2023-06-30,75.64968033952651,76.89140489055409,75.64968033952651,75.64968033952651,480500.0
BCM,2023-07-03,76.70037034424215,77.65554307580183,75.45864579321457,77.27347398317796,321000.0
BCM,2023-07-04,77.27347398317796,77.27347398317796,75.9362321589944,77.17795671002199,258800.0
BCM,2023-07-05,77.17795671002199,77.17795671002199,76.12726670530634,76.5093357979302,281800.0
BCM,2023-07-06,76.2227839784623,76.5093357979302,75.45864579321457,76.2227839784623,303100.0
BCM,2023-07-07,75.9362321589944,76.5093357979302,75.64968033952651,76.5093357979302,301200.0
BCM,2023-07-10,76.89140489055409,76.89140489055409,76.2227839784623,76.89140489055409,278000.0
BCM,2023-07-11,76.70037034424215,77.84657762211376,76.5093357979302,77.36899125633393,408400.0
BCM,2023-07-12,77.84657762211376,77.84657762211376,76.41381852477424,77.08243943686603,343400.0
BCM,2023-07-13,77.46450852948989,77.56002580264587,76.79588761739812,77.36899125633393,414400.0
BCM,2023-07-14,77.84657762211376,77.94209489526972,76.60485307108618,77.27347398317796,349600.0
BCM,2023-07-17,77.36899125633393,77.36899125633393,76.31830125161828,76.41381852477424,330800.0
BCM,2023-07-18,76.41381852477424,76.70037034424215,75.9362321589944,76.2227839784623,352700.0
BCM,2023-07-19,76.31830125161828,77.08243943686603,76.2227839784623,76.5093357979302,321300.0
BCM,2023-07-20,76.89140489055409,76.89140489055409,75.9362321589944,76.70037034424215,268200.0
BCM,2023-07-21,75.9362321589944,76.5093357979302,75.55416306637053,76.03174943215036,541700.0
BCM,2023-07-24,76.2227839784623,76.2227839784623,75.36312852005861,75.64968033952651,171300.0
BCM,2023-07-25,75.45864579321457,75.45864579321457,74.50347306165489,74.50347306165489,144100.0
BCM,2023-07-26,74.69450760796683,74.98105942743473,74.59899033481085,74.88554215427877,58100.0
BCM,2023-07-27,75.36312852005861,75.36312852005861,74.40795578849892,74.98105942743473,70300.0
BCM,2023-07-28,74.79002488112279,74.79002488112279,74.31243851534295,74.50347306165489,114000.0
BCM,2023-07-31,74.02588669587504,77.36899125633393,74.02588669587504,77.36899125633393,159800.0
BCM,2023-08-01,76.31830125161828,76.41381852477424,75.07657670059069,75.45864579321457,216500.0
BCM,2023-08-02,75.17209397374667,75.36312852005861,74.21692124218698,74.40795578849892,139600.0
BCM,2023-08-03,74.40795578849892,74.88554215427877,73.73933487640716,73.93036942271908,143300.0
BCM,2023-08-04,74.79002488112279,74.79002488112279,73.64381760325118,73.73933487640716,177200.0
BCM,2023-08-07,73.73933487640716,74.02588669587504,73.07071396431537,73.26174851062731,255200.0
BCM,2023-08-08,73.26174851062731,73.93036942271908,73.16623123747134,73.26174851062731,155700.0
BCM,2023-08-09,73.26174851062731,73.54830033009522,72.59312759853553,72.6886448716915,154400.0
BCM,2023-08-10,72.6886448716915,72.6886448716915,70.68278213541618,70.68278213541618,343900.0
BCM,2023-08-11,70.77829940857214,71.16036850119602,68.67691939914086,70.77829940857214,284500.0
BCM,2023-08-14,71.06485122804006,71.06485122804006,69.7276094038565,70.20519576963633,182800.0
BCM,2023-08-15,70.20519576963633,70.58726486226021,68.86795394545278,69.91864395016843,1252500.0
BCM,2023-08-16,69.91864395016843,69.91864395016843,68.58140212598488,69.63209213070054,316800.0
BCM,2023-08-17,69.25002303807666,69.53657485754457,68.10381576020504,68.77243667229682,233000.0
BCM,2023-08-18,68.19933303336101,68.19933303336101,64.95174574605811,64.95174574605811,387000.0
BCM,2023-08-21,66.67105666286552,66.67105666286552,64.47415938027827,66.28898757024166,161200.0
BCM,2023-08-22,66.28898757024166,66.28898757024166,62.85036573662681,65.42933211183795,238100.0
BCM,2023-08-23,65.04726301921407,65.42933211183795,63.327952102406655,64.6651939265902,201100.0
BCM,2023-08-24,63.99657301449843,64.6651939265902,63.04140028293875,63.99657301449843,265300.0
BCM,2023-08-25,63.99657301449843,63.99657301449843,63.136917556094716,63.51898664871859,1238200.0
BCM,2023-08-28,63.61450392187455,66.48002211655358,63.61450392187455,66.28898757024166,380600.0
BCM,2023-08-29,68.48588485282892,68.48588485282892,66.57553938970956,68.10381576020504,1425600.0
BCM,2023-08-30,68.10381576020504,68.58140212598488,65.9069184776178,68.58140212598488,436800.0
BCM,2023-08-31,69.53657485754457,69.53657485754457,67.53071212126925,68.96347121860876,1338200.0
BCM,2023-09-05,68.96347121860876,68.96347121860876,67.81726394073715,68.10381576020504,256600.0
BCM,2023-09-06,68.10381576020504,68.10381576020504,66.86209120917746,68.00829848704907,320800.0
BCM,2023-09-07,68.10381576020504,68.10381576020504,67.0531257554894,67.81726394073715,284100.0
BCM,2023-09-08,67.72174666758119,69.63209213070054,66.95760848233343,69.34554031123263,419400.0
BCM,2023-09-11,69.7276094038565,70.20519576963633,67.81726394073715,67.81726394073715,383100.0
BCM,2023-09-12,67.53071212126925,68.58140212598488,67.0531257554894,68.58140212598488,274300.0
BCM,2023-09-13,67.91278121389311,68.10381576020504,66.95760848233343,67.81726394073715,515500.0
BCM,2023-09-14,66.86209120917746,67.72174666758119,66.00243575077376,67.14864302864537,311900.0
BCM,2023-09-15,66.86209120917746,66.86209120917746,65.42933211183795,65.9069184776178,820600.0
BCM,2023-09-18,65.04726301921407,66.19347029708568,63.90105574134247,64.95174574605811,294800.0
BCM,2023-09-19,64.85622847290215,64.95174574605811,63.04140028293875,64.95174574605811,296000.0
BCM,2023-09-20,63.99657301449843,66.86209120917746,63.71002119503053,66.86209120917746,761000.0
BCM,2023-09-21,67.81726394073715,67.81726394073715,65.9069184776178,67.43519484811327,366800.0
BCM,2023-09-22,66.00243575077376,66.38450484339762,64.3786421071223,66.38450484339762,333000.0
BCM,2023-09-25,65.9069184776178,66.00243575077376,64.18760756081036,64.95174574605811,249700.0
BCM,2023-09-26,64.47415938027827,64.85622847290215,62.94588300978279,62.94588300978279,237800.0
BCM,2023-09-27,62.18174482453504,63.23243482925069,61.1310548198194,63.23243482925069,234000.0
BCM,2023-09-28,64.95174574605811,64.95174574605811,62.18174482453504,64.18760756081036,133900.0
BCM,2023-09-29,64.85622847290215,66.38450484339762,63.99657301449843,66.38450484339762,186500.0
BCM,2023-10-02,66.57553938970956,66.57553938970956,65.04726301921407,66.28898757024166,101300.0
BCM,2023-10-03,65.04726301921407,65.42933211183795,64.09209028765439,65.42933211183795,138200.0
BCM,2023-10-04,63.51898664871859,65.9069184776178,63.51898664871859,65.9069184776178,1126600.0
BCM,2023-10-05,65.04726301921407,65.9069184776178,64.3786421071223,65.81140120446183,86600.0
BCM,2023-10-06,65.42933211183795,66.38450484339762,64.56967665343423,66.38450484339762,161400.0
BCM,2023-10-09,66.28898757024166,66.28898757024166,65.33381483868199,65.81140120446183,96400.0
BCM,2023-10-10,65.81140120446183,65.81140120446183,65.23829756552601,65.81140120446183,141100.0
BCM,2023-10-11,65.71588393130585,65.71588393130585,64.56967665343423,65.23829756552601,169000.0
BCM,2023-10-12,65.14278029237005,65.14278029237005,64.09209028765439,64.56967665343423,296700.0
BCM,2023-10-13,63.99657301449843,64.09209028765439,63.23243482925069,63.71002119503053,249700.0
BCM,2023-10-16,63.61450392187455,64.76071119974617,62.75484846347085,62.75484846347085,295200.0
BCM,2023-10-17,63.04140028293875,63.136917556094716,61.32208936613134,61.32208936613134,316400.0
BCM,2023-10-18,61.03553754666343,61.60864118559923,58.93415753723214,59.98484754194778,299800.0
BCM,2023-10-19,60.844503000351494,60.844503000351494,59.22070935670004,60.17588208825972,154300.0
BCM,2023-10-20,60.17588208825972,61.704158458755195,59.22070935670004,61.704158458755195,191400.0
BCM,2023-10-23,60.46243390772762,60.748985727195524,59.22070935670004,60.748985727195524,152100.0
BCM,2023-10-24,60.17588208825972,60.55795118088359,59.22070935670004,60.55795118088359,200500.0
BCM,2023-10-25,59.60277844932391,60.46243390772762,59.507261176167944,59.79381299563585,155500.0
BCM,2023-10-26,59.22070935670004,59.22070935670004,56.25967388886504,56.92829480095681,216500.0
BCM,2023-10-27,56.6417429814889,56.6417429814889,53.96725933312181,56.35519116202101,213200.0
BCM,2023-10-30,54.54036297205762,56.83277752780084,54.54036297205762,56.83277752780084,76500.0
BCM,2023-10-31,56.35519116202101,56.35519116202101,54.06277660627778,55.973122069397135,206000.0
BCM,2023-11-01,54.44484569890165,55.40001843046133,53.96725933312181,55.40001843046133,166400.0
BCM,2023-11-02,55.11346661099343,56.16415661570907,54.15829387943375,56.16415661570907,265200.0
BCM,2023-11-03,56.6417429814889,56.6417429814889,54.82691479152552,55.877604796241165,216200.0
BCM,2023-11-06,55.40001843046133,56.73726025464487,55.11346661099343,56.73726025464487,263600.0
BCM,2023-11-07,56.73726025464487,56.73726025464487,55.40001843046133,55.59105297677327,240600.0
BCM,2023-11-08,55.01794933783746,56.92829480095681,54.635880245213585,56.92829480095681,284900.0
BCM,2023-11-09,56.83277752780084,58.4565711714523,56.35519116202101,58.26553662514036,1175500.0
BCM,2023-11-10,57.310363893580686,57.78795025936052,56.83277752780084,57.69243298620455,335700.0
BCM,2023-11-13,57.501398439892625,57.501398439892625,56.54622570833295,57.119329347268746,294300.0
BCM,2023-11-14,57.119329347268746,57.501398439892625,56.6417429814889,57.310363893580686,263500.0
BCM,2023-11-15,57.59691571304859,60.08036481510375,57.59691571304859,59.22070935670004,526200.0
BCM,2023-11-16,59.69829572247988,59.69829572247988,58.552088444608266,59.60277844932391,298800.0
BCM,2023-11-17,60.08036481510375,60.08036481510375,57.88346753251649,58.64760571776423,429400.0
BCM,2023-11-20,57.88346753251649,58.64760571776423,57.501398439892625,58.64760571776423,383600.0
BCM,2023-11-21,59.12519208354407,59.12519208354407,57.501398439892625,57.501398439892625,328900.0
BCM,2023-11-22,57.97898480567246,57.97898480567246,56.83277752780084,57.214846620424716,274200.0
BCM,2023-11-23,57.405881166736656,57.59691571304859,56.25967388886504,56.25967388886504,1443400.0
BCM,2023-11-24,55.973122069397135,56.16415661570907,54.44484569890165,56.16415661570907,397500.0
BCM,2023-11-27,55.30450115730536,56.6417429814889,55.01794933783746,56.6417429814889,216300.0
BCM,2023-11-28,56.44809599831708,56.641742982873915,55.28621409097608,56.641742982873915,262600.0
BCM,2023-11-29,56.93221345970916,56.93221345970916,55.673508060089745,56.35127250603867,229500.0
BCM,2023-11-30,55.86715504464658,56.35127250603867,55.57668456781133,56.35127250603867,330100.0
BCM,2023-12-01,55.57668456781133,56.35127250603867,55.3830375832545,56.35127250603867,302900.0
BCM,2023-12-04,56.15762552148183,57.90044838249333,55.77033155236816,57.31950742882284,1667400.0
BCM,2023-12-05,59.062330289834335,61.28927061223793,58.094095367050166,61.28927061223793,1173900.0
BCM,2023-12-06,65.54950427248828,65.54950427248828,62.547976011857344,63.903504903755184,1216200.0
BCM,2023-12-07,65.54950427248828,65.54950427248828,61.28927061223793,62.74162299641418,1755900.0
BCM,2023-12-08,62.45115251957893,64.87173982653935,62.35432902730052,62.935269980971015,514300.0
BCM,2023-12-11,63.032093473249425,63.806681411476774,61.87021156590843,63.032093473249425,453600.0
BCM,2023-12-12,62.935269980971015,63.22574045780627,62.063858550465255,62.35432902730052,336500.0
BCM,2023-12-13,62.16068204274368,62.45115251957893,61.48291759679476,61.87021156590843,1005200.0
BCM,2023-12-14,61.77338807363001,61.967035058186845,60.998800135402675,61.6765645813516,348300.0
BCM,2023-12-15,60.998800135402675,61.28927061223793,60.030565212618505,60.030565212618505,871900.0
BCM,2023-12-18,59.546447751226424,59.546447751226424,57.80362489021492,58.77185981299909,1454400.0
BCM,2023-12-19,58.094095367050166,59.062330289834335,56.83538996743075,59.062330289834335,1038000.0
BCM,2023-12-20,59.062330289834335,59.83691822806167,58.38456584388542,59.35280076666959,814100.0
BCM,2023-12-21,58.578212828442254,59.83691822806167,58.38456584388542,59.83691822806167,781800.0
BCM,2023-12-22,59.15915378211276,59.83691822806167,58.8686833052775,59.83691822806167,398000.0
BCM,2023-12-25,59.25597727439118,60.030565212618505,59.062330289834335,59.93374172034009,515700.0
BCM,2023-12-26,59.93374172034009,61.386094104516346,59.449624258948006,60.32103568945376,517700.0
BCM,2023-12-27,60.22421219717535,60.998800135402675,60.030565212618505,60.61150616628901,464200.0
BCM,2023-12-28,60.61150616628901,60.70832965856743,59.83691822806167,60.70832965856743,529400.0
BCM,2023-12-29,60.70832965856743,60.90197664312426,60.12738870489692,60.90197664312426,608700.0
BCM,2024-01-02,60.514682674010594,61.09562362768109,59.93374172034009,59.93374172034009,749200.0
BCM,2024-01-03,59.74009473578326,59.74009473578326,58.67503632072067,59.546447751226424,623300.0
BCM,2024-01-04,59.15915378211276,59.64327124350484,58.8686833052775,58.8686833052775,547100.0
BCM,2024-01-05,58.96550679755592,59.062330289834335,58.094095367050166,58.578212828442254,515600.0
BCM,2024-01-08,58.578212828442254,58.8686833052775,58.094095367050166,58.38456584388542,550200.0
BCM,2024-01-09,58.19091885932859,58.28774235160701,57.51315441337967,57.7068013979365,608600.0
BCM,2024-01-10,57.41633092110125,57.7068013979365,57.02903695198758,57.31950742882284,481600.0
BCM,2024-01-11,56.93221345970916,59.64327124350484,56.93221345970916,58.481389336163836,711300.0
BCM,2024-01-12,58.481389336163836,58.481389336163836,57.22268393654442,57.99727187477175,2246400.0
BCM,2024-01-15,57.90044838249333,58.578212828442254,57.31950742882284,57.609977905658084,199700.0
BCM,2024-01-16,57.7068013979365,57.7068013979365,57.02903695198758,57.51315441337967,411300.0
BCM,2024-01-17,57.51315441337967,58.094095367050166,57.31950742882284,57.99727187477175,378500.0
BCM,2024-01-18,57.90044838249333,58.38456584388542,57.51315441337967,58.38456584388542,464100.0
BCM,2024-01-19,58.38456584388542,59.25597727439118,58.38456584388542,59.25597727439118,666500.0
BCM,2024-01-22,59.35280076666959,59.74009473578326,58.578212828442254,59.25597727439118,489100.0
BCM,2024-01-23,59.83691822806167,60.80515315084584,59.35280076666959,60.030565212618505,818700.0
BCM,2024-01-24,60.998800135402675,60.998800135402675,59.546447751226424,60.030565212618505,509600.0
BCM,2024-01-25,59.64327124350484,59.74009473578326,58.8686833052775,59.64327124350484,567400.0
BCM,2024-01-26,59.93374172034009,60.030565212618505,59.25597727439118,59.83691822806167,586200.0
BCM,2024-01-29,60.417859181732176,60.80515315084584,59.74009473578326,60.12738870489692,588400.0
BCM,2024-01-30,60.12738870489692,63.4193874423631,59.74009473578326,63.22574045780627,1708300.0
BCM,2024-01-31,63.4193874423631,63.4193874423631,61.77338807363001,63.22574045780627,980700.0
BCM,2024-02-01,62.35432902730052,64.38762236514727,62.2575055350221,63.903504903755184,738100.0
BCM,2024-02-02,63.032093473249425,63.903504903755184,62.45115251957893,62.45115251957893,680400.0
BCM,2024-02-05,62.547976011857344,62.74162299641418,61.48291759679476,61.48291759679476,633500.0
BCM,2024-02-06,61.48291759679476,62.935269980971015,61.19244711995952,61.77338807363001,469000.0
BCM,2024-02-07,61.77338807363001,62.64479950413577,61.48291759679476,61.967035058186845,276500.0
BCM,2024-02-15,62.45115251957893,62.45115251957893,61.19244711995952,61.6765645813516,369000.0
BCM,2024-02-16,61.6765645813516,62.64479950413577,61.48291759679476,61.57974108907318,593100.0
BCM,2024-02-19,61.6765645813516,62.935269980971015,60.998800135402675,62.2575055350221,999900.0
BCM,2024-02-20,62.35432902730052,62.74162299641418,61.6765645813516,61.77338807363001,519600.0
BCM,2024-02-21,61.77338807363001,63.903504903755184,61.48291759679476,63.70985791919835,1599400.0
BCM,2024-02-22,63.806681411476774,65.16221030337461,63.032093473249425,63.032093473249425,1318800.0
BCM,2024-02-23,63.12891696552785,63.516210934641514,61.28927061223793,61.28927061223793,1431800.0
BCM,2024-02-26,61.28927061223793,61.77338807363001,60.70832965856743,61.28927061223793,775900.0
BCM,2024-02-27,61.48291759679476,61.77338807363001,60.90197664312426,61.28927061223793,1032000.0
BCM,2024-02-28,61.967035058186845,62.2575055350221,60.90197664312426,61.386094104516346,787200.0
BCM,2024-02-29,61.48291759679476,62.547976011857344,61.19244711995952,61.28927061223793,871800.0
BCM,2024-03-01,61.386094104516346,61.967035058186845,61.09562362768109,61.57974108907318,851900.0
BCM,2024-03-04,62.35432902730052,64.29079887286886,61.77338807363001,63.32256395008469,1829500.0
BCM,2024-03-05,63.516210934641514,64.29079887286886,62.547976011857344,63.4193874423631,1338200.0
BCM,2024-03-06,63.70985791919835,65.54950427248828,62.935269980971015,64.09715188831203,1573500.0
BCM,2024-03-07,64.38762236514727,66.8082096721077,64.09715188831203,66.8082096721077,1915800.0
BCM,2024-03-08,67.77644459489187,68.74467951767603,67.09868014894295,67.09868014894295,2468700.0
BCM,2024-03-11,67.19550364122136,67.67962110261345,64.5812693497041,64.96856331881777,1555300.0
BCM,2024-03-12,64.67809284198252,66.71138617982928,64.09715188831203,65.74315125704511,1302100.0
BCM,2024-03-13,65.93679824160193,67.48597411805662,65.83997474932353,67.00185665666453,1392500.0
BCM,2024-03-14,67.19550364122136,68.45420904084078,65.64632776476668,65.74315125704511,1920800.0
BCM,2024-03-15,65.74315125704511,66.71138617982928,65.16221030337461,65.35585728793144,1295800.0
BCM,2024-03-18,65.45268078020985,65.93679824160193,60.998800135402675,62.547976011857344,2083300.0
BCM,2024-03-19,62.547976011857344,63.22574045780627,62.2575055350221,62.35432902730052,598600.0
BCM,2024-03-20,62.35432902730052,63.22574045780627,61.77338807363001,62.935269980971015,798600.0
BCM,2024-03-21,63.4193874423631,64.0003283960336,63.12891696552785,63.61303442691994,801600.0
BCM,2024-03-22,63.903504903755184,64.0003283960336,63.032093473249425,63.61303442691994,1195100.0
BCM,2024-03-25,63.516210934641514,64.09715188831203,62.74162299641418,63.032093473249425,727200.0
BCM,2024-03-26,62.935269980971015,63.32256395008469,62.74162299641418,63.032093473249425,650900.0
BCM,2024-03-27,63.61303442691994,63.61303442691994,62.838446488692604,63.12891696552785,456100.0
BCM,2024-03-28,63.61303442691994,63.903504903755184,63.032093473249425,63.22574045780627,580100.0
BCM,2024-03-29,63.32256395008469,63.4193874423631,62.838446488692604,62.838446488692604,610900.0
BCM,2024-04-01,62.935269980971015,63.32256395008469,62.063858550465255,62.2575055350221,719500.0
BCM,2024-04-02,62.35432902730052,63.32256395008469,61.6765645813516,63.32256395008469,624000.0
BCM,2024-04-03,63.22574045780627,63.22574045780627,62.2575055350221,62.35432902730052,482600.0
BCM,2024-04-04,62.35432902730052,62.35432902730052,61.48291759679476,61.48291759679476,635400.0
BCM,2024-04-05,60.998800135402675,61.28927061223793,60.61150616628901,60.61150616628901,703700.0
BCM,2024-04-08,60.61150616628901,60.70832965856743,60.030565212618505,60.030565212618505,407800.0
BCM,2024-04-09,59.93374172034009,59.93374172034009,59.062330289834335,59.83691822806167,475200.0
BCM,2024-04-10,59.83691822806167,60.32103568945376,59.25597727439118,59.35280076666959,580500.0
BCM,2024-04-11,59.062330289834335,59.062330289834335,58.38456584388542,58.38456584388542,684300.0
BCM,2024-04-12,58.77185981299909,59.062330289834335,57.80362489021492,59.062330289834335,950000.0
BCM,2024-04-15,59.25597727439118,59.25597727439118,54.99574361414082,54.99574361414082,1287700.0
BCM,2024-04-16,54.99574361414082,55.18939059869766,53.05927376857248,53.83386170679982,791000.0
BCM,2024-04-17,54.41480266047033,54.41480266047033,52.5751563071804,52.5751563071804,522600.0
BCM,2024-04-19,50.63868646161206,51.60692138439623,49.0895105851574,49.960922015663144,1151400.0
BCM,2024-04-22,50.15456900021998,51.21962741528257,50.05774550794156,51.02598043072573,307500.0
BCM,2024-04-23,51.02598043072573,51.316450907560984,48.79904010832214,48.895863600600556,625000.0
BCM,2024-04-24,49.379981061992645,50.92915693844731,49.28315756971423,50.63868646161206,771300.0
BCM,2024-04-25,51.12280392300415,51.60692138439623,50.54186296933365,50.832333446168896,328300.0
BCM,2024-04-26,50.348215984776814,51.12280392300415,50.348215984776814,50.73550995389048,349000.0
BCM,2024-05-02,50.832333446168896,52.284685830345154,50.832333446168896,52.284685830345154,489100.0
BCM,2024-05-03,52.284685830345154,52.768803291737235,51.800568368953066,52.09103884578832,429800.0
BCM,2024-05-06,52.284685830345154,53.44656773768616,52.187862338066736,53.34974424540774,508000.0
BCM,2024-05-07,53.54339122996457,53.83386170679982,52.86562678401565,53.05927376857248,420400.0
BCM,2024-05-08,53.05927376857248,53.05927376857248,51.89739186123148,52.768803291737235,510400.0
BCM,2024-05-09,52.67197979945882,56.15762552148183,52.67197979945882,56.15762552148183,1730800.0
BCM,2024-05-10,56.641742982873915,56.73856647515233,54.705273137305575,55.18939059869766,490100.0
BCM,2024-05-13,55.86715504464658,56.15762552148183,54.02750869135665,54.41480266047033,409100.0
BCM,2024-05-14,55.18939059869766,56.83538996743075,54.51162615274874,56.5449194905955,1237200.0
BCM,2024-05-15,57.125860444265996,57.125860444265996,56.35127250603867,56.73856647515233,409500.0
BCM,2024-05-16,57.02903695198758,57.02903695198758,56.25444901376025,56.25444901376025,448400.0
BCM,2024-05-17,56.25444901376025,57.609977905658084,56.25444901376025,56.93221345970916,460400.0
BCM,2024-05-20,58.77185981299909,60.90197664312426,58.67503632072067,60.90197664312426,2045300.0
BCM,2024-05-21,61.87021156590843,63.032093473249425,61.09562362768109,62.2575055350221,2202000.0
BCM,2024-05-22,62.838446488692604,62.838446488692604,60.61150616628901,61.09562362768109,1534700.0
BCM,2024-05-23,61.09562362768109,62.35432902730052,60.514682674010594,62.16068204274368,1422500.0
BCM,2024-05-24,61.967035058186845,62.35432902730052,58.8686833052775,59.546447751226424,1660200.0
BCM,2024-05-27,59.449624258948006,60.998800135402675,58.578212828442254,60.12738870489692,728700.0
BCM,2024-05-28,60.90197664312426,60.90197664312426,60.030565212618505,60.70832965856743,538900.0
BCM,2024-05-29,60.514682674010594,60.80515315084584,59.546447751226424,59.93374172034009,719600.0
BCM,2024-05-30,59.546447751226424,60.22421219717535,58.19091885932859,59.062330289834335,1124100.0
BCM,2024-05-31,59.062330289834335,59.83691822806167,58.67503632072067,58.8686833052775,296900.0
BCM,2024-06-03,59.64327124350484,61.48291759679476,59.449624258948006,60.998800135402675,1024900.0
BCM,2024-06-04,61.09562362768109,61.19244711995952,60.22421219717535,60.32103568945376,475600.0
BCM,2024-06-05,60.998800135402675,63.22574045780627,60.22421219717535,61.57974108907318,2520900.0
BCM,2024-06-06,61.57974108907318,62.935269980971015,61.57974108907318,62.547976011857344,1095800.0
BCM,2024-06-07,62.935269980971015,62.935269980971015,61.386094104516346,62.547976011857344,675000.0
BCM,2024-06-10,62.64479950413577,62.64479950413577,61.28927061223793,61.28927061223793,723800.0
BCM,2024-06-11,61.57974108907318,61.77338807363001,60.514682674010594,60.90197664312426,660700.0
BCM,2024-06-12,60.61150616628901,62.16068204274368,60.32103568945376,62.16068204274368,660400.0
BCM,2024-06-13,62.35432902730052,62.547976011857344,61.57974108907318,62.35432902730052,670000.0
BCM,2024-06-14,62.45115251957893,62.547976011857344,60.80515315084584,60.80515315084584,799500.0
BCM,2024-06-17,61.19244711995952,61.19244711995952,59.74009473578326,59.93374172034009,502300.0
BCM,2024-06-18,59.93374172034009,60.61150616628901,59.83691822806167,60.61150616628901,355700.0
BCM,2024-06-19,60.61150616628901,60.70832965856743,59.83691822806167,60.70832965856743,509900.0
BCM,2024-06-20,60.90197664312426,63.12891696552785,60.61150616628901,61.967035058186845,1459500.0
BCM,2024-06-21,62.547976011857344,62.74162299641418,61.386094104516346,61.967035058186845,689000.0
BCM,2024-06-24,61.967035058186845,61.967035058186845,59.449624258948006,59.93374172034009,943800.0
BCM,2024-06-25,59.93374172034009,60.998800135402675,59.15915378211276,60.998800135402675,409300.0
BCM,2024-06-26,60.90197664312426,63.903504903755184,59.93374172034009,63.903504903755184,2336700.0
BCM,2024-06-27,63.903504903755184,65.54950427248828,63.12891696552785,63.12891696552785,1488600.0
BCM,2024-06-28,63.70985791919835,63.70985791919835,60.80515315084584,61.77338807363001,1137000.0
BCM,2024-07-01,61.967035058186845,62.16068204274368,61.09562362768109,61.09562362768109,452100.0
BCM,2024-07-02,61.19244711995952,61.87021156590843,60.90197664312426,61.77338807363001,659100.0
BCM,2024-07-03,62.16068204274368,62.16068204274368,61.19244711995952,61.87021156590843,545500.0
BCM,2024-07-04,61.967035058186845,61.967035058186845,61.19244711995952,61.77338807363001,446500.0
BCM,2024-07-05,61.48291759679476,61.967035058186845,61.19244711995952,61.967035058186845,451100.0
BCM,2024-07-08,61.967035058186845,63.32256395008469,61.967035058186845,62.547976011857344,1253500.0
BCM,2024-07-09,62.935269980971015,64.96856331881777,62.935269980971015,64.5812693497041,1698400.0
BCM,2024-07-10,64.67809284198252,64.67809284198252,63.22574045780627,63.22574045780627,755900.0
BCM,2024-07-11,63.903504903755184,64.0003283960336,62.64479950413577,62.64479950413577,623700.0
BCM,2024-07-12,62.935269980971015,63.4193874423631,62.547976011857344,62.935269980971015,576000.0
BCM,2024-07-15,63.4193874423631,65.35585728793144,63.12891696552785,65.06538681109619,1552100.0
BCM,2024-07-16,65.54950427248828,66.71138617982928,64.5812693497041,66.3240922107156,1636300.0
BCM,2024-07-17,66.51773919527244,66.51773919527244,62.063858550465255,65.25903379565302,1666600.0
BCM,2024-07-18,64.87173982653935,65.83997474932353,63.22574045780627,65.83997474932353,1255300.0
BCM,2024-07-19,65.35585728793144,65.74315125704511,64.67809284198252,65.64632776476668,926200.0
BCM,2024-07-22,65.64632776476668,65.64632776476668,64.0003283960336,65.54950427248828,1161000.0
BCM,2024-07-23,65.16221030337461,65.74315125704511,64.5812693497041,64.5812693497041,1200100.0
BCM,2024-07-24,63.806681411476774,64.77491633426095,62.74162299641418,64.77491633426095,803600.0
BCM,2024-07-25,64.0003283960336,67.67962110261345,63.61303442691994,66.90503316438611,961800.0
BCM,2024-07-26,66.90503316438611,70.68114936324437,66.90503316438611,70.19703190185228,1909300.0
BCM,2024-07-29,70.39067888640912,71.26209031691486,69.32562047134653,70.97161984007963,796500.0
BCM,2024-07-30,71.06844333235804,71.06844333235804,69.51926745590336,70.97161984007963,829900.0
BCM,2024-07-31,70.68114936324437,70.68114936324437,69.90656142501705,70.68114936324437,836100.0
BCM,2024-08-01,70.19703190185228,70.39067888640912,65.74315125704511,65.74315125704511,2297100.0
BCM,2024-08-02,63.32256395008469,67.19550364122136,63.32256395008469,66.61456268755086,1409500.0
BCM,2024-08-05,64.87173982653935,65.83997474932353,62.935269980971015,65.35585728793144,1281800.0
BCM,2024-08-06,65.35585728793144,69.7129144404602,64.29079887286886,68.74467951767603,1152400.0
BCM,2024-08-07,68.74467951767603,69.7129144404602,67.09868014894295,69.7129144404602,897400.0
BCM,2024-08-08,68.64785602539762,69.61609094818179,67.29232713349978,69.22879697906812,928300.0
BCM,2024-08-09,69.22879697906812,69.7129144404602,68.26056205628394,69.22879697906812,559800.0
BCM,2024-08-12,69.03514999451129,70.39067888640912,68.74467951767603,68.93832650223287,466200.0
BCM,2024-08-13,68.45420904084078,69.61609094818179,67.87326808717027,68.93832650223287,688200.0
BCM,2024-08-14,68.93832650223287,72.13350174742062,68.5510325331192,69.7129144404602,1250100.0
BCM,2024-08-15,69.80973793273861,69.80973793273861,68.45420904084078,68.5510325331192,541900.0
BCM,2024-08-16,68.74467951767603,70.48750237868754,68.5510325331192,70.00338491729545,943900.0
BCM,2024-08-19,70.58432587096596,71.64938428602854,70.10020840957388,70.19703190185228,785800.0
BCM,2024-08-20,70.19703190185228,71.06844333235804,69.7129144404602,70.19703190185228,655300.0
BCM,2024-08-21,70.10020840957388,70.10020840957388,69.22879697906812,69.7129144404602,851000.0
BCM,2024-08-22,69.7129144404602,70.19703190185228,69.32562047134653,69.7129144404602,447600.0
BCM,2024-08-23,70.19703190185228,71.64938428602854,69.22879697906812,70.10020840957388,750100.0
BCM,2024-08-26,70.48750237868754,70.48750237868754,68.64785602539762,68.64785602539762,900400.0
BCM,2024-08-27,68.74467951767603,68.74467951767603,66.90503316438611,67.9700915794487,1310900.0
BCM,2024-08-28,67.87326808717027,68.26056205628394,67.00185665666453,67.29232713349978,649800.0
BCM,2024-08-29,67.00185665666453,69.22879697906812,67.00185665666453,69.22879697906812,795900.0
BCM,2024-08-30,69.1319734867897,69.7129144404602,68.64785602539762,69.7129144404602,408400.0
BCM,2024-09-04,68.06691507172711,69.7129144404602,68.06691507172711,69.7129144404602,418300.0
BCM,2024-09-05,69.7129144404602,69.7129144404602,68.35738554856236,69.61609094818179,498100.0
BCM,2024-09-06,69.1319734867897,69.7129144404602,68.5510325331192,69.7129144404602,444600.0
BCM,2024-09-09,68.84150300995445,69.7129144404602,68.5510325331192,68.93832650223287,418200.0
BCM,2024-09-10,69.22879697906812,69.7129144404602,68.35738554856236,69.22879697906812,470600.0
BCM,2024-09-11,68.74467951767603,69.22879697906812,68.5510325331192,69.1319734867897,375100.0
BCM,2024-09-12,69.22879697906812,69.22879697906812,68.45420904084078,69.1319734867897,417500.0
BCM,2024-09-13,69.03514999451129,69.1319734867897,68.45420904084078,68.64785602539762,291100.0
BCM,2024-09-16,68.84150300995445,68.84150300995445,67.29232713349978,68.06691507172711,494300.0
BCM,2024-09-17,68.06691507172711,69.1319734867897,67.38915062577819,69.1319734867897,235300.0
BCM,2024-09-18,69.03514999451129,69.1319734867897,68.45420904084078,69.1319734867897,371200.0
BCM,2024-09-19,69.1319734867897,69.61609094818179,68.64785602539762,69.61609094818179,346300.0
BCM,2024-09-20,70.19703190185228,70.19703190185228,69.03514999451129,69.03514999451129,391100.0
BCM,2024-09-23,69.03514999451129,69.32562047134653,68.45420904084078,69.22879697906812,244300.0
BCM,2024-09-24,68.74467951767603,70.19703190185228,68.74467951767603,69.7129144404602,464300.0
BCM,2024-09-25,69.7129144404602,70.19703190185228,69.51926745590336,70.19703190185228,443800.0
BCM,2024-09-26,70.19703190185228,71.16526682463646,69.61609094818179,69.7129144404602,720400.0
BCM,2024-09-27,69.7129144404602,69.7129144404602,68.93832650223287,69.03514999451129,485700.0
BCM,2024-09-30,69.03514999451129,69.03514999451129,67.77644459489187,67.9700915794487,521600.0
BCM,2024-10-01,67.9700915794487,68.64785602539762,67.77644459489187,68.06691507172711,448300.0
BCM,2024-10-02,68.06691507172711,68.06691507172711,67.29232713349978,67.29232713349978,495400.0
BCM,2024-10-03,67.00185665666453,68.06691507172711,65.83997474932353,66.90503316438611,541800.0
BCM,2024-10-04,67.29232713349978,67.29232713349978,65.64632776476668,65.74315125704511,516400.0
BCM,2024-10-07,65.83997474932353,66.3240922107156,65.35585728793144,66.2272687184372,289500.0
BCM,2024-10-08,66.2272687184372,66.51773919527244,65.74315125704511,66.51773919527244,184600.0
BCM,2024-10-09,66.51773919527244,67.00185665666453,65.93679824160193,66.2272687184372,323300.0
BCM,2024-10-10,66.2272687184372,66.61456268755086,66.13044522615877,66.13044522615877,243800.0
BCM,2024-10-11,66.3240922107156,66.3240922107156,65.54950427248828,66.13044522615877,296400.0
BCM,2024-10-14,66.13044522615877,66.3240922107156,65.64632776476668,66.13044522615877,252700.0
BCM,2024-10-15,65.93679824160193,66.71138617982928,65.64632776476668,65.64632776476668,272000.0
BCM,2024-10-16,66.03362173388037,66.03362173388037,65.35585728793144,65.64632776476668,226500.0
BCM,2024-10-17,65.93679824160193,65.93679824160193,64.87173982653935,65.35585728793144,241900.0
BCM,2024-10-18,65.64632776476668,66.3240922107156,65.35585728793144,65.35585728793144,195600.0
BCM,2024-10-21,65.16221030337461,65.64632776476668,64.38762236514727,64.38762236514727,215700.0
BCM,2024-10-22,64.38762236514727,64.38762236514727,62.935269980971015,62.935269980971015,575700.0
BCM,2024-10-23,62.935269980971015,63.806681411476774,62.935269980971015,63.516210934641514,181800.0
BCM,2024-10-24,63.61303442691994,63.806681411476774,63.22574045780627,63.70985791919835,117000.0
BCM,2024-10-25,63.516210934641514,63.70985791919835,63.22574045780627,63.516210934641514,105100.0
BCM,2024-10-28,63.4193874423631,63.61303442691994,63.12891696552785,63.32256395008469,98000.0
BCM,2024-10-29,63.32256395008469,64.67809284198252,63.32256395008469,64.67809284198252,163200.0
BCM,2024-10-30,64.67809284198252,65.25903379565302,64.29079887286886,64.29079887286886,203400.0
BCM,2024-10-31,64.19397538059043,64.96856331881777,64.0003283960336,64.96856331881777,143900.0
BCM,2024-11-01,64.96856331881777,64.96856331881777,64.09715188831203,64.5812693497041,137800.0
BCM,2024-11-04,64.77786377999777,64.77786377999777,63.30340557559721,64.67956656637105,214700.0
BCM,2024-11-05,64.67956656637105,64.87616099362447,64.08978328461085,64.67956656637105,85700.0
BCM,2024-11-06,64.67956656637105,66.84210526615854,64.67956656637105,66.25232198439832,623600.0
BCM,2024-11-07,66.15402477077161,66.64551083890514,65.8591331298915,66.25232198439832,246500.0
BCM,2024-11-08,65.9574303435182,66.05572755714492,65.46594427538469,65.46594427538469,247600.0
BCM,2024-11-11,65.6625387026381,66.35061919802503,64.87616099362447,66.35061919802503,227200.0
BCM,2024-11-12,66.35061919802503,66.84210526615854,65.9574303435182,66.64551083890514,297600.0
BCM,2024-11-13,66.35061919802503,66.74380805253185,65.76083591626481,66.74380805253185,180300.0
BCM,2024-11-14,66.15402477077161,67.72678018879888,66.15402477077161,67.43188854791876,761600.0
BCM,2024-11-15,67.62848297517218,67.62848297517218,66.44891641165172,66.84210526615854,234500.0
BCM,2024-11-18,65.5642414890114,66.25232198439832,64.58126935274436,65.8591331298915,410800.0
BCM,2024-11-19,66.25232198439832,66.25232198439832,62.91021672109039,62.91021672109039,295200.0
BCM,2024-11-20,62.91021672109039,64.67956656637105,62.025541798450064,64.58126935274436,251900.0
BCM,2024-11-21,64.67956656637105,64.67956656637105,63.69659443010402,64.38467492549096,220300.0
BCM,2024-11-22,63.89318885735743,64.67956656637105,63.69659443010402,64.67956656637105,125300.0
BCM,2024-11-25,64.67956656637105,64.67956656637105,63.89318885735743,64.58126935274436,130000.0
BCM,2024-11-26,64.28637771186425,65.26934984813128,64.28637771186425,64.97445820725116,250300.0
BCM,2024-11-27,64.18808049823754,64.97445820725116,64.18808049823754,64.97445820725116,108700.0
BCM,2024-11-28,64.97445820725116,65.26934984813128,64.67956656637105,65.07275542087788,109000.0
BCM,2024-11-29,64.97445820725116,65.36764706175799,64.38467492549096,65.36764706175799,154200.0
BCM,2024-12-02,65.6625387026381,65.6625387026381,64.58126935274436,65.36764706175799,136500.0
BCM,2024-12-03,64.77786377999777,65.36764706175799,64.67956656637105,65.26934984813128,200200.0
BCM,2024-12-04,64.67956656637105,65.17105263450458,64.08978328461085,64.08978328461085,146300.0
BCM,2024-12-05,64.18808049823754,66.84210526615854,64.08978328461085,66.84210526615854,321600.0
BCM,2024-12-06,66.44891641165172,67.13699690703865,65.9574303435182,66.15402477077161,189400.0
BCM,2024-12-09,66.35061919802503,66.84210526615854,65.9574303435182,66.74380805253185,172800.0
BCM,2024-12-10,66.84210526615854,67.03869969341196,66.15402477077161,66.84210526615854,174600.0
BCM,2024-12-11,66.84210526615854,66.84210526615854,65.6625387026381,65.8591331298915,199200.0
BCM,2024-12-12,65.9574303435182,66.54721362527843,65.5642414890114,66.35061919802503,167300.0
BCM,2024-12-13,66.35061919802503,66.54721362527843,65.5642414890114,66.54721362527843,145300.0
BCM,2024-12-16,66.54721362527843,66.84210526615854,65.46594427538469,66.84210526615854,248900.0
BCM,2024-12-17,66.84210526615854,66.84210526615854,66.25232198439832,66.64551083890514,124200.0
BCM,2024-12-18,66.64551083890514,66.64551083890514,66.05572755714492,66.64551083890514,92600.0
BCM,2024-12-19,65.8591331298915,66.35061919802503,65.36764706175799,65.36764706175799,142600.0
BCM,2024-12-20,65.36764706175799,66.54721362527843,65.17105263450458,66.54721362527843,163900.0
BCM,2024-12-23,66.84210526615854,66.84210526615854,66.35061919802503,66.74380805253185,176400.0
BCM,2024-12-24,66.84210526615854,66.84210526615854,66.15402477077161,66.74380805253185,142500.0
BCM,2024-12-25,66.74380805253185,69.20123839319943,66.54721362527843,68.11996904330569,686500.0
BCM,2024-12-26,68.11996904330569,68.80804953869261,67.62848297517218,68.5131578978125,156700.0
BCM,2024-12-27,68.5131578978125,68.61145511143921,67.62848297517218,68.61145511143921,1261500.0
BCM,2024-12-30,67.62848297517218,68.80804953869261,67.03869969341196,68.61145511143921,233500.0
BCM,2024-12-31,68.61145511143921,69.69272446133296,67.53018576154547,69.69272446133296,435100.0
BCM,2025-01-02,68.80804953869261,69.59442724770625,68.61145511143921,69.59442724770625,202200.0
BCM,2025-01-03,68.90634675231932,69.29953560682614,68.61145511143921,69.29953560682614,184100.0
BCM,2025-01-06,68.5131578978125,69.29953560682614,67.82507740242558,69.10294117957272,168500.0
BCM,2025-01-07,69.10294117957272,72.73993808376076,68.61145511143921,71.36377709298691,2282500.0
BCM,2025-01-08,71.85526316112043,72.44504644288065,71.26547987936021,71.36377709298691,362400.0
BCM,2025-01-09,71.56037152024032,72.05185758837384,70.28250774309318,70.28250774309318,292500.0
BCM,2025-01-10,70.28250774309318,70.9705882384801,65.36764706175799,68.80804953869261,446700.0
BCM,2025-01-13,67.92337461605227,68.70975232506592,67.13699690703865,68.70975232506592,226000.0
BCM,2025-01-14,68.70975232506592,69.98761610221307,68.2182662569324,68.80804953869261,294400.0
BCM,2025-01-15,69.69272446133296,69.69272446133296,68.021671829679,68.021671829679,182600.0
BCM,2025-01-16,68.80804953869261,68.80804953869261,67.23529412066536,68.11996904330569,243000.0
BCM,2025-01-17,67.72678018879888,68.61145511143921,67.53018576154547,68.021671829679,133900.0
BCM,2025-01-20,68.021671829679,68.3165634705591,67.43188854791876,67.92337461605227,157100.0
BCM,2025-01-21,67.82507740242558,68.3165634705591,67.03869969341196,67.53018576154547,237700.0
BCM,2025-01-22,67.82507740242558,67.92337461605227,66.25232198439832,66.25232198439832,237800.0
BCM,2025-01-23,66.25232198439832,66.84210526615854,66.15402477077161,66.84210526615854,177600.0
BCM,2025-01-24,66.64551083890514,68.11996904330569,66.25232198439832,68.11996904330569,281400.0
BCM,2025-02-03,67.72678018879888,68.80804953869261,67.23529412066536,68.80804953869261,288700.0
BCM,2025-02-04,68.80804953869261,69.29953560682614,68.5131578978125,69.10294117957272,258800.0
BCM,2025-02-05,69.10294117957272,70.6756965976,69.00464396594603,70.57739938397329,347200.0
BCM,2025-02-06,71.1671826657335,71.1671826657335,69.59442724770625,69.59442724770625,335500.0
BCM,2025-02-07,69.29953560682614,69.88931888858636,68.80804953869261,68.80804953869261,303700.0
BCM,2025-02-10,68.80804953869261,71.65866873386703,68.80804953869261,69.69272446133296,410500.0
BCM,2025-02-11,69.79102167495965,70.18421052946647,68.80804953869261,68.90634675231932,233900.0
BCM,2025-02-12,69.10294117957272,70.28250774309318,68.80804953869261,69.29953560682614,213900.0
BCM,2025-02-13,69.29953560682614,69.29953560682614,68.5131578978125,68.90634675231932,164600.0
BCM,2025-02-14,69.69272446133296,69.98761610221307,68.90634675231932,68.90634675231932,228600.0
BCM,2025-02-17,68.90634675231932,69.10294117957272,68.61145511143921,68.61145511143921,279800.0
BCM,2025-02-18,68.61145511143921,68.80804953869261,68.11996904330569,68.3165634705591,157200.0
BCM,2025-02-19,68.4148606841858,70.08591331583976,68.3165634705591,70.08591331583976,494200.0
BCM,2025-02-20,70.38080495671987,71.1671826657335,69.59442724770625,71.1671826657335,485700.0
BCM,2025-02-21,71.26547987936021,74.31269350178802,71.26547987936021,73.6246130064011,1248300.0
BCM,2025-02-24,73.82120743365451,74.90247678354825,73.03482972464087,73.23142415189429,506700.0
BCM,2025-02-25,73.23142415189429,75.59055727893518,73.23142415189429,75.29566563805506,699600.0
BCM,2025-02-26,75.78715170618858,75.78715170618858,74.50928792904143,75.09907121080167,391900.0
BCM,2025-02-27,75.19736842442836,75.19736842442836,73.23142415189429,74.70588235629484,469400.0
BCM,2025-02-28,74.21439628816132,74.60758514266814,73.42801857914769,74.41099071541473,420300.0
BCM,2025-03-03,74.31269350178802,75.19736842442836,73.7229102200278,74.31269350178802,587300.0
BCM,2025-03-04,74.21439628816132,74.70588235629484,73.5263157927744,74.50928792904143,457000.0
BCM,2025-03-05,74.70588235629484,75.09907121080167,73.82120743365451,73.82120743365451,339800.0
BCM,2025-03-06,73.82120743365451,74.41099071541473,73.6246130064011,73.91950464728122,284600.0
BCM,2025-03-07,73.91950464728122,74.70588235629484,73.7229102200278,73.7229102200278,373300.0
BCM,2025-03-10,73.82120743365451,78.8343653286164,73.6246130064011,78.8343653286164,2435900.0
BCM,2025-03-11,79.2275541831232,80.80030960115047,78.24458204685617,78.8343653286164,826700.0
BCM,2025-03-12,78.8343653286164,80.70201238752377,78.53947368773629,79.2275541831232,1127800.0
BCM,2025-03-13,79.62074303763004,79.62074303763004,77.26160991058913,77.45820433784255,977100.0
BCM,2025-03-14,77.65479876509595,78.53947368773629,77.35990712421585,77.65479876509595,657500.0
BCM,2025-03-17,78.34287926048289,80.89860681477717,76.86842105608233,80.40712074664366,1825300.0
BCM,2025-03-18,80.89860681477717,80.99690402840389,79.42414861037662,80.40712074664366,738000.0
BCM,2025-03-19,80.40712074664366,80.40712074664366,78.9326625422431,79.32585139674993,962000.0
BCM,2025-03-20,78.73606811498969,79.71904025125673,76.1803405606954,78.14628483322947,916700.0
BCM,2025-03-21,78.637770901363,78.637770901363,76.77012384245562,77.35990712421585,372500.0
BCM,2025-03-24,77.35990712421585,77.35990712421585,75.39396285168178,75.98374613344198,398600.0
BCM,2025-03-25,76.37693498794881,77.85139319234936,76.1803405606954,76.77012384245562,403800.0
BCM,2025-03-26,76.77012384245562,77.26160991058913,76.27863777432209,76.67182662882891,369000.0
BCM,2025-03-27,76.67182662882891,78.14628483322947,76.0820433470687,76.0820433470687,402100.0
BCM,2025-03-28,76.37693498794881,78.04798761960278,76.27863777432209,76.27863777432209,588100.0
BCM,2025-03-31,76.27863777432209,76.27863777432209,73.5263157927744,73.5263157927744,799000.0
BCM,2025-04-01,74.70588235629484,74.70588235629484,73.7229102200278,74.60758514266814,183700.0
BCM,2025-04-02,74.60758514266814,75.78715170618858,73.23142415189429,74.31269350178802,320300.0
BCM,2025-04-03,69.20123839319943,73.1331269382676,69.20123839319943,69.20123839319943,738200.0
BCM,2025-04-04,64.38467492549096,64.38467492549096,64.38467492549096,64.38467492549096,641000.0
BCM,2025-04-08,59.96130031228928,59.96130031228928,59.96130031228928,59.96130031228928,216500.0
BCM,2025-04-09,55.83281733996772,55.83281733996772,55.83281733996772,55.83281733996772,130000.0
BCM,2025-04-10,59.66640867140917,59.66640867140917,59.66640867140917,59.66640867140917,159400.0
BCM,2025-04-11,55.537925699087616,60.4527863804228,55.537925699087616,58.683436535142135,3365500.0
BCM,2025-04-14,62.713622293836984,62.713622293836984,59.469814244155764,59.469814244155764,805600.0
BCM,2025-04-15,59.568111457782464,59.568111457782464,55.3413312718342,55.537925699087616,1162300.0
BCM,2025-04-16,56.029411767221134,56.52089783535465,52.5890092902865,52.5890092902865,789200.0
BCM,2025-04-17,51.80263158127288,52.982198144793315,48.95201238609846,52.5890092902865,926900.0
BCM,2025-04-18,54.45665634919387,54.45665634919387,52.88390093116661,53.080495358420016,490800.0
BCM,2025-04-21,53.571981426553535,54.26006192194047,52.09752322215298,54.26006192194047,544100.0
BCM,2025-04-22,54.06346749468705,54.06346749468705,50.52476780412572,51.11455108588594,1136600.0
BCM,2025-04-23,52.785603717539914,54.26006192194047,50.81965944500583,54.06346749468705,851100.0
BCM,2025-04-24,54.06346749468705,56.71749226260806,54.06346749468705,54.55495356282057,773800.0
BCM,2025-04-25,55.3413312718342,55.3413312718342,53.67027864018024,54.84984520370068,469500.0
BCM,2025-04-28,55.0464396309541,55.0464396309541,53.96517028106035,54.75154799007399,347500.0
BCM,2025-04-29,54.75154799007399,55.0464396309541,53.96517028106035,54.06346749468705,364100.0
BCM,2025-05-05,55.0464396309541,56.52089783535465,54.55495356282057,56.52089783535465,593100.0
BCM,2025-05-06,56.91408668986146,57.01238390348817,55.0464396309541,55.0464396309541,393900.0
BCM,2025-05-07,55.734520126341025,56.91408668986146,55.3413312718342,56.127708980847835,632700.0
BCM,2025-05-08,56.32430340810124,58.978328176022245,56.127708980847835,58.978328176022245,1054400.0
BCM,2025-05-09,58.978328176022245,58.978328176022245,57.7987616125018,58.48684210788873,648300.0
BCM,2025-05-12,58.58513932151543,60.4527863804228,58.19195046700862,60.4527863804228,649600.0
BCM,2025-05-13,61.927244584823356,61.927244584823356,60.4527863804228,60.74767802130291,744100.0
BCM,2025-05-14,60.94427244855632,61.43575851668984,59.568111457782464,61.43575851668984,637000.0
BCM,2025-05-15,60.4527863804228,61.43575851668984,59.76470588503587,59.96130031228928,369200.0
BCM,2025-05-16,59.96130031228928,60.15789473954269,58.781733748768836,59.96130031228928,792500.0
BCM,2025-05-19,59.469814244155764,59.863003098662574,58.88003096239554,59.66640867140917,564100.0
BCM,2025-05-20,59.66640867140917,60.84597523492961,59.076625389648946,59.66640867140917,332400.0
BCM,2025-05-21,59.96130031228928,60.15789473954269,59.076625389648946,59.863003098662574,281500.0
BCM,2025-05-22,59.66640867140917,59.66640867140917,58.683436535142135,58.683436535142135,287100.0
BCM,2025-05-23,58.683436535142135,58.978328176022245,57.01238390348817,57.7987616125018,265800.0
BCM,2025-05-26,57.40557275799498,60.74767802130291,56.22600619447454,60.64938080767621,590100.0
BCM,2025-05-27,61.43575851668984,61.43575851668984,60.05959752591598,60.5510835940495,572400.0
BCM,2025-05-28,60.74767802130291,61.14086687580973,59.863003098662574,60.4527863804228,421300.0
BCM,2025-05-29,60.94427244855632,62.713622293836984,60.94427244855632,61.14086687580973,904800.0
BCM,2025-05-30,61.534055730316545,61.534055730316545,59.469814244155764,59.568111457782464,349900.0
BCM,2025-06-02,59.469814244155764,60.35448916679609,58.48684210788873,58.978328176022245,415900.0
BCM,2025-06-03,58.978328176022245,60.05959752591598,58.978328176022245,60.05959752591598,389200.0
BCM,2025-06-04,60.4527863804228,60.5510835940495,59.469814244155764,59.76470588503587,295900.0
BCM,2025-06-05,59.76470588503587,60.35448916679609,58.88003096239554,59.863003098662574,606400.0
BCM,2025-06-06,60.15789473954269,61.33746130306313,59.863003098662574,59.863003098662574,648900.0
BCM,2025-06-09,59.96130031228928,60.15789473954269,58.48684210788873,58.683436535142135,465300.0
BCM,2025-06-10,59.174922603275654,59.174922603275654,58.09365325338191,58.29024768063532,372100.0
BCM,2025-06-11,58.38854489426202,58.38854489426202,57.307275544368274,57.50386997162169,464300.0
BCM,2025-06-12,58.781733748768836,58.781733748768836,57.7987616125018,58.19195046700862,351000.0
BCM,2025-06-13,57.307275544368274,58.48684210788873,56.52089783535465,58.48684210788873,592600.0
BCM,2025-06-16,57.60216718524839,58.58513932151543,57.60216718524839,58.48684210788873,362600.0
BCM,2025-06-17,59.076625389648946,59.174922603275654,57.8970588261285,58.29024768063532,447100.0
BCM,2025-06-18,58.29024768063532,58.88003096239554,57.7987616125018,58.38854489426202,383700.0
BCM,2025-06-19,58.38854489426202,58.58513932151543,57.40557275799498,57.99535603975521,375300.0
BCM,2025-06-20,57.99535603975521,58.48684210788873,57.40557275799498,57.60216718524839,341000.0
BCM,2025-06-23,57.60216718524839,59.568111457782464,57.20897833074158,59.076625389648946,619500.0
BCM,2025-06-24,59.568111457782464,60.4527863804228,59.273219816902355,60.4527863804228,1078700.0
BCM,2025-06-25,60.74767802130291,60.74767802130291,60.15789473954269,60.74767802130291,599300.0
BCM,2025-06-26,60.84597523492961,61.04256966218303,60.15789473954269,61.04256966218303,492400.0
BCM,2025-06-27,61.04256966218303,61.927244584823356,60.74767802130291,61.927244584823356,742500.0
BCM,2025-06-30,62.025541798450064,63.1068111483438,62.025541798450064,63.1068111483438,626300.0
BCM,2025-07-01,63.50000000285061,63.69659443010402,61.73065015756995,63.40170278922391,1017500.0
BCM,2025-07-02,63.40170278922391,67.62848297517218,62.91021672109039,67.03869969341196,1408200.0
BCM,2025-07-03,64.87616099362447,65.9574303435182,62.418730652956874,65.26934984813128,1657100.0
BCM,2025-07-04,65.26934984813128,65.26934984813128,63.40170278922391,64.38467492549096,595200.0
BCM,2025-07-07,65.26934984813128,65.26934984813128,63.89318885735743,64.87616099362447,592000.0
BCM,2025-07-08,65.8591331298915,66.35061919802503,65.17105263450458,66.35061919802503,700400.0
BCM,2025-07-09,66.35061919802503,67.43188854791876,65.8591331298915,67.43188854791876,803600.0
BCM,2025-07-10,67.43188854791876,67.92337461605227,66.84210526615854,67.43188854791876,567700.0
BCM,2025-07-11,67.33359133429207,67.43188854791876,66.64551083890514,66.84210526615854,514500.0
BCM,2025-07-14,67.03869969341196,67.33359133429207,64.87616099362447,67.33359133429207,666700.0
BCM,2025-07-15,67.43188854791876,67.43188854791876,65.8591331298915,65.8591331298915,424900.0
BCM,2025-07-16,65.76083591626481,66.25232198439832,65.5642414890114,65.9574303435182,218400.0
BCM,2025-07-17,66.54721362527843,67.23529412066536,65.8591331298915,66.15402477077161,358500.0
BCM,2025-07-18,66.44891641165172,67.92337461605227,66.15402477077161,66.54721362527843,587500.0
BCM,2025-07-21,66.84210526615854,66.84210526615854,65.5642414890114,65.6625387026381,374200.0
BCM,2025-07-22,65.5642414890114,67.03869969341196,65.07275542087788,67.03869969341196,359300.0
BCM,2025-07-23,67.33359133429207,68.70975232506592,66.44891641165172,68.021671829679,822100.0
BCM,2025-07-24,68.2182662569324,69.69272446133296,67.82507740242558,68.70975232506592,902700.0
BCM,2025-07-25,68.70975232506592,69.00464396594603,68.11996904330569,68.61145511143921,620100.0
BCM,2025-07-28,68.70975232506592,68.70975232506592,67.33359133429207,68.5131578978125,1371300.0
BCM,2025-07-29,68.70975232506592,68.70975232506592,65.5642414890114,66.94040247978523,960200.0
BCM,2025-07-30,66.54721362527843,68.021671829679,65.9574303435182,67.82507740242558,504200.0
BCM,2025-07-31,71.75696594749373,71.75696594749373,68.4148606841858,70.47910217034658,1801500.0
BCM,2025-08-01,70.47910217034658,70.6756965976,68.3165634705591,68.70975232506592,806600.0
BCM,2025-08-04,68.70975232506592,69.79102167495965,67.72678018879888,69.79102167495965,799000.0
BCM,2025-08-05,69.79102167495965,70.28250774309318,66.84210526615854,67.72678018879888,919800.0
BCM,2025-08-06,68.021671829679,68.5131578978125,67.23529412066536,68.5131578978125,633500.0
BCM,2025-08-07,69.29953560682614,70.57739938397329,68.61145511143921,69.39783282045283,786600.0
BCM,2025-08-08,69.39783282045283,69.69272446133296,68.3165634705591,69.39783282045283,547000.0
BCM,2025-08-11,69.69272446133296,71.65866873386703,68.3165634705591,69.49613003407954,1211100.0
BCM,2025-08-12,70.18421052946647,70.38080495671987,68.80804953869261,70.28250774309318,662300.0
BCM,2025-08-13,69.98761610221307,70.77399381122669,68.80804953869261,69.79102167495965,843700.0
BCM,2025-08-14,69.88931888858636,70.57739938397329,68.70975232506592,69.29953560682614,846000.0
BCM,2025-08-15,69.59442724770625,69.88931888858636,67.82507740242558,69.00464396594603,529900.0
BCM,2025-08-18,68.90634675231932,69.29953560682614,68.2182662569324,68.80804953869261,382600.0
BCM,2025-08-19,68.80804953869261,69.29953560682614,68.4148606841858,69.29953560682614,609200.0
BCM,2025-08-20,69.20123839319943,69.79102167495965,67.43188854791876,69.29953560682614,649000.0
BCM,2025-08-21,69.20123839319943,69.49613003407954,67.72678018879888,68.70975232506592,478400.0
BCM,2025-08-22,67.33359133429207,67.72678018879888,65.36764706175799,65.36764706175799,484100.0
BCM,2025-08-25,65.36764706175799,66.05572755714492,63.89318885735743,63.89318885735743,399700.0
BCM,2025-08-26,63.50000000285061,67.82507740242558,62.91021672109039,67.82507740242558,422800.0
BCM,2025-08-27,66.84210526615854,67.13699690703865,65.8591331298915,66.74380805253185,413100.0
BCM,2025-08-28,66.35061919802503,66.84210526615854,65.46594427538469,66.84210526615854,595000.0
BCM,2025-08-29,66.54721362527843,66.64551083890514,65.36764706175799,65.8591331298915,614900.0
BCM,2025-09-03,65.8591331298915,66.64551083890514,65.26934984813128,66.64551083890514,430900.0
BCM,2025-09-04,66.35061919802503,66.74380805253185,66.25232198439832,66.54721362527843,283300.0
BCM,2025-09-05,66.54721362527843,68.2182662569324,66.35061919802503,66.54721362527843,744800.0
BCM,2025-09-08,66.35061919802503,66.35061919802503,65.26934984813128,65.76083591626481,309700.0
BCM,2025-09-09,65.26934984813128,66.74380805253185,64.48297213911765,66.74380805253185,356600.0
BCM,2025-09-10,66.74380805253185,66.74380805253185,65.46594427538469,66.35061919802503,152500.0
BCM,2025-09-11,65.8591331298915,66.44891641165172,63.89318885735743,66.44891641165172,378700.0
BCM,2025-09-12,65.46594427538469,66.64551083890514,65.46594427538469,65.76083591626481,211500.0
BCM,2025-09-15,66.44891641165172,67.82507740242558,65.76083591626481,67.62848297517218,510300.0
BCM,2025-09-16,67.92337461605227,68.2182662569324,66.44891641165172,67.82507740242558,499300.0
BCM,2025-09-17,67.62848297517218,68.80804953869261,67.23529412066536,68.5131578978125,448800.0
BCM,2025-09-18,68.5131578978125,68.5131578978125,66.94040247978523,68.021671829679,294900.0
BCM,2025-09-19,67.82507740242558,67.82507740242558,66.84210526615854,67.72678018879888,219800.0
BCM,2025-09-22,66.84210526615854,67.72678018879888,65.76083591626481,66.54721362527843,378600.0
BCM,2025-09-23,66.15402477077161,66.35061919802503,65.46594427538469,65.5642414890114,105800.0
BCM,2025-09-24,65.5642414890114,66.15402477077161,64.97445820725116,66.15402477077161,148900.0
BCM,2025-09-25,66.15402477077161,66.64551083890514,65.8591331298915,66.25232198439832,149200.0
BCM,2025-09-26,65.5642414890114,66.74380805253185,65.5642414890114,66.54721362527843,215300.0
BCM,2025-09-29,66.54721362527843,66.54721362527843,65.46594427538469,66.05572755714492,144100.0
BCM,2025-09-30,65.36764706175799,65.76083591626481,64.87616099362447,65.76083591626481,227200.0
BCM,2025-10-01,65.5642414890114,65.76083591626481,64.97445820725116,65.76083591626481,141200.0
BCM,2025-10-02,65.36764706175799,65.8591331298915,65.07275542087788,65.07275542087788,99500.0
BCM,2025-10-03,65.07275542087788,65.26934984813128,63.69659443010402,65.26934984813128,194100.0
BCM,2025-10-06,65.6625387026381,66.05572755714492,64.87616099362447,65.76083591626481,137000.0
BCM,2025-10-07,65.17105263450458,65.76083591626481,65.07275542087788,65.07275542087788,94700.0
BCM,2025-10-08,65.36764706175799,66.35061919802503,65.07275542087788,65.8591331298915,219600.0
BCM,2025-10-09,65.8591331298915,66.05572755714492,65.07275542087788,65.17105263450458,147900.0
BCM,2025-10-10,65.07275542087788,65.36764706175799,64.87616099362447,64.97445820725116,315200.0
BCM,2025-10-13,64.67956656637105,65.07275542087788,64.28637771186425,64.97445820725116,221000.0
BCM,2025-10-14,64.77786377999777,65.17105263450458,63.69659443010402,63.69659443010402,376200.0
BCM,2025-10-15,63.50000000285061,63.50000000285061,61.927244584823356,63.40170278922391,405300.0
BCM,2025-10-16,63.79489164373073,64.38467492549096,62.713622293836984,64.38467492549096,342000.0
BCM,2025-10-17,64.48297213911765,64.77786377999777,62.91021672109039,64.77786377999777,274700.0
BCM,2025-10-20,63.99148607098413,64.28637771186425,61.43575851668984,61.43575851668984,232800.0
BCM,2025-10-21,61.43575851668984,62.91021672109039,61.14086687580973,62.91021672109039,234600.0
BCM,2025-10-22,62.418730652956874,63.89318885735743,61.73065015756995,63.89318885735743,194700.0
BCM,2025-10-23,63.89318885735743,64.28637771186425,62.91021672109039,64.28637771186425,175700.0
BCM,2025-10-24,63.008513934717094,64.67956656637105,63.008513934717094,64.67956656637105,167400.0
BCM,2025-10-27,64.77786377999777,65.5642414890114,63.99148607098413,64.38467492549096,148600.0
BCM,2025-10-28,64.38467492549096,65.36764706175799,63.40170278922391,65.36764706175799,202600.0
BCM,2025-10-29,65.36764706175799,65.5642414890114,64.77786377999777,65.5642414890114,314700.0
BCM,2025-10-30,65.36764706175799,65.9574303435182,65.26934984813128,65.76083591626481,161200.0
BCM,2025-10-31,65.76083591626481,65.76083591626481,64.87616099362447,64.87616099362447,129400.0
BCM,2025-11-03,64.87616099362447,65.07275542087788,63.69659443010402,64.87616099362447,214900.0
BCM,2025-11-04,63.99148607098413,65.8591331298915,63.69659443010402,65.8591331298915,223300.0
BCM,2025-11-05,65.9574303435182,66.05572755714492,65.17105263450458,66.05572755714492,251300.0
BCM,2025-11-06,66.05572755714492,68.11996904330569,65.8591331298915,67.53018576154547,636200.0
BCM,2025-11-07,67.23529412066536,67.23529412066536,65.5642414890114,66.84210526615854,181700.0
BCM,2025-11-10,66.84210526615854,67.13699690703865,64.87616099362447,64.87616099362447,192900.0
BCM,2025-11-11,64.08978328461085,65.8591331298915,63.50000000285061,65.8591331298915,312400.0
BCM,2025-11-12,65.6625387026381,65.8591331298915,64.67956656637105,65.76083591626481,271800.0
BCM,2025-11-13,65.07275542087788,67.13699690703865,64.97445820725116,66.74380805253185,410400.0
BCM,2025-11-14,66.64551083890514,66.74380805253185,65.46594427538469,66.35061919802503,244000.0
BCM,2025-11-17,66.44891641165172,67.72678018879888,66.35061919802503,67.72678018879888,583100.0
BCM,2025-11-18,67.72678018879888,68.11996904330569,66.54721362527843,66.54721362527843,226900.0
BCM,2025-11-19,66.25232198439832,66.94040247978523,64.97445820725116,64.97445820725116,350800.0
BCM,2025-11-20,65.07275542087788,65.6625387026381,64.48297213911765,64.97445820725116,298400.0
BCM,2025-11-21,64.38467492549096,65.8591331298915,63.50000000285061,65.8591331298915,349400.0
BCM,2025-11-24,65.8591331298915,65.8591331298915,64.87616099362447,65.5642414890114,104500.0
BCM,2025-11-25,64.87616099362447,65.5642414890114,64.38467492549096,64.38467492549096,147000.0
BCM,2025-11-26,64.38467492549096,65.26934984813128,63.89318885735743,65.26934984813128,167800.0
BCM,2025-11-27,65.46594427538469,65.46594427538469,64.28637771186425,65.26934984813128,170600.0
BCM,2025-11-28,64.58126935274436,65.46594427538469,63.89318885735743,65.46594427538469,226800.0
BCM,2025-12-01,64.38467492549096,64.87616099362447,64.28637771186425,64.48297213911765,103800.0
BCM,2025-12-02,64.48297213911765,65.17105263450458,63.50000000285061,65.17105263450458,234900.0
BCM,2025-12-03,64.97445820725116,65.17105263450458,64.38467492549096,64.77786377999777,92500.0
BCM,2025-12-04,64.87616099362447,65.17105263450458,64.38467492549096,65.17105263450458,146900.0
BCM,2025-12-05,64.97445820725116,64.97445820725116,64.38467492549096,64.87616099362447,144600.0
BCM,2025-12-08,64.48297213911765,64.87616099362447,63.99148607098413,64.87616099362447,158400.0
BCM,2025-12-09,64.87616099362447,64.97445820725116,63.99148607098413,64.77786377999777,211000.0
BCM,2025-12-10,64.67956656637105,64.77786377999777,64.18808049823754,64.77786377999777,133300.0
BCM,2025-12-11,64.18808049823754,65.76083591626481,64.08978328461085,64.08978328461085,237500.0
BCM,2025-12-12,64.18808049823754,64.67956656637105,63.1068111483438,64.18808049823754,154300.0
BCM,2025-12-15,63.50000000285061,64.28637771186425,63.50000000285061,64.18808049823754,113700.0
BCM,2025-12-16,63.99148607098413,64.18808049823754,59.76470588503587,63.69659443010402,338300.0
BCM,2025-12-17,63.59829721647732,63.59829721647732,61.73065015756995,61.82894737119665,269600.0
BCM,2025-12-18,61.43575851668984,61.927244584823356,58.978328176022245,60.25619195316939,589700.0
BCM,2025-12-19,60.25619195316939,60.74767802130291,60.15789473954269,60.25619195316939,102100.0
BCM,2025-12-22,60.35448916679609,60.84597523492961,60.05959752591598,60.84597523492961,93800.0
BCM,2025-12-23,60.84597523492961,60.84597523492961,60.05959752591598,60.15789473954269,176500.0
BCM,2025-12-24,60.15789473954269,60.15789473954269,59.273219816902355,59.371517030529056,183800.0
BCM,2025-12-25,59.371517030529056,59.76470588503587,59.273219816902355,59.469814244155764,84200.0
BCM,2025-12-26,59.76470588503587,59.76470588503587,57.50386997162169,58.58513932151543,215900.0
BCM,2025-12-29,58.48684210788873,62.61532508021028,57.7987616125018,59.469814244155764,244600.0
BCM,2025-12-30,60.15789473954269,60.4527863804228,58.48684210788873,60.4527863804228,159800.0
BCM,2025-12-31,59.469814244155764,60.74767802130291,59.469814244155764,60.74767802130291,147900.0
BCM,2026-01-05,60.5510835940495,60.5510835940495,59.469814244155764,60.05959752591598,140300.0
BCM,2026-01-06,59.96130031228928,63.40170278922391,59.568111457782464,62.713622293836984,772000.0
BCM,2026-01-07,62.713622293836984,67.03869969341196,61.43575851668984,67.03869969341196,2245200.0
BCM,2026-01-08,70.38080495671987,70.47910217034658,66.84210526615854,67.03869969341196,2457500.0
BCM,2026-01-09,66.84210526615854,69.98761610221307,66.35061919802503,69.79102167495965,2148100.0
BCM,2026-01-12,69.79102167495965,72.73993808376076,67.82507740242558,68.80804953869261,1168700.0
BCM,2026-01-13,68.80804953869261,68.80804953869261,65.8591331298915,67.43188854791876,2481100.0
BCM,2026-01-14,68.80804953869261,72.15015480200056,67.72678018879888,72.15015480200056,2644100.0
BCM,2026-01-15,74.31269350178802,77.16331269696244,72.73993808376076,76.57352941520222,3735300.0
BCM,2026-01-16,73.7229102200278,78.14628483322947,73.7229102200278,76.1803405606954,2212600.0
BCM,2026-01-19,74.70588235629484,79.62074303763004,74.11609907453463,77.45820433784255,2111200.0
BCM,2026-01-20,75.88544891981529,82.27476780555104,75.78715170618858,78.637770901363,2008524.0
BCM,2026-01-21,76.86842105608233,77.75309597872265,74.70588235629484,75.00077399717495,1530500.0
BCM,2026-01-22,74.11609907453463,75.78715170618858,72.24845201562725,73.23142415189429,2000700.0
BCM,2026-01-23,72.24845201562725,72.73993808376076,68.11996904330569,68.11996904330569,1968300.0
BCM,2026-01-26,67.53018576154547,70.18421052946647,66.84210526615854,66.94040247978523,1350500.0
BCM,2026-01-27,66.05572755714492,67.62848297517218,63.50000000285061,65.9574303435182,1909100.0
BCM,2026-01-28,66.74380805253185,67.53018576154547,64.48297213911765,64.87616099362447,1242100.0
BCM,2026-01-29,64.87616099362447,65.8591331298915,63.99148607098413,64.87616099362447,1122000.0
BCM,2026-01-30,65.8591331298915,68.11996904330569,65.76083591626481,66.94040247978523,1823000.0
BCM,2026-02-02,68.80804953869261,70.77399381122669,67.33359133429207,69.69272446133296,2104800.0
BCM,2026-02-03,70.6756965976,73.5263157927744,68.80804953869261,72.73993808376076,2717500.0
BCM,2026-02-04,73.23142415189429,73.5263157927744,70.28250774309318,70.6756965976,1902200.0
BCM,2026-02-05,70.18421052946647,70.6756965976,67.72678018879888,67.72678018879888,1391200.0
BCM,2026-02-06,66.84210526615854,67.62848297517218,64.38467492549096,64.38467492549096,2006400.0
BCM,2026-02-09,65.46594427538469,65.8591331298915,62.91021672109039,63.008513934717094,1810700.0
BCM,2026-02-10,62.91021672109039,64.48297213911765,62.51702786658358,63.40170278922391,818100.0
BCM,2026-02-11,63.89318885735743,64.08978328461085,63.30340557559721,63.50000000285061,617100.0
BCM,2026-02-12,64.0,64.0,62.1,62.8,1008700.0
BCM,2026-02-13,62.8,63.3,62.3,63.3,570900.0
BCM,2026-02-23,64.4,65.0,63.6,64.3,878900.0
BCM,2026-02-24,64.4,65.7,64.0,64.6,1186600.0
BCM,2026-02-25,65.0,69.1,64.5,67.0,2413500.0
BCM,2026-02-26,66.6,67.3,65.8,66.0,782200.0
BCM,2026-02-27,66.1,68.0,66.1,67.3,1208300.0
BCM,2026-03-02,64.7,67.5,64.5,65.0,1596300.0
BCM,2026-03-03,65.0,65.5,62.6,62.7,1715800.0
BCM,2026-03-04,62.2,63.0,58.5,60.1,2212700.0
BCM,2026-03-05,61.2,61.4,59.0,59.0,1006100.0
BCM,2026-03-06,58.5,59.5,58.5,58.6,634000.0
BCM,2026-03-09,54.6,55.3,54.5,54.5,739100.0
BCM,2026-03-10,54.5,55.6,53.8,54.0,1115800.0
BCM,2026-03-11,54.5,56.9,54.0,56.3,1047100.0
BCM,2026-03-12,55.2,56.2,54.8,55.3,543900.0
BCM,2026-03-13,54.8,55.4,53.7,53.7,1343400.0
BCM,2026-03-16,54.3,54.7,53.2,53.4,754900.0
BCM,2026-03-17,54.1,55.4,54.1,54.1,419300.0
BCM,2026-03-18,54.1,54.8,53.7,54.1,475100.0
BCM,2026-03-19,53.5,53.9,52.8,52.8,746600.0
BCM,2026-03-20,52.8,53.7,52.7,52.8,545700.0
BCM,2026-03-23,51.6,52.3,49.75,50.5,913100.0
BCM,2026-03-24,51.1,51.8,50.9,51.5,385900.0
BCM,2026-03-25,51.8,53.7,51.8,52.9,533400.0
BCM,2026-03-26,53.4,54.4,52.8,52.8,544700.0
BCM,2026-03-27,52.9,54.6,52.8,54.3,662700.0
BCM,2026-03-30,53.5,54.4,53.1,53.6,481200.0
BCM,2026-03-31,54.3,54.4,53.1,53.1,743200.0
BCM,2026-04-01,54.1,55.0,53.9,54.1,679800.0
BCM,2026-04-02,54.0,54.9,53.6,53.6,335600.0
BCM,2026-04-03,53.9,54.7,53.2,53.2,412800.0
BCM,2026-04-06,53.3,53.3,52.4,52.5,233400.0
BCM,2026-04-07,52.5,53.2,52.0,53.2,219300.0
BCM,2026-04-08,54.3,55.3,53.6,55.0,861100.0
BCM,2026-04-09,54.3,56.3,54.3,55.2,644700.0
BCM,2026-04-10,55.5,56.5,55.3,55.5,433800.0
BCM,2026-04-13,55.0,55.8,54.5,55.4,485000.0
BCM,2026-04-14,55.4,56.0,55.0,55.5,550200.0
BCM,2026-04-15,55.8,55.8,54.6,54.6,612800.0
BCM,2026-04-16,54.8,55.9,54.4,55.0,546900.0
BCM,2026-04-17,55.5,56.5,55.0,55.7,630000.0
BCM,2026-04-20,55.8,57.6,55.5,57.3,1066200.0
BCM,2026-04-21,57.0,57.0,55.6,55.6,521500.0
BCM,2026-04-22,55.7,55.9,54.4,55.2,452800.0
BCM,2026-04-23,54.4,55.2,53.8,54.3,500100.0
BCM,2026-04-24,54.4,54.6,53.6,54.2,221100.0
BCM,2026-04-28,54.2,54.7,53.6,53.6,250100.0
BCM,2026-04-29,53.6,53.8,52.8,53.2,445800.0
BCM,2026-05-04,53.8,54.3,53.0,53.4,272700.0
BCM,2026-05-05,53.1,53.5,52.9,53.3,182000.0
BCM,2026-05-06,53.5,53.9,53.3,53.8,176900.0
BCM,2026-05-07,54.1,54.2,53.4,53.4,241000.0
BCM,2026-05-08,53.5,53.5,52.7,53.0,344200.0
BCM,2026-05-11,53.0,53.0,52.0,52.0,414500.0
BCM,2026-05-12,52.1,52.3,51.8,52.1,174400.0
BCM,2026-05-13,52.2,54.7,51.8,53.1,490700.0
BCM,2026-05-14,53.8,54.5,53.3,53.4,279700.0
