Symbol,Date,Open,High,Low,Close,Volume
BID,2021-05-17,24.396166672511736,24.6831803980707,23.9369447116174,23.994347456729187,2992400.0
BID,2021-05-18,23.9369447116174,23.9369447116174,23.420320005611266,23.47772275072306,3903100.0
BID,2021-05-19,23.53512549583485,23.76473647628202,23.305514515387685,23.47772275072306,2872100.0
BID,2021-05-20,23.47772275072306,24.05175020184098,22.96109804471693,24.023048829285088,3495000.0
BID,2021-05-21,24.109152946952776,25.687728437527063,24.023048829285088,25.687728437527063,13027500.0
BID,2021-05-24,26.118249025865506,26.634873731871636,26.118249025865506,26.40526275142447,6994100.0
BID,2021-05-25,26.40526275142447,26.893186084874703,26.089547653309612,26.807081967207015,6329600.0
BID,2021-05-26,26.807081967207015,27.036692947654185,26.520068241648055,26.778380594651118,7369800.0
BID,2021-05-27,26.864484712318806,26.864484712318806,25.85993667286244,26.060846280753715,5882300.0
BID,2021-05-28,26.1756517709773,27.38110941832494,25.77383255519475,27.06539432021008,7857000.0
BID,2021-05-31,27.438512163436727,28.01253961455465,27.266303928101355,27.955136869442864,5647900.0
BID,2021-06-01,28.04124098711055,28.12734510477824,27.553317653660315,27.553317653660315,4096100.0
BID,2021-06-02,27.151498437877766,27.52461628110442,27.09409569276598,27.20890118298956,6063600.0
BID,2021-06-03,27.438512163436727,28.4143588303372,27.20890118298956,28.01253961455465,6715400.0
BID,2021-06-04,27.955136869442864,28.4143588303372,27.553317653660315,28.12734510477824,5939600.0
BID,2021-06-07,27.840331379219275,27.89773412433107,26.1756517709773,26.864484712318806,5295100.0
BID,2021-06-08,26.9218874574306,27.09409569276598,25.65902706497117,25.716429810082957,5685400.0
BID,2021-06-09,25.831235300306545,26.233054516089094,25.25720784918862,26.089547653309612,4454300.0
BID,2021-06-10,26.089547653309612,26.1756517709773,25.19980510407683,25.19980510407683,4483400.0
BID,2021-06-11,25.25720784918862,25.974742163086027,24.97019412362966,25.94604079053013,6390300.0
BID,2021-06-14,26.118249025865506,26.1756517709773,25.630325692415273,25.77383255519475,3394300.0
BID,2021-06-15,25.687728437527063,25.917339417974233,25.25720784918862,25.77383255519475,3257000.0
BID,2021-06-16,25.65902706497117,26.807081967207015,25.37201333941221,26.00344353564192,4217600.0
BID,2021-06-17,25.601624319859376,26.606172359315742,25.601624319859376,26.347860006312676,3579300.0
BID,2021-06-18,26.548769614203948,26.69227647698343,26.233054516089094,26.491366869092158,3200200.0
BID,2021-06-21,26.347860006312676,26.40526275142447,25.745131182638858,25.831235300306545,4237600.0
BID,2021-06-22,26.00344353564192,26.089547653309612,25.77383255519475,25.831235300306545,2811900.0
BID,2021-06-23,25.77383255519475,26.634873731871636,25.77383255519475,26.060846280753715,2574200.0
BID,2021-06-24,26.060846280753715,26.347860006312676,25.831235300306545,25.94604079053013,2110700.0
BID,2021-06-25,25.88863804541834,26.40526275142447,25.65902706497117,26.1469503984214,2572300.0
BID,2021-06-28,26.40526275142447,27.036692947654185,26.204353143533194,26.9218874574306,6685100.0
BID,2021-06-29,26.97929020254239,27.49591490854852,26.749679222095224,26.9218874574306,3945700.0
BID,2021-06-30,26.9218874574306,27.237602555545458,26.893186084874703,27.122797065321873,4101800.0
BID,2021-07-01,27.266303928101355,27.352408045769042,26.893186084874703,27.151498437877766,4601600.0
BID,2021-07-02,27.266303928101355,27.409810790880833,26.9218874574306,27.007991575098284,4204700.0
BID,2021-07-05,27.007991575098284,27.007991575098284,25.94604079053013,26.778380594651118,3489500.0
BID,2021-07-06,26.9218874574306,27.89773412433107,25.25720784918862,25.25720784918862,6896000.0
BID,2021-07-07,25.544221574747585,26.204353143533194,25.027596868741455,26.118249025865506,3943600.0
BID,2021-07-08,26.118249025865506,26.491366869092158,25.802533927750652,26.29045726120088,2127400.0
BID,2021-07-09,25.94604079053013,26.40526275142447,25.25720784918862,25.77383255519475,3587800.0
BID,2021-07-12,25.601624319859376,25.601624319859376,23.994347456729187,24.109152946952776,6021800.0
BID,2021-07-13,24.396166672511736,24.539673535291218,23.85084059394971,24.338763927399945,1982500.0
BID,2021-07-14,24.396166672511736,24.510972162735325,23.53512549583485,24.45356941762353,1788900.0
BID,2021-07-15,24.13785431950867,24.769284515738388,24.109152946952776,24.510972162735325,1793200.0
BID,2021-07-16,24.56837490784711,24.6831803980707,24.396166672511736,24.396166672511736,1416400.0
BID,2021-07-19,23.592528240946645,24.05175020184098,22.760188436825654,22.760188436825654,2980800.0
BID,2021-07-20,22.788889809381555,23.53512549583485,22.32966784848721,23.53512549583485,2713600.0
BID,2021-07-21,23.76473647628202,23.76473647628202,23.24811177027589,23.362917260499476,1157700.0
BID,2021-07-22,23.305514515387685,23.592528240946645,23.305514515387685,23.53512549583485,1700900.0
BID,2021-07-23,23.47772275072306,23.822139221393815,23.075903534940515,23.075903534940515,1823500.0
BID,2021-07-26,22.96109804471693,23.162007652608203,22.674084319157966,22.96109804471693,1436900.0
BID,2021-07-27,23.190709025164097,23.420320005611266,23.047202162384618,23.075903534940515,1428900.0
BID,2021-07-28,23.075903534940515,23.24811177027589,22.96109804471693,23.24811177027589,1233300.0
BID,2021-07-29,23.420320005611266,23.53512549583485,23.305514515387685,23.53512549583485,1179900.0
BID,2021-07-30,23.707333731170227,23.736035103726127,23.506424123278958,23.592528240946645,2031500.0
BID,2021-08-02,24.109152946952776,24.654479025514803,24.109152946952776,24.42486804506763,3961400.0
BID,2021-08-03,24.28136118228815,24.884090005961973,24.16655569206457,24.884090005961973,2765600.0
BID,2021-08-04,24.912791378517866,24.97019412362966,24.510972162735325,24.6831803980707,2140000.0
BID,2021-08-05,24.45356941762353,24.97019412362966,24.28136118228815,24.654479025514803,2116600.0
BID,2021-08-06,24.654479025514803,24.912791378517866,24.45356941762353,24.625777652958906,1868300.0
BID,2021-08-09,24.42486804506763,24.769284515738388,24.31006255484405,24.769284515738388,1743800.0
BID,2021-08-10,24.82668726085018,24.97019412362966,24.711881770626594,24.855388633406072,1867400.0
BID,2021-08-11,24.855388633406072,25.314610594300415,24.625777652958906,24.74058314318249,2739100.0
BID,2021-08-12,24.884090005961973,24.912791378517866,24.56837490784711,24.56837490784711,1709400.0
BID,2021-08-13,24.482270790179424,24.6831803980707,23.994347456729187,24.42486804506763,2309600.0
BID,2021-08-16,24.31006255484405,24.97019412362966,24.109152946952776,24.855388633406072,3286300.0
BID,2021-08-17,25.027596868741455,25.027596868741455,24.56837490784711,24.654479025514803,3475300.0
BID,2021-08-18,24.625777652958906,24.6831803980707,24.396166672511736,24.482270790179424,1514500.0
BID,2021-08-19,24.45356941762353,24.45356941762353,24.195257064620463,24.396166672511736,1803900.0
BID,2021-08-20,24.45356941762353,24.625777652958906,22.96109804471693,23.24811177027589,4363500.0
BID,2021-08-23,23.24811177027589,23.420320005611266,22.55927882893438,22.55927882893438,2742300.0
BID,2021-08-24,22.55927882893438,22.788889809381555,22.32966784848721,22.616681574046176,2797900.0
BID,2021-08-25,22.674084319157966,22.702785691713864,22.387070593599006,22.645382946602073,1103600.0
BID,2021-08-26,22.760188436825654,22.760188436825654,21.81304314248108,22.157459613151836,2045600.0
BID,2021-08-27,22.100056868040046,22.387070593599006,21.698237652257497,22.21486235826363,1906500.0
BID,2021-08-30,22.387070593599006,22.674084319157966,22.27226510337542,22.645382946602073,1759587.0
BID,2021-08-31,22.73148706426976,22.73148706426976,22.358369221043112,22.358369221043112,1902700.0
BID,2021-09-01,22.27226510337542,22.4444733387108,22.186160985707733,22.387070593599006,1357900.0
BID,2021-09-06,22.4157719661549,22.674084319157966,22.358369221043112,22.4444733387108,1364600.0
BID,2021-09-07,22.55927882893438,23.075903534940515,22.473174711266694,22.788889809381555,1709800.0
BID,2021-09-08,23.075903534940515,23.190709025164097,22.674084319157966,22.73148706426976,1620900.0
BID,2021-09-09,22.73148706426976,22.846292554493342,22.702785691713864,22.846292554493342,839800.0
BID,2021-09-10,22.96109804471693,22.96109804471693,22.73148706426976,22.760188436825654,793800.0
BID,2021-09-13,22.760188436825654,22.760188436825654,22.387070593599006,22.473174711266694,1734700.0
BID,2021-09-14,22.4444733387108,22.473174711266694,22.157459613151836,22.21486235826363,1415300.0
BID,2021-09-15,22.157459613151836,22.387070593599006,22.157459613151836,22.27226510337542,1055100.0
BID,2021-09-16,22.4444733387108,22.674084319157966,22.4157719661549,22.616681574046176,1465600.0
BID,2021-09-17,22.73148706426976,23.219410397719997,22.73148706426976,22.96109804471693,1816280.0
BID,2021-09-20,22.989799417272824,23.133306280052306,22.903695299605136,22.903695299605136,1957000.0
BID,2021-09-21,22.674084319157966,22.846292554493342,22.50187608382259,22.760188436825654,1524100.0
BID,2021-09-22,22.73148706426976,22.903695299605136,22.4444733387108,22.73148706426976,1267800.0
BID,2021-09-23,22.846292554493342,22.903695299605136,22.645382946602073,22.645382946602073,1084600.0
BID,2021-09-24,22.674084319157966,22.846292554493342,22.645382946602073,22.788889809381555,997080.0
BID,2021-09-27,22.788889809381555,23.01850078982872,22.50187608382259,22.616681574046176,1210800.0
BID,2021-09-28,22.616681574046176,23.162007652608203,22.50187608382259,23.01850078982872,2187700.0
BID,2021-09-29,22.989799417272824,22.989799417272824,22.55927882893438,22.903695299605136,1183100.0
BID,2021-09-30,22.874993927049243,22.96109804471693,22.58798020149028,22.645382946602073,1097300.0
BID,2021-10-01,22.55927882893438,22.645382946602073,22.27226510337542,22.27226510337542,1848810.0
BID,2021-10-04,22.300966475931318,22.73148706426976,22.100056868040046,22.32966784848721,1055100.0
BID,2021-10-05,22.387070593599006,22.702785691713864,22.387070593599006,22.55927882893438,730100.0
BID,2021-10-06,22.674084319157966,22.96109804471693,22.55927882893438,22.616681574046176,813300.0
BID,2021-10-07,22.616681574046176,22.674084319157966,22.473174711266694,22.473174711266694,1021500.0
BID,2021-10-08,22.473174711266694,22.616681574046176,22.473174711266694,22.50187608382259,978100.0
BID,2021-10-11,22.73148706426976,22.96109804471693,22.616681574046176,22.96109804471693,1760100.0
BID,2021-10-12,23.075903534940515,23.391618633055373,22.989799417272824,23.10460490749641,1985900.0
BID,2021-10-13,23.133306280052306,23.219410397719997,22.73148706426976,22.903695299605136,1423600.0
BID,2021-10-14,22.903695299605136,22.932396672161033,22.702785691713864,22.702785691713864,1060700.0
BID,2021-10-15,22.702785691713864,22.874993927049243,22.674084319157966,22.674084319157966,1104900.0
BID,2021-10-18,22.674084319157966,22.989799417272824,22.387070593599006,22.55927882893438,1795500.0
BID,2021-10-19,22.55927882893438,23.276813142831784,22.387070593599006,22.989799417272824,2212300.0
BID,2021-10-20,22.989799417272824,23.075903534940515,22.55927882893438,22.81759118193745,1079600.0
BID,2021-10-21,22.81759118193745,22.903695299605136,22.674084319157966,22.674084319157966,632200.0
BID,2021-10-22,22.674084319157966,22.788889809381555,22.55927882893438,22.55927882893438,1054900.0
BID,2021-10-25,22.73148706426976,22.73148706426976,22.50187608382259,22.50187608382259,889700.0
BID,2021-10-26,22.50187608382259,22.616681574046176,22.473174711266694,22.50187608382259,697200.0
BID,2021-10-27,22.530577456378488,22.932396672161033,22.530577456378488,22.903695299605136,1412300.0
BID,2021-10-28,22.96109804471693,23.075903534940515,22.788889809381555,22.874993927049243,1237100.0
BID,2021-10-29,22.96109804471693,23.9369447116174,22.903695299605136,23.822139221393815,3905300.0
BID,2021-11-01,24.109152946952776,24.16655569206457,23.879541966505606,23.994347456729187,3293200.0
BID,2021-11-02,23.994347456729187,24.396166672511736,23.879541966505606,24.080451574396882,1597700.0
BID,2021-11-03,24.28136118228815,25.314610594300415,24.109152946952776,24.711881770626594,6141700.0
BID,2021-11-04,24.769284515738388,25.400714711968103,24.510972162735325,25.25720784918862,4380200.0
BID,2021-11-05,25.25720784918862,25.48681882963579,24.82668726085018,25.027596868741455,1940900.0
BID,2021-11-08,25.027596868741455,25.48681882963579,24.769284515738388,25.19980510407683,2686800.0
BID,2021-11-09,25.25720784918862,25.34331196685631,24.6831803980707,24.6831803980707,3340900.0
BID,2021-11-10,24.74058314318249,24.97019412362966,24.31006255484405,24.6831803980707,2138500.0
BID,2021-11-11,24.912791378517866,24.97019412362966,24.22395843717636,24.56837490784711,2441800.0
BID,2021-11-12,24.31006255484405,24.855388633406072,24.31006255484405,24.797985888294285,1876300.0
BID,2021-11-15,24.884090005961973,24.97019412362966,24.109152946952776,24.56837490784711,1523300.0
BID,2021-11-16,24.510972162735325,24.74058314318249,24.367465299955843,24.56837490784711,1266900.0
BID,2021-11-17,24.482270790179424,25.142402358965036,24.367465299955843,25.027596868741455,2444800.0
BID,2021-11-18,25.25720784918862,25.77383255519475,24.912791378517866,25.544221574747585,3510800.0
BID,2021-11-19,25.57292294730348,26.433964123980363,24.109152946952776,25.48681882963579,4055100.0
BID,2021-11-22,25.48681882963579,26.520068241648055,25.25720784918862,26.1469503984214,4939900.0
BID,2021-11-23,26.118249025865506,26.118249025865506,25.37201333941221,25.65902706497117,1795000.0
BID,2021-11-24,25.802533927750652,26.46266549653626,25.601624319859376,26.433964123980363,4127600.0
BID,2021-11-25,26.634873731871636,26.634873731871636,26.00344353564192,26.032144908197818,2706800.0
BID,2021-11-26,26.46266549653626,26.520068241648055,25.25720784918862,26.089547653309612,4132100.0
BID,2021-11-29,25.544221574747585,25.831235300306545,25.314610594300415,25.544221574747585,3560500.0
BID,2021-11-30,25.77383255519475,26.204353143533194,25.027596868741455,25.48681882963579,2562100.0
BID,2021-12-01,25.48681882963579,25.65902706497117,25.084999613853245,25.429416084523996,1755700.0
BID,2021-12-02,25.400714711968103,26.060846280753715,25.25720784918862,25.37201333941221,1367300.0
BID,2021-12-03,25.544221574747585,25.544221574747585,24.109152946952776,24.109152946952776,2199100.0
BID,2021-12-06,24.6831803980707,24.6831803980707,23.908243339061503,24.080451574396882,2858100.0
BID,2021-12-07,24.13785431950867,25.113700986409143,24.13785431950867,25.027596868741455,1653500.0
BID,2021-12-08,25.084999613853245,25.429416084523996,24.941492751073767,25.25720784918862,1145000.0
BID,2021-12-09,25.228506476632727,25.34331196685631,24.998895496185554,25.25720784918862,1008500.0
BID,2021-12-10,25.429416084523996,25.94604079053013,25.429416084523996,25.601624319859376,2064600.0
BID,2021-12-13,26.118249025865506,26.29045726120088,25.88863804541834,26.118249025865506,2477500.0
BID,2021-12-14,26.233054516089094,26.233054516089094,25.94604079053013,26.00344353564192,1739800.0
BID,2021-12-15,25.94604079053013,26.118249025865506,25.687728437527063,25.77383255519475,1453900.0
BID,2021-12-16,25.831235300306545,25.831235300306545,25.25720784918862,25.77383255519475,1674500.0
BID,2021-12-17,25.77383255519475,26.118249025865506,25.314610594300415,25.77383255519475,1880500.0
BID,2021-12-20,25.716429810082957,25.802533927750652,25.544221574747585,25.601624319859376,1256500.0
BID,2021-12-21,25.544221574747585,25.630325692415273,25.142402358965036,25.142402358965036,2787700.0
BID,2021-12-22,25.25720784918862,25.400714711968103,24.654479025514803,24.855388633406072,2856600.0
BID,2021-12-23,25.240834699761958,25.31336583395668,24.442992223620063,25.023241297177808,2318800.0
BID,2021-12-24,25.023241297177808,25.676021504930272,25.023241297177808,25.3858969681514,1525000.0
BID,2021-12-27,25.530959236540838,25.74855263912499,25.3858969681514,25.60349037073555,1202100.0
BID,2021-12-28,25.74855263912499,25.74855263912499,25.31336583395668,25.530959236540838,1359900.0
BID,2021-12-29,25.784818206222347,25.784818206222347,25.45842810234612,25.530959236540838,1581600.0
BID,2021-12-30,25.676021504930272,25.89361490751443,25.530959236540838,25.676021504930272,987000.0
BID,2021-12-31,25.82108377331971,27.344237591408795,25.74855263912499,26.909050786240485,4857000.0
BID,2022-01-04,27.271706457214076,27.561830993992945,27.01784748753256,27.126644188824635,1769200.0
BID,2022-01-05,27.489299859798226,27.489299859798226,26.763988517851043,26.872785219143122,1922200.0
BID,2022-01-06,26.473863981072174,28.14208006755069,26.292536145585377,27.561830993992945,5998800.0
BID,2022-01-07,28.033283366258615,28.613532439816364,27.307972024311432,28.43220460432957,4367700.0
BID,2022-01-10,28.43220460432957,29.230047080471465,28.14208006755069,28.178345634648053,3180600.0
BID,2022-01-11,28.14208006755069,28.939922543692592,27.7794243965771,28.577266872719,4276500.0
BID,2022-01-12,28.577266872719,30.571873063073756,28.577266872719,30.571873063073756,8028300.0
BID,2022-01-13,30.82573203275527,32.71154152181795,30.82573203275527,31.913699045676044,9714800.0
BID,2022-01-14,31.405981106313014,32.71154152181795,31.405981106313014,32.09502688116284,3265400.0
BID,2022-01-17,31.913699045676044,34.08963307151759,31.62357450889717,31.659840075994527,7861100.0
BID,2022-01-18,31.478512240507733,32.96540049149946,31.478512240507733,32.566479253428504,4849200.0
BID,2022-01-19,32.67527595472058,33.21925946118097,31.587308941799808,31.659840075994527,2972800.0
BID,2022-01-20,31.26091883792358,33.87203966893344,30.644404197268475,33.87203966893344,5657900.0
BID,2022-01-21,34.12589863861495,35.39519348702252,33.726977400544,34.343492041199106,4570000.0
BID,2022-01-24,34.01710193732287,35.17760008443837,33.98083637022552,34.01710193732287,4165100.0
BID,2022-01-25,33.58191513215456,35.540255755411955,33.29179059537569,35.540255755411955,4703200.0
BID,2022-01-26,35.90291142638555,36.229301530261786,34.88747554765949,34.88747554765949,4052900.0
BID,2022-01-27,34.81494441346477,35.17760008443837,34.379757608296465,34.5248198766859,1921100.0
BID,2022-01-28,34.5248198766859,35.540255755411955,34.307226474101746,34.77867884636742,2956900.0
BID,2022-02-07,35.10506895024365,35.250131218633086,34.234695339907034,34.379757608296465,3477200.0
BID,2022-02-08,34.379757608296465,35.10506895024365,33.726977400544,34.343492041199106,2672600.0
BID,2022-02-09,34.307226474101746,35.467724621217236,34.08963307151759,35.10506895024365,4562000.0
BID,2022-02-10,35.250131218633086,35.467724621217236,34.81494441346477,35.10506895024365,2741500.0
BID,2022-02-11,34.96000668185421,35.17760008443837,34.669882145075334,34.74241327927005,1716100.0
BID,2022-02-14,34.234695339907034,34.5248198766859,32.45768255213643,32.45768255213643,7129000.0
BID,2022-02-15,32.53021368633115,33.58191513215456,32.203823582454916,33.50938399795985,3694100.0
BID,2022-02-16,33.436852863765125,33.436852863765125,32.42141698503907,32.7478070889153,2795800.0
BID,2022-02-17,33.146728326986256,33.364321729570406,32.42141698503907,33.364321729570406,1790200.0
BID,2022-02-18,32.96540049149946,33.400587296667766,32.42141698503907,32.42141698503907,2995400.0
BID,2022-02-21,32.493948119233785,32.96540049149946,31.69610564309189,32.82033822311002,2957200.0
BID,2022-02-22,32.566479253428504,33.364321729570406,32.42141698503907,33.364321729570406,2290300.0
BID,2022-02-23,33.726977400544,34.01710193732287,33.00166605859682,33.07419719279154,2954000.0
BID,2022-02-24,32.85660379020738,33.03793162569418,31.62357450889717,32.348885850844354,3385900.0
BID,2022-02-25,32.348885850844354,33.07419719279154,32.276354716649635,32.312620283746995,2347500.0
BID,2022-02-28,32.1312924482602,32.312620283746995,31.69610564309189,31.69610564309189,2699000.0
BID,2022-03-01,31.73237121018925,32.63901038762322,31.62357450889717,31.986230179870763,2395600.0
BID,2022-03-02,31.69610564309189,31.913699045676044,30.716935331463194,30.789466465657913,3090100.0
BID,2022-03-03,30.716935331463194,31.3334499721183,30.463076361781678,31.043325435339423,2473700.0
BID,2022-03-04,31.043325435339423,31.551043374702452,30.82573203275527,31.405981106313014,1660800.0
BID,2022-03-07,31.043325435339423,31.043325435339423,30.571873063073756,30.644404197268475,2266100.0
BID,2022-03-08,30.31801409339224,30.861997599852625,30.027889556613367,30.172951825002805,2585800.0
BID,2022-03-09,30.172951825002805,30.39054522758696,29.375109348860903,29.375109348860903,1970700.0
BID,2022-03-10,30.100420690808086,30.463076361781678,29.70149945273714,29.70149945273714,1563100.0
BID,2022-03-11,29.70149945273714,30.354279660489603,29.70149945273714,30.354279660489603,1476500.0
BID,2022-03-14,30.354279660489603,30.608138630171116,29.955358422418648,29.955358422418648,1337300.0
BID,2022-03-15,29.955358422418648,30.608138630171116,29.737765019834494,30.535607495976397,1515300.0
BID,2022-03-16,30.68066976436583,30.68066976436583,30.100420690808086,30.172951825002805,1331400.0
BID,2022-03-17,30.608138630171116,32.09502688116284,29.737765019834494,31.551043374702452,5819900.0
BID,2022-03-18,31.69610564309189,32.348885850844354,31.551043374702452,31.841167911481325,2786600.0
BID,2022-03-21,31.841167911481325,31.986230179870763,31.405981106313014,31.768636777286606,1279000.0
BID,2022-03-22,31.768636777286606,31.877433478578688,31.3334499721183,31.551043374702452,2825000.0
BID,2022-03-23,31.514777807605096,32.203823582454916,31.29718440502094,31.478512240507733,1995900.0
BID,2022-03-24,31.478512240507733,31.514777807605096,31.18838770372886,31.26091883792358,1287000.0
BID,2022-03-25,31.29718440502094,31.80490234438397,30.898263166949988,31.514777807605096,1969000.0
BID,2022-03-28,31.18838770372886,31.514777807605096,30.06415512371073,30.172951825002805,3983900.0
BID,2022-03-29,30.245482959197524,30.82573203275527,30.100420690808086,30.75320089856055,1733800.0
BID,2022-03-30,30.535607495976397,32.63901038762322,30.245482959197524,31.587308941799808,3512800.0
BID,2022-03-31,31.73237121018925,31.877433478578688,31.478512240507733,31.551043374702452,1444000.0
BID,2022-04-01,31.551043374702452,32.276354716649635,31.478512240507733,32.16755801535756,3165900.0
BID,2022-04-04,32.60274482052587,32.60274482052587,32.09502688116284,32.09502688116284,2081900.0
BID,2022-04-05,31.551043374702452,31.768636777286606,31.29718440502094,31.405981106313014,2905000.0
BID,2022-04-06,31.18838770372886,31.768636777286606,30.934528734047348,31.551043374702452,3242600.0
BID,2022-04-07,31.551043374702452,32.16755801535756,31.224653270826217,31.224653270826217,3152800.0
BID,2022-04-08,31.18838770372886,31.3334499721183,30.31801409339224,30.39054522758696,3146100.0
BID,2022-04-12,30.68066976436583,30.68066976436583,29.338843781763547,29.338843781763547,3187500.0
BID,2022-04-13,29.375109348860903,30.027889556613367,29.08498481208203,29.665233885639775,1996100.0
BID,2022-04-14,30.027889556613367,30.027889556613367,29.375109348860903,29.375109348860903,1890900.0
BID,2022-04-15,29.447640483055622,29.882827288223933,28.28714233594013,28.504735738524282,2508700.0
BID,2022-04-18,28.68606357401108,28.79486027530316,27.416768725603507,27.52556542689559,2820600.0
BID,2022-04-19,27.815689963674462,28.43220460432957,27.199175323019354,27.52556542689559,2322500.0
BID,2022-04-20,27.52556542689559,28.14208006755069,27.45303429270087,27.52556542689559,1458300.0
BID,2022-04-21,27.489299859798226,28.105814500453334,27.307972024311432,27.924486664966537,2094100.0
BID,2022-04-22,27.99701779916126,28.359673470134847,27.561830993992945,27.924486664966537,2628900.0
BID,2022-04-25,27.924486664966537,27.99701779916126,26.002411608806504,26.002411608806504,2945400.0
BID,2022-04-26,25.494693669443475,27.01784748753256,25.494693669443475,26.763988517851043,1857800.0
BID,2022-04-27,26.836519652045766,27.199175323019354,26.437598413974815,26.981581920435204,748100.0
BID,2022-04-28,26.981581920435204,26.981581920435204,26.618926249461612,26.618926249461612,974900.0
BID,2022-04-29,26.727722950753687,27.38050315850615,26.691457383656324,27.01784748753256,1518600.0
BID,2022-05-04,27.01784748753256,27.344237591408795,26.800254084948406,27.01784748753256,1561000.0
BID,2022-05-05,27.271706457214076,27.706893262382387,26.836519652045766,27.706893262382387,1990600.0
BID,2022-05-06,27.09037862172728,27.45303429270087,26.836519652045766,26.836519652045766,1606200.0
BID,2022-05-09,26.546395115266893,26.763988517851043,24.98697573008045,24.98697573008045,2414100.0
BID,2022-05-10,24.733116760398936,26.038677175903864,24.297929955230625,25.96614604170914,1727600.0
BID,2022-05-11,25.929880474611785,26.183739444293302,25.422162535248756,26.183739444293302,862900.0
BID,2022-05-12,25.676021504930272,25.96614604170914,24.370461089425344,24.370461089425344,1507900.0
BID,2022-05-13,24.51552335781478,24.660585626204217,23.064900673920413,23.064900673920413,2353900.0
BID,2022-05-16,24.08033655264647,24.116602119743828,23.35502521069929,23.35502521069929,1280700.0
BID,2022-05-17,23.572618613283442,24.98697573008045,23.246228509407207,24.98697573008045,1175800.0
BID,2022-05-18,25.31336583395668,25.74855263912499,24.805647894593655,25.31336583395668,1288800.0
BID,2022-05-19,24.660585626204217,25.3858969681514,24.588054492009498,25.132037998469883,895100.0
BID,2022-05-20,24.95071016298309,25.31336583395668,24.87817902878837,25.023241297177808,1128100.0
BID,2022-05-23,24.95071016298309,25.168303565567246,23.935274284257034,24.189133253938547,1002800.0
BID,2022-05-24,24.442992223620063,24.551788924912138,24.007805418451753,24.47925779071742,768000.0
BID,2022-05-25,24.660585626204217,25.45842810234612,24.660585626204217,25.31336583395668,1066800.0
BID,2022-05-26,25.82108377331971,25.929880474611785,25.3858969681514,25.45842810234612,1194100.0
BID,2022-05-27,25.45842810234612,25.676021504930272,25.31336583395668,25.60349037073555,891000.0
BID,2022-05-30,25.74855263912499,26.002411608806504,25.530959236540838,25.929880474611785,1088100.0
BID,2022-05-31,25.74855263912499,25.82108377331971,25.3858969681514,25.60349037073555,1027300.0
BID,2022-06-01,25.45842810234612,25.784818206222347,25.34963140105404,25.494693669443475,1071100.0
BID,2022-06-02,25.494693669443475,25.530959236540838,25.023241297177808,25.168303565567246,905200.0
BID,2022-06-03,25.168303565567246,25.204569132664602,24.660585626204217,24.91444459588573,570700.0
BID,2022-06-06,24.91444459588573,25.132037998469883,24.51552335781478,24.805647894593655,918800.0
BID,2022-06-07,24.733116760398936,24.805647894593655,24.007805418451753,24.370461089425344,1172500.0
BID,2022-06-08,24.442992223620063,25.240834699761958,24.4067266565227,24.87817902878837,982900.0
BID,2022-06-09,24.91444459588573,25.204569132664602,24.733116760398936,25.023241297177808,594400.0
BID,2022-06-10,24.696851193301573,24.87817902878837,24.51552335781478,24.51552335781478,916000.0
BID,2022-06-13,23.97153985135439,24.189133253938547,23.17369737521249,23.17369737521249,1446900.0
BID,2022-06-14,23.13743180811513,23.790212015867596,22.557182734557387,23.427556344894004,1178900.0
BID,2022-06-15,23.20996294230985,23.572618613283442,22.484651600362668,23.20996294230985,1366100.0
BID,2022-06-16,23.20996294230985,23.790212015867596,23.20996294230985,23.427556344894004,1621500.0
BID,2022-06-17,23.17369737521249,23.17369737521249,22.629713868752102,22.919838405530978,1218700.0
BID,2022-06-20,22.992369539725694,23.064900673920413,21.396684587441893,21.396684587441893,972600.0
BID,2022-06-21,21.10656005066302,22.23079263068115,20.997763349370942,21.97693366099964,1403700.0
BID,2022-06-22,21.97693366099964,22.919838405530978,21.61427799002605,22.121995929389076,1532700.0
BID,2022-06-23,22.121995929389076,22.484651600362668,21.795605825512844,22.484651600362668,422300.0
BID,2022-06-24,22.629713868752102,23.391290777796645,22.557182734557387,22.629713868752102,1328200.0
BID,2022-06-27,22.70224500294682,23.064900673920413,22.593448301654742,23.028635106823053,826300.0
BID,2022-06-28,22.919838405530978,24.624320059106857,22.919838405530978,24.4067266565227,2512700.0
BID,2022-06-29,23.935274284257034,25.31336583395668,23.935274284257034,25.31336583395668,2412200.0
BID,2022-06-30,25.3858969681514,25.3858969681514,24.297929955230625,24.297929955230625,1498400.0
BID,2022-07-01,23.862743150062315,25.89361490751443,23.28249407650457,25.422162535248756,3520700.0
BID,2022-07-04,25.74855263912499,25.929880474611785,25.31336583395668,25.422162535248756,1827500.0
BID,2022-07-05,25.422162535248756,27.199175323019354,25.3858969681514,26.328801712682733,4953559.0
BID,2022-07-06,25.96614604170914,26.763988517851043,25.74855263912499,25.82108377331971,2751616.0
BID,2022-07-07,25.676021504930272,26.58266068236425,24.87817902878837,26.328801712682733,2824700.0
BID,2022-07-08,26.40133284687745,26.437598413974815,25.3858969681514,25.3858969681514,1979400.0
BID,2022-07-11,25.31336583395668,25.494693669443475,23.935274284257034,25.023241297177808,2058500.0
BID,2022-07-12,24.91444459588573,26.473863981072174,24.805647894593655,26.40133284687745,1671000.0
BID,2022-07-13,26.25627057848802,26.981581920435204,25.96614604170914,26.14747387719594,2657100.0
BID,2022-07-14,25.96614604170914,26.763988517851043,25.929880474611785,26.220005011390658,1504200.0
BID,2022-07-15,26.183739444293302,26.65519181655897,25.96614604170914,25.96614604170914,1387300.0
BID,2022-07-18,26.111208310098583,26.111208310098583,25.676021504930272,25.74855263912499,1698400.0
BID,2022-07-19,25.74855263912499,26.002411608806504,25.3858969681514,25.857349340417066,1081900.0
BID,2022-07-20,26.25627057848802,26.763988517851043,26.074942743001223,26.40133284687745,1587800.0
BID,2022-07-21,26.25627057848802,26.727722950753687,26.25627057848802,26.473863981072174,1519100.0
BID,2022-07-22,26.763988517851043,26.763988517851043,25.74855263912499,25.74855263912499,1247400.0
BID,2022-07-25,25.74855263912499,26.038677175903864,25.240834699761958,25.676021504930272,1196800.0
BID,2022-07-26,25.96614604170914,26.111208310098583,25.74855263912499,25.784818206222347,1090800.0
BID,2022-07-27,25.784818206222347,25.857349340417066,25.3858969681514,25.784818206222347,725200.0
BID,2022-07-28,26.111208310098583,26.727722950753687,25.89361490751443,26.473863981072174,2049800.0
BID,2022-07-29,26.618926249461612,27.489299859798226,26.58266068236425,27.054113054629916,4174700.0
BID,2022-08-01,27.126644188824635,28.28714233594013,27.054113054629916,28.28714233594013,3367400.0
BID,2022-08-02,27.99701779916126,28.28714233594013,27.706893262382387,27.924486664966537,1951800.0
BID,2022-08-03,27.52556542689559,28.504735738524282,27.489299859798226,28.504735738524282,2146200.0
BID,2022-08-04,28.504735738524282,28.7585947082058,27.924486664966537,28.504735738524282,2421700.0
BID,2022-08-05,28.43220460432957,28.43220460432957,27.924486664966537,28.28714233594013,1029400.0
BID,2022-08-08,28.28714233594013,28.468470171426926,28.06954893335598,28.14208006755069,987900.0
BID,2022-08-09,28.14208006755069,28.43220460432957,27.99701779916126,28.033283366258615,1567700.0
BID,2022-08-10,27.924486664966537,28.14208006755069,27.851955530771818,27.851955530771818,987000.0
BID,2022-08-11,28.28714233594013,28.504735738524282,27.706893262382387,27.7794243965771,1834100.0
BID,2022-08-12,27.7794243965771,28.43220460432957,27.670627695285024,28.43220460432957,1639000.0
BID,2022-08-15,28.504735738524282,29.846561721126573,28.504735738524282,29.737765019834494,3772200.0
BID,2022-08-16,29.70149945273714,29.810296154029214,29.375109348860903,29.375109348860903,981400.0
BID,2022-08-17,29.375109348860903,29.447640483055622,29.01245367788731,29.01245367788731,1394900.0
BID,2022-08-18,28.79486027530316,29.08498481208203,28.72232914110844,28.72232914110844,1480900.0
BID,2022-08-19,28.68606357401108,29.01245367788731,28.43220460432957,28.541001305621645,1451800.0
BID,2022-08-22,28.541001305621645,28.541001305621645,27.815689963674462,27.88822109786918,1761800.0
BID,2022-08-23,27.815689963674462,28.64979800691372,27.706893262382387,28.64979800691372,1732500.0
BID,2022-08-24,28.79486027530316,28.867391409497873,28.250876768842772,28.504735738524282,969800.0
BID,2022-08-25,28.28714233594013,28.64979800691372,28.250876768842772,28.504735738524282,1272100.0
BID,2022-08-26,28.504735738524282,29.12125037917939,28.504735738524282,28.577266872719,2006200.0
BID,2022-08-29,27.99701779916126,28.504735738524282,27.670627695285024,28.28714233594013,1345400.0
BID,2022-08-30,28.323407903037488,29.338843781763547,28.28714233594013,28.867391409497873,2704700.0
BID,2022-08-31,28.867391409497873,29.15751594627675,28.72232914110844,29.01245367788731,1622100.0
BID,2022-09-05,29.01245367788731,29.04871924498467,28.468470171426926,28.64979800691372,803800.0
BID,2022-09-06,28.64979800691372,29.411374915958262,28.613532439816364,29.04871924498467,1779600.0
BID,2022-09-07,28.939922543692592,28.939922543692592,27.416768725603507,27.416768725603507,3012000.0
BID,2022-09-08,27.489299859798226,27.815689963674462,26.546395115266893,26.618926249461612,2190400.0
BID,2022-09-09,26.618926249461612,26.909050786240485,26.220005011390658,26.836519652045766,1111000.0
BID,2022-09-12,26.836519652045766,27.199175323019354,26.691457383656324,26.763988517851043,937800.0
BID,2022-09-13,26.763988517851043,27.01784748753256,26.58266068236425,26.691457383656324,840200.0
BID,2022-09-14,26.111208310098583,26.473863981072174,26.074942743001223,26.473863981072174,933100.0
BID,2022-09-15,26.473863981072174,26.691457383656324,25.857349340417066,25.929880474611785,1945600.0
BID,2022-09-16,26.111208310098583,26.25627057848802,25.74855263912499,25.74855263912499,974900.0
BID,2022-09-19,25.71228707202763,25.71228707202763,24.733116760398936,24.805647894593655,1276000.0
BID,2022-09-20,24.87817902878837,25.567224803638194,24.87817902878837,25.494693669443475,1116600.0
BID,2022-09-21,25.240834699761958,25.45842810234612,25.204569132664602,25.204569132664602,837400.0
BID,2022-09-22,25.059506864275164,25.60349037073555,24.98697573008045,25.494693669443475,977300.0
BID,2022-09-23,25.82108377331971,25.82108377331971,25.023241297177808,25.204569132664602,785400.0
BID,2022-09-26,24.733116760398936,24.84191346169101,23.500087479088723,24.225398821035906,2016400.0
BID,2022-09-27,24.297929955230625,24.696851193301573,23.935274284257034,24.442992223620063,607300.0
BID,2022-09-28,24.442992223620063,24.588054492009498,24.189133253938547,24.297929955230625,777900.0
BID,2022-09-29,24.660585626204217,24.733116760398936,24.261664388133266,24.297929955230625,1000100.0
BID,2022-09-30,23.790212015867596,24.588054492009498,23.427556344894004,24.588054492009498,1817900.0
BID,2022-10-03,24.007805418451753,24.370461089425344,22.88357283843362,22.88357283843362,1573400.0
BID,2022-10-04,23.20996294230985,23.246228509407207,22.41212046616795,22.484651600362668,1195400.0
BID,2022-10-05,23.064900673920413,23.20996294230985,22.70224500294682,23.064900673920413,864200.0
BID,2022-10-06,23.17369737521249,23.17369737521249,22.484651600362668,22.484651600362668,915800.0
BID,2022-10-07,22.121995929389076,22.194527063583795,20.961497782273582,21.179091184857736,1716300.0
BID,2022-10-10,20.417514275813197,22.085730362291716,20.30871757452112,21.759340258415484,1000800.0
BID,2022-10-11,21.759340258415484,21.759340258415484,20.67137324549471,20.67137324549471,1192900.0
BID,2022-10-12,21.0340289164683,22.085730362291716,20.816435513884148,22.085730362291716,1476600.0
BID,2022-10-13,22.158261496486436,23.536353046186086,22.085730362291716,23.536353046186086,1698700.0
BID,2022-10-14,23.935274284257034,24.08033655264647,23.64514974747816,23.935274284257034,1720800.0
BID,2022-10-17,23.899008717159674,23.899008717159674,22.992369539725694,23.71768088167288,1089600.0
BID,2022-10-18,23.935274284257034,24.261664388133266,23.71768088167288,23.790212015867596,882400.0
BID,2022-10-19,23.790212015867596,24.297929955230625,23.500087479088723,23.935274284257034,1062800.0
BID,2022-10-20,23.64514974747816,24.660585626204217,23.572618613283442,24.04407098554911,1476325.0
BID,2022-10-21,24.04407098554911,24.04407098554911,23.28249407650457,23.64514974747816,1657300.0
BID,2022-10-24,23.899008717159674,23.899008717159674,22.013199228097,22.013199228097,1374200.0
BID,2022-10-25,21.759340258415484,23.536353046186086,21.25162231905246,22.70224500294682,1464500.0
BID,2022-10-26,22.84730727133626,23.572618613283442,22.70224500294682,22.992369539725694,684000.0
BID,2022-10-27,23.064900673920413,24.588054492009498,23.064900673920413,24.588054492009498,2310800.0
BID,2022-10-28,24.87817902878837,25.34963140105404,24.51552335781478,24.51552335781478,2106200.0
BID,2022-10-31,24.51552335781478,25.27710026685932,24.442992223620063,25.059506864275164,2917500.0
BID,2022-11-01,25.095772431372527,25.494693669443475,24.660585626204217,24.696851193301573,1615200.0
BID,2022-11-02,24.696851193301573,24.91444459588573,24.33419552232798,24.442992223620063,1325200.0
BID,2022-11-03,24.04407098554911,24.51552335781478,23.935274284257034,23.935274284257034,1125400.0
BID,2022-11-04,23.935274284257034,24.4067266565227,22.88357283843362,24.152867686841187,2376600.0
BID,2022-11-07,23.790212015867596,24.733116760398936,23.790212015867596,24.152867686841187,1582200.0
BID,2022-11-08,23.935274284257034,25.3858969681514,23.935274284257034,25.31336583395668,3079100.0
BID,2022-11-09,25.45842810234612,26.691457383656324,25.422162535248756,26.220005011390658,4501700.0
BID,2022-11-10,26.074942743001223,26.074942743001223,24.4067266565227,25.168303565567246,2499700.0
BID,2022-11-11,26.111208310098583,26.473863981072174,25.676021504930272,26.111208310098583,2165600.0
BID,2022-11-14,25.82108377331971,26.763988517851043,25.31336583395668,26.038677175903864,1326800.0
BID,2022-11-15,25.3858969681514,25.929880474611785,24.225398821035906,24.225398821035906,1888700.0
BID,2022-11-16,23.13743180811513,25.89361490751443,22.88357283843362,25.89361490751443,1603000.0
BID,2022-11-17,26.25627057848802,26.473863981072174,25.74855263912499,25.857349340417066,1492200.0
BID,2022-11-18,25.857349340417066,26.14747387719594,24.660585626204217,26.074942743001223,1383600.0
BID,2022-11-21,26.473863981072174,26.473863981072174,25.74855263912499,25.74855263912499,1285300.0
BID,2022-11-22,25.095772431372527,26.65519181655897,25.095772431372527,26.437598413974815,2109100.0
BID,2022-11-23,26.40133284687745,27.561830993992945,26.074942743001223,27.126644188824635,2475200.0
BID,2022-11-24,26.981581920435204,27.851955530771818,26.691457383656324,27.561830993992945,1789300.0
BID,2022-11-25,27.851955530771818,29.01245367788731,27.706893262382387,29.01245367788731,2564400.0
BID,2022-11-28,29.01245367788731,29.447640483055622,28.28714233594013,28.64979800691372,2605800.0
BID,2022-11-29,28.64979800691372,29.737765019834494,28.178345634648053,29.737765019834494,2549200.0
BID,2022-11-30,29.737765019834494,30.68066976436583,28.64979800691372,29.810296154029214,2054900.0
BID,2022-12-01,29.810296154029214,30.100420690808086,28.28714233594013,28.28714233594013,1935500.0
BID,2022-12-02,28.28714233594013,29.955358422418648,28.250876768842772,29.882827288223933,1503000.0
BID,2022-12-05,30.027889556613367,30.463076361781678,29.411374915958262,29.919092855321292,1665800.0
BID,2022-12-06,29.810296154029214,29.810296154029214,28.359673470134847,28.359673470134847,2673000.0
BID,2022-12-07,28.64979800691372,28.64979800691372,27.924486664966537,28.28714233594013,1797900.0
BID,2022-12-08,28.43220460432957,29.882827288223933,28.14208006755069,28.28714233594013,2731500.0
BID,2022-12-09,28.21461120174541,28.64979800691372,27.7794243965771,28.43220460432957,1747100.0
BID,2022-12-12,28.577266872719,28.939922543692592,27.634362128187668,27.634362128187668,1983700.0
BID,2022-12-13,27.598096561090305,28.64979800691372,27.598096561090305,28.06954893335598,1706400.0
BID,2022-12-14,28.79486027530316,28.79486027530316,28.14208006755069,28.14208006755069,679400.0
BID,2022-12-15,27.99701779916126,28.903656976595236,27.99701779916126,28.28714233594013,1459900.0
BID,2022-12-16,28.033283366258615,28.64979800691372,28.033283366258615,28.21461120174541,1000200.0
BID,2022-12-19,28.14208006755069,29.375109348860903,28.14208006755069,28.14208006755069,1917400.0
BID,2022-12-20,28.14208006755069,28.28714233594013,27.199175323019354,27.924486664966537,1652700.0
BID,2022-12-21,28.178345634648053,28.72232914110844,27.88822109786918,27.99701779916126,1432800.0
BID,2022-12-22,28.178345634648053,28.939922543692592,28.105814500453334,28.28714233594013,1335700.0
BID,2022-12-23,28.64979800691372,28.64979800691372,28.28714233594013,28.28714233594013,690600.0
BID,2022-12-26,28.28714233594013,28.359673470134847,28.105814500453334,28.14208006755069,1255700.0
BID,2022-12-27,28.14208006755069,29.01245367788731,28.06954893335598,29.01245367788731,1686000.0
BID,2022-12-28,29.08498481208203,30.75320089856055,28.72232914110844,30.39054522758696,3692800.0
BID,2022-12-29,30.463076361781678,30.535607495976397,29.01245367788731,29.01245367788731,1265700.0
BID,2022-12-30,29.19378151337411,30.100420690808086,27.99701779916126,27.99701779916126,2618200.0
BID,2023-01-03,28.504735738524282,29.882827288223933,28.323407903037488,29.882827288223933,1732900.0
BID,2023-01-04,29.882827288223933,30.608138630171116,29.302578214666184,29.592702751445056,2070300.0
BID,2023-01-05,29.737765019834494,29.810296154029214,29.19378151337411,29.5564371843477,1175100.0
BID,2023-01-06,29.5564371843477,30.789466465657913,29.447640483055622,30.209217392100165,3400900.0
BID,2023-01-09,30.608138630171116,30.608138630171116,29.62896831854242,29.737765019834494,1326400.0
BID,2023-01-10,30.172951825002805,30.245482959197524,29.5564371843477,29.955358422418648,924000.0
BID,2023-01-11,30.172951825002805,30.608138630171116,29.665233885639775,29.919092855321292,1531300.0
BID,2023-01-12,29.99162398951601,30.42681079468432,29.737765019834494,30.06415512371073,900200.0
BID,2023-01-13,30.172951825002805,30.608138630171116,30.172951825002805,30.31801409339224,1630000.0
BID,2023-01-16,30.463076361781678,32.42141698503907,30.42681079468432,32.42141698503907,4737900.0
BID,2023-01-17,32.63901038762322,32.85660379020738,32.348885850844354,32.60274482052587,1499200.0
BID,2023-01-18,32.566479253428504,33.03793162569418,32.493948119233785,32.71154152181795,1832900.0
BID,2023-01-19,32.71154152181795,33.58191513215456,32.60274482052587,33.328056162473054,1857800.0
BID,2023-01-27,33.726977400544,33.79950853473872,32.276354716649635,32.312620283746995,1729800.0
BID,2023-01-30,31.913699045676044,32.566479253428504,31.913699045676044,32.276354716649635,1390300.0
BID,2023-01-31,32.09502688116284,32.71154152181795,31.587308941799808,32.71154152181795,1643500.0
BID,2023-02-01,32.89286935730474,33.00166605859682,30.898263166949988,31.043325435339423,2599500.0
BID,2023-02-02,31.007059868242067,31.62357450889717,30.535607495976397,31.29718440502094,2864500.0
BID,2023-02-03,31.551043374702452,31.768636777286606,31.29718440502094,31.442246673410377,1377900.0
BID,2023-02-06,31.405981106313014,32.63901038762322,31.11585656953414,32.63901038762322,1747200.0
BID,2023-02-07,32.63901038762322,32.89286935730474,31.69610564309189,31.768636777286606,1629900.0
BID,2023-02-08,31.841167911481325,32.82033822311002,31.841167911481325,32.276354716649635,1796700.0
BID,2023-02-09,32.276354716649635,32.63901038762322,31.913699045676044,31.913699045676044,1184800.0
BID,2023-02-10,32.203823582454916,32.312620283746995,31.152122136631505,31.152122136631505,1398000.0
BID,2023-02-13,31.152122136631505,32.203823582454916,31.152122136631505,32.203823582454916,1589700.0
BID,2023-02-14,32.276354716649635,32.276354716649635,31.405981106313014,31.478512240507733,1325100.0
BID,2023-02-15,31.29718440502094,32.240089149552276,31.29718440502094,31.913699045676044,604600.0
BID,2023-02-16,32.42141698503907,32.63901038762322,31.913699045676044,32.63901038762322,1068100.0
BID,2023-02-17,32.63901038762322,33.21925946118097,32.60274482052587,33.21925946118097,1493700.0
BID,2023-02-20,33.21925946118097,34.343492041199106,33.21925946118097,34.234695339907034,1508300.0
BID,2023-02-21,34.234695339907034,34.307226474101746,33.545649565057204,33.545649565057204,996600.0
BID,2023-02-22,33.255525028278335,33.364321729570406,32.63901038762322,32.63901038762322,994100.0
BID,2023-02-23,32.60274482052587,33.03793162569418,31.69610564309189,33.03793162569418,1279900.0
BID,2023-02-24,32.67527595472058,33.03793162569418,32.203823582454916,32.348885850844354,497900.0
BID,2023-02-27,32.276354716649635,32.276354716649635,31.62357450889717,32.09502688116284,939200.0
BID,2023-02-28,32.09502688116284,32.348885850844354,31.9499646127734,31.986230179870763,257600.0
BID,2023-03-01,31.913699045676044,33.1104627598889,31.768636777286606,33.1104627598889,740900.0
BID,2023-03-02,33.1104627598889,33.726977400544,32.9291349244021,33.65444626634928,976200.0
BID,2023-03-03,33.65444626634928,33.726977400544,32.82033822311002,33.29179059537569,735400.0
BID,2023-03-06,33.29179059537569,34.08963307151759,32.85660379020738,33.21925946118097,864900.0
BID,2023-03-07,33.00166605859682,34.16216420571231,33.00166605859682,34.01710193732287,1634600.0
BID,2023-03-08,33.65444626634928,34.81494441346477,33.29179059537569,34.81494441346477,1229700.0
BID,2023-03-09,34.81494441346477,34.81494441346477,34.12589863861495,34.56108544378326,1170600.0
BID,2023-03-10,34.416023175393825,34.416023175393825,34.05336750442024,34.19842977280967,862200.0
BID,2023-03-13,33.79950853473872,34.01710193732287,33.545649565057204,33.545649565057204,933700.0
BID,2023-03-14,33.436852863765125,33.61818069925192,32.45768255213643,32.67527595472058,1444500.0
BID,2023-03-15,33.364321729570406,34.379757608296465,32.96540049149946,33.94457080312815,628400.0
BID,2023-03-16,33.400587296667766,34.01710193732287,33.400587296667766,33.545649565057204,875700.0
BID,2023-03-17,34.08963307151759,34.08963307151759,33.364321729570406,33.58191513215456,310700.0
BID,2023-03-20,33.364321729570406,33.364321729570406,32.63901038762322,32.89286935730474,585800.0
BID,2023-03-21,32.9291349244021,33.182993894083616,32.493948119233785,32.89286935730474,741600.0
BID,2023-03-22,33.182993894083616,33.50938399795985,32.96540049149946,33.436852863765125,560800.0
BID,2023-03-23,32.85660379020738,33.364321729570406,32.85660379020738,33.29179059537569,414900.0
BID,2023-03-24,33.29179059537569,33.58191513215456,33.00166605859682,33.03793162569418,364600.0
BID,2023-03-27,33.03793162569418,33.473118430862485,32.63901038762322,33.364321729570406,672200.0
BID,2023-03-28,33.726977400544,33.94457080312815,33.364321729570406,33.364321729570406,504000.0
BID,2023-03-29,33.364321729570406,33.61818069925192,33.03793162569418,33.50938399795985,303100.0
BID,2023-03-30,33.545649565057204,33.79950853473872,33.50938399795985,33.50938399795985,699700.0
BID,2023-03-31,33.50938399795985,34.08963307151759,33.400587296667766,33.50938399795985,643700.0
BID,2023-04-03,33.83577410183608,33.94457080312815,33.21925946118097,33.29179059537569,1263700.0
BID,2023-04-04,33.29179059537569,33.473118430862485,33.146728326986256,33.364321729570406,889600.0
BID,2023-04-05,33.364321729570406,33.58191513215456,32.85660379020738,33.00166605859682,1363800.0
BID,2023-04-06,33.00166605859682,33.726977400544,32.85660379020738,33.364321729570406,1514700.0
BID,2023-04-07,33.182993894083616,33.364321729570406,33.00166605859682,33.1104627598889,731900.0
BID,2023-04-10,33.21925946118097,33.21925946118097,32.42141698503907,32.42141698503907,1806100.0
BID,2023-04-11,32.240089149552276,32.385151417941714,32.02249574696812,32.203823582454916,1229100.0
BID,2023-04-12,32.276354716649635,32.493948119233785,32.058761314065485,32.203823582454916,775500.0
BID,2023-04-13,32.203823582454916,32.63901038762322,32.203823582454916,32.60274482052587,779000.0
BID,2023-04-14,32.63901038762322,32.63901038762322,32.240089149552276,32.240089149552276,618700.0
BID,2023-04-17,32.240089149552276,32.71154152181795,32.203823582454916,32.63901038762322,716600.0
BID,2023-04-18,32.493948119233785,32.63901038762322,32.1312924482602,32.348885850844354,639700.0
BID,2023-04-19,32.45768255213643,32.45768255213643,32.058761314065485,32.203823582454916,452100.0
BID,2023-04-20,32.16755801535756,32.348885850844354,32.02249574696812,32.348885850844354,256900.0
BID,2023-04-21,32.348885850844354,32.348885850844354,32.058761314065485,32.058761314065485,354500.0
BID,2023-04-24,32.058761314065485,32.058761314065485,31.69610564309189,31.69610564309189,462900.0
BID,2023-04-25,31.62357450889717,31.841167911481325,31.29718440502094,31.587308941799808,539200.0
BID,2023-04-26,31.551043374702452,32.1312924482602,31.3334499721183,31.986230179870763,405100.0
BID,2023-04-27,31.986230179870763,31.986230179870763,31.551043374702452,31.841167911481325,163100.0
BID,2023-04-28,31.877433478578688,31.986230179870763,31.551043374702452,31.551043374702452,414600.0
BID,2023-05-04,31.551043374702452,32.058761314065485,31.405981106313014,31.73237121018925,376500.0
BID,2023-05-05,31.768636777286606,31.80490234438397,31.514777807605096,31.514777807605096,296500.0
BID,2023-05-08,31.587308941799808,33.00166605859682,31.587308941799808,32.42141698503907,1130501.0
BID,2023-05-09,32.42141698503907,32.89286935730474,32.42141698503907,32.71154152181795,650900.0
BID,2023-05-10,32.85660379020738,32.85660379020738,32.276354716649635,32.63901038762322,595000.0
BID,2023-05-11,32.63901038762322,32.82033822311002,32.493948119233785,32.63901038762322,510500.0
BID,2023-05-12,32.63901038762322,32.71154152181795,32.312620283746995,32.63901038762322,428300.0
BID,2023-05-15,33.364321729570406,33.364321729570406,32.566479253428504,32.566479253428504,570500.0
BID,2023-05-16,32.71154152181795,32.71154152181795,32.45768255213643,32.63901038762322,680201.0
BID,2023-05-17,32.63901038762322,32.71154152181795,32.493948119233785,32.493948119233785,1117100.0
BID,2023-05-18,32.566479253428504,32.60274482052587,32.276354716649635,32.385151417941714,514700.0
BID,2023-05-19,32.348885850844354,32.60274482052587,32.1312924482602,32.203823582454916,771200.0
BID,2023-05-22,32.203823582454916,32.60274482052587,32.203823582454916,32.203823582454916,607800.0
BID,2023-05-23,32.566479253428504,32.566479253428504,31.80490234438397,31.80490234438397,753500.0
BID,2023-05-24,31.913699045676044,31.913699045676044,31.551043374702452,31.551043374702452,767100.0
BID,2023-05-25,31.551043374702452,31.913699045676044,31.514777807605096,31.73237121018925,655400.0
BID,2023-05-26,31.986230179870763,31.986230179870763,31.478512240507733,31.478512240507733,544800.0
BID,2023-05-29,31.877433478578688,31.877433478578688,31.478512240507733,31.841167911481325,1668100.0
BID,2023-05-30,31.913699045676044,31.913699045676044,31.62357450889717,31.768636777286606,800800.0
BID,2023-05-31,31.768636777286606,31.913699045676044,31.587308941799808,31.913699045676044,1770800.0
BID,2023-06-01,31.913699045676044,31.913699045676044,31.659840075994527,31.841167911481325,617900.0
BID,2023-06-02,31.913699045676044,32.566479253428504,31.913699045676044,32.42141698503907,1502800.0
BID,2023-06-05,32.566479253428504,32.89286935730474,32.42141698503907,32.42141698503907,959100.0
BID,2023-06-06,32.63901038762322,32.63901038762322,32.1312924482602,32.493948119233785,846100.0
BID,2023-06-07,32.493948119233785,32.566479253428504,32.16755801535756,32.16755801535756,967700.0
BID,2023-06-08,32.203823582454916,32.276354716649635,31.69610564309189,31.69610564309189,1655400.0
BID,2023-06-09,31.768636777286606,31.9499646127734,31.26091883792358,31.514777807605096,1289600.0
BID,2023-06-12,31.62357450889717,31.659840075994527,31.18838770372886,31.659840075994527,1245600.0
BID,2023-06-13,31.69610564309189,32.276354716649635,31.659840075994527,32.16755801535756,1528340.0
BID,2023-06-14,32.348885850844354,32.42141698503907,31.913699045676044,31.913699045676044,1534800.0
BID,2023-06-15,31.841167911481325,32.058761314065485,31.69610564309189,31.80490234438397,823400.0
BID,2023-06-16,32.1312924482602,32.276354716649635,31.659840075994527,31.69610564309189,1941500.0
BID,2023-06-19,31.768636777286606,31.80490234438397,31.405981106313014,31.405981106313014,1096000.0
BID,2023-06-20,31.514777807605096,31.551043374702452,31.29718440502094,31.551043374702452,812700.0
BID,2023-06-21,31.551043374702452,31.913699045676044,31.405981106313014,31.478512240507733,812800.0
BID,2023-06-22,31.69610564309189,31.9499646127734,31.478512240507733,31.877433478578688,1284000.0
BID,2023-06-23,31.841167911481325,32.60274482052587,31.69610564309189,32.1312924482602,1911900.0
BID,2023-06-26,32.276354716649635,32.53021368633115,31.841167911481325,32.1312924482602,1225100.0
BID,2023-06-27,31.986230179870763,32.240089149552276,31.913699045676044,32.1312924482602,793800.0
BID,2023-06-28,32.1312924482602,32.89286935730474,32.02249574696812,32.89286935730474,3137400.0
BID,2023-06-29,32.9291349244021,33.29179059537569,32.276354716649635,32.276354716649635,1582000.0
BID,2023-06-30,32.276354716649635,32.493948119233785,31.442246673410377,31.442246673410377,975000.0
BID,2023-07-03,31.841167911481325,32.276354716649635,31.69610564309189,32.276354716649635,1085400.0
BID,2023-07-04,32.203823582454916,32.312620283746995,31.73237121018925,31.913699045676044,1183300.0
BID,2023-07-05,32.058761314065485,32.45768255213643,31.9499646127734,32.16755801535756,1388400.0
BID,2023-07-06,32.058761314065485,32.385151417941714,31.62357450889717,31.877433478578688,1337000.0
BID,2023-07-07,31.69610564309189,32.1312924482602,31.69610564309189,32.1312924482602,880100.0
BID,2023-07-10,32.203823582454916,34.05336750442024,32.058761314065485,34.05336750442024,4620400.0
BID,2023-07-11,34.234695339907034,34.379757608296465,33.726977400544,33.76324296764136,3520200.0
BID,2023-07-12,34.05336750442024,34.19842977280967,33.473118430862485,33.87203966893344,2332100.0
BID,2023-07-13,34.01710193732287,34.452288742491184,33.76324296764136,34.01710193732287,2784600.0
BID,2023-07-14,34.01710193732287,34.56108544378326,33.400587296667766,33.9083052360308,2606100.0
BID,2023-07-17,33.9083052360308,34.16216420571231,33.50938399795985,33.50938399795985,2231500.0
BID,2023-07-18,33.50938399795985,33.87203966893344,33.50938399795985,33.87203966893344,1667200.0
BID,2023-07-19,34.01710193732287,34.01710193732287,33.255525028278335,33.545649565057204,2329500.0
BID,2023-07-20,33.50938399795985,33.65444626634928,33.255525028278335,33.545649565057204,934612.0
BID,2023-07-21,33.545649565057204,33.9083052360308,33.436852863765125,33.9083052360308,1422119.0
BID,2023-07-24,34.01710193732287,34.5248198766859,33.94457080312815,33.94457080312815,1970038.0
BID,2023-07-25,33.9083052360308,34.234695339907034,33.87203966893344,34.19842977280967,1621631.0
BID,2023-07-26,34.19842977280967,34.85120998056213,34.19842977280967,34.343492041199106,2329124.0
BID,2023-07-27,34.307226474101746,34.379757608296465,33.83577410183608,33.87203966893344,1369722.0
BID,2023-07-28,33.87203966893344,34.307226474101746,33.65444626634928,33.87203966893344,1754635.0
BID,2023-07-31,34.08963307151759,34.416023175393825,33.87203966893344,34.234695339907034,1873051.0
BID,2023-08-01,34.488554309588544,35.90291142638555,34.234695339907034,34.96000668185421,3814122.0
BID,2023-08-02,34.96000668185421,35.75784915799611,34.92374111475685,35.612786889606674,2355639.0
BID,2023-08-03,35.612786889606674,35.649052456704034,35.10506895024365,35.21386565153573,2094442.0
BID,2023-08-04,35.17760008443837,35.467724621217236,34.96000668185421,35.10506895024365,2196043.0
BID,2023-08-07,35.322662352827805,35.86664585928819,35.14133451734101,35.431459054119884,2004743.0
BID,2023-08-08,35.467724621217236,35.86664585928819,35.21386565153573,35.286396785730446,2104930.0
BID,2023-08-09,35.286396785730446,35.39519348702252,34.85120998056213,34.96000668185421,1802335.0
BID,2023-08-10,34.96000668185421,35.10506895024365,33.726977400544,33.726977400544,2612141.0
BID,2023-08-11,33.726977400544,34.01710193732287,33.07419719279154,33.87203966893344,2102433.0
BID,2023-08-14,34.08963307151759,34.56108544378326,33.83577410183608,34.5248198766859,2117157.0
BID,2023-08-15,34.379757608296465,34.5248198766859,33.98083637022552,34.08963307151759,1658050.0
BID,2023-08-16,34.05336750442024,34.5248198766859,34.01710193732287,34.452288742491184,1353745.0
BID,2023-08-17,34.452288742491184,34.59735101088062,34.16216420571231,34.16216420571231,1666030.0
BID,2023-08-18,34.16216420571231,34.16216420571231,31.986230179870763,32.058761314065485,2845403.0
BID,2023-08-21,32.348885850844354,33.98083637022552,32.276354716649635,33.07419719279154,1810037.0
BID,2023-08-22,32.566479253428504,33.328056162473054,32.276354716649635,33.21925946118097,1307541.0
BID,2023-08-23,33.50938399795985,33.50938399795985,32.9291349244021,33.146728326986256,1363112.0
BID,2023-08-24,33.146728326986256,33.436852863765125,32.89286935730474,33.21925946118097,1508214.0
BID,2023-08-25,33.21925946118097,33.21925946118097,32.67527595472058,32.78407265601267,1374700.0
BID,2023-08-28,32.89286935730474,33.29179059537569,32.85660379020738,32.9291349244021,740305.0
BID,2023-08-29,32.9291349244021,33.436852863765125,32.89286935730474,33.21925946118097,1359604.0
BID,2023-08-30,33.364321729570406,33.79950853473872,33.21925946118097,33.50938399795985,1123802.0
BID,2023-08-31,33.61818069925192,34.05336750442024,33.58191513215456,34.05336750442024,1668901.0
BID,2023-09-05,34.08963307151759,34.59735101088062,34.08963307151759,34.452288742491184,1362306.0
BID,2023-09-06,34.59735101088062,34.59735101088062,34.19842977280967,34.307226474101746,1178702.0
BID,2023-09-07,34.452288742491184,34.92374111475685,34.234695339907034,34.343492041199106,1372704.0
BID,2023-09-08,34.452288742491184,34.488554309588544,34.05336750442024,34.08963307151759,1600711.0
BID,2023-09-11,34.379757608296465,34.379757608296465,33.364321729570406,33.726977400544,967290.0
BID,2023-09-12,33.9083052360308,34.08963307151759,33.65444626634928,34.08963307151759,991701.0
BID,2023-09-13,34.16216420571231,34.343492041199106,33.726977400544,34.08963307151759,1201100.0
BID,2023-09-14,34.08963307151759,34.74241327927005,33.9083052360308,33.9083052360308,1873900.0
BID,2023-09-15,34.08963307151759,34.379757608296465,33.94457080312815,33.94457080312815,1054000.0
BID,2023-09-18,34.08963307151759,34.08963307151759,32.85660379020738,33.182993894083616,1446600.0
BID,2023-09-19,33.21925946118097,33.473118430862485,32.63901038762322,32.78407265601267,1189600.0
BID,2023-09-20,32.78407265601267,33.146728326986256,32.71154152181795,33.146728326986256,673300.0
BID,2023-09-21,33.146728326986256,33.400587296667766,32.71154152181795,32.78407265601267,915200.0
BID,2023-09-22,32.493948119233785,33.400587296667766,32.058761314065485,33.400587296667766,1822500.0
BID,2023-09-25,33.400587296667766,33.400587296667766,32.566479253428504,32.71154152181795,1038300.0
BID,2023-09-26,32.85660379020738,32.85660379020738,32.058761314065485,32.16755801535756,1121800.0
BID,2023-09-27,32.16755801535756,32.42141698503907,32.09502688116284,32.203823582454916,1079800.0
BID,2023-09-28,32.16755801535756,32.42141698503907,32.09502688116284,32.16755801535756,695600.0
BID,2023-09-29,32.203823582454916,32.45768255213643,32.058761314065485,32.16755801535756,542600.0
BID,2023-10-02,32.16755801535756,32.385151417941714,31.768636777286606,31.877433478578688,688100.0
BID,2023-10-03,31.659840075994527,31.73237121018925,30.136686257905446,30.136686257905446,1336300.0
BID,2023-10-04,29.737765019834494,31.152122136631505,29.737765019834494,30.82573203275527,892900.0
BID,2023-10-05,30.82573203275527,31.079591002436786,30.136686257905446,30.172951825002805,526100.0
BID,2023-10-06,30.172951825002805,30.82573203275527,29.882827288223933,30.608138630171116,705200.0
BID,2023-10-09,30.608138630171116,30.68066976436583,30.31801409339224,30.42681079468432,977700.0
BID,2023-10-10,30.608138630171116,30.82573203275527,30.39054522758696,30.499341928879034,876600.0
BID,2023-10-11,30.82573203275527,30.82573203275527,30.281748526294884,30.463076361781678,1217500.0
BID,2023-10-12,30.499341928879034,30.75320089856055,30.39054522758696,30.571873063073756,1015900.0
BID,2023-10-13,30.608138630171116,30.82573203275527,30.535607495976397,30.82573203275527,1127000.0
BID,2023-10-16,30.82573203275527,30.82573203275527,29.919092855321292,30.209217392100165,973400.0
BID,2023-10-17,30.39054522758696,30.608138630171116,29.955358422418648,29.955358422418648,978500.0
BID,2023-10-18,29.955358422418648,29.99162398951601,29.01245367788731,29.01245367788731,1475600.0
BID,2023-10-19,29.15751594627675,29.447640483055622,28.79486027530316,29.15751594627675,1169600.0
BID,2023-10-20,29.15751594627675,29.375109348860903,28.68606357401108,29.375109348860903,978400.0
BID,2023-10-23,29.230047080471465,29.375109348860903,29.08498481208203,29.230047080471465,706800.0
BID,2023-10-24,29.12125037917939,30.06415512371073,29.12125037917939,29.955358422418648,915400.0
BID,2023-10-25,29.955358422418648,30.172951825002805,29.5564371843477,29.5564371843477,741800.0
BID,2023-10-26,29.01245367788731,29.665233885639775,28.28714233594013,29.411374915958262,1976000.0
BID,2023-10-27,29.411374915958262,30.463076361781678,29.15751594627675,30.463076361781678,894500.0
BID,2023-10-30,30.39054522758696,30.39054522758696,29.737765019834494,29.737765019834494,607700.0
BID,2023-10-31,29.737765019834494,30.100420690808086,29.15751594627675,29.15751594627675,545000.0
BID,2023-11-01,29.665233885639775,29.665233885639775,28.79486027530316,29.01245367788731,419900.0
BID,2023-11-02,29.62896831854242,30.209217392100165,29.447640483055622,30.209217392100165,690200.0
BID,2023-11-03,30.644404197268475,30.644404197268475,30.100420690808086,30.100420690808086,563400.0
BID,2023-11-06,30.209217392100165,30.608138630171116,30.172951825002805,30.31801409339224,586900.0
BID,2023-11-07,30.463076361781678,30.463076361781678,30.100420690808086,30.31801409339224,531300.0
BID,2023-11-08,30.209217392100165,31.18838770372886,30.136686257905446,31.11585656953414,966700.0
BID,2023-11-09,31.18838770372886,31.29718440502094,30.898263166949988,31.079591002436786,756700.0
BID,2023-11-10,30.75320089856055,31.11585656953414,30.535607495976397,30.608138630171116,627400.0
BID,2023-11-13,30.608138630171116,30.970794301144707,30.42681079468432,30.535607495976397,473900.0
BID,2023-11-14,30.644404197268475,31.514777807605096,30.644404197268475,31.18838770372886,1571600.0
BID,2023-11-15,31.478512240507733,32.02249574696812,31.3334499721183,32.02249574696812,1449200.0
BID,2023-11-16,32.09502688116284,32.203823582454916,31.514777807605096,31.73237121018925,970300.0
BID,2023-11-17,31.913699045676044,31.913699045676044,30.861997599852625,31.11585656953414,1209700.0
BID,2023-11-20,30.463076361781678,31.80490234438397,30.463076361781678,31.29718440502094,809800.0
BID,2023-11-21,31.69610564309189,31.877433478578688,31.18838770372886,31.877433478578688,824200.0
BID,2023-11-22,31.877433478578688,31.913699045676044,31.478512240507733,31.62357450889717,738100.0
BID,2023-11-23,31.913699045676044,31.913699045676044,31.18838770372886,31.18838770372886,755300.0
BID,2023-11-24,31.18838770372886,31.659840075994527,30.75320089856055,31.659840075994527,811000.0
BID,2023-11-27,31.659840075994527,31.659840075994527,31.043325435339423,31.18838770372886,747600.0
BID,2023-11-28,31.876780698370933,31.876780698370933,31.22289801737871,31.75417769568489,833900.0
BID,2023-11-29,31.876780698370933,32.12198670374301,31.795045363246903,32.12198670374301,811800.0
BID,2023-11-30,31.876780698370933,32.28545737399107,31.713310028122873,31.75417769568489,726300.0
BID,2023-12-01,31.795045363246903,32.28545737399107,31.75417769568489,32.20372203886704,761100.0
BID,2023-12-04,32.28545737399107,32.530663379363155,32.16285437130503,32.530663379363155,791900.0
BID,2023-12-05,32.530663379363155,32.612398714487185,32.20372203886704,32.40806037667711,654400.0
BID,2023-12-06,32.40806037667711,33.02107539010732,32.20372203886704,32.694134049611215,1157100.0
BID,2023-12-07,32.98020772254531,33.51148740085149,32.694134049611215,33.18454606035538,1955000.0
BID,2023-12-08,33.18454606035538,34.32884075209177,33.18454606035538,34.24710541696774,2406400.0
BID,2023-12-11,34.32884075209177,34.49231142233983,33.797561073785594,33.838428741347606,1589400.0
BID,2023-12-12,33.920164076471636,34.36970841965378,33.67495807109955,34.24710541696774,956500.0
BID,2023-12-13,34.24710541696774,34.32884075209177,33.18454606035538,34.001899411595666,793400.0
BID,2023-12-14,34.04276707915768,34.16537008184371,33.756693406223576,34.001899411595666,779800.0
BID,2023-12-15,33.879296408909624,34.08363474671969,33.715825738661565,33.920164076471636,562000.0
BID,2023-12-18,33.552355068413505,33.920164076471636,33.10281072523135,33.51148740085149,678400.0
BID,2023-12-19,33.51148740085149,33.920164076471636,33.14367839279336,33.67495807109955,823300.0
BID,2023-12-20,34.24710541696774,34.32884075209177,33.34801673060343,33.756693406223576,1024900.0
BID,2023-12-21,33.42975206572746,34.24710541696774,33.42975206572746,34.16537008184371,1136900.0
BID,2023-12-22,34.16537008184371,34.6966497601499,33.838428741347606,34.6966497601499,1258100.0
BID,2023-12-25,34.737517427711914,35.39140010870413,34.32884075209177,35.30966477358011,1287400.0
BID,2023-12-26,35.30966477358011,35.595738446514204,34.900988097959974,35.14619410333206,1163800.0
BID,2023-12-27,34.982723433084,35.30966477358011,34.982723433084,35.14619410333206,978900.0
BID,2023-12-28,35.14619410333206,35.26879710601809,34.900988097959974,34.900988097959974,1414500.0
BID,2023-12-29,34.900988097959974,35.47313544382816,34.574046757463854,35.47313544382816,919000.0
BID,2024-01-02,35.47313544382816,35.63660611407622,34.900988097959974,35.14619410333206,1262000.0
BID,2024-01-03,35.47313544382816,36.045282789696365,35.14619410333206,35.800076784324276,1559300.0
BID,2024-01-04,35.881812119448306,36.780900805812614,35.63660611407622,35.677473781638234,3273200.0
BID,2024-01-05,35.71834144920025,36.7400331382506,35.71834144920025,36.37222413019247,1329800.0
BID,2024-01-08,36.617430135564554,38.006930832673035,36.49482713287851,37.925195497549005,1999000.0
BID,2024-01-09,38.41560750829318,38.41560750829318,37.639121824614904,37.639121824614904,1741100.0
BID,2024-01-10,37.639121824614904,39.069490189285396,37.59825415705289,38.74254884878928,2191800.0
BID,2024-01-11,38.57907817854123,38.61994584610324,37.76172482730095,38.006930832673035,3385600.0
BID,2024-01-12,37.51651882192886,38.57907817854123,36.821768473374625,37.59825415705289,3074500.0
BID,2024-01-15,37.639121824614904,38.41560750829318,37.639121824614904,38.088666167797065,1335700.0
BID,2024-01-16,37.639121824614904,38.374739840731166,37.639121824614904,38.33387217316915,1130700.0
BID,2024-01-17,38.04779850023505,38.41560750829318,37.843460162424975,38.293004505607136,1463000.0
BID,2024-01-18,38.293004505607136,39.110357856847415,38.12953383535908,38.82428418391331,2278300.0
BID,2024-01-19,39.151225524409426,40.74506455932797,38.57907817854123,40.74506455932797,3054000.0
BID,2024-01-22,40.826799894452,41.03113823226207,39.80510820540165,40.70419689176596,2365400.0
BID,2024-01-23,40.45899088639388,40.70419689176596,39.76424053783963,40.37725555126985,2182200.0
BID,2024-01-24,39.6416375351536,40.213784881021795,39.60076986759158,39.968578875649705,1868700.0
BID,2024-01-25,39.968578875649705,40.66332922420395,39.55990220002957,39.55990220002957,1348900.0
BID,2024-01-26,39.55990220002957,40.00944654321172,39.55990220002957,40.00944654321172,812400.0
BID,2024-01-29,39.968578875649705,40.213784881021795,39.6416375351536,39.80510820540165,984500.0
BID,2024-01-30,39.886843540525675,39.968578875649705,39.396431529781516,39.60076986759158,1121300.0
BID,2024-01-31,39.6416375351536,39.886843540525675,38.82428418391331,38.98775485416137,1673600.0
BID,2024-02-01,38.82428418391331,39.192093191971445,38.53821051097922,38.61994584610324,1572600.0
BID,2024-02-02,38.66081351366525,38.82428418391331,38.170401502921095,38.33387217316915,1982800.0
BID,2024-02-05,38.49734284341721,40.37725555126985,38.45647517585519,39.76424053783963,2249900.0
BID,2024-02-06,39.886843540525675,39.886843540525675,39.232960859533456,39.886843540525675,1527400.0
BID,2024-02-07,39.886843540525675,40.091181878335746,39.72337287027762,40.00944654321172,1859200.0
BID,2024-02-15,40.00944654321172,40.254652548583806,39.60076986759158,40.00944654321172,1625600.0
BID,2024-02-16,40.050314210773735,40.050314210773735,39.47816686490554,39.68250520271561,1353000.0
BID,2024-02-19,39.84597587296366,41.112873567386096,39.43729919734353,40.29552021614582,3283300.0
BID,2024-02-20,40.45899088639388,41.03113823226207,40.37725555126985,40.37725555126985,1569300.0
BID,2024-02-21,40.66332922420395,40.70419689176596,39.968578875649705,40.66332922420395,1850900.0
BID,2024-02-22,40.70419689176596,40.78593222688999,40.45899088639388,40.66332922420395,1596200.0
BID,2024-02-23,40.70419689176596,43.483198285982915,40.29552021614582,42.50237426449458,7182900.0
BID,2024-02-26,43.156256945486795,44.54575764259528,42.50237426449458,43.81013962647903,2053000.0
BID,2024-02-27,43.89187496160306,44.137080966975134,43.319727615734855,43.319727615734855,2322700.0
BID,2024-02-28,43.483198285982915,44.79096364796736,42.74758026986666,44.05534563185111,2993100.0
BID,2024-02-29,44.05534563185111,44.137080966975134,43.319727615734855,43.319727615734855,1737300.0
BID,2024-03-01,43.56493362110694,44.38228697234722,42.82931560499069,43.728404291355,1471100.0
BID,2024-03-04,43.81013962647903,44.54575764259528,42.91105094011472,43.728404291355,2366400.0
BID,2024-03-05,43.728404291355,44.46402230747125,43.237992280610825,44.46402230747125,1591400.0
BID,2024-03-06,44.137080966975134,44.79096364796736,43.728404291355,44.46402230747125,1585300.0
BID,2024-03-07,44.46402230747125,44.46402230747125,43.483198285982915,43.56493362110694,2125200.0
BID,2024-03-08,43.64666895623097,43.64666895623097,40.54072622151791,41.76675624837833,2810700.0
BID,2024-03-11,42.33890359424652,42.82931560499069,41.276344237634156,41.276344237634156,1478700.0
BID,2024-03-12,41.358079572758186,42.58410959961861,41.276344237634156,42.50237426449458,1560100.0
BID,2024-03-13,42.66584493474264,42.99278627523874,42.33890359424652,42.99278627523874,1596500.0
BID,2024-03-14,43.728404291355,43.728404291355,42.011962253750404,42.257168259122494,1482400.0
BID,2024-03-15,42.175432923998464,43.156256945486795,41.6850209132543,42.66584493474264,1433700.0
BID,2024-03-18,42.50237426449458,43.156256945486795,40.78593222688999,42.50237426449458,1481000.0
BID,2024-03-19,42.58410959961861,42.58410959961861,41.6850209132543,42.175432923998464,765300.0
BID,2024-03-20,42.175432923998464,43.401462950858885,41.276344237634156,43.319727615734855,3132600.0
BID,2024-03-21,43.483198285982915,43.64666895623097,43.156256945486795,43.319727615734855,1884700.0
BID,2024-03-22,43.56493362110694,46.34393501532389,43.56493362110694,44.300551637223194,4361200.0
BID,2024-03-25,44.300551637223194,45.363110993835555,43.07452161036277,43.319727615734855,1289800.0
BID,2024-03-26,43.319727615734855,44.05534563185111,43.319727615734855,43.319727615734855,1409500.0
BID,2024-03-27,43.56493362110694,43.56493362110694,42.91105094011472,42.91105094011472,1629600.0
BID,2024-03-28,43.483198285982915,44.05534563185111,42.91105094011472,42.99278627523874,1358700.0
BID,2024-03-29,43.483198285982915,43.483198285982915,42.50237426449458,42.58410959961861,1813300.0
BID,2024-04-01,42.66584493474264,43.07452161036277,42.257168259122494,42.58410959961861,1387900.0
BID,2024-04-02,42.42063892937055,42.82931560499069,42.093697588874434,42.42063892937055,1576300.0
BID,2024-04-03,42.50237426449458,42.74758026986666,41.6850209132543,41.6850209132543,1850300.0
BID,2024-04-04,42.33890359424652,42.33890359424652,41.6850209132543,41.6850209132543,1093500.0
BID,2024-04-05,41.60328557813027,41.60328557813027,41.03113823226207,41.03113823226207,1758300.0
BID,2024-04-08,41.03113823226207,42.175432923998464,40.86766756201401,41.52155024300624,1454800.0
BID,2024-04-09,41.76675624837833,43.07452161036277,41.52155024300624,43.07452161036277,2201000.0
BID,2024-04-10,43.156256945486795,43.156256945486795,42.42063892937055,42.50237426449458,1238200.0
BID,2024-04-11,42.093697588874434,43.64666895623097,41.93022691862638,43.319727615734855,2276400.0
BID,2024-04-12,43.319727615734855,44.54575764259528,43.156256945486795,43.64666895623097,3374100.0
BID,2024-04-15,43.56493362110694,44.54575764259528,40.62246155664194,40.62246155664194,2541500.0
BID,2024-04-16,40.62246155664194,41.84849158350235,40.418123218831866,41.112873567386096,2349900.0
BID,2024-04-17,41.60328557813027,41.6850209132543,39.232960859533456,39.314696194657486,1973200.0
BID,2024-04-19,39.151225524409426,40.45899088639388,38.49734284341721,39.51903453246756,2170000.0
BID,2024-04-22,39.886843540525675,40.94940289713804,39.886843540525675,40.94940289713804,1298900.0
BID,2024-04-23,40.213784881021795,41.276344237634156,39.6416375351536,40.37725555126985,3043300.0
BID,2024-04-24,40.418123218831866,41.194608902510126,40.336387883707836,40.86766756201401,1652800.0
BID,2024-04-25,40.66332922420395,41.112873567386096,40.29552021614582,40.54072622151791,1053600.0
BID,2024-04-26,40.54072622151791,40.94940289713804,40.132049545897765,40.213784881021795,774500.0
BID,2024-05-02,40.29552021614582,40.62246155664194,39.92771120808769,40.213784881021795,1716600.0
BID,2024-05-03,40.58159388907992,40.78593222688999,40.050314210773735,40.213784881021795,700800.0
BID,2024-05-06,40.29552021614582,41.276344237634156,40.29552021614582,41.276344237634156,1192000.0
BID,2024-05-07,41.358079572758186,41.6850209132543,40.86766756201401,40.86766756201401,1069500.0
BID,2024-05-08,40.94940289713804,41.52155024300624,40.70419689176596,40.70419689176596,1057600.0
BID,2024-05-09,41.112873567386096,41.112873567386096,40.45899088639388,40.45899088639388,970601.0
BID,2024-05-10,40.54072622151791,40.66332922420395,40.00944654321172,40.091181878335746,827739.0
BID,2024-05-13,40.213784881021795,40.45899088639388,39.6416375351536,39.72337287027762,1663829.0
BID,2024-05-14,39.886843540525675,40.213784881021795,39.27382852709547,39.314696194657486,1948394.0
BID,2024-05-15,39.60076986759158,40.00944654321172,39.51903453246756,39.72337287027762,1393028.0
BID,2024-05-16,40.172917213459776,41.112873567386096,40.091181878335746,40.54072622151791,3447319.0
BID,2024-05-17,40.58159388907992,40.62246155664194,40.213784881021795,40.336387883707836,1518384.0
BID,2024-05-20,40.54072622151791,41.439814907882216,40.45899088639388,40.54072622151791,2192039.0
BID,2024-05-21,40.86766756201401,41.112873567386096,40.37725555126985,40.86766756201401,1794799.0
BID,2024-05-22,41.276344237634156,41.84849158350235,40.66332922420395,40.70419689176596,2428018.0
BID,2024-05-23,40.70419689176596,41.03113823226207,40.37725555126985,40.45899088639388,1789006.0
BID,2024-05-24,40.54072622151791,41.358079572758186,39.6416375351536,40.213784881021795,2444810.0
BID,2024-05-27,40.37725555126985,40.37725555126985,39.68250520271561,39.968578875649705,763312.0
BID,2024-05-28,40.050314210773735,40.213784881021795,39.72337287027762,40.132049545897765,1230902.0
BID,2024-05-29,40.418123218831866,40.418123218831866,39.72337287027762,39.72337287027762,1389049.0
BID,2024-05-30,39.55990220002957,39.6416375351536,38.74254884878928,38.98775485416137,2092022.0
BID,2024-05-31,38.98775485416137,39.47816686490554,38.49734284341721,38.49734284341721,1968066.0
BID,2024-06-03,39.151225524409426,39.60076986759158,38.57907817854123,38.66081351366525,2095305.0
BID,2024-06-04,39.110357856847415,39.396431529781516,38.865151851475325,38.90601951903734,1112975.0
BID,2024-06-05,39.151225524409426,39.396431529781516,38.946887186599355,38.946887186599355,2099558.0
BID,2024-06-06,38.98775485416137,39.314696194657486,38.98775485416137,39.151225524409426,1413175.0
BID,2024-06-07,39.314696194657486,39.47816686490554,38.98775485416137,39.028622521723385,1233560.0
BID,2024-06-10,39.110357856847415,39.68250520271561,38.865151851475325,38.946887186599355,2062905.0
BID,2024-06-11,39.069490189285396,39.110357856847415,38.57907817854123,38.70168118122727,2535681.0
BID,2024-06-12,38.90601951903734,39.192093191971445,38.41560750829318,39.151225524409426,2649200.0
BID,2024-06-13,39.51903453246756,39.51903453246756,39.151225524409426,39.51903453246756,2615400.0
BID,2024-06-14,39.55990220002957,39.84597587296366,38.82428418391331,38.82428418391331,2240900.0
BID,2024-06-17,38.82428418391331,38.82428418391331,38.006930832673035,38.006930832673035,2812800.0
BID,2024-06-18,38.170401502921095,38.45647517585519,38.006930832673035,38.006930832673035,1468000.0
BID,2024-06-19,38.25213683804512,38.25213683804512,37.47565115436685,37.67998949217692,2599697.0
BID,2024-06-20,37.59825415705289,37.76172482730095,37.066974478746715,37.18957748143276,2671363.0
BID,2024-06-21,37.27131281655679,37.966063165111024,37.23044514899477,37.27131281655679,1540292.0
BID,2024-06-24,37.59825415705289,37.884327829986994,36.780900805812614,36.780900805812614,1951137.0
BID,2024-06-25,37.10784214630873,37.35304815168081,35.595738446514204,36.127018124820395,2891269.0
BID,2024-06-26,36.16788579238241,36.617430135564554,35.963547454572335,36.37222413019247,1689959.0
BID,2024-06-27,36.53569480044053,36.780900805812614,36.045282789696365,36.045282789696365,1573796.0
BID,2024-06-28,36.045282789696365,36.4539594653165,35.35053244114212,35.35053244114212,2120533.0
BID,2024-07-01,35.39140010870413,35.881812119448306,35.14619410333206,35.881812119448306,1236947.0
BID,2024-07-02,36.16788579238241,37.43478348680484,36.00441512213435,37.39391581924283,3612680.0
BID,2024-07-03,37.59825415705289,38.57907817854123,37.23044514899477,38.57907817854123,4601980.0
BID,2024-07-04,38.41560750829318,38.74254884878928,38.25213683804512,38.66081351366525,2666271.0
BID,2024-07-05,38.70168118122727,39.396431529781516,38.49734284341721,38.66081351366525,4622360.0
BID,2024-07-08,38.865151851475325,39.069490189285396,38.21126917048311,38.41560750829318,1981844.0
BID,2024-07-09,38.82428418391331,39.232960859533456,38.33387217316915,38.82428418391331,2572521.0
BID,2024-07-10,39.110357856847415,39.151225524409426,38.33387217316915,38.33387217316915,2020055.0
BID,2024-07-11,38.7834165163513,38.7834165163513,38.25213683804512,38.25213683804512,1293905.0
BID,2024-07-12,38.33387217316915,38.57907817854123,37.802592494862964,38.088666167797065,1435711.0
BID,2024-07-15,38.41560750829318,38.45647517585519,37.843460162424975,38.04779850023505,3520520.0
BID,2024-07-16,38.25213683804512,39.47816686490554,38.006930832673035,38.53821051097922,4079931.0
BID,2024-07-17,39.151225524409426,40.86766756201401,38.865151851475325,39.232960859533456,9890194.0
BID,2024-07-18,39.72337287027762,40.29552021614582,39.110357856847415,39.6416375351536,3362916.0
BID,2024-07-19,39.886843540525675,40.050314210773735,38.82428418391331,38.98775485416137,3082727.0
BID,2024-07-22,38.98775485416137,39.80510820540165,38.57907817854123,38.98775485416137,3438100.0
BID,2024-07-23,39.069490189285396,39.43729919734353,36.37222413019247,37.59825415705289,3359700.0
BID,2024-07-24,36.780900805812614,38.293004505607136,36.780900805812614,37.67998949217692,4026000.0
BID,2024-07-25,37.966063165111024,37.966063165111024,37.18957748143276,37.59825415705289,1465000.0
BID,2024-07-26,37.843460162424975,38.04779850023505,37.47565115436685,37.802592494862964,2786300.0
BID,2024-07-29,37.884327829986994,38.61994584610324,37.884327829986994,38.49734284341721,1045400.0
BID,2024-07-30,38.70168118122727,38.70168118122727,38.006930832673035,38.25213683804512,2282100.0
BID,2024-07-31,38.41560750829318,39.55990220002957,38.33387217316915,38.90601951903734,3161200.0
BID,2024-08-01,39.151225524409426,39.968578875649705,38.25213683804512,38.25213683804512,3825500.0
BID,2024-08-02,38.006930832673035,39.028622521723385,38.006930832673035,39.028622521723385,1968800.0
BID,2024-08-05,38.33387217316915,38.57907817854123,36.780900805812614,37.67998949217692,2723100.0
BID,2024-08-06,37.925195497549005,38.946887186599355,37.47565115436685,38.21126917048311,1806100.0
BID,2024-08-07,38.74254884878928,38.74254884878928,37.59825415705289,37.925195497549005,2145000.0
BID,2024-08-08,38.006930832673035,38.25213683804512,37.35304815168081,37.59825415705289,1424000.0
BID,2024-08-09,38.41560750829318,38.41560750829318,37.884327829986994,38.170401502921095,1050910.0
BID,2024-08-12,38.170401502921095,38.70168118122727,38.006930832673035,38.25213683804512,1358400.0
BID,2024-08-13,38.41560750829318,38.53821051097922,38.006930832673035,38.12953383535908,1015400.0
BID,2024-08-14,38.25213683804512,39.028622521723385,38.25213683804512,38.45647517585519,1703835.0
BID,2024-08-15,38.45647517585519,38.7834165163513,38.12953383535908,38.12953383535908,1004349.0
BID,2024-08-16,38.21126917048311,39.27382852709547,38.21126917048311,38.82428418391331,2382246.0
BID,2024-08-19,39.069490189285396,39.6416375351536,38.90601951903734,39.151225524409426,2107237.0
BID,2024-08-20,39.47816686490554,40.213784881021795,39.3555638622195,40.172917213459776,4428439.0
BID,2024-08-21,40.418123218831866,41.52155024300624,40.091181878335746,41.358079572758186,6670948.0
BID,2024-08-22,41.6850209132543,41.93022691862638,40.78593222688999,41.112873567386096,2738039.0
BID,2024-08-23,41.03113823226207,41.52155024300624,40.94940289713804,41.276344237634156,2273263.0
BID,2024-08-26,41.52155024300624,41.60328557813027,40.94940289713804,41.03113823226207,2276536.0
BID,2024-08-27,41.112873567386096,41.112873567386096,40.132049545897765,40.54072622151791,4209847.0
BID,2024-08-28,40.54072622151791,41.112873567386096,40.45899088639388,40.54072622151791,1206113.0
BID,2024-08-29,40.29552021614582,41.358079572758186,40.29552021614582,40.29552021614582,1686131.0
BID,2024-08-30,40.49985855395589,40.62246155664194,39.968578875649705,39.968578875649705,1798000.0
BID,2024-09-04,39.6416375351536,40.418123218831866,39.3555638622195,40.00944654321172,1971050.0
BID,2024-09-05,39.84597587296366,40.45899088639388,39.72337287027762,39.80510820540165,1899138.0
BID,2024-09-06,39.80510820540165,40.45899088639388,39.76424053783963,40.29552021614582,2361500.0
BID,2024-09-09,40.213784881021795,40.49985855395589,39.968578875649705,40.091181878335746,1202400.0
BID,2024-09-10,40.29552021614582,40.29552021614582,39.60076986759158,39.6416375351536,2399926.0
BID,2024-09-11,39.60076986759158,39.76424053783963,39.232960859533456,39.47816686490554,1405844.0
BID,2024-09-12,39.6416375351536,39.80510820540165,39.51903453246756,39.51903453246756,1105246.0
BID,2024-09-13,39.396431529781516,39.68250520271561,39.396431529781516,39.396431529781516,747405.0
BID,2024-09-16,39.396431529781516,39.72337287027762,39.028622521723385,39.028622521723385,1570700.0
BID,2024-09-17,39.069490189285396,39.80510820540165,38.82428418391331,39.80510820540165,2038305.0
BID,2024-09-18,39.886843540525675,40.418123218831866,39.6416375351536,40.091181878335746,1836347.0
BID,2024-09-19,40.213784881021795,40.37725555126985,39.886843540525675,40.254652548583806,1356117.0
BID,2024-09-20,40.45899088639388,40.78593222688999,40.091181878335746,40.091181878335746,3327218.0
BID,2024-09-23,40.091181878335746,40.37725555126985,39.80510820540165,39.80510820540165,1217700.0
BID,2024-09-24,40.00944654321172,40.254652548583806,39.6416375351536,40.254652548583806,1414206.0
BID,2024-09-25,40.62246155664194,41.194608902510126,40.336387883707836,40.86766756201401,5257946.0
BID,2024-09-26,41.112873567386096,41.52155024300624,40.74506455932797,40.86766756201401,4232630.0
BID,2024-09-27,41.112873567386096,42.257168259122494,40.86766756201401,40.94940289713804,3204000.0
BID,2024-09-30,40.94940289713804,41.03113823226207,40.54072622151791,40.62246155664194,2190627.0
BID,2024-10-01,40.62246155664194,41.439814907882216,40.62246155664194,40.62246155664194,2817700.0
BID,2024-10-02,40.62246155664194,41.03113823226207,40.54072622151791,40.70419689176596,1835200.0
BID,2024-10-03,40.70419689176596,41.52155024300624,40.45899088639388,40.45899088639388,3503800.0
BID,2024-10-04,40.45899088639388,40.54072622151791,40.172917213459776,40.213784881021795,2164800.0
BID,2024-10-07,40.45899088639388,40.45899088639388,40.050314210773735,40.091181878335746,1492500.0
BID,2024-10-08,40.091181878335746,40.336387883707836,39.886843540525675,39.968578875649705,2070134.0
BID,2024-10-09,40.213784881021795,40.54072622151791,39.886843540525675,40.418123218831866,2190961.0
BID,2024-10-10,40.826799894452,40.826799894452,40.37725555126985,40.66332922420395,2650441.0
BID,2024-10-11,40.74506455932797,40.74506455932797,40.29552021614582,40.37725555126985,1539824.0
BID,2024-10-14,40.45899088639388,40.66332922420395,40.37725555126985,40.37725555126985,1161900.0
BID,2024-10-15,40.45899088639388,41.6850209132543,40.45899088639388,40.86766756201401,6928429.0
BID,2024-10-16,40.86766756201401,41.276344237634156,40.70419689176596,40.74506455932797,1791000.0
BID,2024-10-17,41.03113823226207,41.112873567386096,40.49985855395589,41.112873567386096,2118918.0
BID,2024-10-18,41.439814907882216,41.6850209132543,41.112873567386096,41.112873567386096,3395116.0
BID,2024-10-21,40.86766756201401,41.03113823226207,40.58159388907992,40.58159388907992,2125200.0
BID,2024-10-22,40.62246155664194,40.62246155664194,39.80510820540165,39.84597587296366,3371900.0
BID,2024-10-23,39.84597587296366,39.84597587296366,39.232960859533456,39.55990220002957,2397200.0
BID,2024-10-24,39.314696194657486,39.92771120808769,39.232960859533456,39.232960859533456,1740200.0
BID,2024-10-25,39.27382852709547,39.47816686490554,38.82428418391331,38.82428418391331,1696500.0
BID,2024-10-28,38.82428418391331,39.028622521723385,38.66081351366525,38.82428418391331,2226200.0
BID,2024-10-29,38.98775485416137,39.60076986759158,38.82428418391331,38.865151851475325,2176400.0
BID,2024-10-30,38.946887186599355,39.396431529781516,38.946887186599355,38.98775485416137,1415800.0
BID,2024-10-31,39.232960859533456,39.60076986759158,38.946887186599355,39.028622521723385,1792200.0
BID,2024-11-01,39.232960859533456,39.314696194657486,38.865151851475325,39.028622521723385,1543202.0
BID,2024-11-04,39.028622521723385,39.396431529781516,38.865151851475325,38.98775485416137,1337100.0
BID,2024-11-05,38.98775485416137,39.151225524409426,38.70168118122727,38.74254884878928,1526000.0
BID,2024-11-06,38.90601951903734,39.3555638622195,38.90601951903734,39.27382852709547,1082600.0
BID,2024-11-07,39.55990220002957,39.55990220002957,38.90601951903734,38.90601951903734,1263600.0
BID,2024-11-08,38.98775485416137,39.151225524409426,38.41560750829318,38.74254884878928,2648700.0
BID,2024-11-11,38.74254884878928,38.82428418391331,37.925195497549005,38.006930832673035,2751300.0
BID,2024-11-12,38.006930832673035,38.293004505607136,37.843460162424975,37.843460162424975,1686200.0
BID,2024-11-13,37.843460162424975,38.006930832673035,37.47565115436685,37.720857159738934,1816400.0
BID,2024-11-14,37.802592494862964,37.802592494862964,37.18957748143276,37.18957748143276,1998500.0
BID,2024-11-15,37.27131281655679,37.27131281655679,36.53569480044053,36.53569480044053,2255800.0
BID,2024-11-18,36.49482713287851,37.27131281655679,36.33135646263046,36.33135646263046,1914300.0
BID,2024-11-19,36.944371476060674,36.944371476060674,36.4539594653165,36.4539594653165,1457400.0
BID,2024-11-20,36.53569480044053,37.47565115436685,36.37222413019247,36.780900805812614,2188800.0
BID,2024-11-21,36.862636140936644,37.3121804841188,36.862636140936644,37.066974478746715,1472400.0
BID,2024-11-22,37.43478348680484,37.43478348680484,36.985239143622685,37.35304815168081,1874700.0
BID,2024-11-25,37.35304815168081,37.43478348680484,37.18957748143276,37.23044514899477,1110400.0
BID,2024-11-26,37.18957748143276,37.802592494862964,37.18957748143276,37.802592494862964,1839300.0
BID,2024-11-27,37.802592494862964,37.966063165111024,37.639121824614904,37.884327829986994,1214900.0
BID,2024-11-28,38.006930832673035,38.04779850023505,37.67998949217692,37.67998949217692,1284700.0
BID,2024-11-29,37.67998949217692,38.21126917048311,37.47565115436685,38.21126917048311,1443200.0
BID,2024-12-02,38.33387217316915,38.49734284341721,38.006930832673035,38.006930832673035,1314100.0
BID,2024-12-03,38.006930832673035,38.006930832673035,37.639121824614904,37.639121824614904,1400100.0
BID,2024-12-04,37.67998949217692,37.720857159738934,36.903503808498655,36.903503808498655,2399100.0
BID,2024-12-05,37.0261068111847,38.25213683804512,37.0261068111847,37.59825415705289,2427400.0
BID,2024-12-06,37.925195497549005,38.374739840731166,37.925195497549005,38.088666167797065,2497200.0
BID,2024-12-09,38.12953383535908,38.41560750829318,38.088666167797065,38.170401502921095,1717700.0
BID,2024-12-10,38.25213683804512,38.70168118122727,38.21126917048311,38.21126917048311,1943300.0
BID,2024-12-11,38.374739840731166,38.41560750829318,38.006930832673035,38.088666167797065,1286600.0
BID,2024-12-12,38.170401502921095,38.53821051097922,38.088666167797065,38.088666167797065,1935300.0
BID,2024-12-13,38.04779850023505,38.25213683804512,37.925195497549005,37.925195497549005,1382900.0
BID,2024-12-16,38.41560750829318,38.61994584610324,38.170401502921095,38.21126917048311,3247200.0
BID,2024-12-17,38.41560750829318,38.53821051097922,38.088666167797065,38.088666167797065,2248800.0
BID,2024-12-18,38.293004505607136,38.41560750829318,38.170401502921095,38.293004505607136,1661100.0
BID,2024-12-19,38.12953383535908,38.21126917048311,37.925195497549005,37.966063165111024,2726000.0
BID,2024-12-20,38.006930832673035,38.170401502921095,37.884327829986994,37.966063165111024,2993400.0
BID,2024-12-23,38.47200488952875,38.570904645028826,38.07640586752846,38.17530562302853,2895400.0
BID,2024-12-24,38.274205378528606,38.42255501177871,37.63135696777812,37.68080684552816,3216000.0
BID,2024-12-25,37.77970660102824,39.36210268902941,37.68080684552816,38.22475550077856,5277300.0
BID,2024-12-26,38.52145476727879,38.91705378927909,38.37310513402868,38.570904645028826,4184200.0
BID,2024-12-27,38.81815403377901,39.065403422529194,38.6698044005289,38.71925427827893,2859500.0
BID,2024-12-30,38.6698044005289,38.71925427827893,37.82915647877827,37.82915647877827,4011800.0
BID,2024-12-31,38.07640586752846,38.32365525627864,37.13685819027775,37.13685819027775,3416900.0
BID,2025-01-02,37.77970660102824,38.22475550077856,37.48300733452801,37.77970660102824,3160500.0
BID,2025-01-03,37.77970660102824,38.17530562302853,37.77970660102824,37.77970660102824,3698500.0
BID,2025-01-06,37.8786063565283,38.71925427827893,37.77970660102824,38.37310513402868,5010800.0
BID,2025-01-07,38.6698044005289,40.05440097752993,38.62035452277886,39.95550122202986,10448400.0
BID,2025-01-08,39.95550122202986,39.95550122202986,39.21375305577931,39.906051344279824,3295200.0
BID,2025-01-09,39.46100244452949,39.6093520777796,38.91705378927909,39.51045232227953,3699100.0
BID,2025-01-10,39.46100244452949,39.46100244452949,38.6698044005289,38.6698044005289,3114500.0
BID,2025-01-13,38.6698044005289,38.91705378927909,37.97750611202838,38.867603911529045,2461400.0
BID,2025-01-14,38.768704156028974,38.768704156028974,38.47200488952875,38.570904645028826,957600.0
BID,2025-01-15,38.768704156028974,38.768704156028974,38.17530562302853,38.768704156028974,1485800.0
BID,2025-01-16,38.768704156028974,39.065403422529194,38.62035452277886,38.966503667029116,1628500.0
BID,2025-01-17,38.768704156028974,39.065403422529194,38.62035452277886,39.065403422529194,1572900.0
BID,2025-01-20,39.01595354477916,39.65880195552964,38.966503667029116,39.46100244452949,2854300.0
BID,2025-01-21,39.6093520777796,39.6093520777796,39.065403422529194,39.36210268902941,2339600.0
BID,2025-01-22,39.36210268902941,39.36210268902941,39.01595354477916,39.065403422529194,2020900.0
BID,2025-01-23,39.065403422529194,39.65880195552964,39.01595354477916,39.46100244452949,2925500.0
BID,2025-01-24,39.46100244452949,39.55990220002956,39.31265281127938,39.55990220002956,2333900.0
BID,2025-02-03,39.26320293352934,39.46100244452949,38.6698044005289,38.966503667029116,3550500.0
BID,2025-02-04,39.065403422529194,39.65880195552964,38.71925427827893,39.21375305577931,4413900.0
BID,2025-02-05,39.46100244452949,39.51045232227953,39.11485330027923,39.16430317802927,2370300.0
BID,2025-02-06,39.21375305577931,39.55990220002956,39.16430317802927,39.36210268902941,3976100.0
BID,2025-02-07,39.36210268902941,40.35110024403015,39.36210268902941,40.05440097752993,8054000.0
BID,2025-02-10,40.05440097752993,40.746699266030454,39.65880195552964,39.906051344279824,4596700.0
BID,2025-02-11,40.05440097752993,40.30165036628012,39.65880195552964,40.0049510997799,3873800.0
BID,2025-02-12,39.906051344279824,40.0049510997799,39.46100244452949,39.55990220002956,4336000.0
BID,2025-02-13,39.55990220002956,39.807151588779746,39.46100244452949,39.55990220002956,2430100.0
BID,2025-02-14,39.906051344279824,40.40055012178019,39.708251833279675,40.20275061078004,4707800.0
BID,2025-02-17,40.20275061078004,40.20275061078004,39.708251833279675,39.75770171102972,2273100.0
BID,2025-02-18,39.65880195552964,40.20275061078004,39.6093520777796,40.05440097752993,3320100.0
BID,2025-02-19,40.05440097752993,40.44999999953023,39.95550122202986,40.40055012178019,5452400.0
BID,2025-02-20,40.548899755030305,40.598349632780334,40.20275061078004,40.44999999953023,3398400.0
BID,2025-02-21,40.40055012178019,40.598349632780334,40.20275061078004,40.44999999953023,2988800.0
BID,2025-02-24,40.44999999953023,40.944498777030596,40.252200488530086,40.647799510530376,4168600.0
BID,2025-02-25,40.69724938828041,40.89504889928056,40.548899755030305,40.79614914378049,4348800.0
BID,2025-02-26,40.746699266030454,40.79614914378049,40.49944987728027,40.746699266030454,3020100.0
BID,2025-02-27,40.746699266030454,40.845599021530525,40.44999999953023,40.49944987728027,2552300.0
BID,2025-02-28,40.49944987728027,40.49944987728027,40.252200488530086,40.49944987728027,3051600.0
BID,2025-03-03,40.49944987728027,40.746699266030454,40.40055012178019,40.49944987728027,1966100.0
BID,2025-03-04,40.35110024403015,40.44999999953023,39.95550122202986,40.35110024403015,3340100.0
BID,2025-03-05,40.252200488530086,40.69724938828041,40.0049510997799,40.20275061078004,2829800.0
BID,2025-03-06,40.20275061078004,40.44999999953023,40.103850855279966,40.35110024403015,2390500.0
BID,2025-03-07,40.35110024403015,40.69724938828041,40.252200488530086,40.69724938828041,4622400.0
BID,2025-03-10,40.845599021530525,41.53789731003104,40.746699266030454,40.944498777030596,4881700.0
BID,2025-03-11,40.49944987728027,40.944498777030596,40.30165036628012,40.944498777030596,3352200.0
BID,2025-03-12,40.89504889928056,40.944498777030596,40.40055012178019,40.44999999953023,3968100.0
BID,2025-03-13,40.44999999953023,40.44999999953023,39.65880195552964,39.75770171102972,5683300.0
BID,2025-03-14,39.75770171102972,39.95550122202986,39.6093520777796,39.95550122202986,2298100.0
BID,2025-03-17,39.95550122202986,40.103850855279966,39.708251833279675,39.906051344279824,3319900.0
BID,2025-03-18,40.05440097752993,40.15330073303001,39.55990220002956,39.55990220002956,3419200.0
BID,2025-03-19,39.75770171102972,39.75770171102972,39.11485330027923,39.36210268902941,3182000.0
BID,2025-03-20,39.11485330027923,39.46100244452949,39.11485330027923,39.36210268902941,2255800.0
BID,2025-03-21,39.16430317802927,39.36210268902941,39.01595354477916,39.01595354477916,2407600.0
BID,2025-03-24,39.01595354477916,39.065403422529194,38.570904645028826,38.6698044005289,3733500.0
BID,2025-03-25,38.768704156028974,39.26320293352934,38.768704156028974,39.26320293352934,2966500.0
BID,2025-03-26,39.16430317802927,39.411552566779456,38.966503667029116,39.11485330027923,2603800.0
BID,2025-03-27,39.21375305577931,39.21375305577931,38.6698044005289,38.6698044005289,1862400.0
BID,2025-03-28,38.71925427827893,38.81815403377901,38.62035452277886,38.6698044005289,1436400.0
BID,2025-03-31,38.570904645028826,38.570904645028826,38.07640586752846,38.32365525627864,2899600.0
BID,2025-04-01,38.47200488952875,38.570904645028826,38.274205378528606,38.570904645028826,1367000.0
BID,2025-04-02,38.81815403377901,38.81815403377901,38.274205378528606,38.274205378528606,3026000.0
BID,2025-04-03,36.592909535027346,37.48300733452801,35.60391198002661,35.60391198002661,7520100.0
BID,2025-04-04,33.1808679702748,35.60391198002661,33.1808679702748,35.60391198002661,6883200.0
BID,2025-04-08,34.614914425025866,35.10941320252624,33.13141809252476,33.13141809252476,5562300.0
BID,2025-04-09,30.85672371602306,34.1204156475255,30.85672371602306,32.09297065977399,6519100.0
BID,2025-04-10,34.318215158525646,34.318215158525646,34.318215158525646,34.318215158525646,635800.0
BID,2025-04-11,36.494009779527275,36.494009779527275,35.15886308027627,36.34566014627716,6947500.0
BID,2025-04-14,36.592909535027346,36.592909535027346,35.60391198002661,36.592909535027346,3547400.0
BID,2025-04-15,36.197310513027055,36.34566014627716,35.60391198002661,36.09841075752698,2999100.0
BID,2025-04-16,35.70281173552668,35.9995110020269,35.30721271352639,35.60391198002661,2914600.0
BID,2025-04-17,34.81271393602602,35.455562346776496,34.56546454727584,35.455562346776496,3126800.0
BID,2025-04-18,35.80171149102676,35.85116136877679,35.455562346776496,35.554462102276574,3477600.0
BID,2025-04-21,35.554462102276574,35.60391198002661,34.713814180525944,34.86216381377605,2105600.0
BID,2025-04-22,34.76326405827598,34.81271393602602,32.43911980402424,34.713814180525944,3799900.0
BID,2025-04-23,35.356662591276425,35.356662591276425,34.614914425025866,34.96106356927613,1849600.0
BID,2025-04-24,34.96106356927613,35.059963324776206,34.516014669525795,35.059963324776206,2778700.0
BID,2025-04-25,34.911613691526085,35.01051344702616,34.614914425025866,34.614914425025866,2684500.0
BID,2025-04-28,34.911613691526085,34.911613691526085,34.02151589202543,34.16986552527553,4070200.0
BID,2025-04-29,34.219315403025576,34.36766503627568,33.97206601427539,34.16986552527553,2440200.0
BID,2025-05-05,34.26876528077561,34.46656479177576,33.92261613652535,34.46656479177576,1834700.0
BID,2025-05-06,34.516014669525795,34.81271393602602,34.16986552527553,34.56546454727584,2972100.0
BID,2025-05-07,34.41711491402572,34.516014669525795,34.219315403025576,34.516014669525795,2129800.0
BID,2025-05-08,34.516014669525795,35.15886308027627,34.318215158525646,35.059963324776206,4666200.0
BID,2025-05-09,35.15886308027627,35.30721271352639,34.713814180525944,34.713814180525944,3058100.0
BID,2025-05-12,34.713814180525944,34.911613691526085,34.614914425025866,34.86216381377605,3137300.0
BID,2025-05-13,35.059963324776206,35.40611246902645,34.911613691526085,35.40611246902645,6592100.0
BID,2025-05-14,35.554462102276574,37.087408312527714,35.50501222452653,37.037958434777686,11855500.0
BID,2025-05-15,37.087408312527714,37.28520782352787,36.74125916827746,36.98850855702764,6623800.0
BID,2025-05-16,36.98850855702764,37.037958434777686,36.14786063527701,36.197310513027055,6251932.0
BID,2025-05-19,36.09841075752698,36.14786063527701,35.70281173552668,35.80171149102676,2742800.0
BID,2025-05-20,35.85116136877679,35.9995110020269,35.455562346776496,35.80171149102676,4650500.0
BID,2025-05-21,35.950061124276864,36.44455990177724,35.60391198002661,35.80171149102676,3685900.0
BID,2025-05-22,35.80171149102676,35.80171149102676,35.455562346776496,35.60391198002661,3481000.0
BID,2025-05-23,35.60391198002661,35.60391198002661,35.10941320252624,35.455562346776496,3338100.0
BID,2025-05-26,35.455562346776496,35.50501222452653,34.614914425025866,35.455562346776496,2512800.0
BID,2025-05-27,35.60391198002661,35.9995110020269,35.40611246902645,35.90061124652683,3546900.0
BID,2025-05-28,36.54345965727731,36.54345965727731,35.653361857776645,36.09841075752698,4671900.0
BID,2025-05-29,36.09841075752698,36.09841075752698,35.70281173552668,36.04896087977694,3029800.0
BID,2025-05-30,35.9995110020269,35.9995110020269,35.40611246902645,35.60391198002661,2334100.0
BID,2025-06-02,35.40611246902645,35.455562346776496,35.10941320252624,35.30721271352639,2796500.0
BID,2025-06-03,35.50501222452653,35.752261613276715,35.40611246902645,35.50501222452653,2729300.0
BID,2025-06-04,35.60391198002661,35.70281173552668,35.25776283577635,35.356662591276425,3010300.0
BID,2025-06-05,35.50501222452653,35.50501222452653,35.059963324776206,35.10941320252624,3302200.0
BID,2025-06-06,35.10941320252624,35.25776283577635,34.81271393602602,34.86216381377605,2792100.0
BID,2025-06-09,34.86216381377605,34.96106356927613,34.614914425025866,34.86216381377605,1659900.0
BID,2025-06-10,34.86216381377605,35.059963324776206,34.81271393602602,34.81271393602602,1865600.0
BID,2025-06-11,34.911613691526085,35.01051344702616,34.614914425025866,34.6643643027759,1236800.0
BID,2025-06-12,34.713814180525944,35.01051344702616,34.713814180525944,34.911613691526085,1416400.0
BID,2025-06-13,34.6643643027759,35.85116136877679,34.614914425025866,35.15886308027627,6320900.0
BID,2025-06-16,35.15886308027627,35.50501222452653,35.059963324776206,35.455562346776496,2707600.0
BID,2025-06-17,35.60391198002661,35.80171149102676,35.455562346776496,35.50501222452653,3745800.0
BID,2025-06-18,35.50501222452653,35.653361857776645,35.20831295802631,35.25776283577635,2595800.0
BID,2025-06-19,35.30721271352639,35.50501222452653,35.10941320252624,35.40611246902645,1873000.0
BID,2025-06-20,35.40611246902645,35.9995110020269,35.40611246902645,35.60391198002661,5982300.0
BID,2025-06-23,35.25776283577635,35.60391198002661,35.15886308027627,35.455562346776496,2359600.0
BID,2025-06-24,35.653361857776645,35.80171149102676,35.30721271352639,35.60391198002661,4416300.0
BID,2025-06-25,35.653361857776645,35.85116136877679,35.455562346776496,35.455562346776496,3395300.0
BID,2025-06-26,35.50501222452653,35.554462102276574,35.20831295802631,35.30721271352639,2340200.0
BID,2025-06-27,35.30721271352639,36.246760390777084,35.30721271352639,35.70281173552668,8298600.0
BID,2025-06-30,35.950061124276864,35.950061124276864,35.80171149102676,35.90061124652683,4550000.0
BID,2025-07-01,35.950061124276864,36.44455990177724,35.85116136877679,36.197310513027055,7013400.0
BID,2025-07-02,36.197310513027055,36.246760390777084,35.90061124652683,35.9995110020269,3804400.0
BID,2025-07-03,36.09841075752698,36.3951100240272,35.752261613276715,35.90061124652683,6056200.0
BID,2025-07-04,36.04896087977694,36.296210268527126,35.90061124652683,36.14786063527701,4207700.0
BID,2025-07-07,36.246760390777084,36.790709046027494,36.246760390777084,36.790709046027494,11238100.0
BID,2025-07-08,36.790709046027494,37.087408312527714,36.592909535027346,37.087408312527714,7822100.0
BID,2025-07-09,37.23575794577783,38.02695598977842,37.087408312527714,37.77970660102824,11215600.0
BID,2025-07-10,38.07640586752846,38.274205378528606,37.63135696777812,37.82915647877827,7852900.0
BID,2025-07-11,37.82915647877827,38.22475550077856,37.730256723278195,37.8786063565283,8713900.0
BID,2025-07-14,38.07640586752846,38.91705378927909,37.8786063565283,38.22475550077856,8309600.0
BID,2025-07-15,38.17530562302853,38.32365525627864,37.68080684552816,37.68080684552816,5787900.0
BID,2025-07-16,37.48300733452801,37.97750611202838,37.433557456777976,37.97750611202838,4922000.0
BID,2025-07-17,38.37310513402868,38.37310513402868,37.730256723278195,37.8786063565283,5879300.0
BID,2025-07-18,37.8786063565283,38.37310513402868,37.58190709002809,37.928056234278344,9035700.0
BID,2025-07-21,38.02695598977842,38.22475550077856,37.63135696777812,37.68080684552816,6901500.0
BID,2025-07-22,37.63135696777812,38.867603911529045,37.58190709002809,38.47200488952875,10824300.0
BID,2025-07-23,38.6698044005289,38.768704156028974,38.12585574527849,38.274205378528606,6983000.0
BID,2025-07-24,38.570904645028826,39.21375305577931,38.274205378528606,38.42255501177871,10953100.0
BID,2025-07-25,38.6698044005289,38.6698044005289,38.32365525627864,38.42255501177871,6289500.0
BID,2025-07-28,38.6698044005289,39.36210268902941,38.47200488952875,38.966503667029116,11422400.0
BID,2025-07-29,39.21375305577931,39.21375305577931,36.98850855702764,36.98850855702764,15396400.0
BID,2025-07-30,36.98850855702764,38.37310513402868,36.889608801527565,37.68080684552816,9670000.0
BID,2025-07-31,38.07640586752846,38.07640586752846,37.087408312527714,37.433557456777976,6291400.0
BID,2025-08-01,37.433557456777976,37.8786063565283,36.691809290527424,36.790709046027494,7122300.0
BID,2025-08-04,36.790709046027494,37.82915647877827,36.790709046027494,37.63135696777812,4467900.0
BID,2025-08-05,37.97750611202838,39.75770171102972,37.77970660102824,38.32365525627864,28565100.0
BID,2025-08-06,38.570904645028826,39.46100244452949,38.52145476727879,39.065403422529194,7044500.0
BID,2025-08-07,39.26320293352934,40.05440097752993,39.065403422529194,40.0049510997799,12283900.0
BID,2025-08-08,40.548899755030305,40.548899755030305,38.91705378927909,39.26320293352934,16734500.0
BID,2025-08-11,39.55990220002956,40.15330073303001,39.16430317802927,39.75770171102972,11391300.0
BID,2025-08-12,40.05440097752993,41.488447432281006,40.0049510997799,41.043398532530674,15506900.0
BID,2025-08-13,41.34009779903089,41.34009779903089,39.85660146652978,40.89504889928056,11836100.0
BID,2025-08-14,41.142298288030744,42.18074572078152,40.69724938828041,41.686246943281155,15166900.0
BID,2025-08-15,42.13129584303149,42.13129584303149,40.252200488530086,40.548899755030305,14374100.0
BID,2025-08-18,40.598349632780334,40.845599021530525,40.15330073303001,40.35110024403015,7511900.0
BID,2025-08-19,40.44999999953023,41.043398532530674,40.252200488530086,40.40055012178019,9924300.0
BID,2025-08-20,40.548899755030305,41.389547676780936,39.16430317802927,40.252200488530086,14543200.0
BID,2025-08-21,40.548899755030305,42.13129584303149,40.44999999953023,41.83459657653126,17532300.0
BID,2025-08-22,41.93349633203134,44.603789730533336,41.488447432281006,42.77414425378197,22730700.0
BID,2025-08-25,43.416992664532444,43.416992664532444,40.548899755030305,40.548899755030305,11310800.0
BID,2025-08-26,40.548899755030305,41.389547676780936,40.103850855279966,41.34009779903089,11173900.0
BID,2025-08-27,41.686246943281155,44.01039119753289,41.389547676780936,42.32909535403163,14870300.0
BID,2025-08-28,42.576344742781814,42.77414425378197,41.785146698781226,42.03239608753141,5841200.0
BID,2025-08-29,42.230195598531566,43.120293398032224,42.03239608753141,42.37854523178167,10429800.0
BID,2025-09-03,42.625794620531856,43.416992664532444,41.58734718778108,43.02139364253215,11449700.0
BID,2025-09-04,43.26864303128234,43.466442542282486,42.67524449828189,42.922493887032076,7236000.0
BID,2025-09-05,43.120293398032224,43.120293398032224,41.488447432281006,41.488447432281006,13561000.0
BID,2025-09-08,41.24119804353082,41.389547676780936,40.20275061078004,40.20275061078004,9074900.0
BID,2025-09-09,40.20275061078004,40.548899755030305,39.906051344279824,40.20275061078004,4248700.0
BID,2025-09-10,40.252200488530086,40.89504889928056,40.103850855279966,40.252200488530086,5472700.0
BID,2025-09-11,40.35110024403015,40.35110024403015,39.411552566779456,40.20275061078004,5782600.0
BID,2025-09-12,40.35110024403015,40.79614914378049,40.35110024403015,40.49944987728027,3319500.0
BID,2025-09-15,40.598349632780334,41.73569682103119,40.598349632780334,41.73569682103119,7330300.0
BID,2025-09-16,42.03239608753141,42.230195598531566,41.53789731003104,41.58734718778108,7340200.0
BID,2025-09-17,41.53789731003104,41.93349633203134,40.548899755030305,40.548899755030305,3700300.0
BID,2025-09-18,40.548899755030305,40.99394865478064,40.103850855279966,40.35110024403015,4684500.0
BID,2025-09-19,40.647799510530376,40.746699266030454,39.36210268902941,39.36210268902941,6161400.0
BID,2025-09-22,39.75770171102972,40.548899755030305,39.16430317802927,40.548899755030305,7994300.0
BID,2025-09-23,40.252200488530086,40.44999999953023,40.05440097752993,40.40055012178019,3466500.0
BID,2025-09-24,40.40055012178019,40.746699266030454,39.75770171102972,40.746699266030454,4714500.0
BID,2025-09-25,40.69724938828041,40.69724938828041,40.35110024403015,40.44999999953023,2009200.0
BID,2025-09-26,40.35110024403015,40.69724938828041,40.103850855279966,40.103850855279966,2295100.0
BID,2025-09-29,39.807151588779746,40.103850855279966,39.65880195552964,39.85660146652978,2110500.0
BID,2025-09-30,39.75770171102972,40.103850855279966,39.16430317802927,39.55990220002956,3683900.0
BID,2025-10-01,39.55990220002956,40.20275061078004,39.36210268902941,39.6093520777796,2219300.0
BID,2025-10-02,39.708251833279675,40.252200488530086,39.55990220002956,39.65880195552964,2995400.0
BID,2025-10-03,39.55990220002956,39.708251833279675,39.36210268902941,39.36210268902941,2515700.0
BID,2025-10-06,39.85660146652978,40.44999999953023,39.6093520777796,40.30165036628012,3058100.0
BID,2025-10-07,40.548899755030305,40.548899755030305,40.0049510997799,40.05440097752993,2418400.0
BID,2025-10-08,40.44999999953023,40.44999999953023,39.807151588779746,40.0049510997799,4602600.0
BID,2025-10-09,40.103850855279966,40.49944987728027,39.95550122202986,40.35110024403015,4346900.0
BID,2025-10-10,40.44999999953023,41.043398532530674,40.44999999953023,40.746699266030454,6794000.0
BID,2025-10-13,40.548899755030305,40.69724938828041,40.30165036628012,40.44999999953023,4558600.0
BID,2025-10-14,40.6,40.75,39.6,39.6,7724500.0
BID,2025-10-15,39.7,40.15,39.35,39.35,4329400.0
BID,2025-10-16,39.35,39.75,39.2,39.75,3801100.0
BID,2025-10-17,39.75,39.8,39.05,39.05,4176200.0
BID,2025-10-20,38.95,39.05,36.5,36.5,7393700.0
BID,2025-10-21,36.55,37.5,36.55,37.05,4500300.0
BID,2025-10-22,37.5,37.5,36.5,37.2,3971100.0
BID,2025-10-23,37.0,37.45,36.85,36.9,2708600.0
BID,2025-10-24,37.0,37.1,36.2,36.9,3489900.0
BID,2025-10-27,36.95,37.2,36.5,36.5,2062600.0
BID,2025-10-28,36.6,37.15,36.6,37.1,2793500.0
BID,2025-10-29,37.5,37.9,37.3,37.8,3204212.0
BID,2025-10-30,37.95,38.25,37.6,37.9,2599600.0
BID,2025-10-31,38.0,38.0,37.4,37.4,2380014.0
BID,2025-11-03,37.6,37.8,37.1,37.1,2453800.0
BID,2025-11-04,37.1,38.0,36.9,37.9,3902618.0
BID,2025-11-05,37.6,38.8,37.6,38.65,3945700.0
BID,2025-11-06,38.7,38.9,38.35,38.5,2392709.0
BID,2025-11-07,38.35,38.65,37.45,37.5,3220907.0
BID,2025-11-10,37.5,38.0,37.3,37.4,2337400.0
BID,2025-11-11,37.6,38.15,37.6,38.0,2393800.0
BID,2025-11-12,38.2,38.4,37.8,38.25,2029800.0
BID,2025-11-13,38.25,38.45,38.0,38.3,1942704.0
BID,2025-11-14,38.2,38.5,38.2,38.35,2234600.0
BID,2025-11-17,38.35,38.55,38.3,38.4,1422735.0
BID,2025-11-18,38.5,38.5,38.25,38.4,1451406.0
BID,2025-11-19,38.3,38.45,38.1,38.1,1302401.0
BID,2025-11-20,38.2,38.2,37.9,37.95,1467942.0
BID,2025-11-21,37.9,37.9,37.4,37.6,1247014.0
BID,2025-11-24,37.6,37.95,37.6,37.65,1091706.0
BID,2025-11-25,37.8,37.8,37.0,37.0,1798109.0
BID,2025-11-26,37.05,37.55,37.05,37.35,1237305.0
BID,2025-11-27,37.45,37.7,37.3,37.55,1071307.0
BID,2025-11-28,37.55,37.6,37.1,37.1,878607.0
BID,2025-12-01,37.2,37.3,36.95,36.95,1458902.0
BID,2025-12-02,36.95,37.05,36.65,36.85,1590302.0
BID,2025-12-03,37.0,38.45,37.0,38.4,4011709.0
BID,2025-12-04,38.5,38.55,38.05,38.2,2052100.0
BID,2025-12-05,38.3,38.45,37.8,37.8,1626100.0
BID,2025-12-08,37.8,37.95,37.45,37.5,1702006.0
BID,2025-12-09,37.5,37.95,37.1,37.45,3264314.0
BID,2025-12-10,37.5,37.9,37.45,37.7,1904100.0
BID,2025-12-11,37.7,38.1,37.6,37.6,1133212.0
BID,2025-12-12,37.7,37.7,37.0,37.0,1877500.0
BID,2025-12-15,37.05,37.15,36.9,37.0,1243402.0
BID,2025-12-16,37.1,37.75,36.85,37.4,2060100.0
BID,2025-12-17,37.45,38.5,37.45,38.0,4131103.0
BID,2025-12-18,38.1,38.3,37.9,38.0,1238316.0
BID,2025-12-19,38.0,38.15,37.6,37.7,2096700.0
BID,2025-12-22,37.7,38.45,37.65,38.4,2714703.0
BID,2025-12-23,38.5,38.8,37.9,38.0,1919100.0
BID,2025-12-24,38.0,38.45,37.8,38.4,1986000.0
BID,2025-12-25,38.4,38.95,38.35,38.8,3728800.0
BID,2025-12-26,38.45,38.8,38.0,38.8,2657210.0
BID,2025-12-29,38.8,38.9,38.6,38.8,1644300.0
BID,2025-12-30,38.8,39.85,38.65,39.4,5379000.0
BID,2025-12-31,39.5,39.55,38.9,38.9,1630703.0
BID,2026-01-05,38.85,38.9,37.9,38.45,3885400.0
BID,2026-01-06,38.3,38.9,37.8,38.9,4854904.0
BID,2026-01-07,39.5,41.4,39.5,40.95,13409700.0
BID,2026-01-08,41.3,43.8,40.9,43.05,27506700.0
BID,2026-01-09,43.8,46.05,43.7,46.05,22918600.0
BID,2026-01-12,47.9,49.25,47.0,49.25,7783600.0
BID,2026-01-13,49.35,51.6,48.6,51.0,21869900.0
BID,2026-01-14,50.8,54.5,50.2,54.5,17646800.0
BID,2026-01-15,52.6,54.0,50.7,50.7,26455700.0
BID,2026-01-16,51.0,54.2,50.4,51.1,13973800.0
BID,2026-01-19,51.1,52.6,50.5,52.0,9409600.0
BID,2026-01-20,52.9,55.3,52.2,53.2,15547500.0
BID,2026-01-21,52.6,53.9,51.1,53.0,11935000.0
BID,2026-01-22,53.5,56.6,51.6,52.0,18089900.0
BID,2026-01-23,51.8,52.8,50.7,50.8,10080300.0
BID,2026-01-26,51.0,52.6,50.8,52.5,11947600.0
BID,2026-01-27,52.5,52.8,49.5,52.6,12478800.0
BID,2026-01-28,53.4,55.9,51.4,51.9,17897800.0
BID,2026-01-29,51.8,52.8,51.0,51.9,7082200.0
BID,2026-01-30,52.3,54.5,51.9,53.9,13696100.0
BID,2026-02-02,53.8,55.2,52.1,55.0,11934200.0
BID,2026-02-03,55.7,56.5,54.0,54.1,11573700.0
BID,2026-02-04,54.0,54.4,52.6,53.0,9645300.0
BID,2026-02-05,53.0,53.3,51.5,51.5,9817200.0
BID,2026-02-06,50.7,52.3,50.7,51.4,9885700.0
BID,2026-02-09,51.8,51.8,50.6,50.6,3595300.0
BID,2026-02-10,50.2,50.5,47.1,47.1,22973600.0
BID,2026-02-11,46.55,48.75,46.1,48.5,8738800.0
BID,2026-02-12,48.3,48.5,47.35,47.55,4806600.0
BID,2026-02-13,47.55,47.7,46.8,46.9,6762700.0
BID,2026-02-23,47.6,49.7,47.15,49.1,7557400.0
BID,2026-02-24,49.45,49.45,48.45,48.75,5739400.0
BID,2026-02-25,48.95,49.95,48.5,48.5,8375400.0
BID,2026-02-26,48.55,48.9,47.75,48.45,4690300.0
BID,2026-02-27,48.45,49.1,47.5,47.9,6519700.0
BID,2026-03-02,46.05,47.4,45.2,45.2,11738000.0
BID,2026-03-03,45.1,45.9,43.5,43.55,15198300.0
BID,2026-03-04,43.4,45.6,43.4,45.6,10734400.0
BID,2026-03-05,46.1,46.1,44.4,44.4,6063200.0
BID,2026-03-06,44.0,45.0,43.0,43.55,5423100.0
BID,2026-03-09,40.55,41.0,40.55,40.55,6134800.0
BID,2026-03-10,41.5,42.8,39.5,41.8,14055500.0
BID,2026-03-11,41.3,42.35,41.3,41.7,6154500.0
BID,2026-03-12,41.8,41.9,40.65,40.75,6452900.0
BID,2026-03-13,40.6,41.25,39.95,40.65,7923500.0
BID,2026-03-16,40.5,41.2,40.0,40.3,5174500.0
BID,2026-03-17,40.8,41.3,40.35,40.45,6922000.0
BID,2026-03-18,41.1,43.0,41.0,41.3,14609300.0
BID,2026-03-19,40.9,41.1,40.1,40.65,6392700.0
BID,2026-03-20,40.65,41.1,39.6,39.75,10147300.0
BID,2026-03-23,39.4,39.45,38.1,38.45,10634100.0
BID,2026-03-24,39.3,39.6,38.5,39.1,6990400.0
BID,2026-03-25,39.5,39.65,38.9,39.5,8722100.0
BID,2026-03-26,39.5,39.7,38.9,38.9,6156000.0
BID,2026-03-27,38.9,39.9,38.9,39.85,8196600.0
BID,2026-03-30,39.1,39.55,38.95,39.45,6075800.0
BID,2026-03-31,39.6,39.8,39.1,39.4,7278600.0
BID,2026-04-01,40.0,40.6,39.7,40.25,10071800.0
BID,2026-04-02,40.0,40.0,39.4,39.7,7101700.0
BID,2026-04-03,39.7,39.75,39.05,39.05,7279600.0
BID,2026-04-06,39.05,39.4,38.65,39.35,5679400.0
BID,2026-04-07,39.4,39.5,39.0,39.4,4798100.0
BID,2026-04-08,40.5,41.45,40.05,41.45,15053900.0
BID,2026-04-09,41.0,41.15,40.5,40.6,8138800.0
BID,2026-04-10,41.1,41.95,40.65,40.8,8968200.0
BID,2026-04-13,40.5,40.75,40.25,40.35,5770800.0
BID,2026-04-14,40.75,40.85,40.25,40.4,5565300.0
BID,2026-04-15,40.75,41.0,40.3,40.3,6296700.0
BID,2026-04-16,40.4,40.6,40.15,40.2,4295800.0
BID,2026-04-17,40.3,40.7,40.1,40.3,5789600.0
BID,2026-04-20,40.45,40.75,40.25,40.55,5993200.0
BID,2026-04-21,40.75,41.3,40.4,40.4,7980700.0
BID,2026-04-22,40.6,40.6,40.2,40.25,3619600.0
BID,2026-04-23,40.25,43.05,40.25,41.6,23927000.0
BID,2026-04-24,41.6,41.65,40.75,40.75,4703800.0
BID,2026-04-28,40.9,41.1,40.05,40.15,6600700.0
BID,2026-04-29,40.2,40.35,39.7,40.1,6693000.0
BID,2026-05-04,40.4,41.3,40.1,40.85,6495500.0
BID,2026-05-05,40.6,40.8,40.2,40.55,3474000.0
BID,2026-05-06,40.7,41.0,40.55,40.9,4399100.0
BID,2026-05-07,41.2,41.3,40.8,40.85,7167000.0
BID,2026-05-08,40.85,42.8,40.85,42.4,23775900.0
BID,2026-05-11,42.7,42.7,41.5,41.5,6557100.0
BID,2026-05-12,41.55,41.75,41.05,41.75,6207800.0
BID,2026-05-13,41.8,43.0,41.15,42.8,15229800.0
BID,2026-05-14,42.9,44.25,42.85,43.55,11071100.0
