Symbol,Date,Open,High,Low,Close,Volume
BVH,2021-05-17,48.29331046579208,48.466404768536854,47.08165034657866,47.254744649323435,661300.0
BVH,2021-05-18,47.254744649323435,47.42783895206821,46.56236743834434,46.73546174108911,663200.0
BVH,2021-05-19,46.73546174108911,46.73546174108911,46.043084530110015,46.043084530110015,596100.0
BVH,2021-05-20,46.043084530110015,46.21617883285479,45.00451871364137,45.69689592462046,1023200.0
BVH,2021-05-21,45.61034877324808,47.51438610344059,45.09106586501375,46.1296316814824,826800.0
BVH,2021-05-24,47.34129180069583,47.42783895206821,46.73546174108911,46.99510319520627,461100.0
BVH,2021-05-25,46.99510319520627,48.29331046579208,46.90855604383389,47.77402755755776,939400.0
BVH,2021-05-26,47.860574708930145,48.639499071281634,47.77402755755776,48.033669011674924,925900.0
BVH,2021-05-27,47.94712186030253,49.15878197951595,44.74487725952421,48.55295191990925,1109600.0
BVH,2021-05-28,48.55295191990925,48.55295191990925,47.77402755755776,48.033669011674924,499300.0
BVH,2021-05-31,47.600933254812986,47.94712186030253,46.73546174108911,46.822008892461504,653800.0
BVH,2021-06-01,46.822008892461504,47.16819749795105,46.21617883285479,46.389273135599566,680900.0
BVH,2021-06-02,46.389273135599566,46.47582028697195,45.95653737873763,46.389273135599566,658100.0
BVH,2021-06-03,46.73546174108911,48.033669011674924,46.56236743834434,47.51438610344059,823800.0
BVH,2021-06-04,47.600933254812986,49.76461203912267,47.600933254812986,49.418423433633116,2013000.0
BVH,2021-06-07,49.76461203912267,51.49555506657041,49.50497058500551,50.630083552846536,2320700.0
BVH,2021-06-08,50.630083552846536,51.49555506657041,48.72604622265401,49.33187628226073,1346600.0
BVH,2021-06-09,48.98568767677118,49.07223482814357,47.600933254812986,48.812593374026406,1088500.0
BVH,2021-06-10,48.812593374026406,48.812593374026406,47.77402755755776,48.033669011674924,1007100.0
BVH,2021-06-11,48.466404768536854,49.85115919049505,48.37985761716447,49.59151773637789,1430200.0
BVH,2021-06-14,50.630083552846536,52.53412088303906,50.197347795984605,51.92829082343235,3394700.0
BVH,2021-06-15,51.92829082343235,53.226498094018154,51.66864936931519,52.966856639900996,2252500.0
BVH,2021-06-16,52.79376233715622,53.226498094018154,51.92829082343235,52.18793227754951,1462800.0
BVH,2021-06-17,51.32246076382563,53.65923385088009,51.14936646108086,53.65923385088009,1926300.0
BVH,2021-06-18,53.65923385088009,53.91887530499725,52.79376233715622,52.79376233715622,1363900.0
BVH,2021-06-21,52.79376233715622,52.79376233715622,51.23591361245325,51.66864936931519,1610800.0
BVH,2021-06-22,52.361026580294286,52.79376233715622,51.75519652068757,51.841743672059955,1477500.0
BVH,2021-06-23,52.361026580294286,52.361026580294286,50.197347795984605,50.889725006963694,1583600.0
BVH,2021-06-24,50.630083552846536,51.75519652068757,50.11080064461221,50.197347795984605,1278900.0
BVH,2021-06-25,50.197347795984605,50.630083552846536,49.418423433633116,50.45698925010176,1040900.0
BVH,2021-06-28,51.06281930970847,52.18793227754951,50.54353640147415,51.92829082343235,1030400.0
BVH,2021-06-29,51.92829082343235,52.10138512617712,50.97627215833609,51.14936646108086,930900.0
BVH,2021-06-30,51.14936646108086,51.409007915198025,50.54353640147415,50.54353640147415,804400.0
BVH,2021-07-01,50.97627215833609,51.32246076382563,50.197347795984605,51.06281930970847,1073300.0
BVH,2021-07-02,51.49555506657041,51.841743672059955,50.71663070421893,51.14936646108086,959500.0
BVH,2021-07-05,51.14936646108086,51.14936646108086,49.93770634186744,50.45698925010176,1030100.0
BVH,2021-07-06,50.28389494735699,50.889725006963694,48.37985761716447,48.37985761716447,2888400.0
BVH,2021-07-07,48.37985761716447,48.37985761716447,46.47582028697195,47.16819749795105,2063400.0
BVH,2021-07-08,47.254744649323435,48.72604622265401,47.08165034657866,47.51438610344059,1036200.0
BVH,2021-07-09,47.42783895206821,47.94712186030253,45.95653737873763,45.95653737873763,1000800.0
BVH,2021-07-12,45.264160167758526,45.86999022736524,42.7542927779593,43.53321714031078,1807900.0
BVH,2021-07-13,43.96595289717272,44.485235805407044,42.840839929331686,43.879405745800334,914200.0
BVH,2021-07-14,43.96595289717272,44.31214150266227,42.40810417246975,43.273575686193624,793300.0
BVH,2021-07-15,42.840839929331686,43.70631144305556,42.840839929331686,43.70631144305556,886900.0
BVH,2021-07-16,44.13904719991749,44.91797156226898,43.879405745800334,44.13904719991749,1521200.0
BVH,2021-07-19,43.18702853482123,43.53321714031078,41.54263265874588,41.54263265874588,1039700.0
BVH,2021-07-20,41.54263265874588,43.18702853482123,40.677161145022005,43.18702853482123,803900.0
BVH,2021-07-21,43.18702853482123,43.273575686193624,42.62447205090072,42.840839929331686,372300.0
BVH,2021-07-22,42.92738708070407,44.13904719991749,42.7542927779593,43.96595289717272,621400.0
BVH,2021-07-23,43.79285859442795,44.57178295677943,43.61976429168317,43.61976429168317,1060900.0
BVH,2021-07-26,42.92738708070407,44.052500048545106,42.840839929331686,43.79285859442795,488800.0
BVH,2021-07-27,44.39868865403466,44.485235805407044,43.53321714031078,43.70631144305556,656700.0
BVH,2021-07-28,43.273575686193624,44.13904719991749,43.273575686193624,43.446669988938396,320800.0
BVH,2021-07-29,43.70631144305556,43.879405745800334,43.446669988938396,43.61976429168317,427200.0
BVH,2021-07-30,43.61976429168317,44.57178295677943,43.61976429168317,44.225594351289885,960300.0
BVH,2021-08-02,44.74487725952421,45.78344307599285,44.31214150266227,45.264160167758526,981300.0
BVH,2021-08-03,45.52380162187569,46.30272598422717,45.437254470503305,45.61034877324808,711900.0
BVH,2021-08-04,45.86999022736524,46.73546174108911,45.61034877324808,46.56236743834434,1162100.0
BVH,2021-08-05,46.21617883285479,46.47582028697195,45.95653737873763,46.389273135599566,659800.0
BVH,2021-08-06,46.30272598422717,46.73546174108911,45.61034877324808,46.56236743834434,1125800.0
BVH,2021-08-09,46.043084530110015,46.90855604383389,45.95653737873763,46.648914589716725,736800.0
BVH,2021-08-10,46.73546174108911,47.08165034657866,46.043084530110015,46.21617883285479,694400.0
BVH,2021-08-11,46.389273135599566,47.42783895206821,46.21617883285479,46.90855604383389,1348500.0
BVH,2021-08-12,46.90855604383389,48.033669011674924,46.90855604383389,47.860574708930145,1430300.0
BVH,2021-08-13,47.77402755755776,47.77402755755776,46.648914589716725,47.08165034657866,828900.0
BVH,2021-08-16,47.16819749795105,47.51438610344059,46.648914589716725,46.90855604383389,1051700.0
BVH,2021-08-17,46.90855604383389,46.99510319520627,46.389273135599566,46.389273135599566,884100.0
BVH,2021-08-18,46.73546174108911,47.860574708930145,46.648914589716725,47.34129180069583,1304200.0
BVH,2021-08-19,47.51438610344059,47.77402755755776,47.16819749795105,47.600933254812986,779400.0
BVH,2021-08-20,47.600933254812986,47.860574708930145,44.91797156226898,46.21617883285479,1584200.0
BVH,2021-08-23,46.043084530110015,46.043084530110015,45.00451871364137,45.00451871364137,1178300.0
BVH,2021-08-24,45.00451871364137,45.52380162187569,44.65833010815182,45.52380162187569,765100.0
BVH,2021-08-25,45.52380162187569,45.86999022736524,45.09106586501375,45.61034877324808,336100.0
BVH,2021-08-26,45.78344307599285,46.56236743834434,45.437254470503305,45.52380162187569,591400.0
BVH,2021-08-27,45.09106586501375,46.389273135599566,45.00451871364137,46.21617883285479,656900.0
BVH,2021-08-30,46.389273135599566,47.600933254812986,46.389273135599566,47.600933254812986,1557552.0
BVH,2021-08-31,48.466404768536854,49.76461203912267,48.37985761716447,49.33187628226073,2580900.0
BVH,2021-09-01,49.59151773637789,49.59151773637789,48.89914052539879,49.15878197951595,1249800.0
BVH,2021-09-06,49.245329130888344,49.50497058500551,48.72604622265401,48.812593374026406,845100.0
BVH,2021-09-07,48.55295191990925,48.89914052539879,47.68748040618537,47.860574708930145,1459500.0
BVH,2021-09-08,47.860574708930145,47.94712186030253,46.73546174108911,46.90855604383389,1200700.0
BVH,2021-09-09,47.16819749795105,47.94712186030253,46.73546174108911,47.51438610344059,586800.0
BVH,2021-09-10,47.51438610344059,48.639499071281634,47.16819749795105,48.466404768536854,921400.0
BVH,2021-09-13,48.466404768536854,48.466404768536854,47.254744649323435,47.254744649323435,950400.0
BVH,2021-09-14,47.254744649323435,47.600933254812986,46.56236743834434,46.73546174108911,755300.0
BVH,2021-09-15,46.73546174108911,46.822008892461504,45.86999022736524,46.822008892461504,849090.0
BVH,2021-09-16,46.90855604383389,47.51438610344059,46.73546174108911,47.16819749795105,499100.0
BVH,2021-09-17,46.822008892461504,48.206763314419696,46.389273135599566,46.389273135599566,2249200.0
BVH,2021-09-20,47.16819749795105,47.34129180069583,46.389273135599566,46.648914589716725,898700.0
BVH,2021-09-21,46.043084530110015,48.29331046579208,46.043084530110015,48.206763314419696,1973900.0
BVH,2021-09-22,48.466404768536854,51.14936646108086,48.466404768536854,51.06281930970847,4575300.0
BVH,2021-09-23,51.49555506657041,51.49555506657041,49.93770634186744,50.024253493239826,1954900.0
BVH,2021-09-24,50.197347795984605,51.409007915198025,49.85115919049505,50.889725006963694,1588700.0
BVH,2021-09-27,50.28389494735699,50.889725006963694,48.89914052539879,48.89914052539879,2063500.0
BVH,2021-09-28,48.89914052539879,50.97627215833609,48.206763314419696,50.803177855591315,1677700.0
BVH,2021-09-29,50.54353640147415,51.06281930970847,49.85115919049505,50.197347795984605,1067500.0
BVH,2021-09-30,50.803177855591315,51.49555506657041,50.54353640147415,50.54353640147415,1585700.0
BVH,2021-10-01,50.197347795984605,50.630083552846536,49.678064887750274,50.11080064461221,2243150.0
BVH,2021-10-04,50.197347795984605,52.44757373166667,50.197347795984605,51.49555506657041,3168000.0
BVH,2021-10-05,51.66864936931519,52.27447942892189,51.409007915198025,51.841743672059955,1146900.0
BVH,2021-10-06,52.014837974804735,53.226498094018154,51.92829082343235,52.79376233715622,1659500.0
BVH,2021-10-07,52.44757373166667,54.09196960774203,52.44757373166667,53.572686699507706,2304900.0
BVH,2021-10-08,53.65923385088009,54.35161106185919,52.620668034411445,52.966856639900996,1688100.0
BVH,2021-10-11,53.226498094018154,53.65923385088009,52.361026580294286,53.65923385088009,1537400.0
BVH,2021-10-12,53.83232815362487,54.00542245636964,52.620668034411445,53.572686699507706,1377300.0
BVH,2021-10-13,53.31304524539054,53.572686699507706,51.92829082343235,51.92829082343235,1563600.0
BVH,2021-10-14,52.014837974804735,52.53412088303906,51.841743672059955,51.841743672059955,1616100.0
BVH,2021-10-15,52.014837974804735,52.361026580294286,51.49555506657041,51.75519652068757,1389600.0
BVH,2021-10-18,51.66864936931519,52.620668034411445,51.06281930970847,51.5821022179428,1436700.0
BVH,2021-10-19,51.92829082343235,53.399592396762934,51.23591361245325,53.13995094264577,2026200.0
BVH,2021-10-20,53.13995094264577,53.48613954813531,51.66864936931519,52.361026580294286,1140800.0
BVH,2021-10-21,52.361026580294286,52.70721518578383,51.66864936931519,51.92829082343235,746000.0
BVH,2021-10-22,51.92829082343235,52.620668034411445,51.66864936931519,52.18793227754951,921200.0
BVH,2021-10-25,53.83232815362487,55.82291263518977,53.65923385088009,55.82291263518977,4524000.0
BVH,2021-10-26,56.60183699754126,57.55385566263752,55.390176878327836,55.649818332444994,2025500.0
BVH,2021-10-27,55.649818332444994,56.77493130028603,55.30362972695545,56.169101240679325,1389600.0
BVH,2021-10-28,56.169101240679325,57.207667057147965,55.390176878327836,56.77493130028603,2091200.0
BVH,2021-10-29,57.0345727544032,57.12111990577558,55.90945978656215,55.99600693793455,1712800.0
BVH,2021-11-01,55.99600693793455,56.94802560303081,55.390176878327836,55.47672402970022,1797400.0
BVH,2021-11-02,55.47672402970022,56.08255408930693,55.217082575583056,56.08255408930693,1515700.0
BVH,2021-11-03,56.08255408930693,56.60183699754126,54.9574411214659,54.9574411214659,1823100.0
BVH,2021-11-04,55.390176878327836,55.99600693793455,54.9574411214659,54.9574411214659,992700.0
BVH,2021-11-05,55.13053542421068,55.82291263518977,54.9574411214659,55.390176878327836,993300.0
BVH,2021-11-08,56.17887562393,56.44221410341717,55.38886018546849,55.73997815811805,868700.0
BVH,2021-11-09,55.827757651280436,58.1100244735026,55.827757651280436,56.88111156922912,2000500.0
BVH,2021-11-10,56.79333207606674,57.144450048716294,56.00331663760522,56.61777308974195,1093400.0
BVH,2021-11-11,56.44221410341717,56.61777308974195,54.94996271965653,55.476639678630875,1274000.0
BVH,2021-11-12,55.301080692306094,55.652198664955655,54.59884474700697,55.12552170598131,1434600.0
BVH,2021-11-15,56.529993596579565,56.529993596579565,54.86218322649414,55.03774221281893,1172200.0
BVH,2021-11-16,55.301080692306094,58.1100244735026,55.12552170598131,56.70555258290434,2630200.0
BVH,2021-11-17,57.320009035041075,57.49556802136586,56.354434610254785,56.354434610254785,963200.0
BVH,2021-11-18,56.44221410341717,56.79333207606674,55.73997815811805,56.354434610254785,1075800.0
BVH,2021-11-19,56.09109613076761,56.354434610254785,52.49213691110959,53.633270322220675,3553500.0
BVH,2021-11-22,53.19437285640872,53.984388294870236,51.78990096581047,52.84325488375916,1672600.0
BVH,2021-11-23,52.49213691110959,54.77440373333175,52.49213691110959,54.77440373333175,1080800.0
BVH,2021-11-24,54.86218322649414,55.12552170598131,54.2477267743574,55.12552170598131,1037500.0
BVH,2021-11-25,55.2133011991437,56.529993596579565,55.2133011991437,55.38886018546849,1301100.0
BVH,2021-11-26,55.73997815811805,55.73997815811805,53.984388294870236,54.59884474700697,1086700.0
BVH,2021-11-29,53.80882930854545,55.12552170598131,53.54549082905828,54.42328576068219,938200.0
BVH,2021-11-30,54.77440373333175,55.12552170598131,53.106593363246326,53.54549082905828,1345100.0
BVH,2021-12-01,53.72104981538307,53.984388294870236,52.84325488375916,53.633270322220675,1262900.0
BVH,2021-12-02,53.633270322220675,53.984388294870236,53.19437285640872,53.19437285640872,611300.0
BVH,2021-12-03,53.633270322220675,53.633270322220675,50.73654704786178,50.73654704786178,1700000.0
BVH,2021-12-06,50.73654704786178,51.263224006836126,48.542059718802015,50.47320856837461,1623800.0
BVH,2021-12-07,50.73654704786178,51.35100349999851,50.47320856837461,51.263224006836126,665900.0
BVH,2021-12-08,51.263224006836126,51.438782993160906,50.560988061537,50.64876755469939,581500.0
BVH,2021-12-09,50.64876755469939,50.99988552734895,50.29764958204983,50.73654704786178,741800.0
BVH,2021-12-10,50.912106034186564,52.05323944529764,50.82432654102417,51.61434197948569,639500.0
BVH,2021-12-13,51.965459952135255,52.4043574179472,51.438782993160906,51.965459952135255,682400.0
BVH,2021-12-14,51.78990096581047,51.78990096581047,50.912106034186564,51.35100349999851,562100.0
BVH,2021-12-15,51.35100349999851,51.438782993160906,50.47320856837461,51.087665020511345,725800.0
BVH,2021-12-16,51.78990096581047,51.78990096581047,50.82432654102417,50.912106034186564,413600.0
BVH,2021-12-17,50.912106034186564,51.35100349999851,50.47320856837461,50.560988061537,789300.0
BVH,2021-12-20,50.73654704786178,50.99988552734895,49.15651617093875,49.68319312991309,1340000.0
BVH,2021-12-21,49.41985465042592,50.560988061537,49.06873667777636,50.034311102562654,1416400.0
BVH,2021-12-22,50.034311102562654,50.560988061537,49.244295664101145,49.595413636750706,884600.0
BVH,2021-12-23,49.595413636750706,49.77097262307549,48.190941746152454,48.190941746152454,1259000.0
BVH,2021-12-24,48.45428022563963,49.33207515726353,48.01538275982767,49.15651617093875,898700.0
BVH,2021-12-27,49.595413636750706,49.68319312991309,48.717618705126796,49.244295664101145,907000.0
BVH,2021-12-28,49.15651617093875,49.244295664101145,48.717618705126796,48.893177691451584,825700.0
BVH,2021-12-29,48.98095718461396,49.06873667777636,48.27872123931484,48.45428022563963,867500.0
BVH,2021-12-30,48.6298392119644,48.80539819828919,48.27872123931484,48.366500732477235,1033700.0
BVH,2021-12-31,48.45428022563963,49.33207515726353,48.45428022563963,49.15651617093875,841600.0
BVH,2022-01-04,49.15651617093875,50.385429075212215,49.15651617093875,49.94653160940027,730400.0
BVH,2022-01-05,50.034311102562654,50.47320856837461,49.50763414358831,49.68319312991309,825200.0
BVH,2022-01-06,49.68319312991309,49.77097262307549,49.06873667777636,49.33207515726353,726600.0
BVH,2022-01-07,49.595413636750706,49.94653160940027,48.366500732477235,48.80539819828919,1011700.0
BVH,2022-01-10,48.80539819828919,48.98095718461396,48.01538275982767,48.01538275982767,889000.0
BVH,2022-01-11,48.01538275982767,48.27872123931484,46.34757238974225,47.22536732136616,809400.0
BVH,2022-01-12,47.40092630769094,48.01538275982767,46.08423391025508,47.40092630769094,833500.0
BVH,2022-01-13,47.92760326666528,49.06873667777636,47.40092630769094,47.40092630769094,1118005.0
BVH,2022-01-14,46.96202884187898,48.27872123931484,46.96202884187898,47.57648529401572,568500.0
BVH,2022-01-17,48.190941746152454,48.190941746152454,46.17201340341747,46.25979289657986,646600.0
BVH,2022-01-18,46.25979289657986,46.698690362391815,44.943100499144,45.29421847179356,849500.0
BVH,2022-01-19,45.29421847179356,45.996454417092686,45.11865948546878,45.55755695128073,459700.0
BVH,2022-01-20,45.996454417092686,46.25979289657986,45.38199796495596,45.90867492393029,432700.0
BVH,2022-01-21,45.82089543076791,46.43535188290464,45.73311593760552,46.08423391025508,884000.0
BVH,2022-01-24,45.82089543076791,46.08423391025508,44.76754151281922,44.85532100598161,664500.0
BVH,2022-01-25,44.591982526494434,45.469777458118344,44.24086455384487,45.29421847179356,457200.0
BVH,2022-01-26,45.82089543076791,46.7864698555542,44.76754151281922,46.523131376067035,790000.0
BVH,2022-01-27,46.43535188290464,47.92760326666528,45.90867492393029,47.22536732136616,722200.0
BVH,2022-01-28,47.313146814528544,48.01538275982767,47.22536732136616,47.7520442803405,528100.0
BVH,2022-02-07,48.717618705126796,49.15651617093875,48.10316225299006,48.717618705126796,882500.0
BVH,2022-02-08,48.717618705126796,49.06873667777636,48.01538275982767,48.6298392119644,755700.0
BVH,2022-02-09,48.6298392119644,49.595413636750706,48.45428022563963,49.06873667777636,893700.0
BVH,2022-02-10,49.06873667777636,49.15651617093875,48.27872123931484,48.6298392119644,582900.0
BVH,2022-02-11,48.542059718802015,48.717618705126796,48.10316225299006,48.366500732477235,410200.0
BVH,2022-02-14,47.57648529401572,48.542059718802015,47.22536732136616,47.57648529401572,682400.0
BVH,2022-02-15,47.664264787178105,48.190941746152454,47.40092630769094,48.10316225299006,450500.0
BVH,2022-02-16,48.6298392119644,50.385429075212215,48.10316225299006,50.385429075212215,1909900.0
BVH,2022-02-17,50.64876755469939,50.73654704786178,49.85875211623787,49.94653160940027,712300.0
BVH,2022-02-18,49.85875211623787,50.912106034186564,49.50763414358831,50.29764958204983,860800.0
BVH,2022-02-21,50.29764958204983,50.47320856837461,49.85875211623787,50.20987008888744,625700.0
BVH,2022-02-22,49.94653160940027,50.12209059572505,49.06873667777636,49.41985465042592,1150700.0
BVH,2022-02-23,49.41985465042592,50.82432654102417,49.41985465042592,50.560988061537,1745200.0
BVH,2022-02-24,50.560988061537,52.14101893846003,50.29764958204983,51.78990096581047,2656100.0
BVH,2022-02-25,51.78990096581047,52.755475390596764,51.5265624863233,51.78990096581047,1061100.0
BVH,2022-02-28,51.61434197948569,52.22879843162242,51.17544451367373,51.87768045897286,712800.0
BVH,2022-03-01,52.05323944529764,53.54549082905828,51.965459952135255,52.49213691110959,1582400.0
BVH,2022-03-02,52.4043574179472,53.01881387008394,51.78990096581047,51.78990096581047,1103800.0
BVH,2022-03-03,51.87768045897286,52.4043574179472,51.17544451367373,51.78990096581047,928600.0
BVH,2022-03-04,51.35100349999851,52.84325488375916,51.263224006836126,52.4043574179472,1259200.0
BVH,2022-03-07,52.84325488375916,52.84325488375916,51.61434197948569,51.70212147264808,868700.0
BVH,2022-03-08,51.087665020511345,52.22879843162242,51.087665020511345,51.263224006836126,647600.0
BVH,2022-03-09,51.17544451367373,51.5265624863233,49.50763414358831,49.50763414358831,1797100.0
BVH,2022-03-10,50.47320856837461,50.47320856837461,49.595413636750706,50.385429075212215,704500.0
BVH,2022-03-11,50.12209059572505,51.17544451367373,49.85875211623787,50.034311102562654,646000.0
BVH,2022-03-14,49.244295664101145,50.034311102562654,48.27872123931484,48.366500732477235,895400.0
BVH,2022-03-15,48.190941746152454,48.45428022563963,47.92760326666528,48.366500732477235,762100.0
BVH,2022-03-16,48.717618705126796,49.41985465042592,48.542059718802015,49.33207515726353,420700.0
BVH,2022-03-17,49.595413636750706,49.94653160940027,48.98095718461396,49.33207515726353,346800.0
BVH,2022-03-18,49.244295664101145,49.50763414358831,48.98095718461396,49.244295664101145,820100.0
BVH,2022-03-21,49.94653160940027,51.438782993160906,49.33207515726353,51.35100349999851,1400800.0
BVH,2022-03-22,51.61434197948569,52.05323944529764,50.912106034186564,51.35100349999851,1899900.0
BVH,2022-03-23,51.35100349999851,52.49213691110959,50.99988552734895,51.78990096581047,1281500.0
BVH,2022-03-24,51.70212147264808,52.4043574179472,51.35100349999851,51.61434197948569,681200.0
BVH,2022-03-25,51.78990096581047,51.965459952135255,50.912106034186564,51.35100349999851,1039300.0
BVH,2022-03-28,51.35100349999851,51.35100349999851,50.73654704786178,51.35100349999851,912400.0
BVH,2022-03-29,51.438782993160906,53.984388294870236,51.35100349999851,53.89660880170784,2592800.0
BVH,2022-03-30,53.54549082905828,55.12552170598131,53.3699318427335,54.159947281195016,1899300.0
BVH,2022-03-31,54.159947281195016,54.77440373333175,53.984388294870236,53.984388294870236,1150200.0
BVH,2022-04-01,53.54549082905828,56.529993596579565,53.54549082905828,55.652198664955655,3758200.0
BVH,2022-04-04,56.09109613076761,57.23222954187869,55.73997815811805,55.827757651280436,2376500.0
BVH,2022-04-05,55.476639678630875,56.09109613076761,55.2133011991437,56.00331663760522,2089600.0
BVH,2022-04-06,55.301080692306094,57.407788528203476,55.301080692306094,57.23222954187869,2574400.0
BVH,2022-04-07,57.49556802136586,58.28558345982738,56.529993596579565,56.529993596579565,2039800.0
BVH,2022-04-08,56.44221410341717,57.49556802136586,55.73997815811805,55.73997815811805,1314000.0
BVH,2022-04-12,55.73997815811805,56.09109613076761,52.66769589743438,52.66769589743438,1935300.0
BVH,2022-04-13,53.54549082905828,55.827757651280436,52.22879843162242,55.56441917179326,1698200.0
BVH,2022-04-14,56.00331663760522,56.70555258290434,54.86218322649414,54.86218322649414,1393300.0
BVH,2022-04-15,54.77440373333175,58.63670143247693,54.68662424016936,58.63670143247693,3373000.0
BVH,2022-04-18,59.25115788461367,60.12895281623758,58.373362952989766,58.63670143247693,3846200.0
BVH,2022-04-19,58.90003991196411,61.44564521367344,57.67112700769064,57.67112700769064,2704100.0
BVH,2022-04-20,57.05667055555391,58.724480925639334,56.17887562393,56.17887562393,2744400.0
BVH,2022-04-21,55.301080692306094,60.04117332307519,53.54549082905828,58.373362952989766,3570900.0
BVH,2022-04-22,58.81226041880172,59.86561433675041,54.3355062675198,55.301080692306094,3200800.0
BVH,2022-04-25,55.301080692306094,55.73997815811805,51.438782993160906,51.438782993160906,2769200.0
BVH,2022-04-26,48.6298392119644,54.42328576068219,47.92760326666528,54.3355062675198,2891900.0
BVH,2022-04-27,53.54549082905828,53.984388294870236,51.87768045897286,53.984388294870236,1138200.0
BVH,2022-04-28,53.984388294870236,54.59884474700697,52.66769589743438,52.66769589743438,977400.0
BVH,2022-04-29,52.05323944529764,54.86218322649414,52.05323944529764,54.51106525384458,1697200.0
BVH,2022-05-04,54.3355062675198,56.96889106239152,53.72104981538307,55.301080692306094,1951400.0
BVH,2022-05-05,56.17887562393,56.96889106239152,54.86218322649414,56.17887562393,1707000.0
BVH,2022-05-06,55.2133011991437,58.1100244735026,54.86218322649414,56.00331663760522,3122600.0
BVH,2022-05-09,55.827757651280436,55.827757651280436,52.14101893846003,52.14101893846003,2433000.0
BVH,2022-05-10,50.034311102562654,52.66769589743438,49.244295664101145,52.66769589743438,1831600.0
BVH,2022-05-11,52.14101893846003,52.49213691110959,50.64876755469939,51.35100349999851,1574900.0
BVH,2022-05-12,50.385429075212215,51.263224006836126,47.83982377350289,47.83982377350289,3026900.0
BVH,2022-05-13,47.664264787178105,48.01538275982767,44.50420303333205,44.50420303333205,3115600.0
BVH,2022-05-16,45.645336444443124,47.40092630769094,42.04637722478511,42.04637722478511,1700500.0
BVH,2022-05-17,41.256361786323595,44.943100499144,41.256361786323595,44.943100499144,1824800.0
BVH,2022-05-18,45.55755695128073,46.08423391025508,44.328644047007266,44.50420303333205,1289600.0
BVH,2022-05-19,43.18751063589619,44.67976201965683,43.14362088931499,43.977526074357705,1582900.0
BVH,2022-05-20,43.88974658119531,45.20643897863117,43.75807734145173,44.0653055675201,1463400.0
BVH,2022-05-23,44.76754151281922,45.55755695128073,43.40695936880217,44.591982526494434,1398000.0
BVH,2022-05-24,44.67976201965683,45.03087999230639,42.968061902990215,44.67976201965683,1102000.0
BVH,2022-05-25,44.591982526494434,46.874249348716596,44.591982526494434,46.34757238974225,1860300.0
BVH,2022-05-26,46.43535188290464,47.313146814528544,45.73311593760552,46.96202884187898,1449900.0
BVH,2022-05-27,47.13758782820377,47.57648529401572,46.7864698555542,47.04980833504138,1158300.0
BVH,2022-05-30,47.04980833504138,47.83982377350289,46.698690362391815,46.96202884187898,1233800.0
BVH,2022-05-31,46.96202884187898,46.96202884187898,45.55755695128073,46.17201340341747,1959400.0
BVH,2022-06-01,46.17201340341747,46.874249348716596,45.645336444443124,46.43535188290464,1111900.0
BVH,2022-06-02,46.43535188290464,48.6298392119644,46.25979289657986,47.48870580085333,2447700.0
BVH,2022-06-03,47.48870580085333,47.83982377350289,47.04980833504138,47.57648529401572,1013700.0
BVH,2022-06-06,47.40092630769094,48.80539819828919,47.313146814528544,47.48870580085333,1799800.0
BVH,2022-06-07,47.40092630769094,49.85875211623787,45.73311593760552,49.244295664101145,3214100.0
BVH,2022-06-08,49.33207515726353,49.85875211623787,48.542059718802015,48.6298392119644,1562000.0
BVH,2022-06-09,48.10316225299006,48.893177691451584,48.01538275982767,48.27872123931484,723400.0
BVH,2022-06-10,47.83982377350289,49.33207515726353,47.22536732136616,47.22536732136616,2205200.0
BVH,2022-06-13,45.90867492393029,46.874249348716596,43.977526074357705,43.977526074357705,2739800.0
BVH,2022-06-14,43.88974658119531,45.11865948546878,43.450849115383356,45.11865948546878,1253100.0
BVH,2022-06-15,44.41642354016966,45.469777458118344,43.450849115383356,45.11865948546878,1126300.0
BVH,2022-06-16,45.645336444443124,46.96202884187898,45.55755695128073,45.996454417092686,2262900.0
BVH,2022-06-17,45.20643897863117,45.996454417092686,44.50420303333205,45.20643897863117,1231100.0
BVH,2022-06-20,44.943100499144,45.996454417092686,44.153085060682486,44.24086455384487,1055700.0
BVH,2022-06-21,44.50420303333205,45.82089543076791,44.24086455384487,45.20643897863117,1282400.0
BVH,2022-06-22,45.645336444443124,46.08423391025508,44.591982526494434,44.85532100598161,845200.0
BVH,2022-06-23,44.76754151281922,46.43535188290464,44.76754151281922,46.25979289657986,1029700.0
BVH,2022-06-24,46.43535188290464,48.717618705126796,46.25979289657986,48.10316225299006,2319800.0
BVH,2022-06-27,48.45428022563963,48.6298392119644,47.83982377350289,48.366500732477235,881200.0
BVH,2022-06-28,48.27872123931484,49.595413636750706,48.01538275982767,49.41985465042592,1981100.0
BVH,2022-06-29,48.80539819828919,49.244295664101145,48.01538275982767,48.27872123931484,1006400.0
BVH,2022-06-30,48.27872123931484,48.6298392119644,46.08423391025508,46.08423391025508,1386600.0
BVH,2022-07-01,45.82089543076791,47.83982377350289,45.82089543076791,46.61091086922942,960000.0
BVH,2022-07-04,46.96202884187898,47.57648529401572,46.96202884187898,47.13758782820377,591100.0
BVH,2022-07-05,47.40092630769094,48.10316225299006,46.25979289657986,46.34757238974225,1103800.0
BVH,2022-07-06,46.17201340341747,48.01538275982767,46.08423391025508,46.523131376067035,1496500.0
BVH,2022-07-07,46.874249348716596,48.80539819828919,46.698690362391815,48.27872123931484,1661700.0
BVH,2022-07-08,48.45428022563963,48.98095718461396,47.92760326666528,47.92760326666528,954700.0
BVH,2022-07-11,47.7520442803405,48.717618705126796,47.57648529401572,47.92760326666528,995400.0
BVH,2022-07-12,48.45428022563963,49.595413636750706,47.664264787178105,49.06873667777636,1108000.0
BVH,2022-07-13,49.244295664101145,51.35100349999851,49.15651617093875,50.912106034186564,2132000.0
BVH,2022-07-14,50.73654704786178,50.912106034186564,50.20987008888744,50.82432654102417,740200.0
BVH,2022-07-15,50.82432654102417,50.82432654102417,49.595413636750706,49.595413636750706,1162000.0
BVH,2022-07-18,49.77097262307549,50.82432654102417,48.6298392119644,50.29764958204983,1542600.0
BVH,2022-07-19,50.385429075212215,50.385429075212215,49.33207515726353,50.12209059572505,574000.0
BVH,2022-07-20,50.29764958204983,51.438782993160906,50.12209059572505,50.47320856837461,1477400.0
BVH,2022-07-21,50.20987008888744,50.385429075212215,49.77097262307549,49.77097262307549,701800.0
BVH,2022-07-22,50.034311102562654,50.47320856837461,49.244295664101145,49.41985465042592,1005800.0
BVH,2022-07-25,49.595413636750706,49.595413636750706,48.01538275982767,48.6298392119644,1292000.0
BVH,2022-07-26,48.717618705126796,49.06873667777636,47.7520442803405,47.7520442803405,955600.0
BVH,2022-07-27,47.57648529401572,50.20987008888744,46.96202884187898,50.20987008888744,1513000.0
BVH,2022-07-28,50.47320856837461,50.560988061537,49.68319312991309,49.68319312991309,784800.0
BVH,2022-07-29,50.034311102562654,51.35100349999851,49.85875211623787,50.73654704786178,1564700.0
BVH,2022-08-01,50.64876755469939,52.4043574179472,50.12209059572505,51.965459952135255,2168600.0
BVH,2022-08-02,51.78990096581047,52.05323944529764,51.17544451367373,51.70212147264808,1050700.0
BVH,2022-08-03,50.912106034186564,51.70212147264808,50.912106034186564,51.263224006836126,1039100.0
BVH,2022-08-04,51.70212147264808,52.84325488375916,51.263224006836126,51.263224006836126,1850800.0
BVH,2022-08-05,51.263224006836126,51.61434197948569,50.912106034186564,51.61434197948569,625800.0
BVH,2022-08-08,51.78990096581047,52.931034376921545,51.17544451367373,51.5265624863233,1456500.0
BVH,2022-08-09,51.263224006836126,51.965459952135255,50.912106034186564,51.17544451367373,1249600.0
BVH,2022-08-10,51.17544451367373,51.438782993160906,50.20987008888744,50.47320856837461,1532300.0
BVH,2022-08-11,50.64876755469939,50.912106034186564,49.77097262307549,49.77097262307549,1022100.0
BVH,2022-08-12,49.77097262307549,51.087665020511345,49.68319312991309,51.087665020511345,750100.0
BVH,2022-08-15,51.35100349999851,51.35100349999851,50.560988061537,50.82432654102417,766900.0
BVH,2022-08-16,50.82432654102417,51.087665020511345,50.47320856837461,50.47320856837461,612400.0
BVH,2022-08-17,50.560988061537,50.912106034186564,49.77097262307549,49.85875211623787,974000.0
BVH,2022-08-18,49.85875211623787,50.47320856837461,49.15651617093875,49.595413636750706,1061000.0
BVH,2022-08-19,49.50763414358831,50.29764958204983,48.893177691451584,48.98095718461396,1142700.0
BVH,2022-08-22,48.98095718461396,50.47320856837461,48.893177691451584,50.034311102562654,899200.0
BVH,2022-08-23,49.94653160940027,50.12209059572505,49.68319312991309,49.85875211623787,761300.0
BVH,2022-08-24,50.034311102562654,50.560988061537,49.77097262307549,49.94653160940027,1228000.0
BVH,2022-08-25,50.12209059572505,50.560988061537,49.94653160940027,50.034311102562654,949200.0
BVH,2022-08-26,50.385429075212215,51.263224006836126,50.034311102562654,50.034311102562654,1554000.0
BVH,2022-08-29,49.85875211623787,50.64876755469939,49.244295664101145,50.29764958204983,1383300.0
BVH,2022-08-30,50.47320856837461,50.912106034186564,50.20987008888744,50.385429075212215,917800.0
BVH,2022-08-31,50.385429075212215,52.22879843162242,50.385429075212215,51.35100349999851,2855900.0
BVH,2022-09-05,51.438782993160906,52.931034376921545,51.438782993160906,52.316577924784816,2596700.0
BVH,2022-09-06,52.66769589743438,52.84325488375916,51.87768045897286,51.87768045897286,1440500.0
BVH,2022-09-07,51.78990096581047,52.22879843162242,49.68319312991309,49.68319312991309,2796400.0
BVH,2022-09-08,50.20987008888744,50.385429075212215,49.15651617093875,49.15651617093875,1498800.0
BVH,2022-09-09,49.15651617093875,49.85875211623787,48.80539819828919,49.68319312991309,1529200.0
BVH,2022-09-12,50.034311102562654,50.29764958204983,49.595413636750706,49.68319312991309,827200.0
BVH,2022-09-13,49.85875211623787,50.034311102562654,49.33207515726353,49.595413636750706,576300.0
BVH,2022-09-14,48.98095718461396,49.85875211623787,48.98095718461396,49.50763414358831,882500.0
BVH,2022-09-15,49.595413636750706,50.034311102562654,49.595413636750706,49.68319312991309,550100.0
BVH,2022-09-16,49.68319312991309,49.85875211623787,49.06873667777636,49.15651617093875,952700.0
BVH,2022-09-19,49.15651617093875,49.244295664101145,46.61091086922942,46.61091086922942,1977900.0
BVH,2022-09-20,46.7864698555542,47.83982377350289,46.34757238974225,47.7520442803405,1110000.0
BVH,2022-09-21,46.96202884187898,48.366500732477235,46.61091086922942,48.366500732477235,743600.0
BVH,2022-09-22,48.27872123931484,48.80539819828919,47.7520442803405,48.45428022563963,629500.0
BVH,2022-09-23,49.244295664101145,51.78990096581047,49.15651617093875,51.263224006836126,4405600.0
BVH,2022-09-26,51.087665020511345,52.22879843162242,49.68319312991309,50.82432654102417,2254800.0
BVH,2022-09-27,51.263224006836126,51.438782993160906,50.29764958204983,50.385429075212215,1002300.0
BVH,2022-09-28,50.034311102562654,50.47320856837461,47.92760326666528,49.15651617093875,2186100.0
BVH,2022-09-29,49.595413636750706,49.94653160940027,46.96202884187898,46.96202884187898,1546800.0
BVH,2022-09-30,46.96202884187898,47.7520442803405,45.29421847179356,46.96202884187898,1718500.0
BVH,2022-10-03,46.96202884187898,47.40092630769094,43.71418759487053,43.71418759487053,1381100.0
BVH,2022-10-04,44.85532100598161,45.03087999230639,42.309715704272286,42.309715704272286,1683600.0
BVH,2022-10-05,43.626408101708144,44.943100499144,43.18751063589619,44.41642354016966,978300.0
BVH,2022-10-06,44.41642354016966,44.67976201965683,42.57305418375945,42.924172156409014,1088000.0
BVH,2022-10-07,42.66083367692185,42.748613170084234,40.90524381367403,42.309715704272286,1482200.0
BVH,2022-10-10,41.69525925213555,44.41642354016966,41.69525925213555,43.88974658119531,1099700.0
BVH,2022-10-11,43.88974658119531,43.88974658119531,41.256361786323595,41.256361786323595,1189900.0
BVH,2022-10-12,41.38803102606718,43.450849115383356,41.38803102606718,42.616943930340646,692400.0
BVH,2022-10-13,42.57305418375945,43.450849115383356,42.39749519743467,43.23140038247738,707400.0
BVH,2022-10-14,43.977526074357705,44.591982526494434,43.450849115383356,44.50420303333205,1097800.0
BVH,2022-10-17,44.0653055675201,44.50420303333205,43.36306962222097,44.50420303333205,554300.0
BVH,2022-10-18,45.20643897863117,45.29421847179356,44.50420303333205,44.67976201965683,582500.0
BVH,2022-10-19,44.943100499144,45.03087999230639,44.328644047007266,44.943100499144,558800.0
BVH,2022-10-20,44.943100499144,45.11865948546878,44.153085060682486,44.76754151281922,520100.0
BVH,2022-10-21,44.67976201965683,44.67976201965683,42.090266971366304,42.17804646452869,961700.0
BVH,2022-10-24,43.01195164957141,43.099731142733795,41.607479758973156,42.04637722478511,788600.0
BVH,2022-10-25,43.01195164957141,44.67976201965683,42.265825957691085,43.88974658119531,1136900.0
BVH,2022-10-26,43.88974658119531,44.943100499144,43.88974658119531,44.943100499144,602700.0
BVH,2022-10-27,44.943100499144,46.523131376067035,44.943100499144,46.523131376067035,866900.0
BVH,2022-10-28,46.96202884187898,47.13758782820377,45.38199796495596,46.08423391025508,825100.0
BVH,2022-10-31,46.34757238974225,46.34757238974225,44.67976201965683,46.08423391025508,785800.0
BVH,2022-11-01,45.20643897863117,46.874249348716596,45.20643897863117,46.523131376067035,1036400.0
BVH,2022-11-02,46.34757238974225,46.61091086922942,45.645336444443124,45.645336444443124,636300.0
BVH,2022-11-03,44.943100499144,46.08423391025508,44.943100499144,45.996454417092686,493700.0
BVH,2022-11-04,45.55755695128073,45.645336444443124,43.099731142733795,43.88974658119531,898800.0
BVH,2022-11-07,43.53862860854575,44.50420303333205,42.924172156409014,42.924172156409014,644400.0
BVH,2022-11-08,42.748613170084234,44.67976201965683,42.309715704272286,44.591982526494434,636100.0
BVH,2022-11-09,45.645336444443124,46.25979289657986,44.85532100598161,45.03087999230639,694500.0
BVH,2022-11-10,44.76754151281922,44.943100499144,42.00248747820392,42.70472342350304,1061100.0
BVH,2022-11-11,43.099731142733795,43.801967088032924,42.70472342350304,43.01195164957141,428000.0
BVH,2022-11-14,42.57305418375945,43.01195164957141,41.47581051922957,41.78303874529794,864000.0
BVH,2022-11-15,41.87081823846033,41.87081823846033,38.886315470939046,38.886315470939046,2079100.0
BVH,2022-11-16,36.42848966239211,41.607479758973156,36.16515118290494,41.51970026581076,1814400.0
BVH,2022-11-17,41.87081823846033,42.616943930340646,41.51970026581076,41.607479758973156,610900.0
BVH,2022-11-18,41.69525925213555,42.70472342350304,40.378566854699685,42.39749519743467,775500.0
BVH,2022-11-21,42.52916443717826,43.01195164957141,41.78303874529794,41.87081823846033,510100.0
BVH,2022-11-22,42.090266971366304,43.18751063589619,41.87081823846033,42.265825957691085,618400.0
BVH,2022-11-23,42.309715704272286,43.099731142733795,42.265825957691085,42.70472342350304,401300.0
BVH,2022-11-24,42.924172156409014,42.924172156409014,42.441384944015866,42.748613170084234,502700.0
BVH,2022-11-25,43.52180375315709,43.98978013759964,42.96023209182603,43.896184860711124,427400.0
BVH,2022-11-28,44.17697069137666,44.832137629596225,43.802589583822616,43.802589583822616,854600.0
BVH,2022-11-29,43.52180375315709,44.832137629596225,43.42820847626858,44.17697069137666,781900.0
BVH,2022-11-30,44.73854235270771,45.81488803692558,43.802589583822616,45.34691165248304,1188400.0
BVH,2022-12-01,45.76809039848133,45.76809039848133,44.551351798930696,44.73854235270771,1091000.0
BVH,2022-12-02,44.08337541448815,45.300114014038776,43.98978013759964,45.11292346026176,836800.0
BVH,2022-12-05,45.4873045678158,47.26561482869748,45.4873045678158,47.26561482869748,1576300.0
BVH,2022-12-06,46.98482899803196,46.98482899803196,44.92573290648474,44.92573290648474,913400.0
BVH,2022-12-07,44.832137629596225,45.4873045678158,44.73854235270771,45.20651873715026,620700.0
BVH,2022-12-08,45.580899844704305,46.329662059812385,44.832137629596225,45.39370929092728,683400.0
BVH,2022-12-09,45.39370929092728,45.39370929092728,44.31736360670942,44.832137629596225,760300.0
BVH,2022-12-12,44.73854235270771,45.861685675369834,44.59814943737495,45.39370929092728,760400.0
BVH,2022-12-13,45.44050692937154,46.70404316736642,44.92573290648474,46.70404316736642,1451100.0
BVH,2022-12-14,47.26561482869748,47.54640065936301,46.048876229146856,46.56365025203366,691200.0
BVH,2022-12-15,46.56365025203366,46.797638444254936,46.09567386759111,46.329662059812385,652800.0
BVH,2022-12-16,45.4873045678158,46.42325733670089,45.4873045678158,46.42325733670089,1031800.0
BVH,2022-12-19,46.23606678292387,46.23606678292387,45.11292346026176,45.11292346026176,642200.0
BVH,2022-12-20,44.92573290648474,45.95528095225835,43.52180375315709,44.92573290648474,1172700.0
BVH,2022-12-21,44.92573290648474,45.20651873715026,44.45775652204219,44.92573290648474,483600.0
BVH,2022-12-22,45.11292346026176,45.4873045678158,44.50455416048644,45.11292346026176,309100.0
BVH,2022-12-23,44.73854235270771,45.11292346026176,44.45775652204219,44.832137629596225,493100.0
BVH,2022-12-26,44.73854235270771,44.92573290648474,42.58585098427199,42.58585098427199,494100.0
BVH,2022-12-27,42.58585098427199,43.98978013759964,42.58585098427199,43.52180375315709,460000.0
BVH,2022-12-28,44.03657777604389,44.03657777604389,43.053827368714536,43.70899430693411,147900.0
BVH,2022-12-29,43.70899430693411,44.31736360670942,43.52180375315709,43.52180375315709,457700.0
BVH,2022-12-30,43.70899430693411,44.08337541448815,43.6153990300456,43.6153990300456,140300.0
BVH,2023-01-03,43.662196668489855,44.691744714263464,43.52180375315709,44.64494707581921,270500.0
BVH,2023-01-04,44.832137629596225,44.92573290648474,44.45775652204219,44.64494707581921,507200.0
BVH,2023-01-05,44.92573290648474,45.300114014038776,44.78533999115197,44.972530544928986,371300.0
BVH,2023-01-06,45.300114014038776,45.62769748314856,44.832137629596225,44.972530544928986,493200.0
BVH,2023-01-09,45.01932818337325,45.4873045678158,44.78533999115197,44.832137629596225,187700.0
BVH,2023-01-10,44.92573290648474,45.01932818337325,44.45775652204219,44.92573290648474,274300.0
BVH,2023-01-11,45.300114014038776,45.67449512159281,44.92573290648474,45.4873045678158,523900.0
BVH,2023-01-12,45.76809039848133,46.23606678292387,45.4873045678158,45.95528095225835,457000.0
BVH,2023-01-13,46.14247150603536,46.329662059812385,45.72129276003707,45.76809039848133,293700.0
BVH,2023-01-16,45.76809039848133,45.95528095225835,45.0661258218175,45.0661258218175,282600.0
BVH,2023-01-17,45.11292346026176,45.62769748314856,45.0661258218175,45.4873045678158,442500.0
BVH,2023-01-18,45.580899844704305,45.81488803692558,45.11292346026176,45.300114014038776,495300.0
BVH,2023-01-19,45.300114014038776,46.797638444254936,45.25331637559452,46.70404316736642,1090600.0
BVH,2023-01-27,46.75084080581068,48.295162874471096,46.75084080581068,47.73359121314003,711400.0
BVH,2023-01-30,47.63999593625152,48.20156759758258,46.98482899803196,47.26561482869748,636800.0
BVH,2023-01-31,47.26561482869748,47.26561482869748,46.42325733670089,47.17201955180897,669200.0
BVH,2023-02-01,47.26561482869748,48.48235342824811,46.42325733670089,46.797638444254936,1368300.0
BVH,2023-02-02,47.26561482869748,47.359210105585994,45.76809039848133,46.75084080581068,414900.0
BVH,2023-02-03,46.797638444254936,47.26561482869748,45.95528095225835,46.51685261358941,471600.0
BVH,2023-02-06,46.56365025203366,47.359210105585994,46.048876229146856,47.359210105585994,593700.0
BVH,2023-02-07,47.17201955180897,47.63999593625152,46.048876229146856,46.048876229146856,466700.0
BVH,2023-02-08,46.09567386759111,46.89123372114344,45.95528095225835,46.09567386759111,481300.0
BVH,2023-02-09,46.329662059812385,46.797638444254936,46.09567386759111,46.189269144479624,153200.0
BVH,2023-02-10,46.42325733670089,46.98482899803196,45.90848331381409,46.610447890477914,560400.0
BVH,2023-02-13,46.610447890477914,46.610447890477914,45.39370929092728,45.39370929092728,359400.0
BVH,2023-02-14,46.048876229146856,46.23606678292387,45.67449512159281,45.95528095225835,181300.0
BVH,2023-02-15,45.95528095225835,46.56365025203366,45.861685675369834,46.23606678292387,162100.0
BVH,2023-02-16,46.42325733670089,47.17201955180897,46.14247150603536,46.89123372114344,402600.0
BVH,2023-02-17,46.89123372114344,47.92078176691705,46.75084080581068,47.17201955180897,761500.0
BVH,2023-02-20,47.73359121314003,47.92078176691705,47.26561482869748,47.92078176691705,569400.0
BVH,2023-02-21,48.107972320694074,48.107972320694074,47.17201955180897,47.26561482869748,375400.0
BVH,2023-02-22,46.797638444254936,47.92078176691705,46.797638444254936,46.797638444254936,445900.0
BVH,2023-02-23,46.797638444254936,46.797638444254936,45.861685675369834,46.42325733670089,463700.0
BVH,2023-02-24,46.610447890477914,46.610447890477914,45.76809039848133,45.76809039848133,240200.0
BVH,2023-02-27,45.72129276003707,45.72129276003707,45.01932818337325,45.11292346026176,392900.0
BVH,2023-02-28,45.15972109870601,45.861685675369834,45.11292346026176,45.39370929092728,163900.0
BVH,2023-03-01,45.44050692937154,46.329662059812385,45.11292346026176,46.28286442136813,243700.0
BVH,2023-03-02,46.28286442136813,46.28286442136813,45.861685675369834,45.861685675369834,122200.0
BVH,2023-03-03,46.28286442136813,46.329662059812385,45.34691165248304,45.34691165248304,176000.0
BVH,2023-03-06,45.53410220626005,45.76809039848133,44.92573290648474,44.92573290648474,180300.0
BVH,2023-03-07,45.15972109870601,45.861685675369834,45.0661258218175,45.20651873715026,185900.0
BVH,2023-03-08,45.20651873715026,45.861685675369834,45.0661258218175,45.861685675369834,155600.0
BVH,2023-03-09,45.95528095225835,46.329662059812385,45.62769748314856,46.28286442136813,222500.0
BVH,2023-03-10,46.048876229146856,46.048876229146856,45.4873045678158,46.048876229146856,112400.0
BVH,2023-03-13,45.861685675369834,46.51685261358941,45.300114014038776,46.329662059812385,489100.0
BVH,2023-03-14,46.14247150603536,46.23606678292387,45.580899844704305,45.580899844704305,160200.0
BVH,2023-03-15,46.329662059812385,46.329662059812385,45.67449512159281,46.14247150603536,338900.0
BVH,2023-03-16,46.09567386759111,46.14247150603536,45.39370929092728,45.4873045678158,117400.0
BVH,2023-03-17,45.861685675369834,46.797638444254936,45.34691165248304,46.797638444254936,844700.0
BVH,2023-03-20,46.797638444254936,46.797638444254936,45.76809039848133,45.861685675369834,323900.0
BVH,2023-03-21,45.90848331381409,46.23606678292387,45.580899844704305,45.861685675369834,211800.0
BVH,2023-03-22,46.189269144479624,46.189269144479624,45.62769748314856,45.861685675369834,193400.0
BVH,2023-03-23,45.67449512159281,45.861685675369834,45.39370929092728,45.76809039848133,199400.0
BVH,2023-03-24,45.76809039848133,45.861685675369834,44.92573290648474,45.39370929092728,296600.0
BVH,2023-03-27,45.39370929092728,45.580899844704305,45.15972109870601,45.39370929092728,278100.0
BVH,2023-03-28,45.39370929092728,45.861685675369834,45.39370929092728,45.39370929092728,175600.0
BVH,2023-03-29,45.580899844704305,45.580899844704305,45.0661258218175,45.20651873715026,193800.0
BVH,2023-03-30,45.20651873715026,45.4873045678158,45.20651873715026,45.34691165248304,114200.0
BVH,2023-03-31,45.39370929092728,45.53410220626005,45.300114014038776,45.34691165248304,144100.0
BVH,2023-04-03,45.4873045678158,45.861685675369834,45.4873045678158,45.861685675369834,275500.0
BVH,2023-04-04,46.14247150603536,46.14247150603536,45.62769748314856,46.048876229146856,174800.0
BVH,2023-04-05,46.048876229146856,46.14247150603536,45.67449512159281,45.90848331381409,182500.0
BVH,2023-04-06,46.23606678292387,46.23606678292387,45.39370929092728,45.39370929092728,239000.0
BVH,2023-04-07,45.39370929092728,45.53410220626005,45.25331637559452,45.39370929092728,192800.0
BVH,2023-04-10,45.53410220626005,45.861685675369834,45.34691165248304,45.76809039848133,225700.0
BVH,2023-04-11,45.580899844704305,46.002078590702595,45.44050692937154,46.002078590702595,155600.0
BVH,2023-04-12,46.09567386759111,46.09567386759111,45.39370929092728,45.39370929092728,260600.0
BVH,2023-04-13,45.39370929092728,45.4873045678158,45.300114014038776,45.300114014038776,222000.0
BVH,2023-04-14,45.39370929092728,45.44050692937154,44.92573290648474,44.92573290648474,358600.0
BVH,2023-04-17,45.01932818337325,45.0661258218175,44.17697069137666,44.17697069137666,459600.0
BVH,2023-04-18,44.92573290648474,44.92573290648474,43.896184860711124,43.98978013759964,235000.0
BVH,2023-04-19,44.08337541448815,44.08337541448815,43.194220284047304,43.194220284047304,365600.0
BVH,2023-04-20,43.42820847626858,44.31736360670942,43.42820847626858,43.98978013759964,220500.0
BVH,2023-04-21,44.27056596826517,44.27056596826517,43.47500611471283,43.84938722226688,236500.0
BVH,2023-04-24,43.896184860711124,43.896184860711124,43.381410837824326,43.42820847626858,146100.0
BVH,2023-04-25,43.42820847626858,43.52180375315709,42.6794462611605,42.6794462611605,277300.0
BVH,2023-04-26,42.6794462611605,42.96023209182603,42.11787459982944,42.913434453381775,362800.0
BVH,2023-04-27,42.96023209182603,43.28781556093581,41.977481684496674,41.977481684496674,556400.0
BVH,2023-04-28,42.02427932294093,42.53905334582774,41.977481684496674,42.02427932294093,267600.0
BVH,2023-05-04,42.02427932294093,42.81983917649327,42.02427932294093,42.35186279205072,297700.0
BVH,2023-05-05,42.35186279205072,43.28781556093581,42.35186279205072,42.96023209182603,309100.0
BVH,2023-05-08,42.96023209182603,43.28781556093581,42.866636814937515,43.053827368714536,298000.0
BVH,2023-05-09,43.381410837824326,43.381410837824326,43.00702973027029,43.053827368714536,224100.0
BVH,2023-05-10,43.28781556093581,43.28781556093581,42.866636814937515,43.00702973027029,319800.0
BVH,2023-05-11,43.053827368714536,43.28781556093581,42.6794462611605,42.773041538049014,469200.0
BVH,2023-05-12,42.81983917649327,43.053827368714536,42.164672238273695,43.053827368714536,627500.0
BVH,2023-05-15,43.053827368714536,43.47500611471283,42.53905334582774,42.58585098427199,600100.0
BVH,2023-05-16,42.58585098427199,43.00702973027029,42.30506515360646,42.39866043049497,277600.0
BVH,2023-05-17,42.39866043049497,42.49225570738348,42.164672238273695,42.164672238273695,332100.0
BVH,2023-05-18,42.30506515360646,42.39866043049497,41.93068404605242,41.93068404605242,625800.0
BVH,2023-05-19,42.07107696138519,42.49225570738348,41.46270766160987,41.46270766160987,640100.0
BVH,2023-05-22,41.46270766160987,41.64989821538689,40.99473127716732,40.99473127716732,1040500.0
BVH,2023-05-23,40.99473127716732,41.743493492275405,40.99473127716732,41.743493492275405,830100.0
BVH,2023-05-24,41.93068404605242,42.2582675151622,41.60310057694264,41.60310057694264,479800.0
BVH,2023-05-25,41.556302938498376,41.79029113071965,41.18192183094434,41.275517107832854,383500.0
BVH,2023-05-26,41.18192183094434,41.64989821538689,40.71394544650179,40.76074308494604,974300.0
BVH,2023-05-29,41.04152891561158,41.32231474627711,40.71394544650179,41.135124192500086,552200.0
BVH,2023-05-30,41.275517107832854,41.556302938498376,40.90113600027882,40.99473127716732,570800.0
BVH,2023-05-31,40.99473127716732,41.135124192500086,40.71394544650179,40.71394544650179,674400.0
BVH,2023-06-01,40.71394544650179,41.08832655405583,40.62035016961328,40.85433836183456,431900.0
BVH,2023-06-02,41.08832655405583,41.46270766160987,41.08832655405583,41.275517107832854,1094200.0
BVH,2023-06-05,41.83708876916391,42.164672238273695,41.60310057694264,41.64989821538689,950500.0
BVH,2023-06-06,41.696695853831145,42.30506515360646,41.696695853831145,42.07107696138519,1196500.0
BVH,2023-06-07,42.11787459982944,42.2582675151622,41.64989821538689,41.79029113071965,592800.0
BVH,2023-06-08,41.83708876916391,42.11787459982944,41.275517107832854,41.275517107832854,840200.0
BVH,2023-06-09,41.18192183094434,41.32231474627711,40.85433836183456,40.99473127716732,687400.0
BVH,2023-06-12,40.90113600027882,41.64989821538689,40.90113600027882,41.64989821538689,926000.0
BVH,2023-06-13,42.02427932294093,42.773041538049014,41.93068404605242,42.11787459982944,1766400.0
BVH,2023-06-14,42.164672238273695,42.58585098427199,41.64989821538689,41.743493492275405,885500.0
BVH,2023-06-15,41.883886407608166,41.977481684496674,41.32231474627711,41.556302938498376,855600.0
BVH,2023-06-16,41.79029113071965,42.164672238273695,41.228719469388594,41.228719469388594,978600.0
BVH,2023-06-19,41.18192183094434,41.36911238472136,40.85433836183456,40.90113600027882,717400.0
BVH,2023-06-20,40.90113600027882,41.18192183094434,40.71394544650179,41.18192183094434,644200.0
BVH,2023-06-21,41.228719469388594,41.36911238472136,40.85433836183456,41.32231474627711,661500.0
BVH,2023-06-22,41.60310057694264,41.60310057694264,41.08832655405583,41.32231474627711,1121500.0
BVH,2023-06-23,41.46270766160987,42.21146987671795,41.415910023165615,42.21146987671795,1823700.0
BVH,2023-06-26,42.39866043049497,42.63264862271624,41.743493492275405,42.35186279205072,1300200.0
BVH,2023-06-27,42.6794462611605,43.00702973027029,42.30506515360646,42.39866043049497,1275900.0
BVH,2023-06-28,42.2582675151622,42.866636814937515,42.164672238273695,42.2582675151622,721800.0
BVH,2023-06-29,42.35186279205072,42.35186279205072,41.46270766160987,41.46270766160987,1112400.0
BVH,2023-06-30,41.556302938498376,41.556302938498376,41.228719469388594,41.275517107832854,788100.0
BVH,2023-07-03,41.556302938498376,41.83708876916391,41.36911238472136,41.64989821538689,498300.0
BVH,2023-07-04,41.743493492275405,42.164672238273695,41.60310057694264,42.164672238273695,878000.0
BVH,2023-07-05,42.164672238273695,42.21146987671795,41.93068404605242,41.93068404605242,533500.0
BVH,2023-07-06,41.93068404605242,42.6794462611605,41.93068404605242,42.11787459982944,1982700.0
BVH,2023-07-07,42.35186279205072,42.445458068939224,41.93068404605242,42.35186279205072,678800.0
BVH,2023-07-10,42.58585098427199,42.72624389960475,42.39866043049497,42.6794462611605,1178700.0
BVH,2023-07-11,42.866636814937515,42.866636814937515,42.445458068939224,42.58585098427199,1394000.0
BVH,2023-07-12,42.6794462611605,44.364161245153674,42.63264862271624,43.84938722226688,1971300.0
BVH,2023-07-13,44.364161245153674,44.45775652204219,43.84938722226688,43.98978013759964,1043400.0
BVH,2023-07-14,44.03657777604389,44.17697069137666,43.334613199380065,43.802589583822616,1475500.0
BVH,2023-07-17,43.98978013759964,44.27056596826517,43.47500611471283,44.27056596826517,977000.0
BVH,2023-07-18,44.27056596826517,44.73854235270771,43.98978013759964,44.03657777604389,776300.0
BVH,2023-07-19,44.03657777604389,44.17697069137666,43.75579194537836,43.896184860711124,789800.0
BVH,2023-07-20,43.70899430693411,43.98978013759964,43.56860139160134,43.802589583822616,574500.0
BVH,2023-07-21,43.942982499155384,44.92573290648474,43.84938722226688,44.45775652204219,1428700.0
BVH,2023-07-24,44.64494707581921,44.78533999115197,44.08337541448815,44.22376832982091,878800.0
BVH,2023-07-25,44.22376832982091,44.22376832982091,43.56860139160134,43.896184860711124,1215300.0
BVH,2023-07-26,43.896184860711124,44.1301730529324,43.6153990300456,43.662196668489855,844800.0
BVH,2023-07-27,43.70899430693411,44.08337541448815,43.42820847626858,43.56860139160134,874200.0
BVH,2023-07-28,43.42820847626858,43.84938722226688,43.381410837824326,43.662196668489855,666900.0
BVH,2023-07-31,44.08337541448815,45.300114014038776,44.08337541448815,45.0661258218175,1958900.0
BVH,2023-08-01,45.25331637559452,45.300114014038776,44.22376832982091,44.22376832982091,1367100.0
BVH,2023-08-02,44.27056596826517,45.0661258218175,43.896184860711124,44.78533999115197,1143800.0
BVH,2023-08-03,44.78533999115197,44.92573290648474,44.17697069137666,44.27056596826517,861800.0
BVH,2023-08-04,44.45775652204219,44.50455416048644,44.03657777604389,44.08337541448815,1064100.0
BVH,2023-08-07,44.22376832982091,44.92573290648474,44.1301730529324,44.92573290648474,1313900.0
BVH,2023-08-08,45.11292346026176,45.15972109870601,44.45775652204219,44.50455416048644,991500.0
BVH,2023-08-09,44.691744714263464,44.691744714263464,44.27056596826517,44.364161245153674,674700.0
BVH,2023-08-10,44.64494707581921,44.832137629596225,43.98978013759964,43.98978013759964,620000.0
BVH,2023-08-11,44.03657777604389,44.1301730529324,43.47500611471283,43.70899430693411,1076900.0
BVH,2023-08-14,43.942982499155384,44.17697069137666,43.662196668489855,43.896184860711124,2607700.0
BVH,2023-08-15,43.896184860711124,44.92573290648474,43.802589583822616,44.17697069137666,829900.0
BVH,2023-08-16,44.03657777604389,44.17697069137666,43.802589583822616,43.896184860711124,530200.0
BVH,2023-08-17,43.84938722226688,43.896184860711124,43.52180375315709,43.52180375315709,676700.0
BVH,2023-08-18,43.52180375315709,43.802589583822616,41.36911238472136,41.36911238472136,1903200.0
BVH,2023-08-21,41.36911238472136,42.164672238273695,41.135124192500086,41.743493492275405,1025700.0
BVH,2023-08-22,41.79029113071965,42.53905334582774,41.556302938498376,42.49225570738348,943900.0
BVH,2023-08-23,42.58585098427199,42.6794462611605,42.07107696138519,42.58585098427199,455600.0
BVH,2023-08-24,42.164672238273695,42.58585098427199,42.164672238273695,42.49225570738348,361100.0
BVH,2023-08-25,42.58585098427199,42.58585098427199,41.977481684496674,42.02427932294093,540700.0
BVH,2023-08-28,42.02427932294093,42.21146987671795,41.79029113071965,42.02427932294093,591800.0
BVH,2023-08-29,42.07107696138519,42.53905334582774,41.93068404605242,41.93068404605242,1913740.0
BVH,2023-08-30,42.11787459982944,42.30506515360646,41.977481684496674,42.164672238273695,453400.0
BVH,2023-08-31,42.21146987671795,42.49225570738348,42.164672238273695,42.30506515360646,1098600.0
BVH,2023-09-05,42.39866043049497,42.96023209182603,42.39866043049497,42.53905334582774,731700.0
BVH,2023-09-06,42.773041538049014,42.81983917649327,42.445458068939224,42.72624389960475,580800.0
BVH,2023-09-07,42.866636814937515,43.053827368714536,42.58585098427199,42.81983917649327,1010400.0
BVH,2023-09-08,42.81983917649327,43.053827368714536,42.63264862271624,42.72624389960475,437900.0
BVH,2023-09-11,42.773041538049014,43.42820847626858,42.58585098427199,42.58585098427199,921000.0
BVH,2023-09-12,42.58585098427199,42.866636814937515,42.49225570738348,42.866636814937515,456805.0
BVH,2023-09-13,43.00702973027029,43.10062500715879,42.58585098427199,42.63264862271624,805400.0
BVH,2023-09-14,42.63264862271624,42.6794462611605,41.977481684496674,42.30506515360646,670400.0
BVH,2023-09-15,42.30506515360646,42.58585098427199,42.02427932294093,42.02427932294093,600500.0
BVH,2023-09-18,42.02427932294093,42.30506515360646,41.64989821538689,41.93068404605242,541800.0
BVH,2023-09-19,41.977481684496674,42.02427932294093,40.947933638723065,41.228719469388594,1740500.0
BVH,2023-09-20,41.32231474627711,41.93068404605242,41.135124192500086,41.743493492275405,349700.0
BVH,2023-09-21,41.743493492275405,41.93068404605242,41.50950530005413,41.50950530005413,300600.0
BVH,2023-09-22,41.18192183094434,41.275517107832854,40.245969062059245,40.807540723390304,920900.0
BVH,2023-09-25,40.90113600027882,41.18192183094434,39.497206846951165,39.497206846951165,748800.0
BVH,2023-09-26,39.310016293174144,40.10557614672648,39.029230462508615,39.310016293174144,1153500.0
BVH,2023-09-27,39.310016293174144,39.68439740072818,39.216421016285636,39.68439740072818,461500.0
BVH,2023-09-28,39.59080212383967,39.82479031606095,39.450409208506905,39.68439740072818,481200.0
BVH,2023-09-29,39.777992677616695,39.918385592949456,39.450409208506905,39.450409208506905,231800.0
BVH,2023-10-02,39.82479031606095,39.82479031606095,39.40361157006266,39.54400448539542,223300.0
BVH,2023-10-03,39.3568139316184,39.637599762283934,39.12282573939712,39.16962337784138,647900.0
BVH,2023-10-04,38.93563518562011,39.68439740072818,38.84203990873159,39.3568139316184,428300.0
BVH,2023-10-05,39.777992677616695,39.777992677616695,39.216421016285636,39.216421016285636,214800.0
BVH,2023-10-06,39.216421016285636,39.450409208506905,38.84203990873159,39.216421016285636,245100.0
BVH,2023-10-09,39.310016293174144,39.59080212383967,39.16962337784138,39.497206846951165,222600.0
BVH,2023-10-10,39.73119503917244,40.01198086983797,39.54400448539542,39.82479031606095,258600.0
BVH,2023-10-11,39.68439740072818,39.965183231393716,39.68439740072818,39.8715879545052,121700.0
BVH,2023-10-12,39.965183231393716,40.058778508282224,39.82479031606095,39.918385592949456,239800.0
BVH,2023-10-13,39.8715879545052,39.8715879545052,39.310016293174144,39.59080212383967,210400.0
BVH,2023-10-16,39.59080212383967,39.59080212383967,38.65484935495457,38.98243282406436,331200.0
BVH,2023-10-17,39.07602810095287,39.3568139316184,38.88883754717585,38.88883754717585,173600.0
BVH,2023-10-18,38.88883754717585,38.93563518562011,37.9060871398465,38.23367060895628,467100.0
BVH,2023-10-19,37.999682416735006,38.280468247400535,37.62530130918097,37.62530130918097,342300.0
BVH,2023-10-20,37.67209894762522,38.51445643962181,37.57850367073671,38.37406352428905,210800.0
BVH,2023-10-23,38.37406352428905,38.37406352428905,37.71889658606948,37.9060871398465,202100.0
BVH,2023-10-24,38.140075332067774,38.18687297051202,37.71889658606948,38.140075332067774,128500.0
BVH,2023-10-25,38.140075332067774,38.467658801177556,38.140075332067774,38.23367060895628,154100.0
BVH,2023-10-26,37.71889658606948,37.9060871398465,36.314967432741824,36.5489556249631,646500.0
BVH,2023-10-27,36.59575326340736,37.06372964784991,36.502157986518846,36.9701343709614,460800.0
BVH,2023-10-30,36.9701343709614,37.15732492473842,36.502157986518846,36.642550901851614,155400.0
BVH,2023-10-31,36.9701343709614,37.06372964784991,36.40856270963034,36.40856270963034,373700.0
BVH,2023-11-01,36.502157986518846,36.9701343709614,36.12777687896481,36.502157986518846,255800.0
BVH,2023-11-02,36.829741455628636,37.999682416735006,36.59575326340736,37.999682416735006,488100.0
BVH,2023-11-03,37.999682416735006,38.140075332067774,37.62530130918097,37.812491862957984,196600.0
BVH,2023-11-06,37.9060871398465,38.23367060895628,37.812491862957984,38.09327769362352,191800.0
BVH,2023-11-07,37.999682416735006,38.04648005517926,37.71889658606948,37.812491862957984,162200.0
BVH,2023-11-08,37.812491862957984,38.37406352428905,37.43811075540395,38.37406352428905,352500.0
BVH,2023-11-09,38.420861162733296,38.84203990873159,38.37406352428905,38.37406352428905,394000.0
BVH,2023-11-10,38.280468247400535,38.327265885844795,37.999682416735006,37.999682416735006,247100.0
BVH,2023-11-13,37.999682416735006,38.18687297051202,37.812491862957984,37.95288477829075,223300.0
BVH,2023-11-14,38.04648005517926,38.37406352428905,37.859289501402245,38.18687297051202,295800.0
BVH,2023-11-15,38.70164699339883,38.84203990873159,38.18687297051202,38.280468247400535,556200.0
BVH,2023-11-16,38.280468247400535,39.029230462508615,38.280468247400535,38.65484935495457,483500.0
BVH,2023-11-17,39.029230462508615,39.16962337784138,38.23367060895628,38.23367060895628,407800.0
BVH,2023-11-20,37.812491862957984,38.420861162733296,37.812491862957984,38.18687297051202,246300.0
BVH,2023-11-21,38.37406352428905,38.37406352428905,38.140075332067774,38.18687297051202,212000.0
BVH,2023-11-22,38.18687297051202,38.327265885844795,37.9060871398465,38.23367060895628,242700.0
BVH,2023-11-23,38.37406352428905,38.51445643962181,37.9060871398465,37.9060871398465,292700.0
BVH,2023-11-24,37.9060871398465,38.04648005517926,37.250920201626926,37.67209894762522,413600.0
BVH,2023-11-27,37.77180116277829,38.15527122534457,37.196596068928876,37.24452982674966,315000.0
BVH,2023-11-28,37.24452982674966,37.96353619406143,37.24452982674966,37.96353619406143,248600.0
BVH,2023-11-29,37.96353619406143,38.29907249880693,37.86766867841986,38.059403709703005,323200.0
BVH,2023-11-30,37.96353619406143,38.49080753009006,37.388331100212014,37.388331100212014,386700.0
BVH,2023-12-01,38.01146995188221,38.34700625662771,37.72386740495751,38.059403709703005,211200.0
BVH,2023-12-04,38.29907249880693,38.58667504573163,38.107337467523784,38.34700625662771,399700.0
BVH,2023-12-05,38.53874128791085,38.53874128791085,38.01146995188221,38.15527122534457,292800.0
BVH,2023-12-06,38.15527122534457,38.63460880355241,38.107337467523784,38.394940014448494,361300.0
BVH,2023-12-07,38.394940014448494,38.44287377226928,37.77180116277829,37.96353619406143,466800.0
BVH,2023-12-08,38.059403709703005,38.15527122534457,37.67593364713672,37.91560243624065,214400.0
BVH,2023-12-11,37.96353619406143,38.44287377226928,37.91560243624065,38.394940014448494,396000.0
BVH,2023-12-12,38.394940014448494,38.63460880355241,38.34700625662771,38.44287377226928,324200.0
BVH,2023-12-13,38.44287377226928,39.35361517086418,38.44287377226928,38.826343834835555,900300.0
BVH,2023-12-14,38.92221135047713,38.970145108297906,38.49080753009006,38.49080753009006,313000.0
BVH,2023-12-15,38.49080753009006,38.53874128791085,37.86766867841986,37.86766867841986,533600.0
BVH,2023-12-18,37.91560243624065,38.059403709703005,37.388331100212014,37.4362648580328,276400.0
BVH,2023-12-19,37.4362648580328,37.77180116277829,37.388331100212014,37.58006613149516,143900.0
BVH,2023-12-20,37.62799988931594,37.81973492059908,37.4362648580328,37.72386740495751,171000.0
BVH,2023-12-21,37.72386740495751,37.81973492059908,37.58006613149516,37.72386740495751,132100.0
BVH,2023-12-22,37.72386740495751,37.72386740495751,37.29246358457045,37.29246358457045,359900.0
BVH,2023-12-25,37.340397342391235,37.81973492059908,37.29246358457045,37.67593364713672,224200.0
BVH,2023-12-26,37.532132373674365,38.01146995188221,37.532132373674365,37.86766867841986,240200.0
BVH,2023-12-27,37.86766867841986,38.34700625662771,37.86766867841986,37.91560243624065,236700.0
BVH,2023-12-28,37.96353619406143,38.059403709703005,37.86766867841986,37.96353619406143,168100.0
BVH,2023-12-29,37.96353619406143,38.107337467523784,37.86766867841986,37.86766867841986,300300.0
BVH,2024-01-02,37.86766867841986,38.251138740986136,37.86766867841986,37.96353619406143,223400.0
BVH,2024-01-03,37.86766867841986,38.15527122534457,37.86766867841986,38.15527122534457,148000.0
BVH,2024-01-04,38.34700625662771,38.73047631919398,38.107337467523784,38.44287377226928,684000.0
BVH,2024-01-05,38.49080753009006,38.53874128791085,38.20320498316536,38.34700625662771,189300.0
BVH,2024-01-08,38.394940014448494,38.682542561373204,38.29907249880693,38.34700625662771,301100.0
BVH,2024-01-09,38.34700625662771,38.778410077014776,38.15527122534457,38.34700625662771,377300.0
BVH,2024-01-10,38.49080753009006,39.25774765522262,38.49080753009006,38.826343834835555,886900.0
BVH,2024-01-11,38.826343834835555,40.45609160074223,38.73047631919398,40.264356569459096,1196200.0
BVH,2024-01-12,40.264356569459096,40.312290327279875,39.545350202147326,40.07262153817595,690800.0
BVH,2024-01-15,39.97675402253439,40.264356569459096,39.3056814130434,39.3056814130434,435500.0
BVH,2024-01-16,39.3056814130434,39.35361517086418,38.92221135047713,39.3056814130434,553600.0
BVH,2024-01-17,39.0180788661187,39.97675402253439,39.0180788661187,39.44948268650575,503300.0
BVH,2024-01-18,39.3056814130434,39.73708523343046,39.3056814130434,39.44948268650575,289000.0
BVH,2024-01-19,39.44948268650575,39.73708523343046,39.44948268650575,39.545350202147326,250000.0
BVH,2024-01-22,39.73708523343046,39.78501899125125,39.44948268650575,39.49741644432654,234600.0
BVH,2024-01-23,39.49741644432654,39.49741644432654,39.0180788661187,39.11394638176026,449800.0
BVH,2024-01-24,39.11394638176026,39.25774765522262,38.92221135047713,39.0180788661187,334100.0
BVH,2024-01-25,39.16188013958105,39.16188013958105,38.92221135047713,39.0180788661187,157900.0
BVH,2024-01-26,39.0180788661187,39.16188013958105,39.0180788661187,39.16188013958105,140100.0
BVH,2024-01-29,39.25774765522262,39.73708523343046,39.0180788661187,39.49741644432654,266200.0
BVH,2024-01-30,39.593283959968105,39.73708523343046,39.25774765522262,39.3056814130434,143800.0
BVH,2024-01-31,39.593283959968105,39.593283959968105,38.826343834835555,38.826343834835555,336300.0
BVH,2024-02-01,39.0180788661187,39.68915147560968,38.92221135047713,39.545350202147326,485100.0
BVH,2024-02-02,39.545350202147326,39.545350202147326,39.16188013958105,39.3056814130434,167900.0
BVH,2024-02-05,39.35361517086418,40.264356569459096,39.35361517086418,39.35361517086418,387700.0
BVH,2024-02-06,39.401548928684974,39.6412177177889,39.3056814130434,39.401548928684974,221000.0
BVH,2024-02-07,39.401548928684974,39.68915147560968,39.35361517086418,39.49741644432654,289900.0
BVH,2024-02-15,39.49741644432654,39.97675402253439,39.49741644432654,39.593283959968105,359900.0
BVH,2024-02-16,39.88088650689282,40.98336293677087,39.78501899125125,40.74369414766694,981500.0
BVH,2024-02-19,40.93542917895008,41.46270051497871,40.69576038984616,41.41476675715793,818800.0
BVH,2024-02-20,41.41476675715793,41.46270051497871,40.887495421129294,40.98336293677087,457400.0
BVH,2024-02-21,40.98336293677087,41.031296694591646,40.50402535856302,40.69576038984616,464100.0
BVH,2024-02-22,40.79162790548772,40.83956166330851,40.40815784292145,40.40815784292145,400600.0
BVH,2024-02-23,40.50402535856302,41.07923045241243,40.120555295996745,40.21642281163831,627200.0
BVH,2024-02-26,40.21642281163831,40.50402535856302,40.168489053817524,40.312290327279875,353400.0
BVH,2024-02-27,40.36022408510066,40.74369414766694,40.36022408510066,40.69576038984616,290100.0
BVH,2024-02-28,40.69576038984616,40.79162790548772,40.40815784292145,40.69576038984616,390700.0
BVH,2024-02-29,40.93542917895008,41.51063427279949,40.93542917895008,41.12716421023322,673800.0
BVH,2024-03-01,41.07923045241243,41.41476675715793,40.93542917895008,41.031296694591646,399700.0
BVH,2024-03-04,40.98336293677087,41.55856803062028,40.98336293677087,41.41476675715793,804100.0
BVH,2024-03-05,41.22303172587479,41.65443554626185,41.12716421023322,41.51063427279949,491900.0
BVH,2024-03-06,41.7982368197242,42.37344191357362,41.12716421023322,41.51063427279949,769600.0
BVH,2024-03-07,41.55856803062028,43.0445145230646,41.46270051497871,43.0445145230646,1673700.0
BVH,2024-03-08,43.427984585630874,43.6676533747348,42.46930942921519,42.613110702677545,1514100.0
BVH,2024-03-11,42.613110702677545,42.661044460498324,41.41476675715793,41.55856803062028,874200.0
BVH,2024-03-12,41.55856803062028,41.70236930408263,41.22303172587479,41.606501788441065,889900.0
BVH,2024-03-13,41.65443554626185,42.18170688229048,41.46270051497871,42.18170688229048,579000.0
BVH,2024-03-14,42.18170688229048,42.18170688229048,41.750303061903416,41.84617057754499,582300.0
BVH,2024-03-15,41.70236930408263,42.037905608828126,41.175097968054004,41.318899241516355,793000.0
BVH,2024-03-18,41.318899241516355,41.606501788441065,39.78501899125125,40.264356569459096,900900.0
BVH,2024-03-19,40.264356569459096,40.599892874204585,40.168489053817524,40.264356569459096,195700.0
BVH,2024-03-20,40.312290327279875,40.64782663202537,40.07262153817595,40.50402535856302,280700.0
BVH,2024-03-21,40.79162790548772,41.12716421023322,40.69576038984616,41.031296694591646,492200.0
BVH,2024-03-22,41.175097968054004,41.175097968054004,40.599892874204585,40.74369414766694,439900.0
BVH,2024-03-25,40.74369414766694,41.51063427279949,40.64782663202537,41.031296694591646,728400.0
BVH,2024-03-26,41.27096548369557,41.27096548369557,40.887495421129294,41.12716421023322,297100.0
BVH,2024-03-27,41.12716421023322,41.51063427279949,40.93542917895008,41.51063427279949,546800.0
BVH,2024-03-28,41.51063427279949,41.750303061903416,41.41476675715793,41.51063427279949,389700.0
BVH,2024-03-29,41.606501788441065,41.606501788441065,40.887495421129294,40.98336293677087,526100.0
BVH,2024-04-01,41.031296694591646,41.175097968054004,40.599892874204585,40.64782663202537,268000.0
BVH,2024-04-02,40.64782663202537,40.64782663202537,40.168489053817524,40.64782663202537,486000.0
BVH,2024-04-03,40.64782663202537,41.175097968054004,40.264356569459096,40.5519591163838,273000.0
BVH,2024-04-04,40.599892874204585,40.83956166330851,40.264356569459096,40.36022408510066,199200.0
BVH,2024-04-05,40.168489053817524,40.264356569459096,39.97675402253439,39.97675402253439,274700.0
BVH,2024-04-08,39.97675402253439,40.264356569459096,39.73708523343046,39.83295274907203,323700.0
BVH,2024-04-09,39.97675402253439,40.21642281163831,39.593283959968105,39.83295274907203,302900.0
BVH,2024-04-10,39.83295274907203,40.120555295996745,39.78501899125125,39.83295274907203,233000.0
BVH,2024-04-11,39.83295274907203,39.83295274907203,39.545350202147326,39.73708523343046,173600.0
BVH,2024-04-12,40.07262153817595,40.168489053817524,39.593283959968105,40.168489053817524,132400.0
BVH,2024-04-15,40.07262153817595,40.07262153817595,37.86766867841986,38.059403709703005,405000.0
BVH,2024-04-16,38.251138740986136,38.34700625662771,37.58006613149516,37.72386740495751,618000.0
BVH,2024-04-17,37.81973492059908,38.34700625662771,36.95692727982495,37.00486103764574,779300.0
BVH,2024-04-19,37.00486103764574,37.340397342391235,36.621390975079464,36.90899352200417,606400.0
BVH,2024-04-22,37.86766867841986,38.394940014448494,36.95692727982495,37.96353619406143,446700.0
BVH,2024-04-23,37.96353619406143,37.96353619406143,37.29246358457045,37.62799988931594,235900.0
BVH,2024-04-24,37.62799988931594,38.01146995188221,37.4362648580328,37.96353619406143,239800.0
BVH,2024-04-25,37.81973492059908,38.059403709703005,37.58006613149516,37.67593364713672,184300.0
BVH,2024-04-26,37.58006613149516,37.81973492059908,37.29246358457045,37.81973492059908,354900.0
BVH,2024-05-02,37.81973492059908,38.826343834835555,37.81973492059908,38.44287377226928,359200.0
BVH,2024-05-03,38.44287377226928,39.0180788661187,38.29907249880693,38.34700625662771,297400.0
BVH,2024-05-06,38.394940014448494,38.874277592656334,38.34700625662771,38.874277592656334,266300.0
BVH,2024-05-07,38.874277592656334,39.83295274907203,38.874277592656334,39.68915147560968,596900.0
BVH,2024-05-08,39.25774765522262,39.83295274907203,39.11394638176026,39.401548928684974,332400.0
BVH,2024-05-09,39.593283959968105,39.78501899125125,38.92221135047713,39.25774765522262,235600.0
BVH,2024-05-10,39.20981389740183,39.78501899125125,38.874277592656334,39.0180788661187,244000.0
BVH,2024-05-13,39.0180788661187,39.49741644432654,38.778410077014776,38.778410077014776,145900.0
BVH,2024-05-14,38.778410077014776,39.06601262393948,38.44287377226928,38.73047631919398,162600.0
BVH,2024-05-15,38.682542561373204,39.0180788661187,38.682542561373204,38.874277592656334,185400.0
BVH,2024-05-16,39.3056814130434,39.3056814130434,38.970145108297906,39.11394638176026,193900.0
BVH,2024-05-17,39.11394638176026,39.20981389740183,38.874277592656334,39.16188013958105,286900.0
BVH,2024-05-20,39.78501899125125,40.887495421129294,39.25774765522262,40.599892874204585,1061000.0
BVH,2024-05-21,40.64782663202537,41.12716421023322,40.02468778035517,40.40815784292145,658000.0
BVH,2024-05-22,40.5519591163838,40.64782663202537,39.88088650689282,39.97675402253439,482800.0
BVH,2024-05-23,39.88088650689282,42.7569119761399,39.83295274907203,42.7569119761399,2686300.0
BVH,2024-05-24,43.14038203870617,44.099057195121866,41.942038093186554,42.7569119761399,1772000.0
BVH,2024-05-27,42.7569119761399,44.96186483589599,42.7569119761399,44.48252725768814,2540600.0
BVH,2024-05-28,44.530461015508926,45.39326865628305,43.955255921659514,45.05773235153756,1528300.0
BVH,2024-05-29,45.2494673828207,45.2494673828207,43.61971961691402,43.71558713255559,1257800.0
BVH,2024-05-30,43.61971961691402,43.61971961691402,42.46930942921519,43.14038203870617,1906600.0
BVH,2024-05-31,43.14038203870617,44.48252725768814,42.99658076524382,42.99658076524382,922900.0
BVH,2024-06-03,43.71558713255559,44.38665974204657,43.14038203870617,43.47591834345167,659300.0
BVH,2024-06-04,43.61971961691402,44.48252725768814,43.332117069989316,43.955255921659514,997300.0
BVH,2024-06-05,44.00318967948029,46.304010054877956,44.00318967948029,45.29740114064148,2402500.0
BVH,2024-06-06,45.29740114064148,45.872606234490895,44.57839477332971,44.57839477332971,916400.0
BVH,2024-06-07,44.865997320254415,45.441202414103834,44.05112343730109,44.48252725768814,829000.0
BVH,2024-06-10,44.818063562433636,45.153599867179125,44.33872598422579,44.38665974204657,1126800.0
BVH,2024-06-11,44.38665974204657,44.57839477332971,43.427984585630874,43.76352089037637,1025700.0
BVH,2024-06-12,43.380050827810095,44.57839477332971,43.332117069989316,44.290792226405,559700.0
BVH,2024-06-13,44.33872598422579,44.48252725768814,43.57178585909324,43.85938840601794,1345200.0
BVH,2024-06-14,43.81145464819716,44.33872598422579,42.661044460498324,42.661044460498324,707900.0
BVH,2024-06-17,42.661044460498324,43.0445145230646,42.27757439793205,42.46930942921519,601700.0
BVH,2024-06-18,43.332117069989316,43.6676533747348,42.661044460498324,43.523852101272446,756500.0
BVH,2024-06-19,43.61971961691402,44.099057195121866,43.332117069989316,43.90732216383872,503200.0
BVH,2024-06-20,43.90732216383872,44.290792226405,43.14038203870617,43.380050827810095,726500.0
BVH,2024-06-21,43.236249554347744,43.90732216383872,43.236249554347744,43.28418331216852,584900.0
BVH,2024-06-24,43.28418331216852,43.71558713255559,41.51063427279949,42.661044460498324,896400.0
BVH,2024-06-25,42.661044460498324,42.948647007423034,42.27757439793205,42.948647007423034,358300.0
BVH,2024-06-26,42.661044460498324,42.948647007423034,42.18170688229048,42.90071324960225,279000.0
BVH,2024-06-27,42.90071324960225,45.48913617192462,42.51724318703597,44.099057195121866,2351900.0
BVH,2024-06-28,44.77012980461285,44.77012980461285,43.427984585630874,44.099057195121866,1077100.0
BVH,2024-07-01,43.85938840601794,44.48252725768814,43.85938840601794,44.48252725768814,399000.0
BVH,2024-07-02,44.77012980461285,46.11227502359482,44.674262288971285,45.63293744538697,1653400.0
BVH,2024-07-03,46.016407507953254,46.016407507953254,44.865997320254415,45.05773235153756,647400.0
BVH,2024-07-04,44.865997320254415,45.82467247667011,44.77012980461285,44.91393107807521,598800.0
BVH,2024-07-05,45.153599867179125,45.29740114064148,44.48252725768814,44.48252725768814,696700.0
BVH,2024-07-08,44.57839477332971,45.05773235153756,43.14038203870617,44.38665974204657,930700.0
BVH,2024-07-09,44.48252725768814,45.92053999231168,44.19492471076344,45.53706992974541,1139000.0
BVH,2024-07-10,45.53706992974541,45.585003687566186,44.674262288971285,44.674262288971285,561200.0
BVH,2024-07-11,44.96186483589599,45.05773235153756,44.19492471076344,44.19492471076344,584000.0
BVH,2024-07-12,44.530461015508926,44.530461015508926,43.61971961691402,43.61971961691402,582200.0
BVH,2024-07-15,43.61971961691402,44.19492471076344,43.61971961691402,44.146990952942645,429700.0
BVH,2024-07-16,44.530461015508926,44.865997320254415,44.290792226405,44.57839477332971,741600.0
BVH,2024-07-17,44.865997320254415,45.34533489846226,42.46930942921519,44.48252725768814,1426700.0
BVH,2024-07-18,44.24285846858422,45.05773235153756,43.236249554347744,45.05773235153756,581100.0
BVH,2024-07-19,45.05773235153756,45.05773235153756,43.85938840601794,43.85938840601794,802700.0
BVH,2024-07-22,43.523852101272446,43.90732216383872,42.22964064011126,42.90071324960225,879100.0
BVH,2024-07-23,42.90071324960225,43.09244828088539,41.70236930408263,41.70236930408263,778200.0
BVH,2024-07-24,41.55856803062028,41.942038093186554,40.36022408510066,40.69576038984616,1568100.0
BVH,2024-07-25,40.83956166330851,41.70236930408263,40.40815784292145,41.41476675715793,688500.0
BVH,2024-07-26,41.22303172587479,41.41476675715793,40.93542917895008,41.41476675715793,430600.0
BVH,2024-07-29,41.51063427279949,41.750303061903416,41.36683299933714,41.55856803062028,325000.0
BVH,2024-07-30,41.41476675715793,41.41476675715793,41.031296694591646,41.22303172587479,427200.0
BVH,2024-07-31,41.22303172587479,42.27757439793205,41.175097968054004,41.7982368197242,635800.0
BVH,2024-08-01,42.08583936664891,42.51724318703597,40.93542917895008,41.031296694591646,627000.0
BVH,2024-08-02,40.50402535856302,41.70236930408263,40.50402535856302,41.70236930408263,635300.0
BVH,2024-08-05,41.22303172587479,41.36683299933714,39.83295274907203,40.168489053817524,990500.0
BVH,2024-08-06,41.07923045241243,41.07923045241243,39.78501899125125,40.599892874204585,541300.0
BVH,2024-08-07,40.64782663202537,40.83956166330851,40.21642281163831,40.5519591163838,308200.0
BVH,2024-08-08,40.312290327279875,41.175097968054004,40.312290327279875,40.83956166330851,427000.0
BVH,2024-08-09,40.887495421129294,41.51063427279949,40.40815784292145,41.51063427279949,463500.0
BVH,2024-08-12,41.51063427279949,41.51063427279949,41.031296694591646,41.51063427279949,308100.0
BVH,2024-08-13,41.36683299933714,41.7982368197242,40.83956166330851,41.031296694591646,532200.0
BVH,2024-08-14,41.07923045241243,41.51063427279949,40.93542917895008,41.51063427279949,495500.0
BVH,2024-08-15,41.51063427279949,41.606501788441065,40.93542917895008,40.98336293677087,285800.0
BVH,2024-08-16,41.41476675715793,42.18170688229048,40.98336293677087,42.1337731244697,835600.0
BVH,2024-08-19,42.1337731244697,42.804845733960676,41.70236930408263,42.661044460498324,921600.0
BVH,2024-08-20,42.661044460498324,43.0445145230646,42.22964064011126,42.661044460498324,1079800.0
BVH,2024-08-21,42.661044460498324,43.332117069989316,42.46930942921519,42.85277949178147,441600.0
BVH,2024-08-22,42.7569119761399,43.380050827810095,42.37344191357362,42.948647007423034,891500.0
BVH,2024-08-23,42.948647007423034,44.43459349986736,42.70897821831911,44.38665974204657,1830500.0
BVH,2024-08-26,44.38665974204657,44.48252725768814,43.76352089037637,43.90732216383872,518600.0
BVH,2024-08-27,43.90732216383872,43.90732216383872,43.14038203870617,43.71558713255559,587800.0
BVH,2024-08-28,43.427984585630874,43.61971961691402,43.18831579652696,43.332117069989316,330300.0
BVH,2024-08-29,43.14038203870617,43.81145464819716,43.14038203870617,43.47591834345167,357100.0
BVH,2024-08-30,43.47591834345167,43.61971961691402,43.0445145230646,43.61971961691402,257300.0
BVH,2024-09-04,43.14038203870617,43.14038203870617,42.7569119761399,42.85277949178147,545800.0
BVH,2024-09-05,42.85277949178147,42.99658076524382,42.661044460498324,42.85277949178147,489600.0
BVH,2024-09-06,42.948647007423034,43.523852101272446,42.7569119761399,42.948647007423034,541100.0
BVH,2024-09-09,42.804845733960676,42.85277949178147,41.98997185100734,42.18170688229048,694600.0
BVH,2024-09-10,42.18170688229048,42.18170688229048,41.318899241516355,41.51063427279949,1194600.0
BVH,2024-09-11,41.22303172587479,41.55856803062028,41.12716421023322,41.318899241516355,351100.0
BVH,2024-09-12,41.318899241516355,41.606501788441065,41.031296694591646,41.07923045241243,411200.0
BVH,2024-09-13,40.887495421129294,41.55856803062028,40.74369414766694,40.98336293677087,560700.0
BVH,2024-09-16,41.031296694591646,41.41476675715793,40.5519591163838,40.93542917895008,430500.0
BVH,2024-09-17,40.887495421129294,41.07923045241243,40.69576038984616,41.07923045241243,189400.0
BVH,2024-09-18,41.22303172587479,41.318899241516355,40.98336293677087,41.07923045241243,248300.0
BVH,2024-09-19,41.36683299933714,41.36683299933714,41.07923045241243,41.12716421023322,124000.0
BVH,2024-09-20,41.22303172587479,41.41476675715793,40.887495421129294,41.318899241516355,745600.0
BVH,2024-09-23,41.318899241516355,41.98997185100734,41.031296694591646,41.98997185100734,351200.0
BVH,2024-09-24,41.98997185100734,41.98997185100734,41.46270051497871,41.84617057754499,289100.0
BVH,2024-09-25,41.65443554626185,41.7982368197242,41.46270051497871,41.55856803062028,297200.0
BVH,2024-09-26,41.36683299933714,41.98997185100734,41.36683299933714,41.51063427279949,235300.0
BVH,2024-09-27,41.55856803062028,41.70236930408263,41.41476675715793,41.51063427279949,232500.0
BVH,2024-09-30,41.51063427279949,41.51063427279949,41.07923045241243,41.07923045241243,298700.0
BVH,2024-10-01,41.031296694591646,41.65443554626185,40.93542917895008,41.606501788441065,731900.0
BVH,2024-10-02,41.606501788441065,41.606501788441065,41.27096548369557,41.41476675715793,402400.0
BVH,2024-10-03,41.51063427279949,41.7982368197242,41.031296694591646,41.12716421023322,414200.0
BVH,2024-10-04,41.12716421023322,41.27096548369557,40.98336293677087,41.07923045241243,212100.0
BVH,2024-10-07,41.12716421023322,41.36683299933714,41.07923045241243,41.175097968054004,236300.0
BVH,2024-10-08,41.22303172587479,41.318899241516355,41.07923045241243,41.175097968054004,233300.0
BVH,2024-10-09,41.22303172587479,41.46270051497871,41.07923045241243,41.46270051497871,314600.0
BVH,2024-10-10,41.46270051497871,42.1337731244697,41.46270051497871,42.08583936664891,901300.0
BVH,2024-10-11,42.18170688229048,42.613110702677545,42.037905608828126,42.27757439793205,576800.0
BVH,2024-10-14,42.27757439793205,42.661044460498324,42.08583936664891,42.18170688229048,293500.0
BVH,2024-10-15,41.7982368197242,42.22964064011126,41.7982368197242,41.894104335365775,259200.0
BVH,2024-10-16,41.70236930408263,42.1337731244697,41.606501788441065,41.98997185100734,254200.0
BVH,2024-10-17,41.942038093186554,42.18170688229048,41.70236930408263,42.18170688229048,217000.0
BVH,2024-10-18,42.18170688229048,42.46930942921519,41.942038093186554,42.18170688229048,410500.0
BVH,2024-10-21,42.32550815575283,42.4213756713944,41.942038093186554,41.942038093186554,205500.0
BVH,2024-10-22,42.08583936664891,42.1337731244697,41.22303172587479,41.41476675715793,1572100.0
BVH,2024-10-23,41.41476675715793,41.55856803062028,41.318899241516355,41.51063427279949,228200.0
BVH,2024-10-24,41.65443554626185,41.750303061903416,41.51063427279949,41.65443554626185,156000.0
BVH,2024-10-25,41.70236930408263,41.750303061903416,41.51063427279949,41.55856803062028,156000.0
BVH,2024-10-28,41.27096548369557,41.55856803062028,41.22303172587479,41.41476675715793,69900.0
BVH,2024-10-29,41.65443554626185,41.65443554626185,41.41476675715793,41.46270051497871,106400.0
BVH,2024-10-30,41.41476675715793,41.51063427279949,41.031296694591646,41.175097968054004,164900.0
BVH,2024-10-31,41.22303172587479,41.55856803062028,41.22303172587479,41.22303172587479,197800.0
BVH,2024-11-01,41.22303172587479,41.84617057754499,41.22303172587479,41.7982368197242,306800.0
BVH,2024-11-04,41.84617057754499,42.56517694485675,41.7982368197242,41.98997185100734,321700.0
BVH,2024-11-05,41.98997185100734,42.27757439793205,41.22303172587479,42.18170688229048,212100.0
BVH,2024-11-06,42.22964064011126,42.32550815575283,42.037905608828126,42.32550815575283,199600.0
BVH,2024-11-07,42.37344191357362,42.4213756713944,41.84617057754499,42.08583936664891,249700.0
BVH,2024-11-08,42.32550815575283,43.332117069989316,42.08583936664891,43.28418331216852,792700.0
BVH,2024-11-11,43.427984585630874,43.85938840601794,43.28418331216852,43.85938840601794,1017200.0
BVH,2024-11-12,43.81145464819716,43.85938840601794,43.332117069989316,43.332117069989316,599100.0
BVH,2024-11-13,43.61971961691402,43.61971961691402,42.51724318703597,43.332117069989316,304300.0
BVH,2024-11-14,43.14038203870617,43.332117069989316,42.51724318703597,42.51724318703597,209000.0
BVH,2024-11-15,42.37344191357362,42.661044460498324,41.894104335365775,42.56517694485675,381300.0
BVH,2024-11-18,42.037905608828126,42.56517694485675,41.7982368197242,41.98997185100734,266100.0
BVH,2024-11-19,42.18983392658882,43.0728769622616,41.895486248031226,42.68041339085148,359900.0
BVH,2024-11-20,42.33700776586762,42.87664517655654,42.28794981944135,42.77852928370401,196600.0
BVH,2024-11-21,42.82758723013028,43.36722464081921,42.582297497998944,43.36722464081921,200900.0
BVH,2024-11-22,43.41628258724547,43.465340533671736,42.68041339085148,43.36722464081921,282300.0
BVH,2024-11-25,43.41628258724547,44.250267676491994,43.36722464081921,43.41628258724547,462600.0
BVH,2024-11-26,43.90686205150813,43.955919997934394,43.41628258724547,43.41628258724547,217400.0
BVH,2024-11-27,43.17099285511414,43.71063026580306,43.12193490868788,43.612514372950535,271300.0
BVH,2024-11-28,43.759688212229335,44.44649946219705,43.56345642652427,43.56345642652427,331200.0
BVH,2024-11-29,43.612514372950535,46.60504910495276,43.56345642652427,46.60504910495276,1959000.0
BVH,2024-12-02,47.58620803347809,48.27301928344581,47.09562856921543,48.076787497740746,1672300.0
BVH,2024-12-03,47.68432392633062,51.41272785472684,47.68432392633062,51.11838017616925,1834400.0
BVH,2024-12-04,51.02026428331671,52.00142321184203,49.940989461938855,51.02026428331671,1114300.0
BVH,2024-12-05,50.431568926201514,52.1976549975471,50.431568926201514,50.92214839046418,1272600.0
BVH,2024-12-06,51.41272785472684,52.49200267610469,50.33345303334898,51.02026428331671,902800.0
BVH,2024-12-09,50.82403249761165,50.92214839046418,49.940989461938855,50.725916604759114,862600.0
BVH,2024-12-10,50.725916604759114,52.39388678325216,50.431568926201514,51.608959640431905,1119500.0
BVH,2024-12-11,52.00142321184203,52.00142321184203,50.431568926201514,51.21649606902178,523100.0
BVH,2024-12-12,51.21649606902178,52.00142321184203,50.725916604759114,51.9033073189895,602100.0
BVH,2024-12-13,51.70707553328444,53.76750928318761,51.21649606902178,52.1976549975471,1403200.0
BVH,2024-12-16,52.00142321184203,52.099539104694564,51.21649606902178,51.314611961874306,468800.0
BVH,2024-12-17,51.21649606902178,52.00142321184203,51.11838017616925,51.11838017616925,538600.0
BVH,2024-12-18,50.92214839046418,52.00142321184203,50.725916604759114,51.21649606902178,495600.0
BVH,2024-12-19,51.02026428331671,52.29577089039962,50.62780071190658,51.41272785472684,892800.0
BVH,2024-12-20,51.02026428331671,51.805191426136965,50.13722124764392,50.235337140496455,1322900.0
BVH,2024-12-23,50.431568926201514,52.29577089039962,50.431568926201514,52.099539104694564,714500.0
BVH,2024-12-24,52.39388678325216,52.39388678325216,51.11838017616925,51.805191426136965,558700.0
BVH,2024-12-25,52.1976549975471,54.6505523188604,51.9033073189895,52.59011856895722,1431800.0
BVH,2024-12-26,52.1976549975471,52.39388678325216,51.51084374757937,51.608959640431905,653300.0
BVH,2024-12-27,51.41272785472684,51.608959640431905,50.92214839046418,51.314611961874306,384900.0
BVH,2024-12-30,50.725916604759114,52.00142321184203,50.62780071190658,51.02026428331671,360600.0
BVH,2024-12-31,51.02026428331671,51.11838017616925,49.744757676233796,49.744757676233796,786400.0
BVH,2025-01-02,50.235337140496455,51.02026428331671,49.84287356908632,50.52968481905405,614300.0
BVH,2025-01-03,50.33345303334898,50.431568926201514,48.81265669413474,48.81265669413474,1174600.0
BVH,2025-01-06,48.567366962003405,49.008888479839804,47.58620803347809,47.58620803347809,1085100.0
BVH,2025-01-07,47.58620803347809,48.37113517629834,47.14468651564169,47.88055571203568,712500.0
BVH,2025-01-08,47.340918301346754,48.861714640561,47.340918301346754,48.46925106915087,589900.0
BVH,2025-01-09,48.076787497740746,48.37113517629834,47.88055571203568,48.076787497740746,435700.0
BVH,2025-01-10,47.88055571203568,49.156062319118604,47.68432392633062,48.567366962003405,905500.0
BVH,2025-01-13,48.076787497740746,48.567366962003405,48.027729551314486,48.567366962003405,332800.0
BVH,2025-01-14,48.567366962003405,49.84287356908632,48.567366962003405,49.84287356908632,693200.0
BVH,2025-01-15,49.940989461938855,50.725916604759114,49.450409997676196,50.235337140496455,770900.0
BVH,2025-01-16,50.62780071190658,50.62780071190658,49.156062319118604,50.235337140496455,447200.0
BVH,2025-01-17,50.03910535479139,51.51084374757937,50.03910535479139,51.21649606902178,732800.0
BVH,2025-01-20,50.92214839046418,51.41272785472684,50.62780071190658,51.21649606902178,443100.0
BVH,2025-01-21,51.314611961874306,52.1976549975471,50.52968481905405,51.02026428331671,987200.0
BVH,2025-01-22,51.02026428331671,51.11838017616925,49.744757676233796,49.744757676233796,499500.0
BVH,2025-01-23,49.84287356908632,50.431568926201514,49.54852589052873,49.744757676233796,563800.0
BVH,2025-01-24,49.84287356908632,50.235337140496455,49.35229410482366,49.84287356908632,389600.0
BVH,2025-02-03,49.84287356908632,50.33345303334898,49.64664178338126,49.744757676233796,390000.0
BVH,2025-02-04,49.744757676233796,50.431568926201514,49.744757676233796,50.431568926201514,382600.0
BVH,2025-02-05,50.431568926201514,50.92214839046418,49.744757676233796,50.33345303334898,415400.0
BVH,2025-02-06,50.431568926201514,50.62780071190658,49.84287356908632,50.235337140496455,407500.0
BVH,2025-02-07,50.235337140496455,52.39388678325216,50.13722124764392,51.11838017616925,1239500.0
BVH,2025-02-10,51.11838017616925,52.39388678325216,50.62780071190658,51.9033073189895,1003500.0
BVH,2025-02-11,51.9033073189895,52.688234461809756,51.608959640431905,51.70707553328444,775700.0
BVH,2025-02-12,51.9033073189895,53.96374106889267,51.51084374757937,53.37504571177748,1456500.0
BVH,2025-02-13,54.258088747450266,54.258088747450266,53.08069803321989,53.37504571177748,755200.0
BVH,2025-02-14,53.27692981892495,54.258088747450266,52.688234461809756,53.37504571177748,1080700.0
BVH,2025-02-17,53.37504571177748,53.96374106889267,52.59011856895722,52.59011856895722,804200.0
BVH,2025-02-18,52.688234461809756,56.22040660450091,52.1976549975471,56.22040660450091,2241900.0
BVH,2025-02-19,56.710986068763575,56.710986068763575,55.43547946168066,55.43547946168066,429100.0
BVH,2025-02-20,55.43547946168066,57.29968142587877,55.43547946168066,55.82794303309078,1048400.0
BVH,2025-02-21,56.31852249735344,57.20156553302623,55.141131783123065,56.90721785446864,910500.0
BVH,2025-02-24,56.31852249735344,57.790260890141425,55.82794303309078,57.594029104436366,901200.0
BVH,2025-02-25,56.90721785446864,57.594029104436366,55.72982714023825,56.12229071164838,529700.0
BVH,2025-02-26,56.22040660450091,56.80910196161611,55.926058925943316,56.710986068763575,372300.0
BVH,2025-02-27,56.710986068763575,58.57518803296169,56.51475428305851,56.710986068763575,1158500.0
BVH,2025-02-28,56.710986068763575,56.710986068763575,55.53359535453319,55.53359535453319,767400.0
BVH,2025-03-03,55.23924767597559,55.926058925943316,55.141131783123065,55.82794303309078,771500.0
BVH,2025-03-04,55.82794303309078,55.82794303309078,54.6505523188604,55.53359535453319,677200.0
BVH,2025-03-05,55.53359535453319,56.22040660450091,55.04301589027053,55.53359535453319,625900.0
BVH,2025-03-06,55.926058925943316,56.710986068763575,55.53359535453319,56.61287017591105,877200.0
BVH,2025-03-07,56.61287017591105,57.005333747321174,55.631711247385724,55.631711247385724,692500.0
BVH,2025-03-10,55.72982714023825,56.31852249735344,54.846784104565465,55.141131783123065,692500.0
BVH,2025-03-11,54.846784104565465,55.43547946168066,53.473161604630015,53.86562517604014,1174700.0
BVH,2025-03-12,54.15997285459774,54.3562046403028,53.57127749748255,53.96374106889267,438400.0
BVH,2025-03-13,53.96374106889267,54.552436426007866,52.982582140367356,53.08069803321989,695300.0
BVH,2025-03-14,53.08069803321989,53.37504571177748,52.29577089039962,52.59011856895722,661300.0
BVH,2025-03-17,52.688234461809756,53.37504571177748,50.62780071190658,52.00142321184203,669500.0
BVH,2025-03-18,51.9033073189895,52.49200267610469,51.9033073189895,52.29577089039962,256500.0
BVH,2025-03-19,52.1976549975471,52.88446624751482,51.805191426136965,52.39388678325216,502100.0
BVH,2025-03-20,52.00142321184203,52.688234461809756,51.805191426136965,52.00142321184203,475500.0
BVH,2025-03-21,52.29577089039962,52.39388678325216,51.51084374757937,51.51084374757937,393800.0
BVH,2025-03-24,51.51084374757937,51.805191426136965,50.62780071190658,51.21649606902178,523600.0
BVH,2025-03-25,51.21649606902178,51.9033073189895,51.21649606902178,51.41272785472684,237900.0
BVH,2025-03-26,51.41272785472684,51.70707553328444,50.725916604759114,51.21649606902178,259900.0
BVH,2025-03-27,51.21649606902178,52.78635035466229,51.02026428331671,52.1976549975471,596900.0
BVH,2025-03-28,52.1976549975471,53.17881392607242,51.9033073189895,52.49200267610469,464100.0
BVH,2025-03-31,52.78635035466229,53.473161604630015,52.1976549975471,52.29577089039962,602700.0
BVH,2025-04-01,52.39388678325216,52.39388678325216,51.41272785472684,51.70707553328444,391000.0
BVH,2025-04-02,52.00142321184203,52.39388678325216,51.02026428331671,51.11838017616925,563400.0
BVH,2025-04-03,47.97867160488821,49.940989461938855,47.58620803347809,47.58620803347809,800900.0
BVH,2025-04-04,44.29932562291826,47.58620803347809,44.29932562291826,44.29932562291826,2125400.0
BVH,2025-04-08,42.77852928370401,44.15215178363946,41.20867499806349,41.20867499806349,784300.0
BVH,2025-04-09,38.363314105340066,41.20867499806349,38.363314105340066,38.363314105340066,1657300.0
BVH,2025-04-10,41.01244321235843,41.01244321235843,41.01244321235843,41.01244321235843,56800.0
BVH,2025-04-11,43.36722464081921,43.36722464081921,41.895486248031226,43.17099285511414,1115800.0
BVH,2025-04-14,43.808746158655595,44.15215178363946,43.36722464081921,43.759688212229335,520300.0
BVH,2025-04-15,43.269108747966676,43.759688212229335,42.14077598016255,43.17099285511414,1029700.0
BVH,2025-04-16,42.729471337277744,44.74084714075465,42.729471337277744,43.2200508015404,680400.0
BVH,2025-04-17,43.2200508015404,44.59367330147586,43.17099285511414,44.49555740862333,558500.0
BVH,2025-04-18,44.78990508718092,45.035194819312245,44.15215178363946,44.15215178363946,536100.0
BVH,2025-04-21,44.59367330147586,44.59367330147586,42.77852928370401,43.17099285511414,402800.0
BVH,2025-04-22,42.729471337277744,43.0728769622616,40.227516069538176,42.582297497998944,1690900.0
BVH,2025-04-23,44.15215178363946,44.15215178363946,43.17099285511414,43.17099285511414,501600.0
BVH,2025-04-24,43.269108747966676,45.72200606927998,43.269108747966676,45.57483223000118,1257700.0
BVH,2025-04-25,45.86917990855877,46.408817319247696,45.23142660501732,45.23142660501732,629400.0
BVH,2025-04-28,45.82012196213251,45.82012196213251,44.838963033607186,45.133310712164786,1956200.0
BVH,2025-04-29,45.32954249786985,45.77106401570624,44.64273124790212,45.08425276573852,296500.0
BVH,2025-05-05,45.72200606927998,46.01635374783757,44.691789194328386,45.23142660501732,300700.0
BVH,2025-05-06,45.28048455144358,47.291860354920495,45.133310712164786,46.60504910495276,1032100.0
BVH,2025-05-07,46.21258553354264,48.37113517629834,46.21258553354264,48.076787497740746,1320500.0
BVH,2025-05-08,48.223961337019546,48.223961337019546,47.09562856921543,47.97867160488821,598200.0
BVH,2025-05-09,47.83149776560941,48.91077258698727,47.24280240849422,47.291860354920495,582400.0
BVH,2025-05-12,47.291860354920495,47.929613658461946,46.94845472993663,47.88055571203568,496000.0
BVH,2025-05-13,48.861714640561,48.861714640561,47.88055571203568,48.17490339059328,479300.0
BVH,2025-05-14,48.518309015577145,48.518309015577145,47.58620803347809,48.27301928344581,392900.0
BVH,2025-05-15,48.27301928344581,49.35229410482366,47.88055571203568,48.66548285485594,770100.0
BVH,2025-05-16,48.714540801282205,48.861714640561,47.340918301346754,47.340918301346754,291400.0
BVH,2025-05-19,47.340918301346754,47.83149776560941,47.24280240849422,47.340918301346754,338200.0
BVH,2025-05-20,47.291860354920495,48.861714640561,46.997512676362895,48.76359874770847,859200.0
BVH,2025-05-21,49.25417821197114,49.940989461938855,48.861714640561,49.35229410482366,569700.0
BVH,2025-05-22,48.223961337019546,49.64664178338126,48.223961337019546,48.567366962003405,413600.0
BVH,2025-05-23,48.714540801282205,49.25417821197114,48.32207722987208,48.714540801282205,250000.0
BVH,2025-05-26,48.76359874770847,50.431568926201514,48.37113517629834,50.431568926201514,1265300.0
BVH,2025-05-27,50.725916604759114,51.70707553328444,50.235337140496455,51.51084374757937,936400.0
BVH,2025-05-28,51.02026428331671,51.51084374757937,50.13722124764392,51.41272785472684,429300.0
BVH,2025-05-29,51.21649606902178,51.314611961874306,50.431568926201514,50.62780071190658,307500.0
BVH,2025-05-30,50.431568926201514,50.52968481905405,49.54852589052873,49.64664178338126,460300.0
BVH,2025-06-02,50.431568926201514,50.431568926201514,48.861714640561,49.54852589052873,444300.0
BVH,2025-06-03,49.64664178338126,50.82403249761165,49.64664178338126,50.431568926201514,516000.0
BVH,2025-06-04,50.725916604759114,50.725916604759114,49.744757676233796,50.33345303334898,269600.0
BVH,2025-06-05,50.33345303334898,50.33345303334898,49.008888479839804,49.450409997676196,879500.0
BVH,2025-06-06,49.05794642626607,49.54852589052873,48.567366962003405,48.567366962003405,445100.0
BVH,2025-06-09,48.46925106915087,49.05794642626607,47.68432392633062,47.68432392633062,560400.0
BVH,2025-06-10,48.076787497740746,48.861714640561,47.68432392633062,47.97867160488821,297000.0
BVH,2025-06-11,48.076787497740746,48.518309015577145,47.88055571203568,48.46925106915087,315500.0
BVH,2025-06-12,48.95983053341354,48.95983053341354,48.37113517629834,48.861714640561,247900.0
BVH,2025-06-13,48.518309015577145,48.66548285485594,48.17490339059328,48.37113517629834,286900.0
BVH,2025-06-16,48.37113517629834,50.725916604759114,48.37113517629834,50.62780071190658,785100.0
BVH,2025-06-17,50.92214839046418,51.51084374757937,50.13722124764392,50.725916604759114,636200.0
BVH,2025-06-18,50.725916604759114,51.11838017616925,50.52968481905405,50.92214839046418,245700.0
BVH,2025-06-19,51.11838017616925,51.21649606902178,50.33345303334898,50.33345303334898,232000.0
BVH,2025-06-20,50.52968481905405,51.11838017616925,49.64664178338126,49.64664178338126,521800.0
BVH,2025-06-23,49.64664178338126,50.82403249761165,49.05794642626607,50.235337140496455,287000.0
BVH,2025-06-24,50.52968481905405,53.08069803321989,50.52968481905405,53.08069803321989,987900.0
BVH,2025-06-25,53.08069803321989,53.08069803321989,51.70707553328444,51.70707553328444,290000.0
BVH,2025-06-26,52.39388678325216,52.39388678325216,51.41272785472684,51.51084374757937,181700.0
BVH,2025-06-27,51.314611961874306,52.29577089039962,51.11838017616925,51.21649606902178,381300.0
BVH,2025-06-30,51.41272785472684,52.688234461809756,51.02026428331671,52.099539104694564,360400.0
BVH,2025-07-01,51.70707553328444,53.27692981892495,50.725916604759114,52.59011856895722,655500.0
BVH,2025-07-02,52.29577089039962,53.37504571177748,52.29577089039962,52.49200267610469,515400.0
BVH,2025-07-03,52.00142321184203,52.688234461809756,51.51084374757937,52.00142321184203,606200.0
BVH,2025-07-04,51.805191426136965,53.96374106889267,51.41272785472684,53.86562517604014,529900.0
BVH,2025-07-07,53.17881392607242,53.86562517604014,52.78635035466229,53.473161604630015,303500.0
BVH,2025-07-08,53.473161604630015,53.473161604630015,52.78635035466229,52.88446624751482,245400.0
BVH,2025-07-09,53.27692981892495,53.96374106889267,52.78635035466229,52.88446624751482,811100.0
BVH,2025-07-10,52.88446624751482,53.27692981892495,52.099539104694564,52.982582140367356,455500.0
BVH,2025-07-11,52.982582140367356,53.76750928318761,52.688234461809756,52.688234461809756,525900.0
BVH,2025-07-14,52.688234461809756,53.37504571177748,52.49200267610469,52.88446624751482,364700.0
BVH,2025-07-15,53.27692981892495,53.76750928318761,52.49200267610469,52.78635035466229,652600.0
BVH,2025-07-16,52.78635035466229,53.37504571177748,52.29577089039962,53.37504571177748,195400.0
BVH,2025-07-17,53.37504571177748,53.473161604630015,52.39388678325216,52.49200267610469,542500.0
BVH,2025-07-18,52.29577089039962,52.39388678325216,51.41272785472684,51.51084374757937,593000.0
BVH,2025-07-21,51.51084374757937,51.805191426136965,50.725916604759114,50.92214839046418,421600.0
BVH,2025-07-22,50.725916604759114,51.51084374757937,50.62780071190658,51.51084374757937,349300.0
BVH,2025-07-23,51.70707553328444,52.1976549975471,51.314611961874306,51.41272785472684,366900.0
BVH,2025-07-24,51.70707553328444,51.9033073189895,51.02026428331671,51.21649606902178,298800.0
BVH,2025-07-25,51.314611961874306,51.70707553328444,50.92214839046418,51.02026428331671,698000.0
BVH,2025-07-28,51.02026428331671,52.099539104694564,50.92214839046418,51.21649606902178,750300.0
BVH,2025-07-29,51.314611961874306,51.608959640431905,48.66548285485594,48.66548285485594,949800.0
BVH,2025-07-30,48.27301928344581,49.156062319118604,48.27301928344581,48.61642490842967,553600.0
BVH,2025-07-31,49.25417821197114,49.35229410482366,48.12584544416701,48.32207722987208,1132800.0
BVH,2025-08-01,48.567366962003405,49.05794642626607,48.32207722987208,49.05794642626607,849300.0
BVH,2025-08-04,49.05794642626607,49.744757676233796,49.008888479839804,49.05794642626607,667400.0
BVH,2025-08-05,49.25417821197114,50.03910535479139,48.861714640561,48.861714640561,1114000.0
BVH,2025-08-06,49.05794642626607,50.235337140496455,48.861714640561,50.235337140496455,653100.0
BVH,2025-08-07,50.52968481905405,51.02026428331671,50.13722124764392,51.02026428331671,818400.0
BVH,2025-08-08,51.02026428331671,51.51084374757937,50.52968481905405,51.02026428331671,715500.0
BVH,2025-08-11,51.11838017616925,53.27692981892495,51.11838017616925,52.59011856895722,1559900.0
BVH,2025-08-12,52.982582140367356,52.982582140367356,51.51084374757937,52.39388678325216,908000.0
BVH,2025-08-13,52.88446624751482,56.02417481879585,52.88446624751482,56.02417481879585,2711000.0
BVH,2025-08-14,59.654462854339535,59.8506946400446,58.37895624725662,59.75257874719207,2568100.0
BVH,2025-08-15,62.990403211325635,63.08851910417816,58.57518803296169,60.63562178286486,2216600.0
BVH,2025-08-18,61.322433032832585,64.26590981840855,58.67330392581422,61.61678071139018,1702200.0
BVH,2025-08-19,61.71489660424271,61.71489660424271,59.8506946400446,60.04692642574967,1127000.0
BVH,2025-08-20,60.34127410430726,60.53750589001233,57.10344964017371,58.280840354404084,1244700.0
BVH,2025-08-21,57.69214499728889,60.24315821145473,57.20156553302623,58.86953571151928,1371600.0
BVH,2025-08-22,57.3977973187313,58.67330392581422,55.337363568828124,56.02417481879585,1207400.0
BVH,2025-08-25,56.31852249735344,58.37895624725662,56.22040660450091,57.3977973187313,683400.0
BVH,2025-08-26,57.3977973187313,59.75257874719207,56.12229071164838,59.36011517578194,720100.0
BVH,2025-08-27,58.86953571151928,59.55634696148701,57.98649267584649,58.57518803296169,594100.0
BVH,2025-08-28,58.67330392581422,59.36011517578194,57.69214499728889,59.36011517578194,576300.0
BVH,2025-08-29,60.04692642574967,60.04692642574967,56.416638390205975,57.790260890141425,724700.0
BVH,2025-09-03,57.005333747321174,58.57518803296169,57.005333747321174,57.29968142587877,382300.0
BVH,2025-09-04,57.29968142587877,59.458231068634475,57.29968142587877,59.36011517578194,568700.0
BVH,2025-09-05,59.948810532897134,59.948810532897134,57.3977973187313,57.3977973187313,743500.0
BVH,2025-09-08,57.69214499728889,57.69214499728889,55.82794303309078,55.82794303309078,689800.0
BVH,2025-09-09,55.53359535453319,56.02417481879585,54.944899997418,55.72982714023825,289300.0
BVH,2025-09-10,55.72982714023825,57.10344964017371,55.72982714023825,56.22040660450091,213400.0
BVH,2025-09-11,56.22040660450091,56.710986068763575,54.74866821171293,56.61287017591105,405400.0
BVH,2025-09-12,57.10344964017371,57.49591321158383,56.416638390205975,56.61287017591105,319500.0
BVH,2025-09-15,56.61287017591105,58.18272446155155,56.61287017591105,58.18272446155155,350600.0
BVH,2025-09-16,58.37895624725662,58.37895624725662,57.10344964017371,57.29968142587877,344600.0
BVH,2025-09-17,57.005333747321174,59.75257874719207,57.005333747321174,58.37895624725662,830100.0
BVH,2025-09-18,58.86953571151928,58.86953571151928,57.3977973187313,57.594029104436366,205500.0
BVH,2025-09-19,58.084608568699025,58.084608568699025,56.80910196161611,56.80910196161611,400300.0
BVH,2025-09-22,56.416638390205975,56.61287017591105,55.141131783123065,55.43547946168066,351100.0
BVH,2025-09-23,55.43547946168066,55.82794303309078,54.944899997418,54.944899997418,167500.0
BVH,2025-09-24,54.944899997418,55.631711247385724,53.96374106889267,55.43547946168066,319700.0
BVH,2025-09-25,55.53359535453319,55.926058925943316,55.04301589027053,55.43547946168066,156000.0
BVH,2025-09-26,55.43547946168066,56.12229071164838,55.23924767597559,55.43547946168066,263000.0
BVH,2025-09-29,55.631711247385724,55.631711247385724,54.552436426007866,55.141131783123065,208800.0
BVH,2025-09-30,54.944899997418,55.337363568828124,53.66939339033508,54.258088747450266,360700.0
BVH,2025-10-01,54.258088747450266,54.45432053315533,53.86562517604014,53.86562517604014,164500.0
BVH,2025-10-02,53.96374106889267,54.45432053315533,53.08069803321989,53.08069803321989,180500.0
BVH,2025-10-03,52.688234461809756,53.08069803321989,51.9033073189895,52.00142321184203,236300.0
BVH,2025-10-06,52.78635035466229,53.473161604630015,52.49200267610469,53.473161604630015,248100.0
BVH,2025-10-07,53.37504571177748,53.57127749748255,52.29577089039962,52.39388678325216,443700.0
BVH,2025-10-08,53.37504571177748,53.86562517604014,52.78635035466229,53.76750928318761,240900.0
BVH,2025-10-09,53.37504571177748,54.15997285459774,53.37504571177748,54.06185696174521,178600.0
BVH,2025-10-10,54.15997285459774,54.15997285459774,52.982582140367356,53.473161604630015,396900.0
BVH,2025-10-13,53.37504571177748,53.37504571177748,51.41272785472684,51.805191426136965,550400.0
BVH,2025-10-14,52.099539104694564,52.59011856895722,50.725916604759114,51.02026428331671,817000.0
BVH,2025-10-15,51.02026428331671,51.02026428331671,49.54852589052873,50.03910535479139,725100.0
BVH,2025-10-16,50.03910535479139,50.431568926201514,48.076787497740746,50.431568926201514,362900.0
BVH,2025-10-17,50.92214839046418,50.92214839046418,49.156062319118604,49.54852589052873,314400.0
BVH,2025-10-20,49.450409997676196,49.744757676233796,46.21258553354264,46.21258553354264,635300.0
BVH,2025-10-21,46.60504910495276,48.076787497740746,46.408817319247696,48.076787497740746,508400.0
BVH,2025-10-22,48.567366962003405,48.76359874770847,47.488092140625554,48.37113517629834,144300.0
BVH,2025-10-23,48.37113517629834,48.567366962003405,48.17490339059328,48.46925106915087,87900.0
BVH,2025-10-24,48.46925106915087,48.567366962003405,47.340918301346754,47.83149776560941,307300.0
BVH,2025-10-27,47.83149776560941,49.64664178338126,47.83149776560941,48.861714640561,271900.0
BVH,2025-10-28,48.861714640561,49.008888479839804,48.37113517629834,48.95983053341354,164500.0
BVH,2025-10-29,49.05794642626607,49.940989461938855,48.91077258698727,49.25417821197114,344100.0
BVH,2025-10-30,49.25417821197114,49.84287356908632,49.156062319118604,49.64664178338126,219100.0
BVH,2025-10-31,50.33345303334898,51.41272785472684,49.744757676233796,49.84287356908632,737800.0
BVH,2025-11-03,50.431568926201514,53.27692981892495,49.940989461938855,53.27692981892495,877500.0
BVH,2025-11-04,53.86562517604014,54.15997285459774,50.725916604759114,53.27692981892495,1009800.0
BVH,2025-11-05,53.08069803321989,54.846784104565465,52.59011856895722,53.473161604630015,835000.0
BVH,2025-11-06,54.06185696174521,54.06185696174521,52.1976549975471,53.08069803321989,347700.0
BVH,2025-11-07,53.08069803321989,53.37504571177748,50.82403249761165,51.02026428331671,465800.0
BVH,2025-11-10,51.11838017616925,53.08069803321989,51.02026428331671,52.00142321184203,367500.0
BVH,2025-11-11,52.49200267610469,53.08069803321989,52.099539104694564,52.39388678325216,281200.0
BVH,2025-11-12,52.39388678325216,55.23924767597559,52.099539104694564,54.944899997418,827800.0
BVH,2025-11-13,55.72982714023825,55.72982714023825,54.06185696174521,54.944899997418,451500.0
BVH,2025-11-14,54.5,56.1,54.5,55.3,530700.0
BVH,2025-11-17,55.8,55.8,54.0,54.1,433400.0
BVH,2025-11-18,54.1,54.2,53.3,54.2,404500.0
BVH,2025-11-19,54.1,55.1,54.1,54.2,327900.0
BVH,2025-11-20,54.2,55.7,54.2,55.3,748300.0
BVH,2025-11-21,54.7,55.3,53.0,54.1,467200.0
BVH,2025-11-24,54.1,54.2,53.1,53.2,199300.0
BVH,2025-11-25,53.2,53.2,51.9,51.9,349200.0
BVH,2025-11-26,52.3,52.3,51.6,51.9,163500.0
BVH,2025-11-27,52.5,52.9,52.0,52.9,151600.0
BVH,2025-11-28,52.9,53.0,52.0,52.1,156400.0
BVH,2025-12-01,52.1,52.2,51.5,51.5,203000.0
BVH,2025-12-02,51.4,52.3,50.4,51.7,496700.0
BVH,2025-12-03,51.8,53.4,51.8,53.4,389000.0
BVH,2025-12-04,53.5,53.5,52.7,52.8,347700.0
BVH,2025-12-05,53.2,53.2,51.9,52.0,386700.0
BVH,2025-12-08,52.0,55.6,52.0,55.6,1282300.0
BVH,2025-12-09,56.5,57.0,54.2,55.0,855400.0
BVH,2025-12-10,55.4,55.4,53.1,54.3,554800.0
BVH,2025-12-11,54.2,55.3,53.4,54.6,501000.0
BVH,2025-12-12,54.6,54.8,52.0,52.0,578300.0
BVH,2025-12-15,51.9,53.0,51.6,52.7,303800.0
BVH,2025-12-16,52.6,53.6,51.0,53.4,446500.0
BVH,2025-12-17,53.2,54.4,53.0,53.4,347300.0
BVH,2025-12-18,53.5,54.2,53.2,53.4,291900.0
BVH,2025-12-19,53.4,54.1,52.3,54.0,339400.0
BVH,2025-12-22,54.0,56.0,53.7,56.0,828400.0
BVH,2025-12-23,55.9,57.1,54.8,56.0,584400.0
BVH,2025-12-24,56.0,56.0,54.5,56.0,442800.0
BVH,2025-12-25,56.0,56.0,54.6,55.3,380300.0
BVH,2025-12-26,54.5,55.9,52.8,55.9,715000.0
BVH,2025-12-29,55.9,59.8,55.5,59.8,1306800.0
BVH,2025-12-30,60.0,60.0,58.2,59.4,452900.0
BVH,2025-12-31,59.1,59.5,56.8,56.8,625000.0
BVH,2026-01-05,56.9,59.0,56.2,57.3,601100.0
BVH,2026-01-06,57.3,61.3,57.3,61.3,920400.0
BVH,2026-01-07,63.0,65.5,63.0,65.5,1793200.0
BVH,2026-01-08,70.0,70.0,66.0,66.2,3021300.0
BVH,2026-01-09,69.0,69.4,66.6,67.5,1864400.0
BVH,2026-01-12,67.9,70.0,64.1,66.0,1804600.0
BVH,2026-01-13,65.1,68.0,64.8,67.9,1210600.0
BVH,2026-01-14,68.6,72.0,67.2,68.5,2486700.0
BVH,2026-01-15,68.7,73.2,67.3,73.2,2122500.0
BVH,2026-01-16,78.0,78.0,73.5,73.7,2961800.0
BVH,2026-01-19,73.7,73.7,70.2,71.3,1369600.0
BVH,2026-01-20,72.0,75.9,70.8,73.0,1698100.0
BVH,2026-01-21,71.3,75.4,71.3,73.9,1271800.0
BVH,2026-01-22,74.8,78.5,73.0,76.0,1644300.0
BVH,2026-01-23,75.2,75.2,72.1,72.6,1249000.0
BVH,2026-01-26,71.1,71.1,67.6,67.8,1937800.0
BVH,2026-01-27,68.3,70.8,66.9,69.0,1368400.0
BVH,2026-01-28,70.2,70.4,67.4,68.8,964300.0
BVH,2026-01-29,68.8,69.3,66.6,69.1,748000.0
BVH,2026-01-30,69.3,71.0,68.5,69.8,707100.0
BVH,2026-02-02,69.8,74.6,69.8,74.6,1682700.0
BVH,2026-02-03,75.0,79.8,73.0,79.8,1985700.0
BVH,2026-02-04,79.9,84.5,79.0,82.0,1943400.0
BVH,2026-02-05,81.4,82.7,79.1,79.5,973400.0
BVH,2026-02-06,77.5,82.0,75.2,78.0,1731400.0
BVH,2026-02-09,77.9,79.0,76.0,76.5,524900.0
BVH,2026-02-10,77.8,79.2,72.0,74.9,1152300.0
BVH,2026-02-11,75.0,80.0,73.5,78.3,1019800.0
BVH,2026-02-12,79.0,79.3,76.3,76.6,394100.0
BVH,2026-02-13,77.1,77.1,74.0,76.0,646400.0
BVH,2026-02-23,77.0,81.3,76.8,81.3,835500.0
BVH,2026-02-24,83.6,84.0,82.0,84.0,721600.0
BVH,2026-02-25,84.4,87.4,79.5,86.0,1181200.0
BVH,2026-02-26,85.1,85.5,81.9,84.0,615300.0
BVH,2026-02-27,83.9,84.2,80.0,81.1,975100.0
BVH,2026-03-02,79.7,85.0,79.5,82.1,797400.0
BVH,2026-03-03,82.0,84.7,81.3,81.6,589400.0
BVH,2026-03-04,81.6,82.1,75.9,80.0,1456800.0
BVH,2026-03-05,80.1,81.5,76.0,76.0,668100.0
BVH,2026-03-06,74.7,77.4,74.0,76.6,979400.0
BVH,2026-03-09,71.4,73.9,71.3,71.3,500700.0
BVH,2026-03-10,73.8,74.7,70.9,71.3,1029600.0
BVH,2026-03-11,71.0,75.5,70.5,74.5,599100.0
BVH,2026-03-12,74.4,78.0,72.3,72.3,788500.0
BVH,2026-03-13,72.4,74.4,71.3,72.7,555100.0
BVH,2026-03-16,73.4,74.4,71.9,72.0,319900.0
BVH,2026-03-17,72.9,75.7,72.9,75.7,554500.0
BVH,2026-03-18,76.7,76.7,72.4,75.2,489900.0
BVH,2026-03-19,73.7,75.5,73.2,74.4,466600.0
BVH,2026-03-20,73.9,77.6,73.9,76.0,901300.0
BVH,2026-03-23,75.8,76.5,72.6,75.1,453700.0
BVH,2026-03-24,76.5,80.3,75.4,80.3,1675200.0
BVH,2026-03-25,81.0,85.9,80.6,85.9,1532500.0
BVH,2026-03-26,85.7,85.7,81.5,81.5,802700.0
BVH,2026-03-27,81.5,84.0,81.0,84.0,439300.0
BVH,2026-03-30,81.8,86.5,81.4,84.5,762400.0
BVH,2026-03-31,84.0,85.0,81.7,82.5,459500.0
BVH,2026-04-01,84.8,84.8,81.9,83.8,390300.0
BVH,2026-04-02,83.8,88.5,81.5,82.5,1405000.0
BVH,2026-04-03,83.5,85.3,78.0,85.0,856100.0
BVH,2026-04-06,85.0,85.1,81.2,81.2,347300.0
BVH,2026-04-07,81.0,81.9,77.8,79.9,619600.0
BVH,2026-04-08,81.5,83.5,79.7,83.5,506900.0
BVH,2026-04-09,82.6,83.0,79.5,79.8,575200.0
BVH,2026-04-10,78.5,80.2,75.3,76.4,1598500.0
BVH,2026-04-13,77.3,77.3,75.1,75.1,540800.0
BVH,2026-04-14,75.6,77.1,75.1,75.2,389400.0
BVH,2026-04-15,76.0,76.4,73.9,74.0,582300.0
BVH,2026-04-16,73.5,74.3,70.9,73.5,1682500.0
BVH,2026-04-17,73.9,74.1,72.4,72.6,425400.0
BVH,2026-04-20,72.9,73.9,71.9,72.3,449000.0
BVH,2026-04-21,72.7,72.9,71.2,71.2,369200.0
BVH,2026-04-22,71.2,72.3,70.6,70.8,453900.0
BVH,2026-04-23,70.8,71.5,67.3,71.0,1020200.0
BVH,2026-04-24,71.2,72.6,70.8,71.8,491900.0
BVH,2026-04-28,71.8,72.0,69.5,71.0,589400.0
BVH,2026-04-29,70.1,70.9,69.2,70.5,483300.0
BVH,2026-05-04,70.1,72.0,70.1,70.2,485500.0
BVH,2026-05-05,70.2,70.8,68.3,69.2,665000.0
BVH,2026-05-06,69.5,69.8,68.3,68.5,610700.0
BVH,2026-05-07,68.2,69.4,67.2,67.2,945800.0
BVH,2026-05-08,68.5,68.5,65.1,66.0,1406600.0
BVH,2026-05-11,66.0,66.4,62.9,63.7,1412000.0
BVH,2026-05-12,63.4,66.9,63.4,66.6,1034000.0
BVH,2026-05-13,66.8,69.2,66.4,68.7,1434000.0
BVH,2026-05-14,68.7,68.7,67.8,67.9,532700.0
