Symbol,Date,Open,High,Low,Close,Volume
CTG,2021-05-17,21.839481770850707,22.094778582199652,21.537767357438316,21.700228964660372,17025300.0
CTG,2021-05-18,21.653811362596926,21.793064168787264,21.444932153311427,21.607393760533483,18153600.0
CTG,2021-05-19,21.723437765692093,22.396492995612043,21.584184959501762,22.28044899045343,19470800.0
CTG,2021-05-20,22.58216340386582,22.69820740902443,22.30365779148515,22.69820740902443,14316500.0
CTG,2021-05-21,22.69820740902443,22.88387781727821,22.37328419458032,22.396492995612043,15973000.0
CTG,2021-05-24,22.651789806960988,23.95148266473744,22.5589546028341,23.76581225648366,31077900.0
CTG,2021-05-25,23.905065062673994,24.137153072991218,23.719394654420217,23.719394654420217,11781800.0
CTG,2021-05-26,23.76581225648366,24.044317868864326,23.58014184822988,23.905065062673994,14350100.0
CTG,2021-05-27,23.95148266473744,23.997900266800883,23.208801031722324,23.301636235849216,20004800.0
CTG,2021-05-28,23.487306644102993,23.812229858547102,23.25521863378577,23.76581225648366,16933700.0
CTG,2021-05-31,23.76581225648366,24.647746695689108,23.67297705235677,24.647746695689108,17702200.0
CTG,2021-06-01,24.833417103942885,25.019087512196663,24.36924108330844,24.415658685371884,10726300.0
CTG,2021-06-02,24.044317868864326,24.55491149156222,23.95148266473744,24.137153072991218,14955300.0
CTG,2021-06-03,24.60132909362566,25.158340318387,24.137153072991218,24.87983470600633,18014800.0
CTG,2021-06-04,24.926252308069778,25.48326353283111,24.87983470600633,25.06550511426011,13070000.0
CTG,2021-06-07,24.926252308069778,24.97266991013322,23.67297705235677,24.137153072991218,18035800.0
CTG,2021-06-08,23.95148266473744,24.36924108330844,22.744625011087876,22.744625011087876,16168500.0
CTG,2021-06-09,22.9767130214051,23.67297705235677,22.512537000770653,23.440889042039547,15100700.0
CTG,2021-06-10,23.440889042039547,23.626559450293325,22.9767130214051,22.9767130214051,11906800.0
CTG,2021-06-11,23.208801031722324,24.55491149156222,23.023130623468546,24.55491149156222,18563900.0
CTG,2021-06-14,24.740581899815997,25.06550511426011,24.137153072991218,24.36924108330844,14656200.0
CTG,2021-06-15,24.36924108330844,24.60132909362566,24.044317868864326,24.18357067505466,16190500.0
CTG,2021-06-16,23.95148266473744,23.95148266473744,23.440889042039547,23.440889042039547,21563600.0
CTG,2021-06-17,22.9767130214051,23.67297705235677,22.930295419341654,23.440889042039547,17430700.0
CTG,2021-06-18,23.85864746061055,24.36924108330844,23.67297705235677,23.76581225648366,13402400.0
CTG,2021-06-21,23.533724246166436,23.905065062673994,23.208801031722324,23.348053837912655,11440800.0
CTG,2021-06-22,23.533724246166436,24.322823481244995,23.25521863378577,24.090735470927772,21930600.0
CTG,2021-06-23,24.229988277118107,24.833417103942885,24.090735470927772,24.46207628743533,16906300.0
CTG,2021-06-24,25.06550511426011,25.390428328704225,24.647746695689108,24.786999501879443,24728300.0
CTG,2021-06-25,24.694164297752554,24.97266991013322,24.322823481244995,24.97266991013322,14298400.0
CTG,2021-06-28,25.297593124577332,25.436845930767667,24.97266991013322,25.251175522513886,14229500.0
CTG,2021-06-29,25.251175522513886,25.390428328704225,24.833417103942885,25.019087512196663,19414500.0
CTG,2021-06-30,25.06550511426011,25.297593124577332,24.36924108330844,24.46207628743533,32407900.0
CTG,2021-07-01,24.46207628743533,24.740581899815997,24.090735470927772,24.322823481244995,29466200.0
CTG,2021-07-02,24.46207628743533,24.694164297752554,24.322823481244995,24.46207628743533,17149400.0
CTG,2021-07-05,24.46207628743533,24.60132909362566,23.905065062673994,24.18357067505466,19790400.0
CTG,2021-07-06,24.36924108330844,24.694164297752554,22.512537000770653,22.512537000770653,26748500.0
CTG,2021-07-07,23.245455155367743,23.485099022948855,22.52652355262441,23.395232572605938,27043900.0
CTG,2021-07-08,23.545009989844132,23.964386758111075,23.12563322157719,23.12563322157719,14109100.0
CTG,2021-07-09,22.88598935399608,23.245455155367743,22.167057751252745,22.52652355262441,18568100.0
CTG,2021-07-12,22.197013234700382,22.226968718148026,20.968838413347193,20.968838413347193,28087400.0
CTG,2021-07-13,21.26839324782358,21.53799259885233,20.249906810603857,20.72919454576608,11766000.0
CTG,2021-07-14,20.759150029213718,21.178526797480664,20.189995843708584,20.189995843708584,16778800.0
CTG,2021-07-15,20.249906810603857,21.23843776437594,20.130084876813306,20.968838413347193,15110200.0
CTG,2021-07-16,21.2084822809283,21.2084822809283,20.759150029213718,20.759150029213718,9778600.0
CTG,2021-07-19,20.070173909918026,20.339773260946778,19.321286823727057,19.321286823727057,20727100.0
CTG,2021-07-20,19.351242307174694,19.950351976127468,18.961821022355387,19.92039649267983,20454800.0
CTG,2021-07-21,20.04021842647039,20.2798622940515,19.590886174755806,19.680752625098723,10720500.0
CTG,2021-07-22,19.680752625098723,20.339773260946778,19.620841658203442,20.070173909918026,13404000.0
CTG,2021-07-23,19.860485525784554,20.189995843708584,19.471064240965248,19.471064240965248,16262300.0
CTG,2021-07-26,19.291331340279417,19.471064240965248,19.051687472698305,19.261375856831776,10150900.0
CTG,2021-07-27,19.471064240965248,19.980307459575112,19.41115327406997,19.471064240965248,15896500.0
CTG,2021-07-28,19.471064240965248,19.830530042336918,19.471064240965248,19.71070810854636,7149800.0
CTG,2021-07-29,19.950351976127468,20.459595194737332,19.890441009232195,20.309817777499138,18273000.0
CTG,2021-07-30,20.369728744394415,20.78910551266136,20.339773260946778,20.609372611975523,20799300.0
CTG,2021-08-02,20.249906810603857,20.489550678184973,20.160040360260943,20.21995132715622,25694900.0
CTG,2021-08-03,20.21995132715622,20.429639711289692,19.92039649267983,20.429639711289692,22282600.0
CTG,2021-08-04,20.549461645080246,20.639328095423167,20.309817777499138,20.369728744394415,15293800.0
CTG,2021-08-05,20.309817777499138,20.489550678184973,20.130084876813306,20.489550678184973,13354900.0
CTG,2021-08-06,20.579417128527886,20.908927446451912,20.429639711289692,20.459595194737332,18941900.0
CTG,2021-08-09,20.429639711289692,20.72919454576608,20.339773260946778,20.69923906231844,15918800.0
CTG,2021-08-10,20.938882929899556,20.938882929899556,20.639328095423167,20.759150029213718,12035700.0
CTG,2021-08-11,20.759150029213718,21.02874938024247,20.549461645080246,20.549461645080246,17304500.0
CTG,2021-08-12,20.669283578870804,20.819060996109,20.549461645080246,20.609372611975523,13117700.0
CTG,2021-08-13,20.609372611975523,20.72919454576608,20.189995843708584,20.549461645080246,12211300.0
CTG,2021-08-16,20.549461645080246,21.23843776437594,20.429639711289692,21.02874938024247,21662500.0
CTG,2021-08-17,21.2084822809283,21.26839324782358,20.69923906231844,20.72919454576608,11928200.0
CTG,2021-08-18,20.78910551266136,20.849016479556635,20.549461645080246,20.669283578870804,11145200.0
CTG,2021-08-19,20.579417128527886,20.669283578870804,20.459595194737332,20.549461645080246,11662200.0
CTG,2021-08-20,20.549461645080246,20.819060996109,19.171509406488862,19.590886174755806,23431900.0
CTG,2021-08-23,19.590886174755806,20.04021842647039,19.560930691308165,19.590886174755806,19696000.0
CTG,2021-08-24,19.71070810854636,19.890441009232195,19.560930691308165,19.620841658203442,11178500.0
CTG,2021-08-25,19.590886174755806,19.65079714165108,18.991776505803028,19.261375856831776,18206800.0
CTG,2021-08-26,19.351242307174694,19.590886174755806,18.63231070443136,18.69222167132664,21117401.0
CTG,2021-08-27,18.39266683685025,18.69222167132664,18.033201035478587,18.662266187879,23667306.0
CTG,2021-08-30,18.812043605117193,19.351242307174694,18.75213263822192,19.351242307174694,14548682.0
CTG,2021-08-31,19.471064240965248,19.501019724412888,19.051687472698305,19.051687472698305,12240800.0
CTG,2021-09-01,19.051687472698305,19.351242307174694,18.93186553890775,19.2014648899365,15294300.0
CTG,2021-09-06,19.2014648899365,19.351242307174694,19.051687472698305,19.2014648899365,11642700.0
CTG,2021-09-07,19.261375856831776,19.740663591994,19.261375856831776,19.560930691308165,10817600.0
CTG,2021-09-08,19.65079714165108,19.800574558889274,19.171509406488862,19.261375856831776,8356000.0
CTG,2021-09-09,19.261375856831776,19.41115327406997,19.23142037338414,19.41115327406997,7736900.0
CTG,2021-09-10,19.471064240965248,19.590886174755806,19.351242307174694,19.351242307174694,6653200.0
CTG,2021-09-13,19.321286823727057,19.381197790622334,19.051687472698305,19.081642956145945,8493400.0
CTG,2021-09-14,19.111598439593582,19.2014648899365,18.69222167132664,18.69222167132664,9086700.0
CTG,2021-09-15,18.572399737536085,18.871954572012474,18.572399737536085,18.662266187879,7128400.0
CTG,2021-09-16,18.871954572012474,19.2014648899365,18.812043605117193,18.961821022355387,7372600.0
CTG,2021-09-17,19.021731989250668,19.261375856831776,18.991776505803028,19.051687472698305,6970310.0
CTG,2021-09-20,19.351242307174694,19.351242307174694,19.081642956145945,19.081642956145945,9441100.0
CTG,2021-09-21,18.871954572012474,18.991776505803028,18.75213263822192,18.871954572012474,8136200.0
CTG,2021-09-22,18.812043605117193,18.90191005546011,18.662266187879,18.782088121669556,7826100.0
CTG,2021-09-23,18.871954572012474,19.111598439593582,18.812043605117193,18.93186553890775,8174400.0
CTG,2021-09-24,18.991776505803028,19.111598439593582,18.93186553890775,18.991776505803028,6372510.0
CTG,2021-09-27,19.051687472698305,19.111598439593582,18.572399737536085,18.572399737536085,9860400.0
CTG,2021-09-28,18.45257780374553,18.602355220983725,18.39266683685025,18.542444254088444,6725900.0
CTG,2021-09-29,18.542444254088444,18.572399737536085,18.18297845271678,18.21293393616442,10521500.0
CTG,2021-09-30,18.21293393616442,18.482533287193167,18.21293393616442,18.21293393616442,7829000.0
CTG,2021-10-01,18.21293393616442,18.302800386507336,17.793557167897475,17.823512651345112,13373497.0
CTG,2021-10-04,17.7336462010022,17.793557167897475,17.194447498944697,17.194447498944697,20181900.0
CTG,2021-10-05,17.37418039963053,17.703690717554558,17.37418039963053,17.673735234106918,8824300.0
CTG,2021-10-06,17.823512651345112,17.853468134792752,17.40413588307817,17.553913300316363,6885600.0
CTG,2021-10-07,17.61382426721164,17.763601684449835,17.523957816868723,17.583868783764004,7918400.0
CTG,2021-10-08,17.673735234106918,17.763601684449835,17.583868783764004,17.64377975065928,6715500.0
CTG,2021-10-11,17.7336462010022,18.572399737536085,17.7336462010022,18.572399737536085,17560800.0
CTG,2021-10-12,18.662266187879,18.871954572012474,18.42262232029789,18.45257780374553,11385125.0
CTG,2021-10-13,18.45257780374553,18.75213263822192,18.39266683685025,18.39266683685025,7125200.0
CTG,2021-10-14,18.39266683685025,18.512488770640804,18.272844903059696,18.332755869954973,11165700.0
CTG,2021-10-15,18.39266683685025,18.542444254088444,18.272844903059696,18.362711353402613,8315125.0
CTG,2021-10-18,18.42262232029789,18.482533287193167,18.063156518926224,18.09311200237386,10111400.0
CTG,2021-10-19,18.21293393616442,18.302800386507336,18.09311200237386,18.15302296926914,6940900.0
CTG,2021-10-20,18.21293393616442,18.21293393616442,17.703690717554558,17.973290068583307,9264000.0
CTG,2021-10-21,18.003245552030947,18.033201035478587,17.823512651345112,17.823512651345112,7759500.0
CTG,2021-10-22,17.853468134792752,17.91337910168803,17.763601684449835,17.763601684449835,4293800.0
CTG,2021-10-25,17.763601684449835,18.063156518926224,17.583868783764004,17.91337910168803,8188800.0
CTG,2021-10-26,17.91337910168803,18.15302296926914,17.793557167897475,17.91337910168803,6055000.0
CTG,2021-10-27,18.09311200237386,18.69222167132664,17.943334585135666,18.63231070443136,19588100.0
CTG,2021-10-28,18.782088121669556,18.812043605117193,18.572399737536085,18.75213263822192,14396300.0
CTG,2021-10-29,18.871954572012474,19.021731989250668,18.72217715477428,18.871954572012474,13817400.0
CTG,2021-11-01,19.051687472698305,19.41115327406997,18.93186553890775,19.291331340279417,17976000.0
CTG,2021-11-02,19.291331340279417,19.53097520786053,19.2014648899365,19.41115327406997,12811700.0
CTG,2021-11-03,19.471064240965248,19.92039649267983,19.381197790622334,19.770619075441637,21165600.0
CTG,2021-11-04,19.890441009232195,19.890441009232195,19.501019724412888,19.53097520786053,11569334.0
CTG,2021-11-05,19.620841658203442,19.65079714165108,19.291331340279417,19.590886174755806,10491300.0
CTG,2021-11-08,19.590886174755806,19.740663591994,19.171509406488862,19.65079714165108,11310800.0
CTG,2021-11-09,19.740663591994,19.980307459575112,19.620841658203442,19.740663591994,15721400.0
CTG,2021-11-10,19.770619075441637,19.830530042336918,19.471064240965248,19.471064240965248,8962900.0
CTG,2021-11-11,19.41115327406997,19.471064240965248,18.871954572012474,19.141553923041222,14163000.0
CTG,2021-11-12,19.021731989250668,19.590886174755806,18.93186553890775,19.590886174755806,11562547.0
CTG,2021-11-15,19.770619075441637,19.860485525784554,19.321286823727057,19.471064240965248,9645400.0
CTG,2021-11-16,19.351242307174694,19.620841658203442,19.291331340279417,19.41115327406997,9090900.0
CTG,2021-11-17,19.44110875751761,19.471064240965248,19.261375856831776,19.321286823727057,6794600.0
CTG,2021-11-18,19.321286823727057,19.471064240965248,19.111598439593582,19.261375856831776,10052800.0
CTG,2021-11-19,19.291331340279417,19.890441009232195,19.261375856831776,19.65079714165108,21902100.0
CTG,2021-11-22,19.800574558889274,20.878971963004275,19.770619075441637,20.669283578870804,27954800.0
CTG,2021-11-23,20.639328095423167,20.639328095423167,20.189995843708584,20.429639711289692,10013282.0
CTG,2021-11-24,20.489550678184973,21.2084822809283,20.39968422784205,21.2084822809283,25702800.0
CTG,2021-11-25,21.448126148509413,21.448126148509413,20.99879389679483,21.058704863690107,14305500.0
CTG,2021-11-26,21.08866034713775,21.23843776437594,20.429639711289692,20.549461645080246,16158800.0
CTG,2021-11-29,20.100129393365663,20.78910551266136,20.100129393365663,20.51950616163261,13978700.0
CTG,2021-11-30,20.968838413347193,21.02874938024247,19.950351976127468,20.100129393365663,11267800.0
CTG,2021-12-01,20.100129393365663,20.369728744394415,19.92039649267983,20.369728744394415,9174700.0
CTG,2021-12-02,20.609372611975523,20.819060996109,20.249906810603857,20.249906810603857,7856200.0
CTG,2021-12-03,20.489550678184973,20.489550678184973,19.770619075441637,19.770619075441637,9828100.0
CTG,2021-12-06,19.770619075441637,19.980307459575112,18.93186553890775,19.23142037338414,13591200.0
CTG,2021-12-07,19.471064240965248,19.71070810854636,19.381197790622334,19.590886174755806,6840100.0
CTG,2021-12-08,19.740663591994,19.92039649267983,19.590886174755806,19.770619075441637,6444700.0
CTG,2021-12-09,19.770619075441637,20.21995132715622,19.71070810854636,20.21995132715622,6260700.0
CTG,2021-12-10,20.249906810603857,20.489550678184973,20.070173909918026,20.100129393365663,5987600.0
CTG,2021-12-13,20.309817777499138,20.429639711289692,20.070173909918026,20.070173909918026,8166600.0
CTG,2021-12-14,20.254303945704187,20.28499228501586,19.85535553465244,19.886043873964113,7709100.0
CTG,2021-12-15,19.886043873964113,20.070173909834153,19.763290516717422,19.793978856029092,5663300.0
CTG,2021-12-16,19.916732213275786,20.070173909834153,19.763290516717422,19.94742055258746,6675900.0
CTG,2021-12-17,19.94742055258746,20.37705730295088,19.824667195340766,20.223615606392517,9164500.0
CTG,2021-12-20,20.19292726708084,20.254303945704187,19.886043873964113,19.916732213275786,5162900.0
CTG,2021-12-21,19.886043873964113,20.070173909834153,19.64053715947073,19.64053715947073,7922900.0
CTG,2021-12-22,19.793978856029092,19.793978856029092,19.36434210566567,19.425718784289018,10572547.0
CTG,2021-12-23,19.45640712360069,19.763290516717422,19.05745871254894,19.763290516717422,9179900.0
CTG,2021-12-24,19.609848820159055,20.254303945704187,19.54847214153571,20.19292726708084,6995383.0
CTG,2021-12-27,20.254303945704187,20.53049899950925,20.16223892776917,20.49981066019757,8234200.0
CTG,2021-12-28,20.56118733882092,21.021512428496013,20.49981066019757,20.806694053314303,14410900.0
CTG,2021-12-29,20.86807073193765,21.144265785742707,20.806694053314303,20.960135749872666,10420000.0
CTG,2021-12-30,20.929447410560996,21.11357744643103,20.745317374690956,20.745317374690956,6646600.0
CTG,2021-12-31,20.86807073193765,21.42046083954776,20.806694053314303,20.806694053314303,13502700.0
CTG,2022-01-04,21.144265785742707,21.45114917885944,20.990824089184343,21.328395821612744,12031300.0
CTG,2022-01-05,21.48183751817111,21.604590875417802,21.29770748230107,21.328395821612744,10965100.0
CTG,2022-01-06,21.174954125054377,21.20564246436605,20.77600571400263,20.86807073193765,12097200.0
CTG,2022-01-07,20.86807073193765,21.144265785742707,20.315680624327534,20.37705730295088,12412400.0
CTG,2022-01-10,20.438433981574224,20.653252356755935,20.28499228501586,20.438433981574224,10710900.0
CTG,2022-01-11,20.56118733882092,20.683940696067612,20.100862249145823,20.254303945704187,7304800.0
CTG,2022-01-12,20.254303945704187,20.990824089184343,19.793978856029092,20.960135749872666,12951800.0
CTG,2022-01-13,21.11357744643103,22.21835766165126,20.960135749872666,21.573902536106125,35249400.0
CTG,2022-01-14,21.48183751817111,21.972850947157877,21.236330803677724,21.758032571976166,9501900.0
CTG,2022-01-17,21.850097589911186,22.555929394079666,21.052200767807683,21.48183751817111,27495800.0
CTG,2022-01-18,21.29770748230107,21.880785929222856,20.990824089184343,21.20564246436605,15219400.0
CTG,2022-01-19,21.42046083954776,21.573902536106125,20.714629035379282,20.745317374690956,10911800.0
CTG,2022-01-20,20.56118733882092,21.758032571976166,20.315680624327534,21.543214196794455,13979600.0
CTG,2022-01-21,21.543214196794455,22.4024876975213,21.359084160924414,21.81940925059951,15444662.0
CTG,2022-01-24,21.78872091128784,22.37179935820963,21.69665589335282,21.880785929222856,17645400.0
CTG,2022-01-25,21.850097589911186,22.70937109063803,21.850097589911186,22.70937109063803,18851200.0
CTG,2022-01-26,23.01625448375476,23.445891234118182,22.7400594299497,23.108319501689778,21981300.0
CTG,2022-01-27,22.801436108573046,23.108319501689778,22.525241054767992,22.647994412014683,11860400.0
CTG,2022-01-28,22.586617733391336,22.954877805131414,22.525241054767992,22.647994412014683,8833583.0
CTG,2022-02-07,22.954877805131414,22.954877805131414,22.279734340274604,22.279734340274604,14883200.0
CTG,2022-02-08,22.21835766165126,22.70937109063803,22.12629264371624,22.4024876975213,9247100.0
CTG,2022-02-09,22.4024876975213,22.770747769261376,22.31042267958628,22.31042267958628,9201900.0
CTG,2022-02-10,22.34111101889795,22.647994412014683,22.156980983027914,22.555929394079666,8989600.0
CTG,2022-02-11,22.617306072703013,22.893501126508067,22.586617733391336,22.586617733391336,10527100.0
CTG,2022-02-14,22.31042267958628,22.4024876975213,21.236330803677724,21.236330803677724,15118300.0
CTG,2022-02-15,21.359084160924414,21.604590875417802,21.174954125054377,21.45114917885944,13310400.0
CTG,2022-02-16,21.665967554041146,21.727344232664493,21.20564246436605,21.267019142989398,7978400.0
CTG,2022-02-17,21.328395821612744,21.573902536106125,21.267019142989398,21.42046083954776,5945600.0
CTG,2022-02-18,21.267019142989398,21.45114917885944,21.20564246436605,21.236330803677724,8303800.0
CTG,2022-02-21,21.236330803677724,21.38977250023609,20.745317374690956,21.11357744643103,12478600.0
CTG,2022-02-22,20.86807073193765,21.29770748230107,20.714629035379282,21.236330803677724,9003800.0
CTG,2022-02-23,21.42046083954776,21.573902536106125,21.29770748230107,21.38977250023609,6729000.0
CTG,2022-02-24,21.236330803677724,21.29770748230107,20.315680624327534,20.77600571400263,16597000.0
CTG,2022-02-25,20.929447410560996,21.052200767807683,20.683940696067612,20.77600571400263,10252900.0
CTG,2022-02-28,20.77600571400263,20.77600571400263,20.346368963639208,20.346368963639208,12721000.0
CTG,2022-03-01,20.438433981574224,20.622564017444265,20.346368963639208,20.438433981574224,7857300.0
CTG,2022-03-02,20.37705730295088,20.407745642262554,19.57916048084738,19.64053715947073,20423400.0
CTG,2022-03-03,19.701913838094075,20.008797231210806,19.6712254987824,20.008797231210806,6723200.0
CTG,2022-03-04,20.039485570522476,20.223615606392517,19.886043873964113,20.100862249145823,6353800.0
CTG,2022-03-07,19.701913838094075,19.94742055258746,19.701913838094075,19.732602177405745,10401400.0
CTG,2022-03-08,19.64053715947073,19.916732213275786,19.609848820159055,19.6712254987824,7175000.0
CTG,2022-03-09,19.701913838094075,19.85535553465244,19.45640712360069,19.64053715947073,5852700.0
CTG,2022-03-10,19.94742055258746,20.070173909834153,19.701913838094075,19.701913838094075,3810500.0
CTG,2022-03-11,19.701913838094075,19.886043873964113,19.6712254987824,19.793978856029092,3831000.0
CTG,2022-03-14,19.824667195340766,19.886043873964113,19.517783802224038,19.57916048084738,5192425.0
CTG,2022-03-15,19.609848820159055,19.793978856029092,19.54847214153571,19.609848820159055,3683000.0
CTG,2022-03-16,19.793978856029092,19.85535553465244,19.64053715947073,19.64053715947073,5669000.0
CTG,2022-03-17,19.824667195340766,20.223615606392517,19.763290516717422,20.070173909834153,8970900.0
CTG,2022-03-18,20.19292726708084,20.37705730295088,20.131550588457493,20.131550588457493,4224200.0
CTG,2022-03-21,20.131550588457493,20.223615606392517,19.97810889189913,20.16223892776917,3447300.0
CTG,2022-03-22,20.131550588457493,20.407745642262554,20.131550588457493,20.254303945704187,6211300.0
CTG,2022-03-23,20.254303945704187,20.53049899950925,20.16223892776917,20.16223892776917,4160700.0
CTG,2022-03-24,20.131550588457493,20.19292726708084,19.97810889189913,19.97810889189913,4490100.0
CTG,2022-03-25,19.94742055258746,20.070173909834153,19.701913838094075,19.763290516717422,6095200.0
CTG,2022-03-28,19.763290516717422,19.97810889189913,19.517783802224038,19.517783802224038,6550700.0
CTG,2022-03-29,19.64053715947073,19.701913838094075,19.57916048084738,19.64053715947073,3822900.0
CTG,2022-03-30,19.57916048084738,19.97810889189913,19.54847214153571,19.6712254987824,5158200.0
CTG,2022-03-31,19.701913838094075,20.008797231210806,19.701913838094075,19.916732213275786,4793800.0
CTG,2022-04-01,19.94742055258746,20.346368963639208,19.916732213275786,20.28499228501586,8660000.0
CTG,2022-04-04,20.49981066019757,20.49981066019757,20.16223892776917,20.16223892776917,6793500.0
CTG,2022-04-05,19.94742055258746,20.131550588457493,19.85535553465244,19.85535553465244,6075100.0
CTG,2022-04-06,19.701913838094075,20.039485570522476,19.701913838094075,20.008797231210806,5774800.0
CTG,2022-04-07,20.070173909834153,20.254303945704187,19.85535553465244,19.97810889189913,6180300.0
CTG,2022-04-08,19.94742055258746,19.97810889189913,19.6712254987824,19.6712254987824,5331500.0
CTG,2022-04-12,19.732602177405745,19.763290516717422,19.026770373237266,19.026770373237266,5830076.0
CTG,2022-04-13,19.14952373048396,19.425718784289018,19.14952373048396,19.333653766353997,4307400.0
CTG,2022-04-14,19.333653766353997,19.57916048084738,19.118835391172286,19.14952373048396,2929200.0
CTG,2022-04-15,19.302965427042324,19.302965427042324,18.96539369461392,19.026770373237266,5073900.0
CTG,2022-04-18,18.96539369461392,18.96539369461392,17.92199015801704,17.92199015801704,8523800.0
CTG,2022-04-19,18.106120193887076,18.35162690838046,17.64579510421198,17.64579510421198,4637100.0
CTG,2022-04-20,17.64579510421198,17.983366836640386,17.52304174696529,17.615106764900307,4259300.0
CTG,2022-04-21,17.553730086276964,18.106120193887076,17.43097672903027,17.79923680077035,5307000.0
CTG,2022-04-22,18.075431854575402,18.167496872510423,17.737860122147,18.04474351526373,3585200.0
CTG,2022-04-25,18.01405517595206,18.01405517595206,16.786521603485138,16.786521603485138,6875600.0
CTG,2022-04-26,16.571703228303427,17.032028317978522,15.651053048953237,16.970651639355175,6097600.0
CTG,2022-04-27,16.970651639355175,17.369600050406927,16.87858662142016,17.369600050406927,3380800.0
CTG,2022-04-28,17.369600050406927,17.461665068341944,17.154781675225212,17.30822337178358,2072300.0
CTG,2022-04-29,17.09340499660187,17.4002883897186,17.032028317978522,17.032028317978522,6067200.0
CTG,2022-05-04,17.032028317978522,17.185470014536886,16.51032654968008,16.571703228303427,4604700.0
CTG,2022-05-05,16.81720994279681,17.12409333591354,16.571703228303427,17.12409333591354,4604600.0
CTG,2022-05-06,16.755833264173464,17.12409333591354,16.571703228303427,16.571703228303427,2455600.0
CTG,2022-05-09,16.38757319243339,16.448949871056737,15.436234673771525,15.436234673771525,5432800.0
CTG,2022-05-10,14.730402869603045,15.528299691706545,14.730402869603045,15.466923013083198,6494400.0
CTG,2022-05-11,15.558988031018218,16.51032654968008,15.466923013083198,16.38757319243339,5787100.0
CTG,2022-05-12,15.98862478138164,16.326196513810043,15.252104637901487,15.344169655836506,6390806.0
CTG,2022-05-13,15.344169655836506,15.436234673771525,14.423519476486316,14.669026190979698,8034400.0
CTG,2022-05-16,15.344169655836506,15.558988031018218,15.037286262719777,15.06797460203145,5223400.0
CTG,2022-05-17,14.97590958409643,16.111378138628332,14.97590958409643,16.111378138628332,5909200.0
CTG,2022-05-18,16.29550817449837,16.72514492486179,16.142066477940006,16.326196513810043,6546500.0
CTG,2022-05-19,15.957936442069967,16.20344315656335,15.835183084823274,16.01931312069331,4270100.0
CTG,2022-05-20,16.01931312069331,16.234131495875022,15.865871424134948,15.89655976344662,5051800.0
CTG,2022-05-23,15.927248102758293,16.08068979931666,15.344169655836506,15.344169655836506,4328800.0
CTG,2022-05-24,15.344169655836506,15.957936442069967,15.344169655836506,15.957936442069967,4449100.0
CTG,2022-05-25,15.957936442069967,16.571703228303427,15.957936442069967,16.51032654968008,5502000.0
CTG,2022-05-26,16.72514492486179,16.72514492486179,16.29550817449837,16.38757319243339,3900600.0
CTG,2022-05-27,16.571703228303427,16.72514492486179,16.38757319243339,16.571703228303427,3929200.0
CTG,2022-05-30,16.6023915676151,16.81720994279681,16.571703228303427,16.755833264173464,2818400.0
CTG,2022-05-31,16.6023915676151,17.154781675225212,16.571703228303427,17.12409333591354,6177500.0
CTG,2022-06-01,16.909274960731832,17.185470014536886,16.87858662142016,17.032028317978522,4137200.0
CTG,2022-06-02,17.032028317978522,17.185470014536886,16.755833264173464,17.032028317978522,4391900.0
CTG,2022-06-03,16.81720994279681,16.939963300043505,16.47963821036841,16.81720994279681,2339500.0
CTG,2022-06-06,16.81720994279681,17.032028317978522,16.694456585550117,16.694456585550117,3756100.0
CTG,2022-06-07,16.694456585550117,16.81720994279681,16.264819835186696,16.81720994279681,2889500.0
CTG,2022-06-08,16.81720994279681,17.246846693160233,16.755833264173464,17.00133997866685,5453400.0
CTG,2022-06-09,17.12409333591354,17.12409333591354,16.87858662142016,17.00133997866685,3092700.0
CTG,2022-06-10,16.87858662142016,16.939963300043505,16.633079906926774,16.633079906926774,3296400.0
CTG,2022-06-13,16.264819835186696,16.326196513810043,15.497611352394872,15.497611352394872,6956600.0
CTG,2022-06-14,15.344169655836506,15.804494745511601,15.160039619966467,15.497611352394872,2936700.0
CTG,2022-06-15,15.344169655836506,15.58967637032989,14.761091208914719,15.037286262719777,3205400.0
CTG,2022-06-16,15.221416298589814,15.466923013083198,15.037286262719777,15.160039619966467,2961700.0
CTG,2022-06-17,14.730402869603045,14.822467887538064,14.14732442268126,14.45420781579799,3221800.0
CTG,2022-06-20,14.362142797862969,14.638337851668028,13.871129368876202,13.871129368876202,4733900.0
CTG,2022-06-21,13.809752690252855,14.45420781579799,13.809752690252855,14.14732442268126,4588400.0
CTG,2022-06-22,14.331454458551297,14.730402869603045,14.331454458551297,14.484896155109663,2892500.0
CTG,2022-06-23,14.423519476486316,15.497611352394872,14.423519476486316,15.497611352394872,4669100.0
CTG,2022-06-24,15.497611352394872,15.651053048953237,15.160039619966467,15.19072795927814,2945000.0
CTG,2022-06-27,15.19072795927814,15.743118066888254,15.160039619966467,15.712429727576584,4017800.0
CTG,2022-06-28,15.651053048953237,16.786521603485138,15.313481316524832,16.38757319243339,9338000.0
CTG,2022-06-29,16.29550817449837,16.571703228303427,16.29550817449837,16.47963821036841,3769100.0
CTG,2022-06-30,16.448949871056737,16.541014888991754,16.01931312069331,16.050001460004985,3116800.0
CTG,2022-07-01,16.08068979931666,16.571703228303427,15.68174138826491,16.541014888991754,3534400.0
CTG,2022-07-04,16.663768246238444,16.663768246238444,16.326196513810043,16.326196513810043,4009200.0
CTG,2022-07-05,16.29550817449837,16.87858662142016,16.29550817449837,16.571703228303427,4934900.0
CTG,2022-07-06,16.111378138628332,16.51032654968008,15.835183084823274,15.865871424134948,4331400.0
CTG,2022-07-07,15.89655976344662,16.448949871056737,15.835183084823274,16.142066477940006,3333500.0
CTG,2022-07-08,16.264819835186696,16.356884853121716,15.804494745511601,15.89655976344662,2655300.0
CTG,2022-07-11,15.865871424134948,15.865871424134948,15.620364709641564,15.651053048953237,2552300.0
CTG,2022-07-12,15.651053048953237,15.957936442069967,15.58967637032989,15.773806406199927,4441500.0
CTG,2022-07-13,15.804494745511601,16.541014888991754,15.804494745511601,16.29550817449837,3868900.0
CTG,2022-07-14,16.264819835186696,16.694456585550117,16.142066477940006,16.571703228303427,6162300.0
CTG,2022-07-15,16.694456585550117,16.87858662142016,16.571703228303427,16.571703228303427,9134300.0
CTG,2022-07-18,16.633079906926774,16.694456585550117,16.51032654968008,16.51032654968008,3976500.0
CTG,2022-07-19,16.418261531745063,16.51032654968008,16.142066477940006,16.29550817449837,2852900.0
CTG,2022-07-20,16.541014888991754,16.786521603485138,16.326196513810043,16.6023915676151,4316400.0
CTG,2022-07-21,16.6023915676151,16.87858662142016,16.6023915676151,16.87858662142016,4824700.0
CTG,2022-07-22,16.939963300043505,16.970651639355175,16.51032654968008,16.51032654968008,3403000.0
CTG,2022-07-25,16.418261531745063,16.633079906926774,16.326196513810043,16.326196513810043,2220100.0
CTG,2022-07-26,16.47963821036841,16.51032654968008,16.264819835186696,16.29550817449837,2693000.0
CTG,2022-07-27,16.20344315656335,16.571703228303427,16.111378138628332,16.571703228303427,1748200.0
CTG,2022-07-28,16.694456585550117,17.30822337178358,16.571703228303427,16.939963300043505,9197200.0
CTG,2022-07-29,17.032028317978522,17.185470014536886,16.694456585550117,16.694456585550117,5464700.0
CTG,2022-08-01,16.909274960731832,17.615106764900307,16.909274960731832,17.615106764900307,8757900.0
CTG,2022-08-02,17.553730086276964,17.768548461458675,17.4002883897186,17.553730086276964,4570600.0
CTG,2022-08-03,17.43097672903027,17.952678497328712,17.369600050406927,17.860613479393695,6140900.0
CTG,2022-08-04,17.92199015801704,17.983366836640386,17.64579510421198,17.707171782835328,5360900.0
CTG,2022-08-05,17.737860122147,17.860613479393695,17.615106764900307,17.79923680077035,2954300.0
CTG,2022-08-08,17.829925140082022,17.952678497328712,17.707171782835328,17.79923680077035,3291700.0
CTG,2022-08-09,17.829925140082022,17.860613479393695,17.584418425588634,17.676483443523654,3627800.0
CTG,2022-08-10,17.553730086276964,17.707171782835328,17.4002883897186,17.461665068341944,3664500.0
CTG,2022-08-11,17.64579510421198,17.79923680077035,17.43097672903027,17.492353407653617,4453400.0
CTG,2022-08-12,17.52304174696529,17.615106764900307,17.43097672903027,17.584418425588634,1941500.0
CTG,2022-08-15,17.707171782835328,18.075431854575402,17.676483443523654,18.075431854575402,6225200.0
CTG,2022-08-16,18.075431854575402,18.106120193887076,17.860613479393695,17.92199015801704,3887512.0
CTG,2022-08-17,17.983366836640386,18.075431854575402,17.860613479393695,17.860613479393695,3782100.0
CTG,2022-08-18,17.860613479393695,17.891301818705365,17.64579510421198,17.64579510421198,3643900.0
CTG,2022-08-19,17.584418425588634,17.829925140082022,17.30822337178358,17.338911711095253,4899700.0
CTG,2022-08-22,17.338911711095253,17.43097672903027,17.09340499660187,17.185470014536886,5609300.0
CTG,2022-08-23,17.062716657290196,17.277535032471906,16.970651639355175,17.185470014536886,4507300.0
CTG,2022-08-24,17.4002883897186,17.52304174696529,17.277535032471906,17.30822337178358,3127900.0
CTG,2022-08-25,17.4002883897186,17.615106764900307,17.246846693160233,17.615106764900307,4240600.0
CTG,2022-08-26,17.737860122147,17.737860122147,17.4002883897186,17.461665068341944,3965700.0
CTG,2022-08-29,17.277535032471906,17.30822337178358,16.939963300043505,17.12409333591354,4119900.0
CTG,2022-08-30,17.12409333591354,17.52304174696529,17.12409333591354,17.43097672903027,4085000.0
CTG,2022-08-31,17.369600050406927,17.492353407653617,17.12409333591354,17.338911711095253,2075300.0
CTG,2022-09-05,17.338911711095253,17.4002883897186,17.12409333591354,17.154781675225212,1805800.0
CTG,2022-09-06,17.12409333591354,17.584418425588634,17.12409333591354,17.338911711095253,3040400.0
CTG,2022-09-07,17.338911711095253,17.43097672903027,16.786521603485138,16.786521603485138,4257500.0
CTG,2022-09-08,16.87858662142016,16.939963300043505,16.47963821036841,16.47963821036841,3709100.0
CTG,2022-09-09,16.541014888991754,16.694456585550117,16.17275481725168,16.47963821036841,1820400.0
CTG,2022-09-12,16.571703228303427,16.72514492486179,16.571703228303427,16.6023915676151,1673958.0
CTG,2022-09-13,16.633079906926774,16.970651639355175,16.6023915676151,16.87858662142016,2478900.0
CTG,2022-09-14,16.571703228303427,16.694456585550117,16.51032654968008,16.571703228303427,2183200.0
CTG,2022-09-15,16.571703228303427,16.755833264173464,16.51032654968008,16.51032654968008,1345100.0
CTG,2022-09-16,16.326196513810043,16.51032654968008,16.08068979931666,16.08068979931666,1983400.0
CTG,2022-09-19,15.927248102758293,16.050001460004985,15.497611352394872,15.651053048953237,2487600.0
CTG,2022-09-20,15.712429727576584,15.957936442069967,15.712429727576584,15.957936442069967,2001200.0
CTG,2022-09-21,15.89655976344662,15.927248102758293,15.651053048953237,15.68174138826491,1711900.0
CTG,2022-09-22,15.528299691706545,15.712429727576584,15.344169655836506,15.58967637032989,3276900.0
CTG,2022-09-23,15.58967637032989,15.712429727576584,15.344169655836506,15.344169655836506,1658100.0
CTG,2022-09-26,15.160039619966467,15.160039619966467,14.27007777992795,14.423519476486316,6512500.0
CTG,2022-09-27,14.423519476486316,14.669026190979698,14.300766119239624,14.392831137174642,2516800.0
CTG,2022-09-28,14.362142797862969,14.576961173044682,14.300766119239624,14.300766119239624,2714800.0
CTG,2022-09-29,14.45420781579799,14.669026190979698,13.871129368876202,13.871129368876202,3417400.0
CTG,2022-09-30,13.901817708187874,14.27007777992795,13.779064350941182,14.239389440616277,5517300.0
CTG,2022-10-03,13.932506047499547,14.116636083369587,13.257362582642742,13.257362582642742,5690400.0
CTG,2022-10-04,13.502869297136126,13.932506047499547,12.582219117785936,12.7356608143443,6135700.0
CTG,2022-10-05,13.073232546772704,13.625622654382816,13.073232546772704,13.502869297136126,4480300.0
CTG,2022-10-06,13.502869297136126,13.65631099369449,13.042544207461031,13.134609225396048,4256200.0
CTG,2022-10-07,13.073232546772704,13.073232546772704,12.244647385357531,12.244647385357531,8501600.0
CTG,2022-10-10,12.091205688799166,12.858414171590992,11.968452331552475,12.704972475032626,4943200.0
CTG,2022-10-11,12.704972475032626,12.7356608143443,11.968452331552475,12.152582367422513,6735200.0
CTG,2022-10-12,12.275335724669205,12.981167528837684,12.213959046045858,12.981167528837684,6259200.0
CTG,2022-10-13,13.073232546772704,13.748376011629508,12.981167528837684,13.748376011629508,7428400.0
CTG,2022-10-14,14.024571065434568,14.085947744057913,13.779064350941182,13.932506047499547,7182200.0
CTG,2022-10-17,13.871129368876202,13.963194386811221,13.441492618512779,13.840441029564529,4785300.0
CTG,2022-10-18,14.05525940474624,14.362142797862969,14.024571065434568,14.116636083369587,3945400.0
CTG,2022-10-19,14.116636083369587,14.331454458551297,13.840441029564529,14.239389440616277,4225800.0
CTG,2022-10-20,14.239389440616277,14.546272833733008,13.901817708187874,14.27007777992795,3928500.0
CTG,2022-10-21,14.27007777992795,14.27007777992795,13.288050921954413,13.288050921954413,6728600.0
CTG,2022-10-24,13.318739261266087,13.502869297136126,12.766349153655973,12.889102510902665,5015000.0
CTG,2022-10-25,13.011855868149357,13.779064350941182,12.858414171590992,13.779064350941182,8715300.0
CTG,2022-10-26,13.779064350941182,14.239389440616277,13.717687672317837,13.748376011629508,3499600.0
CTG,2022-10-27,13.963194386811221,14.699714530291372,13.809752690252855,14.699714530291372,8203600.0
CTG,2022-10-28,14.914532905473084,15.282792977213159,14.730402869603045,14.761091208914719,7631500.0
CTG,2022-10-31,14.914532905473084,15.129351280654793,14.331454458551297,15.098662941343123,10319500.0
CTG,2022-11-01,15.160039619966467,15.620364709641564,14.97590958409643,15.006597923408103,8831500.0
CTG,2022-11-02,14.761091208914719,15.06797460203145,14.638337851668028,14.730402869603045,5390300.0
CTG,2022-11-03,14.45420781579799,14.791779548226392,14.423519476486316,14.484896155109663,7579200.0
CTG,2022-11-04,14.362142797862969,15.037286262719777,13.502869297136126,15.037286262719777,14707000.0
CTG,2022-11-07,14.914532905473084,15.037286262719777,14.14732442268126,14.331454458551297,7325600.0
CTG,2022-11-08,14.116636083369587,14.822467887538064,14.116636083369587,14.638337851668028,8346600.0
CTG,2022-11-09,14.791779548226392,15.252104637901487,14.730402869603045,15.006597923408103,11208700.0
CTG,2022-11-10,14.791779548226392,14.914532905473084,13.963194386811221,13.963194386811221,9623300.0
CTG,2022-11-11,14.576961173044682,14.914532905473084,14.362142797862969,14.484896155109663,9790500.0
CTG,2022-11-14,14.239389440616277,14.945221244784758,13.963194386811221,14.669026190979698,9034900.0
CTG,2022-11-15,14.484896155109663,14.669026190979698,13.65631099369449,14.362142797862969,12492800.0
CTG,2022-11-16,13.686999333006163,15.282792977213159,13.65631099369449,15.221416298589814,13029200.0
CTG,2022-11-17,15.344169655836506,15.835183084823274,15.129351280654793,15.344169655836506,11877400.0
CTG,2022-11-18,15.06797460203145,15.344169655836506,14.423519476486316,15.160039619966467,11616200.0
CTG,2022-11-21,15.160039619966467,15.221416298589814,14.791779548226392,14.791779548226392,5780300.0
CTG,2022-11-22,14.669026190979698,15.282792977213159,14.423519476486316,14.669026190979698,7689900.0
CTG,2022-11-23,14.669026190979698,15.19072795927814,14.607649512356355,14.97590958409643,6020300.0
CTG,2022-11-24,14.883844566161411,15.098662941343123,14.607649512356355,15.098662941343123,4181700.0
CTG,2022-11-25,15.282792977213159,15.835183084823274,15.129351280654793,15.835183084823274,14164700.0
CTG,2022-11-28,16.01931312069331,16.847898282108485,16.01931312069331,16.755833264173464,11610400.0
CTG,2022-11-29,16.571703228303427,16.81720994279681,16.01931312069331,16.81720994279681,9674400.0
CTG,2022-11-30,16.6023915676151,17.185470014536886,16.356884853121716,16.72514492486179,6514800.0
CTG,2022-12-01,16.786521603485138,17.00133997866685,15.957936442069967,16.050001460004985,10765700.0
CTG,2022-12-02,16.142066477940006,17.154781675225212,15.98862478138164,17.154781675225212,9082500.0
CTG,2022-12-05,17.492353407653617,17.553730086276964,17.062716657290196,17.553730086276964,7687500.0
CTG,2022-12-06,17.246846693160233,17.553730086276964,16.47963821036841,16.571703228303427,7721900.0
CTG,2022-12-07,16.51032654968008,17.062716657290196,16.418261531745063,16.786521603485138,4159300.0
CTG,2022-12-08,16.939963300043505,17.737860122147,16.81720994279681,17.062716657290196,5342700.0
CTG,2022-12-09,17.062716657290196,17.21615835384856,16.6023915676151,17.21615835384856,5287800.0
CTG,2022-12-12,17.185470014536886,17.30822337178358,16.847898282108485,16.847898282108485,3993100.0
CTG,2022-12-13,16.755833264173464,17.30822337178358,16.633079906926774,17.277535032471906,3912200.0
CTG,2022-12-14,17.43097672903027,17.461665068341944,17.09340499660187,17.12409333591354,2580100.0
CTG,2022-12-15,17.12409333591354,17.338911711095253,17.12409333591354,17.338911711095253,3529300.0
CTG,2022-12-16,17.032028317978522,17.338911711095253,17.032028317978522,17.21615835384856,3340100.0
CTG,2022-12-19,17.185470014536886,17.492353407653617,16.909274960731832,16.909274960731832,5466900.0
CTG,2022-12-20,16.909274960731832,17.185470014536886,16.326196513810043,17.185470014536886,6698800.0
CTG,2022-12-21,17.185470014536886,17.185470014536886,16.571703228303427,16.87858662142016,3061700.0
CTG,2022-12-22,16.87858662142016,17.277535032471906,16.87858662142016,16.939963300043505,3383200.0
CTG,2022-12-23,16.87858662142016,17.154781675225212,16.755833264173464,16.970651639355175,3027900.0
CTG,2022-12-26,16.970651639355175,17.00133997866685,15.957936442069967,15.98862478138164,3558900.0
CTG,2022-12-27,16.01931312069331,16.418261531745063,15.957936442069967,16.326196513810043,3610900.0
CTG,2022-12-28,16.326196513810043,16.694456585550117,16.142066477940006,16.663768246238444,1890200.0
CTG,2022-12-29,16.633079906926774,16.87858662142016,16.51032654968008,16.571703228303427,1838100.0
CTG,2022-12-30,16.571703228303427,16.786521603485138,16.418261531745063,16.72514492486179,1394100.0
CTG,2023-01-03,16.786521603485138,17.185470014536886,16.72514492486179,17.185470014536886,3477200.0
CTG,2023-01-04,17.185470014536886,17.737860122147,17.12409333591354,17.492353407653617,5903700.0
CTG,2023-01-05,17.492353407653617,17.64579510421198,17.338911711095253,17.492353407653617,2113300.0
CTG,2023-01-06,17.492353407653617,17.952678497328712,17.21615835384856,17.553730086276964,6855200.0
CTG,2023-01-09,17.615106764900307,17.860613479393695,17.615106764900307,17.860613479393695,4251600.0
CTG,2023-01-10,17.92199015801704,17.92199015801704,17.52304174696529,17.52304174696529,3125300.0
CTG,2023-01-11,17.553730086276964,17.891301818705365,17.553730086276964,17.860613479393695,3475200.0
CTG,2023-01-12,17.860613479393695,17.92199015801704,17.64579510421198,17.737860122147,3029500.0
CTG,2023-01-13,17.860613479393695,17.92199015801704,17.43097672903027,17.860613479393695,2974400.0
CTG,2023-01-16,17.860613479393695,18.413003587003807,17.737860122147,18.413003587003807,5564391.0
CTG,2023-01-17,18.474380265627154,18.811951998055555,18.474380265627154,18.781263658743885,3475900.0
CTG,2023-01-18,18.781263658743885,18.93470535530225,18.65851030149719,18.873328676678902,3324700.0
CTG,2023-01-19,18.84264033736723,19.088147051860613,18.505068604938824,19.088147051860613,5157400.0
CTG,2023-01-27,19.088147051860613,19.180212069795633,18.535756944250497,18.627821962185518,3426200.0
CTG,2023-01-30,18.413003587003807,18.505068604938824,18.22887355113377,18.259561890445443,3938500.0
CTG,2023-01-31,18.22887355113377,18.71988698012054,18.106120193887076,18.71988698012054,3448000.0
CTG,2023-02-01,18.71988698012054,18.811951998055555,17.492353407653617,17.79923680077035,4562000.0
CTG,2023-02-02,17.79923680077035,18.075431854575402,17.615106764900307,17.92199015801704,3365700.0
CTG,2023-02-03,17.92199015801704,18.04474351526373,17.829925140082022,17.829925140082022,3667300.0
CTG,2023-02-06,17.676483443523654,18.35162690838046,17.52304174696529,18.35162690838046,2700000.0
CTG,2023-02-07,18.290250229757117,18.535756944250497,17.891301818705365,17.92199015801704,3304700.0
CTG,2023-02-08,17.952678497328712,18.535756944250497,17.92199015801704,18.35162690838046,3228400.0
CTG,2023-02-09,18.35162690838046,18.535756944250497,18.04474351526373,18.04474351526373,2771300.0
CTG,2023-02-10,18.04474351526373,18.290250229757117,17.860613479393695,17.860613479393695,2173300.0
CTG,2023-02-13,17.707171782835328,17.983366836640386,17.676483443523654,17.891301818705365,2183600.0
CTG,2023-02-14,17.983366836640386,18.04474351526373,17.615106764900307,17.615106764900307,1752200.0
CTG,2023-02-15,17.615106764900307,18.01405517595206,17.553730086276964,17.737860122147,1473700.0
CTG,2023-02-16,17.829925140082022,18.382315247692134,17.768548461458675,18.22887355113377,3021100.0
CTG,2023-02-17,18.22887355113377,18.35162690838046,18.04474351526373,18.198185211822096,2537100.0
CTG,2023-02-20,18.32093856906879,18.689198640808865,18.22887355113377,18.689198640808865,4643900.0
CTG,2023-02-21,18.65851030149719,18.71988698012054,18.32093856906879,18.32093856906879,3005300.0
CTG,2023-02-22,18.167496872510423,18.22887355113377,17.737860122147,17.737860122147,4014800.0
CTG,2023-02-23,17.492353407653617,17.79923680077035,17.369600050406927,17.79923680077035,4133200.0
CTG,2023-02-24,17.737860122147,17.737860122147,17.338911711095253,17.338911711095253,2218200.0
CTG,2023-02-27,17.30822337178358,17.30822337178358,16.847898282108485,16.909274960731832,1798800.0
CTG,2023-02-28,17.062716657290196,17.185470014536886,16.81720994279681,16.81720994279681,1305600.0
CTG,2023-03-01,16.786521603485138,17.338911711095253,16.633079906926774,17.338911711095253,2258600.0
CTG,2023-03-02,17.369600050406927,17.4002883897186,17.032028317978522,17.062716657290196,1829900.0
CTG,2023-03-03,17.185470014536886,17.185470014536886,16.847898282108485,17.062716657290196,1868100.0
CTG,2023-03-06,17.09340499660187,17.64579510421198,17.09340499660187,17.4002883897186,3193600.0
CTG,2023-03-07,17.4002883897186,17.79923680077035,17.4002883897186,17.79923680077035,3151600.0
CTG,2023-03-08,17.492353407653617,18.106120193887076,17.461665068341944,18.04474351526373,4416500.0
CTG,2023-03-09,18.04474351526373,18.22887355113377,17.952678497328712,18.04474351526373,2763600.0
CTG,2023-03-10,17.952678497328712,17.952678497328712,17.615106764900307,17.92199015801704,1704000.0
CTG,2023-03-13,17.584418425588634,18.04474351526373,17.553730086276964,17.983366836640386,1859400.0
CTG,2023-03-14,17.952678497328712,17.952678497328712,17.4002883897186,17.79923680077035,2223800.0
CTG,2023-03-15,17.983366836640386,18.167496872510423,17.829925140082022,18.106120193887076,2836300.0
CTG,2023-03-16,17.79923680077035,17.92199015801704,17.492353407653617,17.768548461458675,2230600.0
CTG,2023-03-17,17.829925140082022,17.983366836640386,17.676483443523654,17.79923680077035,1136900.0
CTG,2023-03-20,17.768548461458675,17.768548461458675,17.185470014536886,17.185470014536886,1731400.0
CTG,2023-03-21,17.553730086276964,17.553730086276964,17.185470014536886,17.369600050406927,1056300.0
CTG,2023-03-22,17.461665068341944,17.615106764900307,17.30822337178358,17.492353407653617,1499500.0
CTG,2023-03-23,17.30822337178358,17.615106764900307,17.246846693160233,17.615106764900307,2956100.0
CTG,2023-03-24,17.615106764900307,17.707171782835328,17.369600050406927,17.492353407653617,2659100.0
CTG,2023-03-27,17.492353407653617,17.737860122147,17.369600050406927,17.64579510421198,1392700.0
CTG,2023-03-28,17.64579510421198,17.79923680077035,17.64579510421198,17.737860122147,2114500.0
CTG,2023-03-29,17.676483443523654,17.829925140082022,17.676483443523654,17.79923680077035,1729300.0
CTG,2023-03-30,17.860613479393695,17.92199015801704,17.676483443523654,17.79923680077035,1516300.0
CTG,2023-03-31,17.737860122147,17.92199015801704,17.615106764900307,17.92199015801704,2331800.0
CTG,2023-04-03,18.106120193887076,18.44369192631548,18.04474351526373,18.382315247692134,3802300.0
CTG,2023-04-04,18.382315247692134,18.382315247692134,18.13680853319875,18.198185211822096,2270100.0
CTG,2023-04-05,18.198185211822096,18.474380265627154,18.01405517595206,18.413003587003807,3508900.0
CTG,2023-04-06,18.413003587003807,18.413003587003807,18.13680853319875,18.13680853319875,1980300.0
CTG,2023-04-07,18.106120193887076,18.13680853319875,17.983366836640386,18.106120193887076,1611600.0
CTG,2023-04-10,18.106120193887076,18.22887355113377,17.983366836640386,18.01405517595206,1899500.0
CTG,2023-04-11,18.075431854575402,18.167496872510423,17.92199015801704,18.167496872510423,1230200.0
CTG,2023-04-12,18.22887355113377,18.22887355113377,18.04474351526373,18.106120193887076,4422800.0
CTG,2023-04-13,18.04474351526373,18.106120193887076,17.860613479393695,18.04474351526373,1465900.0
CTG,2023-04-14,18.075431854575402,18.106120193887076,17.860613479393695,17.860613479393695,1542400.0
CTG,2023-04-17,17.860613479393695,17.983366836640386,17.676483443523654,17.92199015801704,1388300.0
CTG,2023-04-18,17.92199015801704,17.983366836640386,17.79923680077035,17.860613479393695,1207200.0
CTG,2023-04-19,17.829925140082022,17.891301818705365,17.584418425588634,17.615106764900307,3718400.0
CTG,2023-04-20,17.584418425588634,17.64579510421198,17.43097672903027,17.64579510421198,1358400.0
CTG,2023-04-21,17.492353407653617,17.64579510421198,17.492353407653617,17.553730086276964,958500.0
CTG,2023-04-24,17.52304174696529,17.92199015801704,17.30822337178358,17.737860122147,2792900.0
CTG,2023-04-25,17.79923680077035,17.79923680077035,17.492353407653617,17.492353407653617,1310600.0
CTG,2023-04-26,17.492353407653617,17.676483443523654,17.154781675225212,17.43097672903027,3821400.0
CTG,2023-04-27,17.43097672903027,17.615106764900307,17.4002883897186,17.4002883897186,2008300.0
CTG,2023-04-28,17.492353407653617,17.707171782835328,17.492353407653617,17.707171782835328,4415900.0
CTG,2023-05-04,17.553730086276964,17.553730086276964,17.30822337178358,17.338911711095253,2874901.0
CTG,2023-05-05,17.338911711095253,17.369600050406927,17.062716657290196,17.09340499660187,4340400.0
CTG,2023-05-08,17.185470014536886,17.21615835384856,17.09340499660187,17.12409333591354,3731900.0
CTG,2023-05-09,17.21615835384856,17.338911711095253,17.185470014536886,17.185470014536886,2939401.0
CTG,2023-05-10,17.21615835384856,17.338911711095253,17.154781675225212,17.338911711095253,5574200.0
CTG,2023-05-11,17.43097672903027,17.461665068341944,17.338911711095253,17.4002883897186,3048300.0
CTG,2023-05-12,17.4002883897186,17.43097672903027,17.277535032471906,17.43097672903027,3915800.0
CTG,2023-05-15,17.492353407653617,17.584418425588634,17.246846693160233,17.246846693160233,6862500.0
CTG,2023-05-16,17.30822337178358,17.338911711095253,17.154781675225212,17.154781675225212,3107900.0
CTG,2023-05-17,17.185470014536886,17.246846693160233,16.87858662142016,16.87858662142016,5272300.0
CTG,2023-05-18,17.00133997866685,17.12409333591354,16.87858662142016,17.032028317978522,4714700.0
CTG,2023-05-19,17.12409333591354,17.30822337178358,16.970651639355175,17.185470014536886,2085300.0
CTG,2023-05-22,17.185470014536886,17.30822337178358,17.154781675225212,17.154781675225212,3167100.0
CTG,2023-05-23,17.246846693160233,17.246846693160233,17.00133997866685,17.12409333591354,4048500.0
CTG,2023-05-24,17.185470014536886,17.185470014536886,16.939963300043505,17.032028317978522,3921700.0
CTG,2023-05-25,16.970651639355175,17.062716657290196,16.909274960731832,16.939963300043505,3099700.0
CTG,2023-05-26,16.939963300043505,17.062716657290196,16.87858662142016,17.062716657290196,3381900.0
CTG,2023-05-29,17.062716657290196,17.277535032471906,17.062716657290196,17.185470014536886,4860900.0
CTG,2023-05-30,17.246846693160233,17.277535032471906,17.12409333591354,17.21615835384856,3048100.0
CTG,2023-05-31,17.21615835384856,17.21615835384856,17.062716657290196,17.185470014536886,8564985.0
CTG,2023-06-01,17.185470014536886,17.246846693160233,17.09340499660187,17.154781675225212,2515200.0
CTG,2023-06-02,17.21615835384856,17.64579510421198,17.185470014536886,17.584418425588634,14681900.0
CTG,2023-06-05,17.737860122147,17.829925140082022,17.584418425588634,17.64579510421198,5065800.0
CTG,2023-06-06,17.707171782835328,17.79923680077035,17.553730086276964,17.615106764900307,8906600.0
CTG,2023-06-07,17.707171782835328,17.92199015801704,17.64579510421198,17.737860122147,7966700.0
CTG,2023-06-08,17.737860122147,17.79923680077035,17.52304174696529,17.52304174696529,6765700.0
CTG,2023-06-09,17.52304174696529,17.584418425588634,17.246846693160233,17.4002883897186,9112800.0
CTG,2023-06-12,17.43097672903027,17.461665068341944,17.09340499660187,17.43097672903027,10534400.0
CTG,2023-06-13,17.4002883897186,17.461665068341944,17.30822337178358,17.369600050406927,7103200.0
CTG,2023-06-14,17.461665068341944,17.92199015801704,17.461665068341944,17.615106764900307,17453300.0
CTG,2023-06-15,17.615106764900307,18.01405517595206,17.615106764900307,17.79923680077035,9803600.0
CTG,2023-06-16,17.829925140082022,17.92199015801704,17.492353407653617,17.492353407653617,7432700.0
CTG,2023-06-19,17.52304174696529,17.707171782835328,17.52304174696529,17.553730086276964,3524700.0
CTG,2023-06-20,17.584418425588634,17.92199015801704,17.52304174696529,17.92199015801704,5281600.0
CTG,2023-06-21,17.860613479393695,17.983366836640386,17.707171782835328,17.891301818705365,4840200.0
CTG,2023-06-22,17.983366836640386,18.198185211822096,17.92199015801704,18.075431854575402,5102500.0
CTG,2023-06-23,18.106120193887076,18.13680853319875,17.891301818705365,17.952678497328712,5753700.0
CTG,2023-06-26,17.829925140082022,18.075431854575402,17.737860122147,17.952678497328712,6462100.0
CTG,2023-06-27,17.983366836640386,18.01405517595206,17.79923680077035,18.01405517595206,5286100.0
CTG,2023-06-28,18.04474351526373,18.535756944250497,18.01405517595206,18.413003587003807,8813900.0
CTG,2023-06-29,18.413003587003807,18.474380265627154,18.106120193887076,18.35162690838046,5201200.0
CTG,2023-06-30,18.22887355113377,18.259561890445443,18.01405517595206,18.106120193887076,5653900.0
CTG,2023-07-03,18.106120193887076,18.167496872510423,17.92199015801704,17.952678497328712,4679401.0
CTG,2023-07-04,17.891301818705365,18.106120193887076,17.829925140082022,18.075431854575402,5125500.0
CTG,2023-07-05,18.13680853319875,18.22887355113377,18.01405517595206,18.13680853319875,4586500.0
CTG,2023-07-06,18.13680853319875,18.167496872510423,17.707171782835328,18.01405517595206,7090000.0
CTG,2023-07-07,17.952678497328712,18.167496872510423,17.829925140082022,18.167496872510423,3913600.0
CTG,2023-07-10,18.259561890445443,18.290250229757117,18.106120193887076,18.22887355113377,8698900.0
CTG,2023-07-11,18.382315247692134,18.781263658743885,18.382315247692134,18.597133622873844,14508800.0
CTG,2023-07-12,18.597133622873844,18.65851030149719,18.290250229757117,18.413003587003807,6413800.0
CTG,2023-07-13,18.535756944250497,18.535756944250497,18.32093856906879,18.413003587003807,5322700.0
CTG,2023-07-14,18.413003587003807,18.535756944250497,18.04474351526373,18.35162690838046,8067000.0
CTG,2023-07-17,18.35162690838046,18.382315247692134,18.13680853319875,18.22887355113377,6601701.0
CTG,2023-07-18,18.22887355113377,18.413003587003807,18.22887355113377,18.32093856906879,4670900.0
CTG,2023-07-19,18.413003587003807,18.44369192631548,18.106120193887076,18.35162690838046,6760400.0
CTG,2023-07-20,18.35162690838046,18.35162690838046,18.13680853319875,18.198185211822096,4693813.0
CTG,2023-07-21,18.198185211822096,18.290250229757117,18.106120193887076,18.22887355113377,5557432.0
CTG,2023-07-24,18.35162690838046,18.474380265627154,18.259561890445443,18.290250229757117,5284751.0
CTG,2023-07-25,18.382315247692134,18.597133622873844,18.32093856906879,18.35162690838046,6091922.0
CTG,2023-07-26,18.382315247692134,18.44369192631548,18.22887355113377,18.290250229757117,6175131.0
CTG,2023-07-27,18.32093856906879,18.35162690838046,17.983366836640386,18.01405517595206,7951528.0
CTG,2023-07-28,18.04474351526373,18.106120193887076,17.983366836640386,18.106120193887076,5309848.0
CTG,2023-07-31,18.35162690838046,18.413003587003807,18.167496872510423,18.413003587003807,5765951.0
CTG,2023-08-01,18.535756944250497,18.904017015990576,18.474380265627154,18.65851030149719,14663746.0
CTG,2023-08-02,18.71988698012054,19.118835391172286,18.71988698012054,19.05745871254894,13380448.0
CTG,2023-08-03,18.996082033925592,19.088147051860613,18.84264033736723,18.96539369461392,8198048.0
CTG,2023-08-04,19.026770373237266,19.026770373237266,18.811951998055555,19.026770373237266,7557354.0
CTG,2023-08-07,19.302965427042324,20.008797231210806,19.180212069795633,20.008797231210806,13121936.0
CTG,2023-08-08,20.16223892776917,20.16223892776917,19.824667195340766,20.008797231210806,9364852.0
CTG,2023-08-09,19.94742055258746,20.008797231210806,19.6712254987824,19.94742055258746,8134165.0
CTG,2023-08-10,19.94742055258746,20.039485570522476,19.395030444977344,19.425718784289018,7995748.0
CTG,2023-08-11,19.487095462912364,19.732602177405745,19.210900409107307,19.701913838094075,6979057.0
CTG,2023-08-14,19.701913838094075,19.886043873964113,19.45640712360069,19.824667195340766,6420159.0
CTG,2023-08-15,19.824667195340766,19.886043873964113,19.6712254987824,19.886043873964113,5310665.0
CTG,2023-08-16,19.763290516717422,20.070173909834153,19.57916048084738,19.85535553465244,8492564.0
CTG,2023-08-17,19.886043873964113,20.19292726708084,19.793978856029092,20.008797231210806,12832645.0
CTG,2023-08-18,19.824667195340766,19.916732213275786,18.84264033736723,18.84264033736723,16046215.0
CTG,2023-08-21,18.96539369461392,19.824667195340766,18.781263658743885,19.64053715947073,11983560.0
CTG,2023-08-22,19.64053715947073,19.6712254987824,18.96539369461392,19.36434210566567,5845149.0
CTG,2023-08-23,19.425718784289018,19.487095462912364,19.05745871254894,19.210900409107307,6427414.0
CTG,2023-08-24,19.333653766353997,19.57916048084738,19.088147051860613,19.487095462912364,5097915.0
CTG,2023-08-25,19.487095462912364,19.487095462912364,19.05745871254894,19.118835391172286,8726804.0
CTG,2023-08-28,19.05745871254894,19.210900409107307,19.026770373237266,19.118835391172286,5431303.0
CTG,2023-08-29,19.27227708773065,19.517783802224038,19.180212069795633,19.180212069795633,3826403.0
CTG,2023-08-30,19.302965427042324,19.701913838094075,19.302965427042324,19.701913838094075,9415201.0
CTG,2023-08-31,19.732602177405745,20.008797231210806,19.732602177405745,19.916732213275786,5322802.0
CTG,2023-09-05,19.94742055258746,20.254303945704187,19.94742055258746,20.039485570522476,6038603.0
CTG,2023-09-06,20.070173909834153,20.100862249145823,19.793978856029092,20.039485570522476,4513907.0
CTG,2023-09-07,20.070173909834153,20.438433981574224,20.039485570522476,20.039485570522476,7906305.0
CTG,2023-09-08,20.070173909834153,20.070173909834153,19.824667195340766,19.824667195340766,3724406.0
CTG,2023-09-11,19.94742055258746,20.100862249145823,19.517783802224038,19.57916048084738,8329560.0
CTG,2023-09-12,19.64053715947073,19.824667195340766,19.487095462912364,19.824667195340766,4591157.0
CTG,2023-09-13,19.824667195340766,20.100862249145823,19.609848820159055,19.97810889189913,8069400.0
CTG,2023-09-14,20.100862249145823,20.653252356755935,20.100862249145823,20.37705730295088,14175200.0
CTG,2023-09-15,20.315680624327534,20.56118733882092,20.039485570522476,20.100862249145823,7381800.0
CTG,2023-09-18,20.100862249145823,20.100862249145823,19.517783802224038,19.6712254987824,9192400.0
CTG,2023-09-19,19.6712254987824,19.793978856029092,19.36434210566567,19.701913838094075,4953200.0
CTG,2023-09-20,19.701913838094075,19.85535553465244,19.487095462912364,19.6712254987824,7159400.0
CTG,2023-09-21,19.701913838094075,19.732602177405745,19.45640712360069,19.45640712360069,6067300.0
CTG,2023-09-22,19.333653766353997,19.487095462912364,19.026770373237266,19.425718784289018,8272000.0
CTG,2023-09-25,19.302965427042324,19.45640712360069,18.290250229757117,18.290250229757117,6832400.0
CTG,2023-09-26,18.35162690838046,18.93470535530225,18.259561890445443,18.597133622873844,5255800.0
CTG,2023-09-27,18.65851030149719,19.026770373237266,18.413003587003807,19.026770373237266,3808100.0
CTG,2023-09-28,18.84264033736723,19.026770373237266,17.707171782835328,18.93470535530225,7874400.0
CTG,2023-09-29,18.750575319432212,19.05745871254894,18.44369192631548,18.44369192631548,5470700.0
CTG,2023-10-02,18.474380265627154,18.627821962185518,17.154781675225212,18.382315247692134,5334700.0
CTG,2023-10-03,18.106120193887076,18.106120193887076,17.64579510421198,17.860613479393695,7965100.0
CTG,2023-10-04,17.615106764900307,17.860613479393695,17.553730086276964,17.737860122147,3077200.0
CTG,2023-10-05,17.829925140082022,17.891301818705365,17.246846693160233,17.246846693160233,5324500.0
CTG,2023-10-06,17.492353407653617,17.64579510421198,17.09340499660187,17.615106764900307,3154500.0
CTG,2023-10-09,17.584418425588634,17.92199015801704,17.584418425588634,17.891301818705365,1993300.0
CTG,2023-10-10,18.01405517595206,18.13680853319875,17.92199015801704,17.983366836640386,3140400.0
CTG,2023-10-11,17.983366836640386,18.106120193887076,17.829925140082022,18.106120193887076,2229400.0
CTG,2023-10-12,18.22887355113377,18.259561890445443,18.01405517595206,18.167496872510423,2497400.0
CTG,2023-10-13,17.983366836640386,18.167496872510423,17.79923680077035,17.983366836640386,1497500.0
CTG,2023-10-16,17.952678497328712,17.983366836640386,17.676483443523654,17.676483443523654,2075200.0
CTG,2023-10-17,17.79923680077035,17.891301818705365,17.553730086276964,17.553730086276964,1720400.0
CTG,2023-10-18,17.553730086276964,17.676483443523654,17.21615835384856,17.4002883897186,2295400.0
CTG,2023-10-19,17.4002883897186,17.553730086276964,17.185470014536886,17.553730086276964,1860200.0
CTG,2023-10-20,17.461665068341944,18.259561890445443,17.12409333591354,18.04474351526373,3797000.0
CTG,2023-10-23,18.04474351526373,18.04474351526373,17.676483443523654,17.983366836640386,1627400.0
CTG,2023-10-24,17.983366836640386,18.106120193887076,17.829925140082022,18.106120193887076,2597900.0
CTG,2023-10-25,17.983366836640386,18.106120193887076,17.768548461458675,17.79923680077035,1789000.0
CTG,2023-10-26,17.4002883897186,17.52304174696529,16.909274960731832,17.4002883897186,6054000.0
CTG,2023-10-27,17.4002883897186,17.461665068341944,17.032028317978522,17.30822337178358,2941000.0
CTG,2023-10-30,16.970651639355175,17.30822337178358,16.970651639355175,16.970651639355175,2108300.0
CTG,2023-10-31,17.032028317978522,17.185470014536886,16.939963300043505,17.00133997866685,2873300.0
CTG,2023-11-01,17.062716657290196,17.062716657290196,16.755833264173464,16.81720994279681,3296700.0
CTG,2023-11-02,16.939963300043505,17.492353407653617,16.939963300043505,17.338911711095253,2391900.0
CTG,2023-11-03,17.43097672903027,17.461665068341944,17.185470014536886,17.185470014536886,3639600.0
CTG,2023-11-06,17.4002883897186,17.615106764900307,17.4002883897186,17.52304174696529,2377400.0
CTG,2023-11-07,17.43097672903027,17.615106764900307,17.369600050406927,17.52304174696529,2595100.0
CTG,2023-11-08,17.553730086276964,17.952678497328712,17.338911711095253,17.952678497328712,2974800.0
CTG,2023-11-09,18.01405517595206,18.259561890445443,17.92199015801704,18.106120193887076,4986900.0
CTG,2023-11-10,17.952678497328712,18.04474351526373,17.768548461458675,18.04474351526373,3517700.0
CTG,2023-11-13,17.983366836640386,18.13680853319875,17.92199015801704,18.04474351526373,3249500.0
CTG,2023-11-14,18.32093856906879,18.474380265627154,18.167496872510423,18.290250229757117,3772500.0
CTG,2023-11-15,18.474380265627154,18.781263658743885,18.474380265627154,18.535756944250497,5453200.0
CTG,2023-11-16,18.382315247692134,18.597133622873844,18.35162690838046,18.56644528356217,2284100.0
CTG,2023-11-17,18.535756944250497,18.597133622873844,18.075431854575402,18.22887355113377,4361100.0
CTG,2023-11-20,17.92199015801704,18.259561890445443,17.860613479393695,18.13680853319875,2208700.0
CTG,2023-11-21,18.32093856906879,18.32093856906879,18.04474351526373,18.04474351526373,2217700.0
CTG,2023-11-22,18.106120193887076,18.22887355113377,18.01405517595206,18.167496872510423,2215000.0
CTG,2023-11-23,18.259561890445443,18.259561890445443,17.92199015801704,17.92199015801704,1993600.0
CTG,2023-11-24,17.92199015801704,18.167496872510423,17.615106764900307,18.167496872510423,3128400.0
CTG,2023-11-27,18.198185211822096,18.198185211822096,17.860613479393695,18.04474351526373,1511700.0
CTG,2023-11-28,17.983366836640386,17.983366836640386,17.707171782835328,17.983366836640386,2108800.0
CTG,2023-11-29,17.983366836640386,18.13680853319875,17.92199015801704,18.04474351526373,2629800.0
CTG,2023-11-30,18.03738721344733,18.311720098822956,17.93451238143147,18.03738721344733,2651700.0
CTG,2023-12-01,18.14026204546319,18.14026204546319,17.83163754941561,18.03738721344733,2052600.0
CTG,2023-12-04,18.14026204546319,18.24313687747905,18.003095602775378,18.208845266807096,7638100.0
CTG,2023-12-05,18.24313687747905,18.311720098822956,18.174553656135142,18.174553656135142,2957358.0
CTG,2023-12-06,18.174553656135142,18.311720098822956,18.174553656135142,18.277428488151003,3493758.0
CTG,2023-12-07,18.34601170949491,18.58605298419858,18.208845266807096,18.448886541510767,5776600.0
CTG,2023-12-08,18.517469762854674,18.58605298419858,18.311720098822956,18.448886541510767,4518900.0
CTG,2023-12-11,18.48317815218272,18.551761373526627,18.311720098822956,18.414594930838817,2323100.0
CTG,2023-12-12,18.448886541510767,18.517469762854674,18.311720098822956,18.517469762854674,3346200.0
CTG,2023-12-13,18.62034459487053,18.75751103755835,18.311720098822956,18.34601170949491,3749800.0
CTG,2023-12-14,18.48317815218272,18.48317815218272,18.14026204546319,18.34601170949491,3873600.0
CTG,2023-12-15,18.174553656135142,18.414594930838817,18.071678824119285,18.311720098822956,4473200.0
CTG,2023-12-18,18.174553656135142,18.311720098822956,17.865929160087564,17.865929160087564,11182400.0
CTG,2023-12-19,17.900220770759518,18.174553656135142,17.797345938743657,18.174553656135142,2878300.0
CTG,2023-12-20,18.03738721344733,18.24313687747905,17.968803992103425,18.208845266807096,9734200.0
CTG,2023-12-21,18.105970434791235,18.24313687747905,18.003095602775378,18.208845266807096,3141300.0
CTG,2023-12-22,18.174553656135142,18.24313687747905,18.071678824119285,18.14026204546319,4149200.0
CTG,2023-12-25,18.208845266807096,18.448886541510767,18.174553656135142,18.448886541510767,5496200.0
CTG,2023-12-26,18.414594930838817,18.48317815218272,18.380303320166863,18.380303320166863,3247900.0
CTG,2023-12-27,18.380303320166863,18.448886541510767,18.34601170949491,18.414594930838817,4093900.0
CTG,2023-12-28,18.414594930838817,18.58605298419858,18.34601170949491,18.58605298419858,3620700.0
CTG,2023-12-29,18.654636205542484,18.75751103755835,18.58605298419858,18.58605298419858,4974400.0
CTG,2024-01-02,18.62034459487053,18.688927816214438,18.551761373526627,18.654636205542484,3300000.0
CTG,2024-01-03,18.654636205542484,18.928969090918113,18.551761373526627,18.928969090918113,3243600.0
CTG,2024-01-04,18.963260701590062,20.23205029645233,18.89467748024616,19.614801304357176,14923700.0
CTG,2024-01-05,19.717676136373033,19.992009021748657,19.68338452570108,19.889134189732797,8885200.0
CTG,2024-01-08,20.23205029645233,20.43779996048405,19.92342580040475,20.266341907124282,12113500.0
CTG,2024-01-09,20.300633517796236,20.677841235187717,20.094883853764518,20.57496640317186,14610600.0
CTG,2024-01-10,20.57496640317186,21.36367344862678,20.472091571156003,21.260798616610924,14402900.0
CTG,2024-01-11,21.32938183795483,21.60371472333045,20.849299288547485,21.260798616610924,9966100.0
CTG,2024-01-12,21.12363217392311,21.843755998034126,20.9864657312353,21.60371472333045,17353500.0
CTG,2024-01-15,21.638006334002405,21.740881166018266,21.260798616610924,21.535131501986545,7071700.0
CTG,2024-01-16,21.295090227282877,21.535131501986545,21.12363217392311,21.535131501986545,7511452.0
CTG,2024-01-17,21.295090227282877,21.60371472333045,21.260798616610924,21.36367344862678,6859800.0
CTG,2024-01-18,21.36367344862678,21.67229794467436,21.192215395267016,21.60371472333045,8842000.0
CTG,2024-01-19,21.740881166018266,22.358130158113422,21.569423112658498,22.358130158113422,14548300.0
CTG,2024-01-22,22.323838547441465,22.392421768785372,21.91233921937803,22.392421768785372,10179800.0
CTG,2024-01-23,22.392421768785372,22.495296600801233,21.878047608706076,22.083797272737797,10356000.0
CTG,2024-01-24,21.91233921937803,22.220963715425608,21.878047608706076,21.946630830049983,5597700.0
CTG,2024-01-25,21.946630830049983,22.01521405139389,21.67229794467436,21.980922440721937,6284700.0
CTG,2024-01-26,22.01521405139389,22.11808888340975,21.91233921937803,22.01521405139389,5176400.0
CTG,2024-01-29,22.01521405139389,22.46100499012928,21.946630830049983,22.1523804940817,8185097.0
CTG,2024-01-30,22.186672104753658,22.255255326097565,21.980922440721937,22.083797272737797,4737748.0
CTG,2024-01-31,22.255255326097565,22.289546936769515,21.46654828064264,21.67229794467436,12235100.0
CTG,2024-02-01,21.569423112658498,22.01521405139389,21.569423112658498,21.980922440721937,5146100.0
CTG,2024-02-02,21.946630830049983,22.049505662065844,21.638006334002405,21.740881166018266,6709342.0
CTG,2024-02-05,21.77517277669022,23.2497120355842,21.77517277669022,23.2497120355842,21792200.0
CTG,2024-02-06,23.318295256928106,23.626919752975688,23.21542042491225,23.59262814230373,8778600.0
CTG,2024-02-07,23.59262814230373,24.895709347837947,23.59262814230373,24.3470435770867,13654000.0
CTG,2024-02-15,24.41562679843061,24.55279324111842,24.00412747036717,24.00412747036717,8949700.0
CTG,2024-02-16,24.209877134398887,24.209877134398887,23.7640861956635,24.175585523726937,7524900.0
CTG,2024-02-19,24.072710691711077,24.3470435770867,23.661211363647638,24.278460355742794,10777500.0
CTG,2024-02-20,24.209877134398887,24.41562679843061,23.798377806335452,24.141293913054984,6882100.0
CTG,2024-02-21,24.175585523726937,24.827126126494047,24.03841908103912,24.38133518775865,10491600.0
CTG,2024-02-22,24.484210019774515,24.518501630446465,24.175585523726937,24.484210019774515,7076000.0
CTG,2024-02-23,24.55279324111842,25.478666729261153,24.00412747036717,24.141293913054984,25863100.0
CTG,2024-02-26,24.141293913054984,24.587084851790372,24.072710691711077,24.44991840910256,6411800.0
CTG,2024-02-27,24.484210019774515,24.895709347837947,24.31275196641475,24.79283451582209,9166000.0
CTG,2024-02-28,24.964292569181858,24.99858417985381,24.44991840910256,24.65566807313428,9829600.0
CTG,2024-02-29,24.827126126494047,24.895709347837947,24.141293913054984,24.38133518775865,12898100.0
CTG,2024-03-01,24.484210019774515,24.484210019774515,24.00412747036717,24.41562679843061,9219700.0
CTG,2024-03-04,24.41562679843061,25.307208675901386,24.107002302383027,24.689959683806233,17814863.0
CTG,2024-03-05,24.689959683806233,24.99858417985381,24.518501630446465,24.99858417985381,7418300.0
CTG,2024-03-06,24.964292569181858,25.341500286573343,24.44991840910256,24.75854290515014,11134900.0
CTG,2024-03-07,24.689959683806233,24.724251294478183,24.31275196641475,24.55279324111842,9360473.0
CTG,2024-03-08,24.55279324111842,24.587084851790372,23.661211363647638,23.661211363647638,20828300.0
CTG,2024-03-11,23.661211363647638,23.832669417007406,23.2497120355842,23.421170088943967,7982600.0
CTG,2024-03-12,23.318295256928106,23.729794584991545,23.284003646256156,23.661211363647638,6760600.0
CTG,2024-03-13,23.729794584991545,24.107002302383027,23.455461699615924,24.107002302383027,6250500.0
CTG,2024-03-14,24.141293913054984,24.141293913054984,23.455461699615924,23.626919752975688,7010100.0
CTG,2024-03-15,23.59262814230373,24.278460355742794,23.284003646256156,23.832669417007406,9706500.0
CTG,2024-03-18,23.832669417007406,24.00412747036717,22.186672104753658,22.838212707520764,11387200.0
CTG,2024-03-19,22.90679592886467,23.181128814240292,22.598171432817097,22.838212707520764,8305800.0
CTG,2024-03-20,22.76962948617686,23.661211363647638,22.632463043489047,23.55833653163178,9923700.0
CTG,2024-03-21,23.729794584991545,23.935544249023263,23.35258686760006,23.935544249023263,9309200.0
CTG,2024-03-22,24.072710691711077,24.964292569181858,24.00412747036717,24.484210019774515,16016800.0
CTG,2024-03-25,24.3470435770867,24.484210019774515,23.661211363647638,23.798377806335452,9762300.0
CTG,2024-03-26,23.832669417007406,24.278460355742794,23.7640861956635,24.141293913054984,3801300.0
CTG,2024-03-27,24.00412747036717,24.3470435770867,23.866961027679356,24.3470435770867,5249500.0
CTG,2024-03-28,24.621376462462326,24.621376462462326,24.209877134398887,24.518501630446465,7031500.0
CTG,2024-03-29,24.518501630446465,24.518501630446465,24.107002302383027,24.38133518775865,4610100.0
CTG,2024-04-01,24.278460355742794,24.278460355742794,23.832669417007406,24.00412747036717,7918200.0
CTG,2024-04-02,23.661211363647638,24.141293913054984,23.386878478272017,24.00412747036717,7099000.0
CTG,2024-04-03,23.935544249023263,24.00412747036717,23.2497120355842,23.35258686760006,9109200.0
CTG,2024-04-04,23.455461699615924,23.524044920959824,22.97537915020858,23.009670760880528,7204500.0
CTG,2024-04-05,22.76962948617686,23.043962371552485,22.701046264832954,22.76962948617686,9854200.0
CTG,2024-04-08,22.838212707520764,23.489753310287874,22.598171432817097,22.97537915020858,12347900.0
CTG,2024-04-09,23.2497120355842,23.489753310287874,23.009670760880528,23.489753310287874,5258500.0
CTG,2024-04-10,23.55833653163178,23.55833653163178,23.078253982224435,23.078253982224435,4641500.0
CTG,2024-04-11,22.838212707520764,23.112545592896392,22.80392109684881,23.112545592896392,4199700.0
CTG,2024-04-12,23.181128814240292,24.724251294478183,23.078253982224435,24.621376462462326,23915200.0
CTG,2024-04-15,24.55279324111842,24.895709347837947,22.90679592886467,22.941087539536625,29312700.0
CTG,2024-04-16,23.2497120355842,23.35258686760006,22.495296600801233,23.35258686760006,15514300.0
CTG,2024-04-17,23.489753310287874,23.489753310287874,22.392421768785372,22.42671337945733,19246271.0
CTG,2024-04-19,22.01521405139389,22.46100499012928,21.432256669970688,21.67229794467436,13140500.0
CTG,2024-04-22,21.980922440721937,22.220963715425608,21.740881166018266,22.1523804940817,7788100.0
CTG,2024-04-23,22.11808888340975,22.289546936769515,21.36367344862678,21.60371472333045,10789200.0
CTG,2024-04-24,21.946630830049983,22.598171432817097,21.740881166018266,22.598171432817097,9112800.0
CTG,2024-04-25,22.529588211473186,22.632463043489047,22.11808888340975,22.632463043489047,4963800.0
CTG,2024-04-26,22.323838547441465,22.735337875504904,22.049505662065844,22.495296600801233,8992900.0
CTG,2024-05-02,22.495296600801233,22.495296600801233,21.946630830049983,22.186672104753658,6461000.0
CTG,2024-05-03,22.255255326097565,22.529588211473186,22.049505662065844,22.220963715425608,6180500.0
CTG,2024-05-06,22.358130158113422,22.80392109684881,22.186672104753658,22.76962948617686,7777200.0
CTG,2024-05-07,22.76962948617686,22.80392109684881,22.495296600801233,22.495296600801233,5073600.0
CTG,2024-05-08,22.392421768785372,22.632463043489047,22.186672104753658,22.358130158113422,8601000.0
CTG,2024-05-09,22.495296600801233,22.90679592886467,22.255255326097565,22.56387982214514,7243700.0
CTG,2024-05-10,22.735337875504904,22.735337875504904,22.323838547441465,22.529588211473186,4809700.0
CTG,2024-05-13,22.529588211473186,22.529588211473186,22.11808888340975,22.1523804940817,7051000.0
CTG,2024-05-14,22.220963715425608,22.42671337945733,22.11808888340975,22.1523804940817,5716900.0
CTG,2024-05-15,22.255255326097565,22.632463043489047,22.11808888340975,22.186672104753658,8175800.0
CTG,2024-05-16,22.495296600801233,23.112545592896392,22.323838547441465,22.76962948617686,14316700.0
CTG,2024-05-17,22.872504318192718,22.90679592886467,22.56387982214514,22.701046264832954,6148500.0
CTG,2024-05-20,22.838212707520764,23.2497120355842,22.666754654160997,22.872504318192718,12318300.0
CTG,2024-05-21,22.941087539536625,23.386878478272017,22.872504318192718,23.078253982224435,6179100.0
CTG,2024-05-22,23.21542042491225,23.2497120355842,22.42671337945733,22.632463043489047,12259866.0
CTG,2024-05-23,22.598171432817097,22.80392109684881,22.358130158113422,22.80392109684881,5573500.0
CTG,2024-05-24,22.701046264832954,23.2497120355842,22.1523804940817,22.289546936769515,14091600.0
CTG,2024-05-27,22.42671337945733,22.42671337945733,22.01521405139389,22.220963715425608,8217500.0
CTG,2024-05-28,22.255255326097565,22.289546936769515,21.740881166018266,22.083797272737797,24876000.0
CTG,2024-05-29,22.083797272737797,22.083797272737797,21.706589555346312,21.706589555346312,15671900.0
CTG,2024-05-30,21.500839891314595,22.01521405139389,21.500839891314595,21.809464387362173,10201600.0
CTG,2024-05-31,21.809464387362173,22.083797272737797,21.809464387362173,21.878047608706076,6340100.0
CTG,2024-06-03,22.11808888340975,22.495296600801233,21.980922440721937,22.358130158113422,18001600.0
CTG,2024-06-04,22.42671337945733,22.598171432817097,22.255255326097565,22.495296600801233,8982900.0
CTG,2024-06-05,22.56387982214514,22.598171432817097,22.220963715425608,22.220963715425608,8426500.0
CTG,2024-06-06,22.289546936769515,22.42671337945733,22.186672104753658,22.358130158113422,7577100.0
CTG,2024-06-07,22.495296600801233,22.56387982214514,22.392421768785372,22.495296600801233,4350200.0
CTG,2024-06-10,22.598171432817097,23.284003646256156,22.56387982214514,22.97537915020858,13716000.0
CTG,2024-06-11,23.284003646256156,23.284003646256156,22.735337875504904,22.76962948617686,10757500.0
CTG,2024-06-12,22.80392109684881,23.078253982224435,22.529588211473186,22.97537915020858,7991300.0
CTG,2024-06-13,23.318295256928106,23.421170088943967,22.97537915020858,23.2497120355842,14049900.0
CTG,2024-06-14,23.2497120355842,23.284003646256156,22.495296600801233,22.495296600801233,10569800.0
CTG,2024-06-17,22.495296600801233,22.598171432817097,22.1523804940817,22.46100499012928,8970900.0
CTG,2024-06-18,22.46100499012928,22.529588211473186,22.186672104753658,22.186672104753658,7886400.0
CTG,2024-06-19,22.220963715425608,22.323838547441465,21.91233921937803,22.289546936769515,7107200.0
CTG,2024-06-20,22.1523804940817,22.323838547441465,21.946630830049983,22.083797272737797,7184100.0
CTG,2024-06-21,22.220963715425608,22.255255326097565,22.049505662065844,22.083797272737797,4946100.0
CTG,2024-06-24,22.083797272737797,22.186672104753658,21.638006334002405,21.706589555346312,8539100.0
CTG,2024-06-25,21.878047608706076,21.878047608706076,21.569423112658498,21.67229794467436,5453400.0
CTG,2024-06-26,21.67229794467436,21.706589555346312,21.295090227282877,21.46654828064264,6576300.0
CTG,2024-06-27,21.46654828064264,21.535131501986545,21.36367344862678,21.46654828064264,4217600.0
CTG,2024-06-28,21.46654828064264,21.569423112658498,21.260798616610924,21.260798616610924,4821600.0
CTG,2024-07-01,21.157923784595063,21.946630830049983,21.157923784595063,21.946630830049983,4057600.0
CTG,2024-07-02,21.946630830049983,22.186672104753658,21.878047608706076,22.1523804940817,5172200.0
CTG,2024-07-03,22.186672104753658,22.289546936769515,21.980922440721937,22.186672104753658,3449100.0
CTG,2024-07-04,22.220963715425608,22.289546936769515,21.980922440721937,22.1523804940817,2576600.0
CTG,2024-07-05,22.186672104753658,22.529588211473186,22.01521405139389,22.42671337945733,5723000.0
CTG,2024-07-08,22.46100499012928,22.46100499012928,22.1523804940817,22.358130158113422,4001700.0
CTG,2024-07-09,22.358130158113422,22.495296600801233,22.220963715425608,22.42671337945733,4864800.0
CTG,2024-07-10,22.42671337945733,22.529588211473186,22.220963715425608,22.220963715425608,5468400.0
CTG,2024-07-11,22.289546936769515,22.358130158113422,22.083797272737797,22.083797272737797,4105400.0
CTG,2024-07-12,22.083797272737797,22.1523804940817,21.878047608706076,21.946630830049983,4598300.0
CTG,2024-07-15,21.980922440721937,22.083797272737797,21.946630830049983,22.01521405139389,2709000.0
CTG,2024-07-16,22.049505662065844,22.529588211473186,22.01521405139389,22.289546936769515,6673100.0
CTG,2024-07-17,22.42671337945733,23.181128814240292,22.323838547441465,22.632463043489047,22751600.0
CTG,2024-07-18,22.838212707520764,22.941087539536625,22.46100499012928,22.941087539536625,9954700.0
CTG,2024-07-19,22.80392109684881,23.181128814240292,22.46100499012928,22.90679592886467,10380600.0
CTG,2024-07-22,22.76962948617686,23.386878478272017,22.735337875504904,23.078253982224435,15945100.0
CTG,2024-07-23,23.112545592896392,23.112545592896392,21.980922440721937,22.220963715425608,9908700.0
CTG,2024-07-24,22.186672104753658,22.289546936769515,21.740881166018266,22.083797272737797,10466300.0
CTG,2024-07-25,21.946630830049983,21.946630830049983,21.535131501986545,21.638006334002405,8927200.0
CTG,2024-07-26,21.638006334002405,22.049505662065844,21.638006334002405,21.980922440721937,3281100.0
CTG,2024-07-29,22.049505662065844,22.186672104753658,22.01521405139389,22.01521405139389,3423200.0
CTG,2024-07-30,21.946630830049983,22.01521405139389,21.809464387362173,21.946630830049983,4284300.0
CTG,2024-07-31,21.946630830049983,22.1523804940817,21.809464387362173,21.946630830049983,6715400.0
CTG,2024-08-01,21.946630830049983,22.255255326097565,21.46654828064264,21.569423112658498,11700600.0
CTG,2024-08-02,21.295090227282877,21.638006334002405,20.746424456531624,21.638006334002405,10702700.0
CTG,2024-08-05,21.192215395267016,21.22650700593897,20.57496640317186,20.677841235187717,10677500.0
CTG,2024-08-06,20.917882509891392,20.9864657312353,20.540674792499907,20.952174120563345,5489100.0
CTG,2024-08-07,21.02075734190725,21.02075734190725,20.609258013843814,20.71213284585967,5039500.0
CTG,2024-08-08,20.71213284585967,20.88359089921944,20.609258013843814,20.71213284585967,7275100.0
CTG,2024-08-09,20.81500767787553,21.60371472333045,20.81500767787553,21.60371472333045,7499900.0
CTG,2024-08-12,21.638006334002405,21.77517277669022,21.397965059298734,21.740881166018266,3252300.0
CTG,2024-08-13,21.843755998034126,21.843755998034126,21.500839891314595,21.843755998034126,4264400.0
CTG,2024-08-14,21.843755998034126,21.946630830049983,21.67229794467436,21.809464387362173,4868000.0
CTG,2024-08-15,21.809464387362173,21.91233921937803,21.569423112658498,21.843755998034126,5235800.0
CTG,2024-08-16,21.843755998034126,22.289546936769515,21.809464387362173,22.289546936769515,7939100.0
CTG,2024-08-19,22.289546936769515,22.42671337945733,22.186672104753658,22.392421768785372,6180200.0
CTG,2024-08-20,22.392421768785372,22.872504318192718,22.358130158113422,22.76962948617686,10829100.0
CTG,2024-08-21,22.80392109684881,23.455461699615924,22.632463043489047,23.455461699615924,27846100.0
CTG,2024-08-22,23.55833653163178,24.00412747036717,23.524044920959824,23.729794584991545,18468585.0
CTG,2024-08-23,23.59262814230373,23.96983585969522,23.421170088943967,23.96983585969522,10303800.0
CTG,2024-08-26,24.00412747036717,24.00412747036717,23.59262814230373,23.729794584991545,9604400.0
CTG,2024-08-27,23.729794584991545,24.00412747036717,23.489753310287874,23.901252638351313,12081100.0
CTG,2024-08-28,23.935544249023263,23.96983585969522,23.661211363647638,23.935544249023263,6788900.0
CTG,2024-08-29,23.96983585969522,24.244168745070844,23.661211363647638,24.00412747036717,12714200.0
CTG,2024-08-30,24.00412747036717,24.072710691711077,23.7640861956635,24.03841908103912,8124100.0
CTG,2024-09-04,23.729794584991545,24.209877134398887,23.626919752975688,24.209877134398887,10774800.0
CTG,2024-09-05,24.141293913054984,24.3470435770867,23.729794584991545,24.00412747036717,8473400.0
CTG,2024-09-06,23.866961027679356,24.3470435770867,23.729794584991545,24.3470435770867,9610300.0
CTG,2024-09-09,24.141293913054984,24.31275196641475,24.00412747036717,24.31275196641475,5375600.0
CTG,2024-09-10,24.278460355742794,24.38133518775865,23.866961027679356,23.96983585969522,7607100.0
CTG,2024-09-11,23.96983585969522,24.072710691711077,23.626919752975688,23.96983585969522,5494300.0
CTG,2024-09-12,24.175585523726937,24.175585523726937,23.798377806335452,24.00412747036717,6375600.0
CTG,2024-09-13,23.866961027679356,24.00412747036717,23.7640861956635,23.935544249023263,3549800.0
CTG,2024-09-16,23.96983585969522,23.96983585969522,23.661211363647638,23.7640861956635,6040800.0
CTG,2024-09-17,23.69550297431959,23.96983585969522,23.55833653163178,23.96983585969522,5340100.0
CTG,2024-09-18,23.96983585969522,24.895709347837947,23.866961027679356,24.484210019774515,17630600.0
CTG,2024-09-19,24.518501630446465,24.827126126494047,24.41562679843061,24.689959683806233,5945500.0
CTG,2024-09-20,24.724251294478183,25.13575062254162,24.65566807313428,24.689959683806233,13229300.0
CTG,2024-09-23,24.65566807313428,24.895709347837947,24.44991840910256,24.621376462462326,5629200.0
CTG,2024-09-24,24.621376462462326,24.827126126494047,24.44991840910256,24.724251294478183,5629400.0
CTG,2024-09-25,25.032875790525765,25.10145901186967,24.689959683806233,24.689959683806233,9907800.0
CTG,2024-09-26,24.689959683806233,24.99858417985381,24.31275196641475,24.964292569181858,22853200.0
CTG,2024-09-27,24.99858417985381,25.752999614636778,24.99858417985381,25.375791897245293,15727800.0
CTG,2024-09-30,25.307208675901386,25.512958339933107,25.13575062254162,25.341500286573343,4899975.0
CTG,2024-10-01,25.341500286573343,25.4443751185892,24.930000958509904,25.032875790525765,12335100.0
CTG,2024-10-02,24.79283451582209,24.99858417985381,24.65566807313428,24.689959683806233,11271900.0
CTG,2024-10-03,24.689959683806233,25.20433384388553,24.621376462462326,24.827126126494047,9111600.0
CTG,2024-10-04,24.79283451582209,24.79283451582209,24.41562679843061,24.41562679843061,8545600.0
CTG,2024-10-07,24.621376462462326,24.65566807313428,24.3470435770867,24.55279324111842,5298700.0
CTG,2024-10-08,24.55279324111842,24.79283451582209,24.38133518775865,24.518501630446465,6682700.0
CTG,2024-10-09,24.55279324111842,25.10145901186967,24.484210019774515,24.75854290515014,9484500.0
CTG,2024-10-10,24.99858417985381,25.13575062254162,24.724251294478183,24.79283451582209,6295000.0
CTG,2024-10-11,24.861417737165997,24.895709347837947,24.55279324111842,24.861417737165997,4282800.0
CTG,2024-10-14,24.964292569181858,24.99858417985381,24.724251294478183,24.724251294478183,4210500.0
CTG,2024-10-15,24.861417737165997,25.23862545455748,24.75854290515014,24.79283451582209,10587200.0
CTG,2024-10-16,24.75854290515014,24.99858417985381,24.621376462462326,24.895709347837947,4058300.0
CTG,2024-10-17,25.032875790525765,25.067167401197715,24.724251294478183,25.067167401197715,6200700.0
CTG,2024-10-18,25.23862545455748,25.307208675901386,24.861417737165997,24.861417737165997,7054400.0
CTG,2024-10-21,24.75854290515014,24.930000958509904,24.3470435770867,24.3470435770867,8242100.0
CTG,2024-10-22,24.3470435770867,24.44991840910256,23.866961027679356,24.00412747036717,9519000.0
CTG,2024-10-23,24.00412747036717,24.107002302383027,23.832669417007406,24.03841908103912,4520500.0
CTG,2024-10-24,24.00412747036717,24.107002302383027,23.35258686760006,23.901252638351313,6445900.0
CTG,2024-10-25,23.832669417007406,23.866961027679356,23.661211363647638,23.729794584991545,4542300.0
CTG,2024-10-28,23.7640861956635,23.866961027679356,23.69550297431959,23.798377806335452,2328100.0
CTG,2024-10-29,23.798377806335452,23.96983585969522,23.798377806335452,23.96983585969522,2984000.0
CTG,2024-10-30,23.935544249023263,24.00412747036717,23.661211363647638,23.832669417007406,2666400.0
CTG,2024-10-31,23.935544249023263,24.518501630446465,23.866961027679356,24.484210019774515,9494500.0
CTG,2024-11-01,24.38133518775865,24.65566807313428,24.3470435770867,24.41562679843061,8047200.0
CTG,2024-11-04,24.38133518775865,24.65566807313428,24.244168745070844,24.484210019774515,5341600.0
CTG,2024-11-05,24.3470435770867,24.484210019774515,24.03841908103912,24.03841908103912,5153100.0
CTG,2024-11-06,24.141293913054984,24.621376462462326,24.072710691711077,24.621376462462326,3637500.0
CTG,2024-11-07,24.621376462462326,24.79283451582209,24.41562679843061,24.41562679843061,4522400.0
CTG,2024-11-08,24.484210019774515,24.689959683806233,23.866961027679356,24.00412747036717,5010300.0
CTG,2024-11-11,24.00412747036717,24.00412747036717,23.21542042491225,23.96983585969522,16746500.0
CTG,2024-11-12,23.866961027679356,23.901252638351313,23.455461699615924,23.661211363647638,4399200.0
CTG,2024-11-13,23.626919752975688,23.661211363647638,23.284003646256156,23.55833653163178,4503900.0
CTG,2024-11-14,23.524044920959824,23.524044920959824,23.043962371552485,23.043962371552485,5327200.0
CTG,2024-11-15,23.043962371552485,23.043962371552485,22.495296600801233,22.701046264832954,8427400.0
CTG,2024-11-18,22.701046264832954,23.078253982224435,22.42671337945733,22.838212707520764,4107900.0
CTG,2024-11-19,22.97537915020858,23.043962371552485,22.632463043489047,22.872504318192718,6320700.0
CTG,2024-11-20,22.666754654160997,23.318295256928106,22.666754654160997,23.318295256928106,6588000.0
CTG,2024-11-21,23.318295256928106,24.00412747036717,23.043962371552485,24.00412747036717,7924300.0
CTG,2024-11-22,23.935544249023263,24.141293913054984,23.798377806335452,24.00412747036717,6275600.0
CTG,2024-11-25,23.96983585969522,24.072710691711077,23.798377806335452,24.072710691711077,3988000.0
CTG,2024-11-26,24.00412747036717,24.244168745070844,23.935544249023263,24.209877134398887,4538800.0
CTG,2024-11-27,24.072710691711077,24.209877134398887,23.96983585969522,24.107002302383027,2895100.0
CTG,2024-11-28,24.209877134398887,24.278460355742794,23.96983585969522,24.278460355742794,3289800.0
CTG,2024-11-29,24.3470435770867,24.587084851790372,24.175585523726937,24.518501630446465,5276400.0
CTG,2024-12-02,24.621376462462326,24.689959683806233,24.484210019774515,24.587084851790372,4468300.0
CTG,2024-12-03,24.65566807313428,24.65566807313428,24.31275196641475,24.621376462462326,5440900.0
CTG,2024-12-04,24.41562679843061,24.484210019774515,24.209877134398887,24.209877134398887,4137800.0
CTG,2024-12-05,24.209877134398887,25.032875790525765,24.03841908103912,24.964292569181858,10529100.0
CTG,2024-12-06,25.032875790525765,25.13575062254162,24.861417737165997,24.861417737165997,5625800.0
CTG,2024-12-09,24.79283451582209,25.032875790525765,24.724251294478183,24.99858417985381,4462500.0
CTG,2024-12-10,24.99858417985381,25.032875790525765,24.75854290515014,24.930000958509904,3313400.0
CTG,2024-12-11,24.895709347837947,25.10145901186967,24.827126126494047,24.930000958509904,4504000.0
CTG,2024-12-12,24.964292569181858,25.23862545455748,24.827126126494047,24.895709347837947,5030500.0
CTG,2024-12-13,24.79283451582209,25.032875790525765,24.75854290515014,24.930000958509904,4294300.0
CTG,2024-12-16,24.930000958509904,25.17004223321358,24.827126126494047,24.861417737165997,2886500.0
CTG,2024-12-17,24.861417737165997,24.930000958509904,24.724251294478183,24.861417737165997,3543900.0
CTG,2024-12-18,24.827126126494047,24.964292569181858,24.55279324111842,24.861417737165997,2953300.0
CTG,2024-12-19,24.587084851790372,24.827126126494047,24.41562679843061,24.827126126494047,6363500.0
CTG,2024-12-20,24.689959683806233,24.79283451582209,24.484210019774515,24.79283451582209,3508200.0
CTG,2024-12-23,24.827126126494047,24.895709347837947,24.75854290515014,24.861417737165997,3121200.0
CTG,2024-12-24,24.75854290515014,24.827126126494047,24.621376462462326,24.827126126494047,2941100.0
CTG,2024-12-25,24.827126126494047,26.5417066600917,24.827126126494047,26.19879055337217,25284700.0
CTG,2024-12-26,26.33595699605998,26.33595699605998,26.061624110684356,26.19879055337217,4917100.0
CTG,2024-12-27,26.301665385388027,26.610289881435605,26.061624110684356,26.610289881435605,9539300.0
CTG,2024-12-30,26.404540217403888,26.678873102779512,26.301665385388027,26.678873102779512,7280600.0
CTG,2024-12-31,26.473123438747795,26.5417066600917,25.924457667996542,25.924457667996542,6043700.0
CTG,2025-01-02,26.061624110684356,26.267373774716074,25.78729122530873,26.130207332028263,5742600.0
CTG,2025-01-03,25.924457667996542,26.061624110684356,25.512958339933107,25.512958339933107,10418500.0
CTG,2025-01-06,25.54724995060506,25.821582835980685,25.410083507917246,25.512958339933107,6045300.0
CTG,2025-01-07,25.718708003964824,26.061624110684356,25.478666729261153,25.684416393292874,6401400.0
CTG,2025-01-08,25.650124782620917,25.99304088934045,25.54724995060506,25.924457667996542,3834700.0
CTG,2025-01-09,25.924457667996542,25.99304088934045,25.54724995060506,25.650124782620917,4290700.0
CTG,2025-01-10,25.650124782620917,26.19879055337217,25.512958339933107,25.718708003964824,7501000.0
CTG,2025-01-13,25.512958339933107,25.85587444665264,24.827126126494047,25.85587444665264,9511500.0
CTG,2025-01-14,25.684416393292874,25.99304088934045,25.307208675901386,25.341500286573343,4456700.0
CTG,2025-01-15,25.375791897245293,25.4443751185892,25.10145901186967,25.20433384388553,5422700.0
CTG,2025-01-16,25.272917065229436,25.512958339933107,24.964292569181858,25.23862545455748,6733100.0
CTG,2025-01-17,25.23862545455748,25.512958339933107,25.10145901186967,25.512958339933107,3990300.0
CTG,2025-01-20,25.54724995060506,25.85587444665264,25.478666729261153,25.58154156127701,4492000.0
CTG,2025-01-21,25.684416393292874,25.924457667996542,25.410083507917246,25.58154156127701,5599600.0
CTG,2025-01-22,25.78729122530873,25.78729122530873,25.54724995060506,25.58154156127701,4589700.0
CTG,2025-01-23,25.650124782620917,26.19879055337217,25.58154156127701,26.130207332028263,7625800.0
CTG,2025-01-24,26.130207332028263,26.164498942700213,25.890166057324592,26.061624110684356,5067600.0
CTG,2025-02-03,26.23308216404412,26.473123438747795,25.924457667996542,26.095915721356306,8367900.0
CTG,2025-02-04,26.23308216404412,27.261830484202715,26.095915721356306,27.02178920949904,14798400.0
CTG,2025-02-05,27.193247262858808,27.227538873530765,26.816039545467326,26.98749759882709,6706000.0
CTG,2025-02-06,27.02178920949904,27.330413705546622,26.884622766811233,27.090372430842947,6641700.0
CTG,2025-02-07,27.090372430842947,28.256287193689356,26.918914377483183,27.98195430831373,14993700.0
CTG,2025-02-10,27.98195430831373,28.18770397234545,27.467580148234433,27.639038201594197,9649800.0
CTG,2025-02-11,27.673329812266154,28.050537529657635,27.53616336957834,27.913371086969825,8428400.0
CTG,2025-02-12,27.913371086969825,27.98195430831373,27.707621422938104,27.77620464428201,4949000.0
CTG,2025-02-13,27.639038201594197,28.32487041503326,27.639038201594197,28.016245918985685,6965200.0
CTG,2025-02-14,28.119120751001542,28.359162025705213,27.77620464428201,27.81049625495396,5740600.0
CTG,2025-02-17,27.77620464428201,27.879079476297868,27.53616336957834,27.53616336957834,7166100.0
CTG,2025-02-18,27.53616336957834,28.119120751001542,27.467580148234433,27.639038201594197,6653300.0
CTG,2025-02-19,27.81049625495396,28.084829140329592,27.74191303361006,27.77620464428201,6156000.0
CTG,2025-02-20,28.153412361673492,28.153412361673492,27.74191303361006,28.016245918985685,5379200.0
CTG,2025-02-21,28.016245918985685,28.462036857721074,27.77620464428201,28.462036857721074,7730600.0
CTG,2025-02-24,28.462036857721074,28.770661353768652,28.359162025705213,28.736369743096695,7279700.0
CTG,2025-02-25,28.770661353768652,28.873536185784513,28.393453636377167,28.702078132424745,5778900.0
CTG,2025-02-26,28.667786521752788,28.667786521752788,28.18770397234545,28.359162025705213,9544900.0
CTG,2025-02-27,28.290578804361306,28.496328468393024,28.016245918985685,28.462036857721074,6099700.0
CTG,2025-02-28,28.32487041503326,28.53062007906498,28.119120751001542,28.462036857721074,5643300.0
CTG,2025-03-03,28.256287193689356,28.290578804361306,28.016245918985685,28.290578804361306,7694500.0
CTG,2025-03-04,28.119120751001542,28.667786521752788,27.98195430831373,28.53062007906498,7443800.0
CTG,2025-03-05,28.53062007906498,28.97641101780037,28.2219955830174,28.256287193689356,7812100.0
CTG,2025-03-06,28.393453636377167,28.633494911080838,28.256287193689356,28.56491168973693,5753200.0
CTG,2025-03-07,28.599203300408888,29.079285849816227,28.56491168973693,29.079285849816227,10878900.0
CTG,2025-03-10,29.285035513847948,29.285035513847948,28.873536185784513,29.113577460488184,11977000.0
CTG,2025-03-11,28.804952964440606,29.21645229250404,28.667786521752788,29.21645229250404,6963500.0
CTG,2025-03-12,29.35361873519185,29.696534841911383,29.01070262847232,29.250743903175994,9464500.0
CTG,2025-03-13,29.285035513847948,29.285035513847948,28.907827796456463,29.01070262847232,7934900.0
CTG,2025-03-14,28.839244575112556,29.01070262847232,28.667786521752788,29.01070262847232,7901700.0
CTG,2025-03-17,29.01070262847232,29.21645229250404,28.94211940712842,29.21645229250404,3479900.0
CTG,2025-03-18,29.42220195653576,29.42220195653576,28.770661353768652,28.804952964440606,5520700.0
CTG,2025-03-19,28.736369743096695,28.804952964440606,28.393453636377167,28.496328468393024,8688600.0
CTG,2025-03-20,28.496328468393024,28.667786521752788,28.119120751001542,28.53062007906498,8924000.0
CTG,2025-03-21,28.53062007906498,28.56491168973693,28.153412361673492,28.56491168973693,7381100.0
CTG,2025-03-24,28.393453636377167,28.667786521752788,28.18770397234545,28.667786521752788,7565700.0
CTG,2025-03-25,28.770661353768652,29.01070262847232,28.599203300408888,29.01070262847232,5056300.0
CTG,2025-03-26,28.97641101780037,29.113577460488184,28.53062007906498,28.633494911080838,6183500.0
CTG,2025-03-27,28.393453636377167,28.633494911080838,28.290578804361306,28.53062007906498,3528800.0
CTG,2025-03-28,28.462036857721074,28.496328468393024,28.2219955830174,28.359162025705213,4235000.0
CTG,2025-03-31,28.256287193689356,28.42774524704912,28.050537529657635,28.42774524704912,4639700.0
CTG,2025-04-01,28.56491168973693,28.702078132424745,28.153412361673492,28.702078132424745,4851500.0
CTG,2025-04-02,28.770661353768652,29.01070262847232,28.599203300408888,28.770661353768652,5595900.0
CTG,2025-04-03,27.913371086969825,27.913371086969825,26.78174793479537,26.78174793479537,19949700.0
CTG,2025-04-04,24.930000958509904,26.5417066600917,24.930000958509904,26.5417066600917,17713000.0
CTG,2025-04-08,24.75854290515014,26.19879055337217,24.689959683806233,24.689959683806233,19507400.0
CTG,2025-04-09,23.181128814240292,25.375791897245293,23.181128814240292,23.181128814240292,17505900.0
CTG,2025-04-10,24.79283451582209,24.79283451582209,24.79283451582209,24.79283451582209,2907100.0
CTG,2025-04-11,25.375791897245293,26.404540217403888,25.067167401197715,26.33595699605998,20246200.0
CTG,2025-04-14,26.473123438747795,26.473123438747795,25.9587492786685,26.267373774716074,9975357.0
CTG,2025-04-15,25.924457667996542,26.061624110684356,25.512958339933107,25.890166057324592,10253700.0
CTG,2025-04-16,25.890166057324592,26.130207332028263,25.512958339933107,25.512958339933107,6695500.0
CTG,2025-04-17,25.375791897245293,25.615833171948967,25.13575062254162,25.54724995060506,9773900.0
CTG,2025-04-18,25.9587492786685,26.095915721356306,25.684416393292874,25.684416393292874,8644000.0
CTG,2025-04-21,25.752999614636778,25.9587492786685,25.17004223321358,25.54724995060506,11108700.0
CTG,2025-04-22,25.307208675901386,25.478666729261153,23.7640861956635,25.4443751185892,15198300.0
CTG,2025-04-23,25.650124782620917,25.821582835980685,25.375791897245293,25.58154156127701,6755500.0
CTG,2025-04-24,25.684416393292874,25.684416393292874,25.272917065229436,25.650124782620917,6855100.0
CTG,2025-04-25,25.512958339933107,25.718708003964824,25.410083507917246,25.478666729261153,6488300.0
CTG,2025-04-28,25.54724995060506,25.54724995060506,25.17004223321358,25.272917065229436,5216100.0
CTG,2025-04-29,25.20433384388553,25.512958339933107,25.17004223321358,25.512958339933107,4956700.0
CTG,2025-05-05,25.58154156127701,25.718708003964824,25.410083507917246,25.615833171948967,3862800.0
CTG,2025-05-06,25.615833171948967,25.9587492786685,25.512958339933107,25.78729122530873,7279200.0
CTG,2025-05-07,25.718708003964824,25.752999614636778,25.478666729261153,25.684416393292874,6368600.0
CTG,2025-05-08,25.650124782620917,25.78729122530873,25.512958339933107,25.752999614636778,8034300.0
CTG,2025-05-09,25.821582835980685,25.924457667996542,25.650124782620917,25.684416393292874,6335100.0
CTG,2025-05-12,25.718708003964824,26.027332500012406,25.684416393292874,25.9587492786685,9059900.0
CTG,2025-05-13,26.130207332028263,27.02178920949904,26.130207332028263,27.02178920949904,15839400.0
CTG,2025-05-14,27.056080820170997,27.158955652186854,26.816039545467326,27.158955652186854,9362800.0
CTG,2025-05-15,27.158955652186854,27.53616336957834,26.918914377483183,27.261830484202715,9871500.0
CTG,2025-05-16,27.296122094874665,27.296122094874665,26.74745632412342,26.74745632412342,6642600.0
CTG,2025-05-19,26.57599827076365,26.884622766811233,26.438831828075838,26.816039545467326,7329400.0
CTG,2025-05-20,26.5417066600917,27.090372430842947,26.5417066600917,27.090372430842947,6678100.0
CTG,2025-05-21,26.953205988155133,27.707621422938104,26.953205988155133,27.056080820170997,8709000.0
CTG,2025-05-22,26.98749759882709,27.090372430842947,26.507415049419745,26.64458149210756,7124000.0
CTG,2025-05-23,26.64458149210756,26.74745632412342,26.473123438747795,26.610289881435605,4410900.0
CTG,2025-05-26,26.57599827076365,26.918914377483183,26.061624110684356,26.918914377483183,7670300.0
CTG,2025-05-27,26.918914377483183,27.158955652186854,26.74745632412342,27.158955652186854,7823400.0
CTG,2025-05-28,27.227538873530765,27.261830484202715,26.816039545467326,27.1246640415149,5643900.0
CTG,2025-05-29,27.056080820170997,27.090372430842947,26.678873102779512,26.678873102779512,7519200.0
CTG,2025-05-30,26.850331156139276,26.850331156139276,26.19879055337217,26.267373774716074,7743600.0
CTG,2025-06-02,26.23308216404412,26.507415049419745,26.027332500012406,26.33595699605998,4483100.0
CTG,2025-06-03,26.507415049419745,26.57599827076365,26.33595699605998,26.438831828075838,4358200.0
CTG,2025-06-04,26.5417066600917,26.678873102779512,26.370248606731934,26.404540217403888,4226400.0
CTG,2025-06-05,26.404540217403888,26.57599827076365,26.061624110684356,26.438831828075838,4395000.0
CTG,2025-06-06,26.370248606731934,26.370248606731934,26.095915721356306,26.19879055337217,3538900.0
CTG,2025-06-09,26.19879055337217,26.23308216404412,25.99304088934045,26.061624110684356,3549900.0
CTG,2025-06-10,26.061624110684356,26.19879055337217,25.9587492786685,25.9587492786685,4718300.0
CTG,2025-06-11,26.061624110684356,26.061624110684356,25.752999614636778,26.061624110684356,6303400.0
CTG,2025-06-12,26.095915721356306,26.438831828075838,25.99304088934045,26.404540217403888,8313800.0
CTG,2025-06-13,26.33595699605998,27.947662697641775,26.164498942700213,27.364705316218572,23931500.0
CTG,2025-06-16,27.39899692689053,27.639038201594197,27.364705316218572,27.639038201594197,6157700.0
CTG,2025-06-17,27.74191303361006,27.74191303361006,27.296122094874665,27.673329812266154,7934100.0
CTG,2025-06-18,27.570454980250293,27.707621422938104,27.39899692689053,27.53616336957834,5675200.0
CTG,2025-06-19,27.570454980250293,28.153412361673492,27.467580148234433,27.913371086969825,10199000.0
CTG,2025-06-20,27.98195430831373,28.667786521752788,27.879079476297868,28.32487041503326,12520200.0
CTG,2025-06-23,28.084829140329592,28.359162025705213,27.81049625495396,28.359162025705213,5115700.0
CTG,2025-06-24,28.496328468393024,28.667786521752788,28.359162025705213,28.496328468393024,9883700.0
CTG,2025-06-25,28.599203300408888,28.804952964440606,28.462036857721074,28.599203300408888,8648000.0
CTG,2025-06-26,28.667786521752788,28.736369743096695,28.32487041503326,28.736369743096695,6109700.0
CTG,2025-06-27,28.804952964440606,28.907827796456463,28.496328468393024,28.770661353768652,5976500.0
CTG,2025-06-30,28.804952964440606,28.804952964440606,28.496328468393024,28.736369743096695,6484500.0
CTG,2025-07-01,28.599203300408888,28.804952964440606,28.496328468393024,28.736369743096695,4151100.0
CTG,2025-07-02,28.702078132424745,28.873536185784513,28.667786521752788,28.736369743096695,4322400.0
CTG,2025-07-03,28.702078132424745,29.3193271245199,28.667786521752788,29.147869071160134,10792700.0
CTG,2025-07-04,29.285035513847948,29.35361873519185,28.94211940712842,29.285035513847948,5522100.0
CTG,2025-07-07,29.490785177879665,30.450950276694353,29.456493567207716,30.450950276694353,12486400.0
CTG,2025-07-08,30.51953349803826,30.588116719382167,30.21090900199068,30.450950276694353,5127800.0
CTG,2025-07-09,30.450950276694353,30.999616047445606,30.382367055350446,30.86244960475779,7957100.0
CTG,2025-07-10,30.79386638341388,30.86244960475779,30.382367055350446,30.86244960475779,6592000.0
CTG,2025-07-11,30.82815799408584,30.82815799408584,30.55382510871021,30.588116719382167,5825700.0
CTG,2025-07-14,30.51953349803826,30.55382510871021,29.97086772728701,30.382367055350446,12187300.0
CTG,2025-07-15,30.382367055350446,30.75957477274193,30.245200612662636,30.279492223334586,7356000.0
CTG,2025-07-16,30.279492223334586,30.82815799408584,30.10803416997482,30.82815799408584,2865200.0
CTG,2025-07-17,30.79386638341388,30.96532443677365,30.588116719382167,30.86244960475779,7610100.0
CTG,2025-07-18,30.86244960475779,31.239657322149274,30.55382510871021,30.896741215429742,8336000.0
CTG,2025-07-21,31.273948932821227,31.376823764837088,30.656699940726075,30.999616047445606,6648900.0
CTG,2025-07-22,30.999616047445606,31.273948932821227,30.656699940726075,31.273948932821227,4912800.0
CTG,2025-07-23,31.342532154165134,31.445406986180995,30.725283162069974,31.30824054349318,6424800.0
CTG,2025-07-24,31.30824054349318,31.513990207524902,30.999616047445606,31.342532154165134,5115900.0
CTG,2025-07-25,31.411115375509038,31.685448260884666,31.17107410080537,31.273948932821227,6007900.0
CTG,2025-07-28,31.20536571147732,31.548281818196852,31.136782490133413,31.273948932821227,11052000.0
CTG,2025-07-29,31.411115375509038,31.582573428868802,30.039450948630915,30.039450948630915,14822900.0
CTG,2025-07-30,30.17661739131873,32.131239199620055,30.073742559302868,31.685448260884666,22513200.0
CTG,2025-07-31,32.57703013835545,32.57703013835545,30.896741215429742,31.479698596852945,20410700.0
CTG,2025-08-01,31.548281818196852,31.548281818196852,30.279492223334586,30.382367055350446,16339400.0
CTG,2025-08-04,30.17661739131873,31.376823764837088,29.902284505943104,31.30824054349318,9917000.0
CTG,2025-08-05,31.513990207524902,33.434320405154274,31.273948932821227,31.891197924916383,24346700.0
CTG,2025-08-06,32.371280474323726,32.74848819171521,31.925489535588333,32.57703013835545,10501100.0
CTG,2025-08-07,32.919946245074975,32.919946245074975,32.19982242096396,32.81707141305912,9351600.0
CTG,2025-08-08,32.885654634403025,32.919946245074975,32.0969475889481,32.71419658104326,12538000.0
CTG,2025-08-11,32.78277980238716,32.81707141305912,32.336988863651776,32.57703013835545,9037900.0
CTG,2025-08-12,32.57703013835545,33.22857074112255,32.23411403163591,32.919946245074975,14447400.0
CTG,2025-08-13,32.98852946641888,34.01727778657747,32.336988863651776,34.01727778657747,17933600.0
CTG,2025-08-14,34.428777114640916,35.04602610673607,34.01727778657747,34.428777114640916,18777000.0
CTG,2025-08-15,34.84027644270435,34.90885966404826,33.468612015826224,33.60577845851404,15853500.0
CTG,2025-08-18,33.64007006918599,33.88011134388966,33.05711268776279,33.26286235179451,12702300.0
CTG,2025-08-19,33.53719523717013,34.15444422926529,33.50290362649818,34.01727778657747,11749300.0
CTG,2025-08-20,34.05156939724943,35.66327509883122,33.674361679857945,34.70311000001654,15990000.0
CTG,2025-08-21,35.18319254942388,36.14335764823857,34.977442885392165,35.52610865614341,17887200.0
CTG,2025-08-22,35.32035899211169,36.62344019764591,34.223027450609194,34.90885966404826,24410800.0
CTG,2025-08-25,35.32035899211169,35.3889422134556,33.468612015826224,33.674361679857945,15832700.0
CTG,2025-08-26,33.29715396246646,35.11460932807998,33.26286235179451,35.11460932807998,10162500.0
CTG,2025-08-27,35.66327509883122,36.4862737549581,34.84027644270435,35.04602610673607,18567600.0
CTG,2025-08-28,35.11460932807998,35.52610865614341,34.56594355732872,35.3889422134556,11396700.0
CTG,2025-08-29,35.594691877487314,35.594691877487314,34.90885966404826,35.18319254942388,12327700.0
CTG,2025-09-03,35.04602610673607,35.11460932807998,34.56594355732872,34.70311000001654,10235900.0
CTG,2025-09-04,34.70311000001654,35.52610865614341,34.56594355732872,34.977442885392165,9145200.0
CTG,2025-09-05,35.11460932807998,35.3889422134556,34.497360335984816,34.497360335984816,11266800.0
CTG,2025-09-08,34.2916106719531,34.36019389329701,33.64007006918599,33.948694565233566,14834400.0
CTG,2025-09-09,33.948694565233566,34.15444422926529,33.50290362649818,34.01727778657747,7640900.0
CTG,2025-09-10,34.01727778657747,35.251775770767786,34.01727778657747,34.63452677867263,12058700.0
CTG,2025-09-11,34.428777114640916,34.70311000001654,33.50290362649818,34.70311000001654,6966500.0
CTG,2025-09-12,34.771693221360444,35.251775770767786,34.56594355732872,34.56594355732872,8156000.0
CTG,2025-09-15,34.70311000001654,35.3889422134556,34.25731906128115,35.3889422134556,12899800.0
CTG,2025-09-16,35.66327509883122,36.41769053361419,35.52610865614341,36.006191205550756,18832800.0
CTG,2025-09-17,36.006191205550756,36.006191205550756,35.251775770767786,35.251775770767786,7878000.0
CTG,2025-09-18,35.32035899211169,35.3889422134556,34.70311000001654,35.11460932807998,8307900.0
CTG,2025-09-19,35.04602610673607,35.251775770767786,34.497360335984816,35.11460932807998,8158800.0
CTG,2025-09-22,34.771693221360444,34.90885966404826,33.64007006918599,33.81152812254575,11784200.0
CTG,2025-09-23,33.948694565233566,34.2916106719531,33.88011134388966,34.2916106719531,4323500.0
CTG,2025-09-24,34.08586100792138,34.63452677867263,33.81152812254575,34.63452677867263,5260700.0
CTG,2025-09-25,34.63452677867263,34.84027644270435,34.36019389329701,34.497360335984816,4716600.0
CTG,2025-09-26,34.497360335984816,35.3889422134556,34.25731906128115,34.771693221360444,10397000.0
CTG,2025-09-29,34.771693221360444,35.11460932807998,34.56594355732872,34.977442885392165,4416900.0
CTG,2025-09-30,34.84027644270435,34.977442885392165,34.2916106719531,34.84027644270435,6642300.0
CTG,2025-10-01,34.977442885392165,35.594691877487314,34.56594355732872,35.32035899211169,7803100.0
CTG,2025-10-02,35.52610865614341,35.93760798420685,35.11460932807998,35.32035899211169,8530200.0
CTG,2025-10-03,35.18319254942388,35.251775770767786,34.497360335984816,34.84027644270435,7630900.0
CTG,2025-10-06,35.18319254942388,36.14335764823857,34.977442885392165,35.93760798420685,9679400.0
CTG,2025-10-07,36.21194086958247,36.21194086958247,35.3889422134556,35.3889422134556,7660100.0
CTG,2025-10-08,35.800441541519035,36.62344019764591,35.66327509883122,36.28052409092638,12086900.0
CTG,2025-10-09,36.28052409092638,37.72077173914841,36.07477442689466,37.72077173914841,23979800.0
CTG,2025-10-10,38.20085428855575,38.749520059307,37.652188517804504,37.857938181836225,13574400.0
CTG,2025-10-13,37.5150220751167,38.61235361661919,37.44643885377278,38.406603952587474,13279600.0
CTG,2025-10-14,38.64858975679723,38.64858975679723,37.61150774185634,37.61150774185634,13820600.0
CTG,2025-10-15,37.6806465428524,38.16461814982482,37.40409133886816,37.88806294584058,8115900.0
CTG,2025-10-16,37.95720174683664,38.026340547832696,36.9892585328918,37.19667493587998,11083700.0
CTG,2025-10-17,37.127536134883925,37.47323013986423,36.09045411994303,36.09045411994303,17844200.0
CTG,2025-10-20,36.505286925919386,36.920119731895745,33.73973488607701,33.808873687073074,25218500.0
CTG,2025-10-21,33.87801248806913,34.84595570201396,33.808873687073074,34.5348310975317,13902900.0
CTG,2025-10-22,34.915094503010025,34.915094503010025,33.53231848308884,34.915094503010025,11774700.0
CTG,2025-10-23,34.56940049802972,34.84595570201396,34.29284529404549,34.36198409504155,8542000.0
CTG,2025-10-24,34.11999829155534,34.500261697033665,33.186624478108534,34.43112289603761,11759500.0
CTG,2025-10-27,34.43112289603761,34.465692296535636,33.601457284084894,33.601457284084894,5486100.0
CTG,2025-10-28,33.56688788358686,33.87801248806913,33.01377747561839,33.87801248806913,6328500.0
CTG,2025-10-29,34.016290090061254,34.7768169010179,33.91258188856716,34.32741469454351,7475603.0
CTG,2025-10-30,34.43112289603761,34.465692296535636,33.94715128906519,34.016290090061254,4880504.0
CTG,2025-10-31,34.465692296535636,34.915094503010025,33.87801248806913,33.87801248806913,10058415.0
CTG,2025-11-03,34.085428891057305,34.29284529404549,33.53231848308884,33.53231848308884,5785807.0
CTG,2025-11-04,33.359471480598685,34.56940049802972,33.08291627661445,34.5348310975317,8743310.0
CTG,2025-11-05,34.43112289603761,35.67562131396668,34.22370649304943,35.4682049109785,10663403.0
CTG,2025-11-06,35.39906610998244,35.39906610998244,34.63853929902579,35.32992730898638,8525508.0
CTG,2025-11-07,34.915094503010025,35.39906610998244,33.49774908259081,33.87801248806913,13156805.0
CTG,2025-11-10,33.67059608508095,33.87801248806913,32.944638674622325,33.186624478108534,8171700.0
CTG,2025-11-11,33.29033267960263,33.53231848308884,32.495236468147944,33.53231848308884,8871108.0
CTG,2025-11-12,33.53231848308884,34.22370649304943,33.2557632791046,34.016290090061254,6729000.0
CTG,2025-11-13,33.98172068956322,33.98172068956322,33.46317968209277,33.774304286575045,5668500.0
CTG,2025-11-14,33.53231848308884,33.601457284084894,33.22119387860656,33.56688788358686,6617600.0
CTG,2025-11-17,33.70516548557898,33.8434430875711,33.42861028159474,33.774304286575045,5404850.0
CTG,2025-11-18,33.808873687073074,34.258275893547456,33.774304286575045,34.15456769205337,6066415.0
CTG,2025-11-19,34.15456769205337,34.15456769205337,33.70516548557898,34.11999829155534,5409701.0
CTG,2025-11-20,34.085428891057305,34.085428891057305,33.63602668458292,33.94715128906519,4637203.0
CTG,2025-11-21,33.601457284084894,34.016290090061254,33.394040881096714,33.94715128906519,6630908.0
CTG,2025-11-24,33.94715128906519,34.016290090061254,33.70516548557898,33.73973488607701,4321817.0
CTG,2025-11-25,33.67059608508095,33.8434430875711,33.29033267960263,33.29033267960263,5698505.0
CTG,2025-11-26,33.394040881096714,33.808873687073074,33.11748567711248,33.808873687073074,7145215.0
CTG,2025-11-27,33.87801248806913,34.29284529404549,33.73973488607701,33.774304286575045,7692311.0
CTG,2025-11-28,33.63602668458292,33.87801248806913,33.32490208010066,33.87801248806913,4747409.0
CTG,2025-12-01,33.808873687073074,33.8434430875711,33.46317968209277,33.46317968209277,3949632.0
CTG,2025-12-02,33.8434430875711,34.016290090061254,33.46317968209277,33.91258188856716,9021700.0
CTG,2025-12-03,34.22370649304943,36.22873172193515,34.22370649304943,35.95217651795092,22797704.0
CTG,2025-12-04,36.09045411994303,36.36700932392727,35.74476011496274,35.95217651795092,7628000.0
CTG,2025-12-05,36.021315318946975,36.09045411994303,35.39906610998244,35.606482512970615,6756703.0
CTG,2025-12-08,35.53734371197456,35.53734371197456,34.98423330400608,35.32992730898638,6347903.0
CTG,2025-12-09,35.19164970699426,35.19164970699426,34.5348310975317,34.63853929902579,9598107.0
CTG,2025-12-10,34.84595570201396,35.1225109059982,34.63853929902579,34.915094503010025,5476600.0
CTG,2025-12-11,35.05337210500215,35.05337210500215,34.56940049802972,34.63853929902579,4633204.0
CTG,2025-12-12,34.7768169010179,34.98423330400608,34.22370649304943,34.22370649304943,9014406.0
CTG,2025-12-15,34.29284529404549,34.39655349553958,33.91258188856716,34.36198409504155,6529000.0
CTG,2025-12-16,34.56940049802972,35.26078850799032,33.91258188856716,35.26078850799032,15208412.0
CTG,2025-12-17,35.5,35.55,34.35,34.7,10858106.0
CTG,2025-12-18,34.7,34.75,33.95,34.35,5822900.0
CTG,2025-12-19,34.35,34.6,34.05,34.45,8127105.0
CTG,2025-12-22,34.5,35.25,34.3,35.15,11796100.0
CTG,2025-12-23,35.3,35.55,34.65,35.0,10517703.0
CTG,2025-12-24,35.0,35.3,34.7,35.3,9502300.0
CTG,2025-12-25,35.4,36.45,35.0,35.0,15379700.0
CTG,2025-12-26,34.9,35.25,34.25,35.2,10622317.0
CTG,2025-12-29,35.0,35.35,34.9,35.3,7582400.0
CTG,2025-12-30,35.35,35.95,35.2,35.65,8456300.0
CTG,2025-12-31,35.7,35.8,35.4,35.75,9925700.0
CTG,2026-01-05,35.8,36.1,34.55,35.5,10837300.0
CTG,2026-01-06,35.4,36.2,34.8,36.2,15006905.0
CTG,2026-01-07,36.4,37.5,36.35,37.45,22144405.0
CTG,2026-01-08,37.55,39.5,37.1,38.2,31939500.0
CTG,2026-01-09,39.0,40.85,38.7,40.75,38922900.0
CTG,2026-01-12,42.0,43.5,41.35,41.5,37246900.0
CTG,2026-01-13,41.5,42.35,40.0,41.3,32378300.0
CTG,2026-01-14,40.8,43.25,40.65,41.45,30568900.0
CTG,2026-01-15,40.5,41.0,39.6,40.0,28177000.0
CTG,2026-01-16,40.7,41.55,39.5,39.6,21678400.0
CTG,2026-01-19,39.65,40.35,39.55,40.0,13549500.0
CTG,2026-01-20,40.45,40.6,39.65,39.65,18904200.0
CTG,2026-01-21,39.55,40.55,39.0,40.2,20390200.0
CTG,2026-01-22,40.4,41.3,39.85,39.9,21656100.0
CTG,2026-01-23,40.0,40.05,38.85,39.0,17979800.0
CTG,2026-01-26,39.05,39.15,38.05,38.2,17221600.0
CTG,2026-01-27,38.2,38.65,38.1,38.25,12601700.0
CTG,2026-01-28,38.35,39.65,38.3,38.4,15308300.0
CTG,2026-01-29,38.5,38.9,38.1,38.3,10027200.0
CTG,2026-01-30,38.2,39.0,37.8,38.75,28474900.0
CTG,2026-02-02,38.8,39.8,38.7,39.35,23383000.0
CTG,2026-02-03,39.75,40.3,39.3,39.7,23670600.0
CTG,2026-02-04,39.9,39.9,39.15,39.6,18233300.0
CTG,2026-02-05,39.65,39.7,38.6,38.6,16072100.0
CTG,2026-02-06,38.2,38.35,37.4,37.4,24838700.0
CTG,2026-02-09,37.7,37.85,36.8,37.1,9918300.0
CTG,2026-02-10,37.5,37.6,36.65,37.1,12648100.0
CTG,2026-02-11,37.45,38.25,37.3,37.9,13723100.0
CTG,2026-02-12,38.3,38.3,37.75,38.0,8656700.0
CTG,2026-02-13,38.0,38.6,37.7,38.6,9259700.0
CTG,2026-02-23,38.95,39.0,38.55,38.7,8379600.0
CTG,2026-02-24,38.55,38.7,38.05,38.2,12133300.0
CTG,2026-02-25,38.35,39.1,38.2,38.5,10573600.0
CTG,2026-02-26,38.55,38.75,38.05,38.5,11489400.0
CTG,2026-02-27,38.45,38.45,38.05,38.25,8888400.0
CTG,2026-03-02,37.5,37.85,36.85,36.85,25730000.0
CTG,2026-03-03,36.8,37.3,35.9,35.9,21254700.0
CTG,2026-03-04,35.75,36.7,35.45,36.4,19451000.0
CTG,2026-03-05,37.0,37.1,36.2,36.2,8015700.0
CTG,2026-03-06,35.9,36.3,35.65,35.65,8532000.0
CTG,2026-03-09,33.2,33.5,33.2,33.2,17770800.0
CTG,2026-03-10,34.2,35.15,33.6,35.05,24975700.0
CTG,2026-03-11,35.0,35.6,34.7,35.1,12877000.0
CTG,2026-03-12,34.8,34.9,34.25,34.3,12913700.0
CTG,2026-03-13,34.3,34.5,33.95,34.0,8278900.0
CTG,2026-03-16,34.05,34.5,34.0,34.15,5159300.0
CTG,2026-03-17,34.45,34.8,34.4,34.4,7184200.0
CTG,2026-03-18,34.6,35.75,34.6,35.0,12546300.0
CTG,2026-03-19,34.5,34.8,34.3,34.65,7530900.0
CTG,2026-03-20,34.55,34.6,33.6,33.6,10708700.0
CTG,2026-03-23,33.2,33.2,32.0,32.5,13238000.0
CTG,2026-03-24,33.3,33.95,33.1,33.55,6410500.0
CTG,2026-03-25,33.75,34.1,33.7,34.05,6241100.0
CTG,2026-03-26,34.05,34.1,33.45,33.8,5738200.0
CTG,2026-03-27,33.7,35.0,33.6,34.8,12073500.0
CTG,2026-03-30,34.1,34.75,33.9,34.05,6061900.0
CTG,2026-03-31,34.4,34.65,34.1,34.6,7394400.0
CTG,2026-04-01,35.2,35.3,34.65,34.75,8257700.0
CTG,2026-04-02,34.45,34.55,34.1,34.3,6251200.0
CTG,2026-04-03,34.4,34.5,33.8,33.8,8626800.0
CTG,2026-04-06,33.75,34.05,33.55,33.7,6070500.0
CTG,2026-04-07,33.75,33.85,33.5,33.7,4955000.0
CTG,2026-04-08,34.8,35.5,34.3,35.5,13337900.0
CTG,2026-04-09,35.05,35.3,34.8,35.0,6309300.0
CTG,2026-04-10,35.25,35.8,35.0,35.0,8029500.0
CTG,2026-04-13,34.8,35.0,34.55,34.8,4304400.0
CTG,2026-04-14,35.1,35.15,34.8,34.9,5465100.0
CTG,2026-04-15,35.2,35.3,34.85,35.05,5586500.0
CTG,2026-04-16,35.15,35.15,34.5,34.6,5773800.0
CTG,2026-04-17,34.7,34.9,34.55,34.85,3775800.0
CTG,2026-04-20,34.95,35.3,34.9,35.1,6020100.0
CTG,2026-04-21,35.3,35.45,34.85,34.85,5807100.0
CTG,2026-04-22,34.9,35.1,34.8,34.9,3997500.0
CTG,2026-04-23,34.8,36.8,34.8,35.5,22296200.0
CTG,2026-04-24,35.6,35.7,35.0,35.0,4783100.0
CTG,2026-04-28,35.3,35.35,34.7,34.8,6945200.0
CTG,2026-04-29,35.0,35.1,34.75,34.95,6648700.0
CTG,2026-05-04,35.4,35.7,35.2,35.35,8318000.0
CTG,2026-05-05,35.3,35.3,34.85,35.3,5731700.0
CTG,2026-05-06,35.3,35.55,35.0,35.55,10173500.0
CTG,2026-05-07,35.65,36.0,35.5,35.8,10661200.0
CTG,2026-05-08,35.95,36.7,35.9,36.2,18248400.0
CTG,2026-05-11,36.3,36.3,35.6,35.6,7072000.0
CTG,2026-05-12,35.65,35.65,35.0,35.25,8809000.0
CTG,2026-05-13,35.25,35.75,35.0,35.55,9697200.0
CTG,2026-05-14,35.65,36.2,35.6,35.95,9116900.0
