Symbol,Date,Open,High,Low,Close,Volume
FPT,2021-05-17,37.08619888541185,37.43199094961149,36.82685483726212,37.0429748773869,4489400.0
FPT,2021-05-18,37.34554293356159,37.77778301381114,37.259094917511675,37.60488698171132,2281300.0
FPT,2021-05-19,37.821007021836095,39.37707131073449,37.5184389656614,39.24739928665963,2896300.0
FPT,2021-05-20,39.24739928665963,41.27892766383254,39.07450325455981,41.27892766383254,4055300.0
FPT,2021-05-21,40.76023956753307,41.75439175210705,40.19832746320865,40.54411952740829,6641600.0
FPT,2021-05-24,40.54411952740829,40.58734353543325,39.80931139098405,40.41444750333343,3680121.0
FPT,2021-05-25,40.41444750333343,41.14925563975767,40.111879447158735,40.54411952740829,2232300.0
FPT,2021-05-26,40.71701555950812,41.27892766383254,40.50089551938334,41.192479647782626,2097800.0
FPT,2021-05-27,41.192479647782626,41.23570365580758,40.41444750333343,40.54411952740829,2974924.0
FPT,2021-05-28,40.630567543458206,41.06280762370776,40.50089551938334,40.97635960765785,1874300.0
FPT,2021-05-31,41.27892766383254,42.359527864456425,40.93313559963289,42.316303856431475,4421806.0
FPT,2021-06-01,44.14389654442956,44.4452200703301,43.691911255578745,43.74213184322883,3495000.0
FPT,2021-06-02,43.74213184322883,43.9430141938292,42.687499502576934,42.93860244082739,5240005.0
FPT,2021-06-03,42.687499502576934,42.8883818531773,42.335955389026296,42.78794067787712,4495770.0
FPT,2021-06-04,42.687499502576934,42.73772009022702,42.08485245077585,42.53683773962666,5945600.0
FPT,2021-06-07,42.48661715197657,42.53683773962666,40.67867599657331,41.53242598662485,4269800.0
FPT,2021-06-08,41.18088187307422,41.68308774957512,40.47779364597295,40.57823482127313,4886000.0
FPT,2021-06-09,40.47779364597295,41.23110246072431,39.6742642435715,41.03022011012395,3602100.0
FPT,2021-06-10,41.03022011012395,41.43198481132467,40.67867599657331,41.13066128542413,2578556.0
FPT,2021-06-11,40.929778934823766,42.13507303842594,40.82933775952358,41.93419068782558,2439600.0
FPT,2021-06-14,41.93419068782558,42.48661715197657,41.68308774957512,42.08485245077585,4650976.0
FPT,2021-06-15,42.08485245077585,42.43639656432648,41.783528924875306,41.783528924875306,1778700.0
FPT,2021-06-16,41.783528924875306,42.48661715197657,41.53242598662485,41.73330833722521,2774400.0
FPT,2021-06-17,41.23110246072431,41.73330833722521,41.23110246072431,41.482205398974756,2346400.0
FPT,2021-06-18,41.73330833722521,42.28573480137621,41.53242598662485,42.08485245077585,1728500.0
FPT,2021-06-21,41.984411275475665,43.34036714202811,41.783528924875306,42.988823028477476,3990900.0
FPT,2021-06-22,43.239925966727924,43.49102890497838,42.8883818531773,42.8883818531773,3285300.0
FPT,2021-06-23,42.838161265527205,42.988823028477476,42.23551421372612,42.637278914926846,3010300.0
FPT,2021-06-24,42.335955389026296,42.637278914926846,42.13507303842594,42.53683773962666,2207800.0
FPT,2021-06-25,42.53683773962666,42.8883818531773,42.28573480137621,42.78794067787712,1613400.0
FPT,2021-06-28,43.239925966727924,43.239925966727924,42.8883818531773,43.03904361612757,1858800.0
FPT,2021-06-29,43.49102890497838,44.696323008580556,43.34036714202811,44.49544065798019,5571900.0
FPT,2021-06-30,44.696323008580556,44.746543596230644,44.19411713207965,44.19411713207965,2174432.0
FPT,2021-07-01,44.244337719729735,44.64610242093047,44.19411713207965,44.64610242093047,1700100.0
FPT,2021-07-02,44.84698477153083,46.454043576333724,44.64610242093047,46.15272005043318,3908500.0
FPT,2021-07-05,47.70955826758598,47.70955826758598,45.70073476158237,46.55448475163391,6430028.0
FPT,2021-07-06,46.454043576333724,46.70514651458417,43.691911255578745,43.691911255578745,3824100.0
FPT,2021-07-07,43.691911255578745,45.70073476158237,42.687499502576934,45.44963182333191,6182100.0
FPT,2021-07-08,45.399411235681825,45.44963182333191,44.696323008580556,45.098087709781275,2617322.0
FPT,2021-07-09,44.99764653448109,46.20294063808327,44.59588183328037,45.04786712213119,4288900.0
FPT,2021-07-12,44.59588183328037,45.04786712213119,41.984411275475665,43.239925966727924,7615900.0
FPT,2021-07-13,43.64169066792866,43.842573018529016,42.687499502576934,43.691911255578745,2634900.0
FPT,2021-07-14,43.99323478147929,43.99323478147929,42.53683773962666,42.78794067787712,2607200.0
FPT,2021-07-15,42.53683773962666,43.49102890497838,42.53683773962666,42.8883818531773,2734600.0
FPT,2021-07-16,43.13948479142775,44.19411713207965,42.93860244082739,43.59147008027856,2385700.0
FPT,2021-07-19,42.78794067787712,43.3905877296782,42.43639656432648,42.53683773962666,3628800.0
FPT,2021-07-20,42.58705832727675,43.59147008027856,42.13507303842594,43.59147008027856,3895576.0
FPT,2021-07-21,43.59147008027856,44.14389654442956,43.239925966727924,43.49102890497838,4340686.0
FPT,2021-07-22,43.29014655437802,44.99764653448109,43.29014655437802,44.897205359180916,4475571.0
FPT,2021-07-23,44.897205359180916,46.654925926934084,44.545661245630285,45.44963182333191,7745700.0
FPT,2021-07-26,45.34919064803173,47.15713180343499,45.29897006038164,47.05669062813481,7447600.0
FPT,2021-07-27,47.40823474168545,47.659337679935895,46.454043576333724,46.805587689884355,6783100.0
FPT,2021-07-28,46.604705339283996,47.05669062813481,46.052278875133,46.20294063808327,3366700.0
FPT,2021-07-29,46.20294063808327,47.15713180343499,46.052278875133,46.90602886518454,3863200.0
FPT,2021-07-30,46.956249452834626,47.6091170922858,46.604705339283996,47.20735239108508,7597700.0
FPT,2021-08-02,47.20735239108508,48.51308766998743,47.20735239108508,48.010881793486526,4789500.0
FPT,2021-08-03,48.11132296878671,48.21176414408689,47.55889650463571,48.11132296878671,3742200.0
FPT,2021-08-04,48.161543556436804,48.312205319387076,47.659337679935895,48.010881793486526,3253400.0
FPT,2021-08-05,47.809999442886166,48.713970020587794,47.659337679935895,48.51308766998743,3046100.0
FPT,2021-08-06,48.61352884528761,48.81441119588798,48.11132296878671,48.51308766998743,4405400.0
FPT,2021-08-09,48.713970020587794,49.06551413413843,48.161543556436804,48.96507295883825,3731500.0
FPT,2021-08-10,49.36683766003897,49.41705824768906,49.01529354648834,49.11573472178852,2980700.0
FPT,2021-08-11,49.06551413413843,49.11573472178852,48.26198473173698,48.26198473173698,5798100.0
FPT,2021-08-12,48.11132296878671,48.21176414408689,46.90602886518454,47.1069112157849,8924200.0
FPT,2021-08-13,46.75536710223426,47.70955826758598,46.70514651458417,47.70955826758598,4133200.0
FPT,2021-08-16,48.21710676111396,48.31861645955841,47.91257766578061,48.014087364225055,2018600.0
FPT,2021-08-17,47.760313118113935,48.014087364225055,47.455784022780584,47.60804857044726,3254100.0
FPT,2021-08-18,47.60804857044726,48.16635191189174,47.60804857044726,47.70955826889171,2015000.0
FPT,2021-08-19,48.21710676111396,48.21710676111396,47.60804857044726,47.96333251500283,3142900.0
FPT,2021-08-20,47.96333251500283,48.064842213447285,46.237667641447175,47.100500078225004,5406200.0
FPT,2021-08-23,46.94823553055833,46.94823553055833,46.18691279222495,46.18691279222495,4631200.0
FPT,2021-08-24,46.44068703833608,46.69446128444721,45.62860945078048,46.643706435224985,5209965.0
FPT,2021-08-25,46.897480681336106,46.897480681336106,46.18691279222495,46.643706435224985,1984700.0
FPT,2021-08-26,46.69446128444721,47.15125492744723,46.288422490669404,46.38993218911386,1998700.0
FPT,2021-08-27,46.18691279222495,46.69446128444721,45.98389339533605,46.69446128444721,2345800.0
FPT,2021-08-30,47.202009776669456,47.202009776669456,46.74521613366943,46.79597098289166,1660867.0
FPT,2021-08-31,46.846725832113876,47.30351947511391,46.69446128444721,46.897480681336106,2377500.0
FPT,2021-09-01,46.74521613366943,47.202009776669456,46.74521613366943,46.897480681336106,1593300.0
FPT,2021-09-06,46.897480681336106,48.16635191189174,46.846725832113876,48.16635191189174,3175000.0
FPT,2021-09-07,48.369371308780636,48.369371308780636,47.455784022780584,47.455784022780584,2570600.0
FPT,2021-09-08,47.455784022780584,47.811067967336164,47.100500078225004,47.25276462589168,1623800.0
FPT,2021-09-09,47.25276462589168,47.65880341966949,47.100500078225004,47.30351947511391,1493700.0
FPT,2021-09-10,47.40502917355836,47.91257766578061,47.40502917355836,47.455784022780584,1480100.0
FPT,2021-09-13,47.50653887200281,47.70955826889171,47.15125492744723,47.202009776669456,1800000.0
FPT,2021-09-14,47.35427432433613,48.064842213447285,47.202009776669456,47.60804857044726,2743300.0
FPT,2021-09-15,47.60804857044726,47.91257766578061,47.35427432433613,47.760313118113935,2137100.0
FPT,2021-09-16,47.91257766578061,48.21710676111396,47.811067967336164,48.064842213447285,2428700.0
FPT,2021-09-17,48.47088100722509,49.232203745558465,48.420126158002866,48.57239070566954,4569300.0
FPT,2021-09-20,48.724655253336216,48.82616495178067,47.760313118113935,47.91257766578061,2764400.0
FPT,2021-09-21,47.40502917355836,47.70955826889171,46.94823553055833,47.455784022780584,2697100.0
FPT,2021-09-22,47.30351947511391,47.40502917355836,47.04974522900278,47.30351947511391,2552300.0
FPT,2021-09-23,47.30351947511391,47.60804857044726,47.202009776669456,47.25276462589168,2099700.0
FPT,2021-09-24,47.30351947511391,47.30351947511391,47.04974522900278,47.04974522900278,1489000.0
FPT,2021-09-27,47.15125492744723,47.455784022780584,46.74521613366943,46.74521613366943,2192700.0
FPT,2021-09-28,46.54219673678053,47.202009776669456,46.44068703833608,47.202009776669456,2693000.0
FPT,2021-09-29,47.202009776669456,47.40502917355836,46.846725832113876,47.30351947511391,1657700.0
FPT,2021-09-30,47.455784022780584,47.65880341966949,47.202009776669456,47.202009776669456,1016900.0
FPT,2021-10-01,47.15125492744723,47.25276462589168,46.94823553055833,47.15125492744723,3863388.0
FPT,2021-10-04,47.202009776669456,48.31861645955841,46.897480681336106,48.014087364225055,3233100.0
FPT,2021-10-05,48.21710676111396,48.724655253336216,47.91257766578061,47.91257766578061,1856761.0
FPT,2021-10-06,47.96333251500283,48.064842213447285,47.55729372122504,47.91257766578061,2223400.0
FPT,2021-10-07,48.16635191189174,48.21710676111396,47.760313118113935,47.86182281655838,1597000.0
FPT,2021-10-08,48.21710676111396,50.5010749761141,47.91257766578061,50.19654588078075,8665000.0
FPT,2021-10-11,50.24730073000297,50.399565277669645,49.892016785447396,50.34881042844742,2539300.0
FPT,2021-10-12,50.34881042844742,50.34881042844742,49.99352648389184,50.24730073000297,4936439.0
FPT,2021-10-13,50.24730073000297,51.5161719605586,49.99352648389184,50.450320126891874,3760100.0
FPT,2021-10-14,50.450320126891874,50.754849222225225,49.94277163466962,50.14579103155852,2487400.0
FPT,2021-10-15,50.450320126891874,50.80560407144745,49.94277163466962,50.19654588078075,1702500.0
FPT,2021-10-18,50.24730073000297,50.754849222225225,50.044281333114064,50.24730073000297,2504100.0
FPT,2021-10-19,50.24730073000297,50.5010749761141,50.044281333114064,50.044281333114064,2031900.0
FPT,2021-10-20,50.095036182336294,50.5010749761141,49.02918434866956,49.536732840891815,2248600.0
FPT,2021-10-21,49.94277163466962,49.99352648389184,49.07993919789179,49.07993919789179,2415600.0
FPT,2021-10-22,49.232203745558465,49.43522314244737,48.77541010255844,48.82616495178067,2801900.0
FPT,2021-10-25,48.82616495178067,48.82616495178067,48.16635191189174,48.16635191189174,3596425.0
FPT,2021-10-26,48.21710676111396,49.18144889633624,47.86182281655838,49.18144889633624,2037700.0
FPT,2021-10-27,49.13069404711401,49.84126193622517,48.97842949944734,49.84126193622517,10939400.0
FPT,2021-10-28,49.84126193622517,49.94277163466962,49.33371344400292,49.73975223778072,1684400.0
FPT,2021-10-29,49.73975223778072,49.73975223778072,49.18144889633624,49.18144889633624,2709100.0
FPT,2021-11-01,49.43522314244737,49.43522314244737,48.52163585644731,48.623145554891764,3281500.0
FPT,2021-11-02,48.47088100722509,49.232203745558465,48.47088100722509,48.77541010255844,2159100.0
FPT,2021-11-03,48.82616495178067,49.07993919789179,48.31861645955841,48.77541010255844,2782100.0
FPT,2021-11-04,48.77541010255844,49.13069404711401,48.57239070566954,48.724655253336216,2041000.0
FPT,2021-11-05,48.82616495178067,49.63824253933627,48.724655253336216,49.536732840891815,2207900.0
FPT,2021-11-08,49.536732840891815,49.99352648389184,49.38446829322514,49.43522314244737,1789900.0
FPT,2021-11-09,49.48597799166959,49.536732840891815,48.724655253336216,48.927674650225114,2124900.0
FPT,2021-11-10,48.927674650225114,49.232203745558465,48.67390040411399,49.232203745558465,1927600.0
FPT,2021-11-11,49.232203745558465,49.73975223778072,48.623145554891764,48.724655253336216,2663500.0
FPT,2021-11-12,48.82616495178067,49.84126193622517,48.67390040411399,49.73975223778072,2367800.0
FPT,2021-11-15,49.99352648389184,49.99352648389184,49.38446829322514,49.38446829322514,1994800.0
FPT,2021-11-16,49.38446829322514,50.5010749761141,49.13069404711401,49.892016785447396,4106200.0
FPT,2021-11-17,49.892016785447396,49.94277163466962,49.73975223778072,49.892016785447396,2196600.0
FPT,2021-11-18,49.892016785447396,50.095036182336294,48.97842949944734,48.97842949944734,2842000.0
FPT,2021-11-19,49.48597799166959,49.63824253933627,48.26786161033618,48.369371308780636,3224800.0
FPT,2021-11-22,48.47088100722509,48.724655253336216,48.21710676111396,48.21710676111396,1863500.0
FPT,2021-11-23,48.21710676111396,49.02918434866956,48.16635191189174,49.02918434866956,2613175.0
FPT,2021-11-24,49.07993919789179,49.94277163466962,48.927674650225114,49.6889973885585,2906717.0
FPT,2021-11-25,49.99352648389184,51.66843650822528,49.892016785447396,50.754849222225225,6169200.0
FPT,2021-11-26,50.80560407144745,51.16088801600302,50.14579103155852,50.19654588078075,1996200.0
FPT,2021-11-29,49.48597799166959,50.19654588078075,49.48597799166959,49.79050708700294,2867500.0
FPT,2021-11-30,49.79050708700294,49.99352648389184,49.232203745558465,49.28295859478069,2583100.0
FPT,2021-12-01,49.48597799166959,50.044281333114064,49.07993919789179,49.84126193622517,1254900.0
FPT,2021-12-02,49.536732840891815,49.892016785447396,49.33371344400292,49.33371344400292,1162895.0
FPT,2021-12-03,49.63824253933627,49.63824253933627,48.47088100722509,48.47088100722509,2009700.0
FPT,2021-12-06,48.47088100722509,48.97842949944734,47.811067967336164,47.96333251500283,3217900.0
FPT,2021-12-07,48.21710676111396,48.724655253336216,47.96333251500283,48.724655253336216,1451000.0
FPT,2021-12-08,48.97842949944734,48.97842949944734,48.21710676111396,48.52163585644731,1150300.0
FPT,2021-12-09,48.26786161033618,49.232203745558465,48.26786161033618,49.232203745558465,1169100.0
FPT,2021-12-10,48.927674650225114,49.232203745558465,48.420126158002866,48.623145554891764,1624900.0
FPT,2021-12-13,48.97842949944734,48.97842949944734,48.52163585644731,48.724655253336216,1073804.0
FPT,2021-12-14,48.724655253336216,48.927674650225114,48.420126158002866,48.57239070566954,2175500.0
FPT,2021-12-15,48.57239070566954,48.87691980100289,48.52163585644731,48.67390040411399,2927500.0
FPT,2021-12-16,49.48597799166959,49.48597799166959,48.47088100722509,48.47088100722509,1763600.0
FPT,2021-12-17,48.52163585644731,49.232203745558465,48.47088100722509,48.927674650225114,1388100.0
FPT,2021-12-20,48.97842949944734,48.97842949944734,48.47088100722509,48.623145554891764,1832100.0
FPT,2021-12-21,48.57239070566954,48.67390040411399,48.26786161033618,48.31861645955841,1711718.0
FPT,2021-12-22,48.21710676111396,48.420126158002866,48.014087364225055,48.21710676111396,2206500.0
FPT,2021-12-23,48.21710676111396,48.21710676111396,47.202009776669456,47.30351947511391,3647858.0
FPT,2021-12-24,47.455784022780584,47.96333251500283,47.100500078225004,47.60804857044726,1224100.0
FPT,2021-12-27,47.811067967336164,48.21710676111396,47.35427432433613,47.96333251500283,1063700.0
FPT,2021-12-28,47.96333251500283,48.16635191189174,47.760313118113935,47.96333251500283,1199600.0
FPT,2021-12-29,48.11559706266951,48.11559706266951,47.50653887200281,47.50653887200281,912200.0
FPT,2021-12-30,47.55729372122504,47.86182281655838,47.455784022780584,47.50653887200281,1226800.0
FPT,2021-12-31,47.60804857044726,47.91257766578061,47.202009776669456,47.202009776669456,1739700.0
FPT,2022-01-04,47.40502917355836,47.811067967336164,47.35427432433613,47.455784022780584,2149300.0
FPT,2022-01-05,47.55729372122504,47.811067967336164,47.455784022780584,47.50653887200281,1789800.0
FPT,2022-01-06,47.50653887200281,47.70955826889171,47.455784022780584,47.455784022780584,2304700.0
FPT,2022-01-07,47.25276462589168,47.55729372122504,47.25276462589168,47.40502917355836,1357800.0
FPT,2022-01-10,47.30351947511391,47.455784022780584,46.643706435224985,46.69446128444721,2733400.0
FPT,2022-01-11,46.69446128444721,46.79597098289166,45.22257065700267,45.425590053891575,2746600.0
FPT,2022-01-12,45.22257065700267,45.98389339533605,44.91804156166932,45.4763449031138,2240700.0
FPT,2022-01-13,46.13615794300273,47.04974522900278,45.57785460155825,46.74521613366943,1947800.0
FPT,2022-01-14,46.54219673678053,46.74521613366943,46.13615794300273,46.33917733989163,909300.0
FPT,2022-01-17,45.933138546113824,46.33917733989163,45.17181580778045,45.17181580778045,1972700.0
FPT,2022-01-18,44.81653186322487,45.4763449031138,44.6642673155582,44.71502216478042,1301900.0
FPT,2022-01-19,44.71502216478042,45.2733255062249,44.6642673155582,44.81653186322487,794900.0
FPT,2022-01-20,44.8672867124471,46.18691279222495,44.81653186322487,45.070306109335995,1355600.0
FPT,2022-01-21,45.17181580778045,45.57785460155825,44.76577701400265,44.76577701400265,927500.0
FPT,2022-01-24,44.76577701400265,44.91804156166932,43.14162183889144,43.293886386558114,3831200.0
FPT,2022-01-25,43.24313153733589,44.41049306944707,42.63407334666919,43.902944577224815,2842600.0
FPT,2022-01-26,44.15671882333594,44.15671882333594,43.39539608500257,43.649170331113694,1093600.0
FPT,2022-01-27,43.649170331113694,44.00445427566927,43.344641235780344,43.59841548189147,774500.0
FPT,2022-01-28,43.649170331113694,45.425590053891575,43.59841548189147,45.425590053891575,1985200.0
FPT,2022-02-07,45.6793643000027,45.730119149224926,45.17181580778045,45.425590053891575,969200.0
FPT,2022-02-08,45.425590053891575,46.592951586002755,45.425590053891575,45.98389339533605,845100.0
FPT,2022-02-09,46.54219673678053,46.54219673678053,45.98389339533605,46.03464824455828,1342700.0
FPT,2022-02-10,46.38993218911386,46.69446128444721,45.780873998447156,46.69446128444721,1119900.0
FPT,2022-02-11,46.592951586002755,46.897480681336106,46.38993218911386,46.4914418875583,1104200.0
FPT,2022-02-14,46.18691279222495,46.4914418875583,45.8823836968916,46.18691279222495,774100.0
FPT,2022-02-15,46.18691279222495,46.54219673678053,45.933138546113824,46.237667641447175,655400.0
FPT,2022-02-16,46.54219673678053,46.94823553055833,46.33917733989163,46.33917733989163,815200.0
FPT,2022-02-17,46.643706435224985,47.100500078225004,46.18691279222495,47.100500078225004,911400.0
FPT,2022-02-18,46.846725832113876,46.94823553055833,46.54219673678053,46.79597098289166,618800.0
FPT,2022-02-21,46.79597098289166,47.70955826889171,46.69446128444721,47.455784022780584,1386000.0
FPT,2022-02-22,47.202009776669456,47.35427432433613,46.69446128444721,47.15125492744723,1344700.0
FPT,2022-02-23,46.99899037978055,47.65880341966949,46.99899037978055,47.202009776669456,973800.0
FPT,2022-02-24,47.202009776669456,47.455784022780584,45.6793643000027,46.69446128444721,1349600.0
FPT,2022-02-25,46.897480681336106,47.40502917355836,46.74521613366943,46.846725832113876,1059900.0
FPT,2022-02-28,46.846725832113876,47.455784022780584,46.846725832113876,47.35427432433613,1561400.0
FPT,2022-03-01,47.70955826889171,47.70955826889171,46.94823553055833,47.40502917355836,1101900.0
FPT,2022-03-02,47.202009776669456,47.40502917355836,47.04974522900278,47.25276462589168,1348400.0
FPT,2022-03-03,47.30351947511391,47.70955826889171,47.30351947511391,47.40502917355836,1432470.0
FPT,2022-03-04,47.35427432433613,47.60804857044726,47.202009776669456,47.455784022780584,1343800.0
FPT,2022-03-07,47.25276462589168,47.65880341966949,46.79597098289166,47.60804857044726,1920300.0
FPT,2022-03-08,47.60804857044726,48.420126158002866,46.99899037978055,48.11559706266951,2927500.0
FPT,2022-03-09,48.014087364225055,48.97842949944734,48.014087364225055,48.47088100722509,3633500.0
FPT,2022-03-10,48.87691980100289,48.87691980100289,48.014087364225055,48.014087364225055,1569500.0
FPT,2022-03-11,47.96333251500283,48.014087364225055,47.04974522900278,47.30351947511391,1538600.0
FPT,2022-03-14,47.202009776669456,47.202009776669456,45.933138546113824,46.592951586002755,2346200.0
FPT,2022-03-15,46.592951586002755,46.592951586002755,45.57785460155825,46.18691279222495,3851300.0
FPT,2022-03-16,46.237667641447175,46.846725832113876,45.933138546113824,46.4914418875583,3165900.0
FPT,2022-03-17,46.592951586002755,47.04974522900278,46.44068703833608,46.69446128444721,2752300.0
FPT,2022-03-18,47.202009776669456,49.02918434866956,47.202009776669456,48.26786161033618,2815100.0
FPT,2022-03-21,48.31861645955841,48.724655253336216,48.21710676111396,48.369371308780636,2005200.0
FPT,2022-03-22,48.724655253336216,49.232203745558465,48.420126158002866,48.927674650225114,2079200.0
FPT,2022-03-23,48.97842949944734,49.48597799166959,48.724655253336216,48.97842949944734,2035800.0
FPT,2022-03-24,48.724655253336216,49.33371344400292,48.369371308780636,48.724655253336216,1863100.0
FPT,2022-03-25,48.77541010255844,48.97842949944734,48.52163585644731,48.57239070566954,1391500.0
FPT,2022-03-28,48.47088100722509,50.095036182336294,48.31861645955841,49.79050708700294,4321325.0
FPT,2022-03-29,50.044281333114064,53.24183683411426,50.044281333114064,53.24183683411426,8468000.0
FPT,2022-03-30,53.698630477114285,54.45995321544766,53.038817437225354,53.80014017555874,3132000.0
FPT,2022-03-31,53.54636592944761,56.13486323978109,53.08957228644758,54.30768866778099,3852800.0
FPT,2022-04-01,54.256933818558764,56.337882636669995,53.85089502478096,56.337882636669995,4624000.0
FPT,2022-04-04,57.60675386722563,57.60675386722563,55.475050199892166,55.475050199892166,3270200.0
FPT,2022-04-05,55.373540501447714,56.642411732003346,55.32278565222549,55.32278565222549,3073800.0
FPT,2022-04-06,55.01825655689215,57.860528113336755,55.01825655689215,57.3529796211145,4179000.0
FPT,2022-04-07,57.70826356567008,59.332418740781286,56.896185978114474,57.505244168781175,5422000.0
FPT,2022-04-08,57.505244168781175,57.80977326411453,55.06901140611436,55.06901140611436,6599500.0
FPT,2022-04-12,55.32278565222549,56.59165688278112,54.10466927089208,55.728824446003294,3678500.0
FPT,2022-04-13,55.83033414444775,58.41883145478123,55.728824446003294,58.41883145478123,3513600.0
FPT,2022-04-14,58.46958630400346,60.34751572522579,58.46958630400346,59.1801541931146,5399800.0
FPT,2022-04-15,58.41883145478123,59.83996723300354,57.860528113336755,58.368076605559004,4074500.0
FPT,2022-04-18,58.368076605559004,60.195251177559115,57.860528113336755,58.62185085167013,3847800.0
FPT,2022-04-19,59.12939934389239,59.38317359000351,56.84543112889225,56.84543112889225,8196978.0
FPT,2022-04-20,56.84543112889225,57.3529796211145,55.62731474755884,56.84543112889225,3350000.0
FPT,2022-04-21,56.43939233511445,58.82487024855904,56.43939233511445,56.84543112889225,4068500.0
FPT,2022-04-22,57.09920537500338,57.80977326411453,53.80014017555874,56.38863748589222,11878200.0
FPT,2022-04-25,55.88108899366997,56.28712778744777,52.48051409578088,52.48051409578088,6019525.0
FPT,2022-04-26,50.85635892066968,53.29259168333648,49.232203745558465,52.93730773878091,5537400.0
FPT,2022-04-27,52.02372045278085,52.785043191114234,51.008623468336346,52.27749469889198,3161700.0
FPT,2022-04-28,52.226739849669755,54.206178969336534,52.02372045278085,53.54636592944761,3147500.0
FPT,2022-04-29,53.29259168333648,54.35844351700321,52.886552889558686,53.29259168333648,4011500.0
FPT,2022-05-04,53.24183683411426,53.749385326336515,52.835798040336456,53.038817437225354,2098400.0
FPT,2022-05-05,53.08957228644758,53.54636592944761,51.71919135744751,53.14032713566981,2453900.0
FPT,2022-05-06,51.922210754336405,52.785043191114234,50.85635892066968,50.85635892066968,3234500.0
FPT,2022-05-09,49.892016785447396,50.24730073000297,47.70955826889171,47.70955826889171,5070700.0
FPT,2022-05-10,47.70955826889171,50.14579103155852,46.69446128444721,49.94277163466962,3735300.0
FPT,2022-05-11,49.73975223778072,51.71919135744751,49.13069404711401,51.71919135744751,2307500.0
FPT,2022-05-12,50.399565277669645,51.71919135744751,48.21710676111396,48.52163585644731,4275700.0
FPT,2022-05-13,48.77541010255844,50.24730073000297,47.25276462589168,47.50653887200281,4186100.0
FPT,2022-05-16,49.48597799166959,49.48597799166959,47.30351947511391,47.30351947511391,1740900.0
FPT,2022-05-17,47.202009776669456,50.60258467455855,46.94823553055833,50.60258467455855,2045800.0
FPT,2022-05-18,50.60258467455855,50.80560407144745,49.48597799166959,49.587487690114045,2014400.0
FPT,2022-05-19,48.26786161033618,49.587487690114045,48.26786161033618,49.232203745558465,2556700.0
FPT,2022-05-20,49.587487690114045,50.19654588078075,49.232203745558465,49.48597799166959,1440400.0
FPT,2022-05-23,49.84126193622517,49.84126193622517,48.77541010255844,48.97842949944734,1343359.0
FPT,2022-05-24,48.97842949944734,49.84126193622517,48.724655253336216,49.84126193622517,1404700.0
FPT,2022-05-25,50.5010749761141,53.29259168333648,50.095036182336294,53.29259168333648,3770800.0
FPT,2022-05-26,53.394101381780935,54.35844351700321,53.08957228644758,53.59712077866983,1766400.0
FPT,2022-05-27,53.59712077866983,56.84543112889225,53.54636592944761,56.7439214304478,4495100.0
FPT,2022-05-30,56.38863748589222,57.048450525781156,55.424295350669944,56.49014718433667,10997000.0
FPT,2022-05-31,56.49014718433667,56.49014718433667,54.561462913892115,55.779579295225524,2855300.0
FPT,2022-06-01,55.779579295225524,57.30222477189228,55.728824446003294,56.7439214304478,3350800.0
FPT,2022-06-02,57.25146992267005,58.26656690711455,56.38863748589222,56.59165688278112,2763900.0
FPT,2022-06-03,56.59165688278112,57.860528113336755,56.28712778744777,57.860528113336755,2620100.0
FPT,2022-06-06,57.860528113336755,58.87562509778126,56.84543112889225,57.3529796211145,3317400.0
FPT,2022-06-07,57.200715073447824,58.672605700892355,55.119766255336586,58.672605700892355,6026500.0
FPT,2022-06-08,59.027889645447935,59.68770268533686,58.11430235944788,58.368076605559004,3038600.0
FPT,2022-06-09,58.62185085167013,58.82487024855904,57.505244168781175,58.52034115322568,2415400.0
FPT,2022-06-10,57.555999018003405,58.21581205789233,55.83033414444775,55.83033414444775,4131600.0
FPT,2022-06-13,54.08883748163534,55.809845946960095,52.85954572068908,52.98247489678371,3835600.0
FPT,2022-06-14,52.85954572068908,55.25666465453428,52.55222278045251,54.76494795015577,2895400.0
FPT,2022-06-15,55.686916770865466,55.686916770865466,54.08883748163534,55.62545218281816,2866700.0
FPT,2022-06-16,55.93277512305472,57.65378358837948,55.44105841867622,56.54742100352785,3387500.0
FPT,2022-06-17,55.50252300672353,56.916208531811726,54.703483362108464,56.54742100352785,4164800.0
FPT,2022-06-20,57.469389824237545,58.08403570471067,56.117168887196655,56.54742100352785,2667500.0
FPT,2022-06-21,56.793279355717104,57.469389824237545,54.703483362108464,54.76494795015577,3188800.0
FPT,2022-06-22,55.19520006648696,55.56398759477085,51.876112311932076,51.93757689997938,3426300.0
FPT,2022-06-23,51.63025395974282,53.35126242506758,51.445860195600886,52.55222278045251,3422125.0
FPT,2022-06-24,52.921010308736385,53.96590830554071,52.55222278045251,52.55222278045251,931400.0
FPT,2022-06-27,53.10540407287833,54.02737289358802,52.79808113264177,53.166868660925644,2519100.0
FPT,2022-06-28,55.01080630234503,55.44105841867622,53.59712077725683,55.133735478439654,3878200.0
FPT,2022-06-29,54.64201877406116,55.31812924258159,54.21176665772996,55.31812924258159,2808800.0
FPT,2022-06-30,55.01080630234503,55.25666465453428,52.98247489678371,52.98247489678371,2026200.0
FPT,2022-07-01,53.474191601162204,54.580554186013835,52.12197066412132,54.08883748163534,2766500.0
FPT,2022-07-04,54.3961604218719,54.3961604218719,52.85954572068908,53.28979783702027,1005500.0
FPT,2022-07-05,53.96590830554071,53.96590830554071,52.4907581924052,52.4907581924052,2122800.0
FPT,2022-07-06,51.69171854779013,52.79808113264177,51.32293101950626,51.32293101950626,3756400.0
FPT,2022-07-07,51.56878937169551,51.99904148802669,51.077072667317,51.077072667317,2486500.0
FPT,2022-07-08,51.56878937169551,51.63025395974282,51.077072667317,51.384395607553564,1937500.0
FPT,2022-07-11,51.99904148802669,51.99904148802669,50.89267890317506,50.89267890317506,1398800.0
FPT,2022-07-12,50.89267890317506,51.32293101950626,50.83121431512775,51.32293101950626,918300.0
FPT,2022-07-13,51.63025395974282,51.63025395974282,50.70828513903313,50.70828513903313,1764700.0
FPT,2022-07-14,50.89267890317506,51.32293101950626,50.52389137489119,50.89267890317506,2203500.0
FPT,2022-07-15,51.63025395974282,51.63025395974282,50.52389137489119,50.52389137489119,1802200.0
FPT,2022-07-18,50.89267890317506,51.93757689997938,50.5853559629385,51.01560807926969,1364900.0
FPT,2022-07-19,50.95414349122238,51.01560807926969,50.52389137489119,51.01560807926969,2342800.0
FPT,2022-07-20,52.24489984021595,52.79808113264177,51.63025395974282,52.18343525216864,4169280.0
FPT,2022-07-21,52.79808113264177,52.79808113264177,51.93757689997938,52.24489984021595,2512600.0
FPT,2022-07-22,53.10540407287833,53.166868660925644,52.30636442826326,52.30636442826326,2190600.0
FPT,2022-07-25,53.474191601162204,53.474191601162204,52.30636442826326,52.4907581924052,2245900.0
FPT,2022-07-26,52.85954572068908,52.85954572068908,52.12197066412132,52.12197066412132,1440400.0
FPT,2022-07-27,51.99904148802669,52.36782901631057,51.876112311932076,52.36782901631057,1271232.0
FPT,2022-07-28,52.36782901631057,52.73661654459445,51.077072667317,52.18343525216864,2335900.0
FPT,2022-07-29,52.30636442826326,52.36782901631057,51.32293101950626,51.32293101950626,2143800.0
FPT,2022-08-01,51.63025395974282,51.753183135837446,51.077072667317,51.63025395974282,2404100.0
FPT,2022-08-02,51.63025395974282,52.30636442826326,51.32293101950626,52.24489984021595,1879700.0
FPT,2022-08-03,52.24489984021595,52.36782901631057,51.753183135837446,52.12197066412132,2443800.0
FPT,2022-08-04,52.30636442826326,53.22833324897295,52.18343525216864,52.921010308736385,3299500.0
FPT,2022-08-05,52.921010308736385,53.59712077725683,52.613687368499825,52.73661654459445,2275100.0
FPT,2022-08-08,52.79808113264177,53.10540407287833,52.42929360435789,52.85954572068908,1670200.0
FPT,2022-08-09,52.85954572068908,53.78151454139877,52.67515195654714,52.98247489678371,2772500.0
FPT,2022-08-10,53.043939484831014,53.28979783702027,52.85954572068908,52.85954572068908,1189100.0
FPT,2022-08-11,52.98247489678371,53.35126242506758,52.67515195654714,52.85954572068908,2535800.0
FPT,2022-08-12,52.67515195654714,53.166868660925644,52.67515195654714,53.166868660925644,1298500.0
FPT,2022-08-15,53.22833324897295,54.76494795015577,53.22833324897295,54.64201877406116,3330000.0
FPT,2022-08-16,54.64201877406116,54.94934171429772,54.150302069682645,54.51908959796653,1415800.0
FPT,2022-08-17,54.703483362108464,54.76494795015577,54.08883748163534,54.273231245777275,1506200.0
FPT,2022-08-18,54.02737289358802,55.133735478439654,54.02737289358802,54.273231245777275,3352900.0
FPT,2022-08-19,54.08883748163534,54.3961604218719,52.98247489678371,53.412727013114896,2101600.0
FPT,2022-08-22,53.22833324897295,53.65858536530414,52.79808113264177,53.35126242506758,1662100.0
FPT,2022-08-23,52.921010308736385,53.474191601162204,52.921010308736385,53.474191601162204,1113300.0
FPT,2022-08-24,53.785088065196085,53.971625942878845,53.5363708949524,53.598550187513325,1067000.0
FPT,2022-08-25,53.598550187513325,53.909446650317925,53.474191602391485,53.660729480074245,1164800.0
FPT,2022-08-26,53.722908772635165,54.59341886848805,53.660729480074245,54.22034311312253,1956600.0
FPT,2022-08-29,54.095984528000685,54.095984528000685,52.66586079909952,53.785088065196085,2541100.0
FPT,2022-08-30,53.785088065196085,54.095984528000685,53.474191602391485,53.722908772635165,1303200.0
FPT,2022-08-31,53.34983301726964,54.095984528000685,53.34983301726964,53.847267357757005,1350100.0
FPT,2022-09-05,53.785088065196085,53.909446650317925,53.412012309830565,53.598550187513325,1110900.0
FPT,2022-09-06,53.474191602391485,53.722908772635165,53.34983301726964,53.34983301726964,1593900.0
FPT,2022-09-07,53.16329513958688,53.412012309830565,52.23060575117308,52.23060575117308,2318200.0
FPT,2022-09-08,52.29278504373399,52.85239867678228,52.10624716605123,52.41714362885584,1299800.0
FPT,2022-09-09,52.60368150653859,52.85239867678228,52.41714362885584,52.41714362885584,1145400.0
FPT,2022-09-12,52.9145779693432,52.976757261904126,52.41714362885584,52.60368150653859,767000.0
FPT,2022-09-13,52.85239867678228,53.03893655446504,52.41714362885584,52.60368150653859,1277702.0
FPT,2022-09-14,51.91970928836847,52.54150221397768,51.91970928836847,52.23060575117308,1474901.0
FPT,2022-09-15,52.54150221397768,52.54150221397768,52.04406787349032,52.04406787349032,959600.0
FPT,2022-09-16,52.04406787349032,52.16842645861216,51.297916362759274,51.297916362759274,1360100.0
FPT,2022-09-19,51.297916362759274,51.98188858092939,50.924840607393755,51.67099211812479,2033700.0
FPT,2022-09-20,51.67099211812479,52.10624716605123,51.17355777763743,51.85752999580756,1976300.0
FPT,2022-09-21,51.79535070324663,51.79535070324663,51.17355777763743,51.17355777763743,775400.0
FPT,2022-09-22,50.98701989995467,51.608812825563874,50.924840607393755,51.546633533002954,1192400.0
FPT,2022-09-23,51.67099211812479,51.67099211812479,51.04919919251559,51.235737070198354,1189800.0
FPT,2022-09-26,50.67612343715007,50.98701989995467,49.92997192641902,50.67612343715007,2124340.0
FPT,2022-09-27,50.98701989995467,50.98701989995467,50.05433051154087,50.05433051154087,1102900.0
FPT,2022-09-28,49.80561334129718,49.99215121897995,48.499848197517856,48.499848197517856,2048400.0
FPT,2022-09-29,49.61907546361442,49.80561334129718,47.87805527190866,47.87805527190866,1303900.0
FPT,2022-09-30,47.87805527190866,50.24086838922362,47.81587597934774,50.05433051154087,3021900.0
FPT,2022-10-03,49.49471687849258,49.92997192641902,47.50497951654314,47.87805527190866,2267300.0
FPT,2022-10-04,48.499848197517856,49.12164112312706,48.0024138570305,48.18895173471326,2066000.0
FPT,2022-10-05,49.12164112312706,49.43253758593166,48.74856536776154,48.74856536776154,1066835.0
FPT,2022-10-06,49.05946183056614,49.05946183056614,47.56715880910405,47.56715880910405,1266700.0
FPT,2022-10-07,47.38062093142129,47.38062093142129,46.012676495081045,46.012676495081045,2134000.0
FPT,2022-10-10,45.701780032276446,46.94536588349485,44.83126993642355,46.012676495081045,1795400.0
FPT,2022-10-11,46.012676495081045,46.012676495081045,44.147297718253434,44.147297718253434,2109700.0
FPT,2022-10-12,44.147297718253434,45.5774214471546,44.147297718253434,45.01780781410632,1463100.0
FPT,2022-10-13,44.89344922898448,45.39088356947184,44.45819418105803,45.39088356947184,959200.0
FPT,2022-10-14,46.26139366532473,46.323572957885645,45.76395932483736,46.012676495081045,844200.0
FPT,2022-10-17,45.701780032276446,45.950497202520125,45.14216639922816,45.8883179099592,730920.0
FPT,2022-10-18,46.012676495081045,46.821007298373004,46.012676495081045,46.57229012812933,900300.0
FPT,2022-10-19,46.57229012812933,47.38062093142129,46.447931543007485,46.94536588349485,1766700.0
FPT,2022-10-20,47.13190376117761,48.810744660322456,46.821007298373004,48.37548961239602,1817900.0
FPT,2022-10-21,48.3133103198351,48.3133103198351,45.950497202520125,45.950497202520125,2505400.0
FPT,2022-10-24,45.950497202520125,46.323572957885645,44.147297718253434,44.20947701081435,3214200.0
FPT,2022-10-25,44.39601488849712,46.323572957885645,44.20947701081435,45.515242154593686,1564600.0
FPT,2022-10-26,46.323572957885645,46.323572957885645,45.20434569178908,45.8883179099592,675100.0
FPT,2022-10-27,46.07485578764196,47.38062093142129,45.826138617398286,47.13190376117761,965900.0
FPT,2022-10-28,47.44280022398221,47.44280022398221,46.447931543007485,46.634469420690245,925800.0
FPT,2022-10-31,46.634469420690245,47.25626234629945,45.826138617398286,47.007545176055764,1084700.0
FPT,2022-11-01,47.44280022398221,47.75369668678681,46.634469420690245,46.94536588349485,611500.0
FPT,2022-11-02,46.75882800581209,47.25626234629945,46.012676495081045,46.012676495081045,978200.0
FPT,2022-11-03,46.323572957885645,47.06972446861669,45.826138617398286,46.07485578764196,672400.0
FPT,2022-11-04,46.012676495081045,46.012676495081045,44.45819418105803,45.328704276910926,2722300.0
FPT,2022-11-07,45.14216639922816,46.012676495081045,45.14216639922816,45.14216639922816,2036000.0
FPT,2022-11-08,44.45819418105803,45.950497202520125,44.39601488849712,45.5774214471546,1665000.0
FPT,2022-11-09,45.5774214471546,46.199214372763805,45.5774214471546,46.012676495081045,897700.0
FPT,2022-11-10,45.701780032276446,45.826138617398286,42.96589115959594,45.39088356947184,2988600.0
FPT,2022-11-11,45.45306286203276,45.76395932483736,44.76909064386264,45.26652498435,1446800.0
FPT,2022-11-14,44.76909064386264,45.01780781410632,43.52550479264423,44.022939133131594,1639000.0
FPT,2022-11-15,43.52550479264423,43.52550479264423,40.976153797646504,40.976153797646504,9108949.0
FPT,2022-11-16,38.11590633984416,43.52550479264423,38.11590633984416,43.09024974471779,3318000.0
FPT,2022-11-17,43.09024974471779,44.76909064386264,40.10564370179361,44.147297718253434,2082500.0
FPT,2022-11-18,43.58768408520515,44.76909064386264,43.02807045215687,44.45819418105803,1261700.0
FPT,2022-11-21,43.21460832983963,44.64473205874079,43.21460832983963,43.58768408520515,840500.0
FPT,2022-11-22,43.52550479264423,44.76909064386264,42.96589115959594,43.836401255448834,1196300.0
FPT,2022-11-23,43.52550479264423,44.147297718253434,43.338966914961475,43.836401255448834,465900.0
FPT,2022-11-24,43.40114620752239,44.147297718253434,43.152429037278715,43.836401255448834,916400.0
FPT,2022-11-25,43.89858054800975,44.76909064386264,43.836401255448834,44.76909064386264,1467400.0
FPT,2022-11-28,45.01780781410632,46.323572957885645,44.9556285215454,46.199214372763805,1283800.0
FPT,2022-11-29,46.57229012812933,46.57229012812933,45.39088356947184,46.199214372763805,1143800.0
FPT,2022-11-30,46.323572957885645,46.57229012812933,45.701780032276446,46.385752250446565,1048500.0
FPT,2022-12-01,46.696648713251165,47.13190376117761,46.07485578764196,46.447931543007485,1776500.0
FPT,2022-12-02,46.447931543007485,48.3133103198351,46.012676495081045,48.12677244215234,2901400.0
FPT,2022-12-05,48.499848197517856,49.12164112312706,48.12677244215234,48.686386075200616,1216400.0
FPT,2022-12-06,48.686386075200616,49.05946183056614,47.25626234629945,47.25626234629945,1537700.0
FPT,2022-12-07,47.19408305373853,47.62933810166497,46.510110835568405,47.56715880910405,1098800.0
FPT,2022-12-08,47.81587597934774,48.997282538005216,47.007545176055764,47.87805527190866,1298700.0
FPT,2022-12-09,47.44280022398221,48.499848197517856,47.38062093142129,48.499848197517856,987500.0
FPT,2022-12-12,48.25113102727417,48.624206782639696,47.50497951654314,47.87805527190866,2540500.0
FPT,2022-12-13,47.38062093142129,48.06459314959141,46.75882800581209,48.0024138570305,899700.0
FPT,2022-12-14,48.0024138570305,48.18895173471326,47.31844163886037,47.44280022398221,1766100.0
FPT,2022-12-15,47.50497951654314,48.562027490078776,47.50497951654314,48.3133103198351,1197500.0
FPT,2022-12-16,47.87805527190866,48.499848197517856,47.50497951654314,48.43766890495694,1126900.0
FPT,2022-12-19,48.686386075200616,48.686386075200616,47.62933810166497,47.62933810166497,1026200.0
FPT,2022-12-20,48.0024138570305,48.0024138570305,46.88318659093393,47.62933810166497,841200.0
FPT,2022-12-21,48.0024138570305,48.12677244215234,47.06972446861669,48.0024138570305,852236.0
FPT,2022-12-22,48.0024138570305,48.18895173471326,47.25626234629945,48.0024138570305,1037800.0
FPT,2022-12-23,47.50497951654314,48.499848197517856,47.38062093142129,48.499848197517856,1823000.0
FPT,2022-12-26,48.3133103198351,48.562027490078776,47.50497951654314,47.50497951654314,832500.0
FPT,2022-12-27,47.50497951654314,48.18895173471326,47.25626234629945,47.56715880910405,1588616.0
FPT,2022-12-28,47.87805527190866,47.87805527190866,47.25626234629945,47.6915173942259,589200.0
FPT,2022-12-29,47.56715880910405,47.87805527190866,47.38062093142129,47.38062093142129,891516.0
FPT,2022-12-30,47.38062093142129,47.81587597934774,47.25626234629945,47.81587597934774,1128600.0
FPT,2023-01-03,47.81587597934774,49.74343404873626,47.75369668678681,49.74343404873626,1535200.0
FPT,2023-01-04,50.24086838922362,50.36522697434547,49.30817900080982,49.74343404873626,794300.0
FPT,2023-01-05,49.86779263385811,50.67612343715007,49.86779263385811,50.11650980410178,1012600.0
FPT,2023-01-06,49.99215121897995,50.42740626690638,49.86779263385811,49.92997192641902,719400.0
FPT,2023-01-09,50.05433051154087,50.30304768178455,49.68125475617535,49.92997192641902,518900.0
FPT,2023-01-10,50.17868909666271,50.55176485202823,49.86779263385811,49.99215121897995,4045000.0
FPT,2023-01-11,49.99215121897995,50.73830272971099,49.99215121897995,50.30304768178455,1076900.0
FPT,2023-01-12,50.36522697434547,50.67612343715007,49.86779263385811,50.17868909666271,572500.0
FPT,2023-01-13,50.05433051154087,50.48958555946731,49.74343404873626,49.74343404873626,999000.0
FPT,2023-01-16,49.80561334129718,50.36522697434547,49.5568961710535,50.24086838922362,574500.0
FPT,2023-01-17,50.48958555946731,50.98701989995467,50.36522697434547,50.98701989995467,1082800.0
FPT,2023-01-18,51.04919919251559,51.85752999580756,50.86266131483283,51.85752999580756,1106900.0
FPT,2023-01-19,51.608812825563874,52.35496433629492,51.546633533002954,52.16842645861216,1521136.0
FPT,2023-01-27,52.29278504373399,53.16329513958688,52.23060575117308,52.23060575117308,1181700.0
FPT,2023-01-30,52.35496433629492,52.47932292141676,52.04406787349032,52.04406787349032,914900.0
FPT,2023-01-31,51.91970928836847,52.04406787349032,50.800482022271915,51.91970928836847,1724400.0
FPT,2023-02-01,52.23060575117308,52.23060575117308,50.86266131483283,50.98701989995467,1068300.0
FPT,2023-02-02,51.04919919251559,51.235737070198354,50.55176485202823,50.924840607393755,2256000.0
FPT,2023-02-03,50.98701989995467,50.98701989995467,49.80561334129718,49.80561334129718,1980900.0
FPT,2023-02-06,49.74343404873626,50.73830272971099,49.5568961710535,50.05433051154087,1015724.0
FPT,2023-02-07,50.05433051154087,50.924840607393755,50.05433051154087,50.17868909666271,814700.0
FPT,2023-02-08,50.24086838922362,50.800482022271915,50.11650980410178,50.48958555946731,891600.0
FPT,2023-02-09,50.36522697434547,50.73830272971099,50.17868909666271,50.17868909666271,3490500.0
FPT,2023-02-10,50.42740626690638,50.48958555946731,50.05433051154087,50.17868909666271,2671824.0
FPT,2023-02-13,50.17868909666271,50.48958555946731,49.74343404873626,50.17868909666271,2110700.0
FPT,2023-02-14,50.17868909666271,50.36522697434547,49.86779263385811,50.24086838922362,785777.0
FPT,2023-02-15,50.05433051154087,50.924840607393755,49.92997192641902,50.73830272971099,5050600.0
FPT,2023-02-16,50.73830272971099,50.98701989995467,50.17868909666271,50.73830272971099,424200.0
FPT,2023-02-17,50.48958555946731,50.73830272971099,50.36522697434547,50.73830272971099,547600.0
FPT,2023-02-20,50.73830272971099,51.608812825563874,50.613944144589155,51.484454240442034,1729900.0
FPT,2023-02-21,51.484454240442034,52.04406787349032,51.36009565532019,51.484454240442034,840000.0
FPT,2023-02-22,51.17355777763743,51.297916362759274,50.86266131483283,50.86266131483283,1047200.0
FPT,2023-02-23,50.800482022271915,50.800482022271915,50.11650980410178,50.613944144589155,10509860.0
FPT,2023-02-24,50.42740626690638,50.55176485202823,49.99215121897995,50.24086838922362,870900.0
FPT,2023-02-27,49.74343404873626,50.05433051154087,49.68125475617535,49.92997192641902,1085400.0
FPT,2023-02-28,49.74343404873626,50.17868909666271,49.43253758593166,50.05433051154087,962900.0
FPT,2023-03-01,49.43253758593166,50.05433051154087,48.9351032454443,50.05433051154087,1487800.0
FPT,2023-03-02,49.74343404873626,50.05433051154087,49.61907546361442,49.74343404873626,1697083.0
FPT,2023-03-03,49.30817900080982,49.74343404873626,48.810744660322456,48.810744660322456,740800.0
FPT,2023-03-06,48.562027490078776,49.61907546361442,48.562027490078776,48.624206782639696,845200.0
FPT,2023-03-07,49.183820415687975,49.68125475617535,48.997282538005216,48.997282538005216,900900.0
FPT,2023-03-08,48.810744660322456,49.43253758593166,48.810744660322456,49.43253758593166,1075100.0
FPT,2023-03-09,49.43253758593166,50.17868909666271,49.2459997082489,50.11650980410178,1273200.0
FPT,2023-03-10,49.86779263385811,49.99215121897995,49.12164112312706,49.43253758593166,640900.0
FPT,2023-03-13,48.562027490078776,49.37035829337074,48.562027490078776,49.05946183056614,886500.0
FPT,2023-03-14,49.12164112312706,49.183820415687975,48.810744660322456,48.9351032454443,697400.0
FPT,2023-03-15,49.183820415687975,50.05433051154087,49.183820415687975,50.05433051154087,1280200.0
FPT,2023-03-16,49.74343404873626,49.74343404873626,48.74856536776154,49.2459997082489,1202200.0
FPT,2023-03-17,49.49471687849258,49.74343404873626,48.872923952883376,49.12164112312706,429400.0
FPT,2023-03-20,49.183820415687975,49.30817900080982,48.25113102727417,48.25113102727417,1416944.0
FPT,2023-03-21,48.872923952883376,48.9351032454443,47.94023456446957,48.562027490078776,959474.0
FPT,2023-03-22,48.624206782639696,48.872923952883376,48.25113102727417,48.810744660322456,962540.0
FPT,2023-03-23,48.74856536776154,48.810744660322456,48.25113102727417,48.499848197517856,456600.0
FPT,2023-03-24,48.686386075200616,48.997282538005216,48.499848197517856,48.872923952883376,390700.0
FPT,2023-03-27,49.05946183056614,49.2459997082489,48.810744660322456,49.183820415687975,1058280.0
FPT,2023-03-28,49.2459997082489,49.2459997082489,48.18895173471326,49.2459997082489,1611200.0
FPT,2023-03-29,49.2459997082489,49.30817900080982,48.872923952883376,49.12164112312706,850300.0
FPT,2023-03-30,49.12164112312706,49.30817900080982,48.997282538005216,49.183820415687975,968200.0
FPT,2023-03-31,49.183820415687975,49.43253758593166,49.12164112312706,49.183820415687975,1713600.0
FPT,2023-04-03,49.37035829337074,50.30304768178455,49.183820415687975,50.30304768178455,1190200.0
FPT,2023-04-04,50.30304768178455,50.36522697434547,49.74343404873626,50.05433051154087,584600.0
FPT,2023-04-05,50.05433051154087,50.11650980410178,49.5568961710535,50.11650980410178,422000.0
FPT,2023-04-06,50.17868909666271,50.67612343715007,49.92997192641902,49.92997192641902,632912.0
FPT,2023-04-07,49.86779263385811,50.17868909666271,49.74343404873626,50.05433051154087,4318378.0
FPT,2023-04-10,50.36522697434547,50.36522697434547,49.80561334129718,49.92997192641902,769800.0
FPT,2023-04-11,49.86779263385811,50.05433051154087,49.80561334129718,49.92997192641902,534000.0
FPT,2023-04-12,49.92997192641902,50.05433051154087,49.68125475617535,49.92997192641902,638204.0
FPT,2023-04-13,49.92997192641902,49.99215121897995,49.30817900080982,49.49471687849258,560500.0
FPT,2023-04-14,49.68125475617535,49.80561334129718,49.30817900080982,49.49471687849258,562500.0
FPT,2023-04-17,49.49471687849258,49.5568961710535,49.12164112312706,49.49471687849258,623120.0
FPT,2023-04-18,49.49471687849258,49.74343404873626,49.2459997082489,49.37035829337074,332900.0
FPT,2023-04-19,49.61907546361442,49.61907546361442,49.30817900080982,49.30817900080982,419800.0
FPT,2023-04-20,49.61907546361442,49.61907546361442,49.2459997082489,49.37035829337074,364400.0
FPT,2023-04-21,49.74343404873626,49.74343404873626,49.30817900080982,49.30817900080982,383200.0
FPT,2023-04-24,49.43253758593166,50.11650980410178,49.12164112312706,49.183820415687975,794500.0
FPT,2023-04-25,49.183820415687975,49.30817900080982,48.686386075200616,48.74856536776154,957240.0
FPT,2023-04-26,48.562027490078776,48.74856536776154,48.25113102727417,48.686386075200616,1290700.0
FPT,2023-04-27,48.562027490078776,48.997282538005216,48.562027490078776,48.686386075200616,221000.0
FPT,2023-04-28,48.997282538005216,48.997282538005216,48.18895173471326,48.18895173471326,956002.0
FPT,2023-05-04,48.37548961239602,48.9351032454443,48.25113102727417,48.810744660322456,2423868.0
FPT,2023-05-05,48.872923952883376,48.872923952883376,48.624206782639696,48.74856536776154,319200.0
FPT,2023-05-08,48.810744660322456,49.05946183056614,48.74856536776154,48.810744660322456,812901.0
FPT,2023-05-09,48.872923952883376,49.61907546361442,48.872923952883376,49.05946183056614,605900.0
FPT,2023-05-10,49.12164112312706,49.49471687849258,49.12164112312706,49.12164112312706,632500.0
FPT,2023-05-11,49.183820415687975,49.49471687849258,49.12164112312706,49.183820415687975,501000.0
FPT,2023-05-12,49.30817900080982,50.11650980410178,48.997282538005216,50.05433051154087,1243100.0
FPT,2023-05-15,50.613944144589155,50.86266131483283,50.24086838922362,50.36522697434547,1399701.0
FPT,2023-05-16,50.36522697434547,50.800482022271915,50.24086838922362,50.67612343715007,1370384.0
FPT,2023-05-17,50.924840607393755,51.422274947881114,50.42740626690638,50.67612343715007,1361200.0
FPT,2023-05-18,50.86266131483283,51.608812825563874,50.613944144589155,51.546633533002954,1549800.0
FPT,2023-05-19,51.608812825563874,51.79535070324663,50.86266131483283,51.484454240442034,2054000.0
FPT,2023-05-22,51.484454240442034,51.484454240442034,50.98701989995467,51.297916362759274,599000.0
FPT,2023-05-23,51.297916362759274,51.297916362759274,50.613944144589155,50.98701989995467,1144100.0
FPT,2023-05-24,50.98701989995467,51.04919919251559,50.42740626690638,50.55176485202823,464300.0
FPT,2023-05-25,50.48958555946731,51.85752999580756,50.36522697434547,51.73317141068571,1391300.0
FPT,2023-05-26,51.67099211812479,51.85752999580756,51.17355777763743,51.67099211812479,1410400.0
FPT,2023-05-29,51.91970928836847,52.04406787349032,51.546633533002954,51.67099211812479,879600.0
FPT,2023-05-30,51.608812825563874,52.790219384221366,51.546633533002954,52.23060575117308,5462000.0
FPT,2023-05-31,52.35496433629492,52.35496433629492,51.67099211812479,52.29278504373399,839400.0
FPT,2023-06-01,52.23060575117308,52.23060575117308,51.67099211812479,51.91970928836847,1127300.0
FPT,2023-06-02,51.91970928836847,52.41714362885584,51.67099211812479,52.10624716605123,735900.0
FPT,2023-06-05,52.16842645861216,52.976757261904126,52.10624716605123,52.85239867678228,1725300.0
FPT,2023-06-06,53.03893655446504,53.03893655446504,52.66586079909952,53.03893655446504,514000.0
FPT,2023-06-07,52.85239867678228,53.101115847025966,52.41714362885584,52.85239867678228,1281946.0
FPT,2023-06-08,52.66586079909952,52.790219384221366,51.91970928836847,51.98188858092939,1897080.0
FPT,2023-06-09,52.41714362885584,52.66586079909952,52.04406787349032,52.60368150653859,953600.0
FPT,2023-06-12,52.54150221397768,52.790219384221366,51.98188858092939,52.790219384221366,745700.0
FPT,2023-06-13,52.47932292141676,52.790219384221366,52.41714362885584,52.47932292141676,1039101.0
FPT,2023-06-14,52.41714362885584,52.72804009166044,52.29278504373399,52.35496433629492,808600.0
FPT,2023-06-15,52.35496433629492,52.47932292141676,51.98188858092939,52.29278504373399,818600.0
FPT,2023-06-16,52.29278504373399,53.598550187513325,51.85752999580756,52.54150221397768,2431500.0
FPT,2023-06-19,52.66586079909952,53.16329513958688,52.54150221397768,52.66586079909952,733200.0
FPT,2023-06-20,52.85239867678228,53.34983301726964,52.66586079909952,53.16329513958688,1566300.0
FPT,2023-06-21,53.16329513958688,53.722908772635165,53.101115847025966,53.34983301726964,2665254.0
FPT,2023-06-22,53.5363708949524,53.785088065196085,52.66586079909952,53.16329513958688,1019700.0
FPT,2023-06-23,53.2254744321478,53.2254744321478,52.72804009166044,52.9145779693432,1556800.0
FPT,2023-06-26,52.9145779693432,53.34983301726964,52.60368150653859,53.34983301726964,1739803.0
FPT,2023-06-27,53.474191602391485,54.282522405683444,53.474191602391485,54.282522405683444,1737800.0
FPT,2023-06-28,54.34470169824437,54.59341886848805,54.095984528000685,54.095984528000685,1281800.0
FPT,2023-06-29,54.095984528000685,54.158163820561604,53.785088065196085,53.785088065196085,1277100.0
FPT,2023-06-30,53.785088065196085,53.847267357757005,53.474191602391485,53.474191602391485,1193500.0
FPT,2023-07-03,53.785088065196085,53.971625942878845,53.474191602391485,53.722908772635165,1444151.0
FPT,2023-07-04,53.722908772635165,54.095984528000685,53.598550187513325,54.095984528000685,1328101.0
FPT,2023-07-05,54.32557795195561,55.33830510418914,54.10856499076271,54.10856499076271,2510220.0
FPT,2023-07-06,54.10856499076271,54.39791560568658,53.529863760914985,53.96388968330078,1801900.0
FPT,2023-07-07,53.674539068376916,54.61492856687948,53.674539068376916,54.47025325941754,1168700.0
FPT,2023-07-10,54.47025325941754,54.904279181803346,54.180902644493685,54.47025325941754,1470300.0
FPT,2023-07-11,54.47025325941754,54.542590913148516,54.25324029822465,54.25324029822465,2060202.0
FPT,2023-07-12,54.25324029822465,54.75960387434141,54.180902644493685,54.47025325941754,1084900.0
FPT,2023-07-13,54.83194152807237,54.83194152807237,54.542590913148516,54.83194152807237,1354889.0
FPT,2023-07-14,55.62765571911301,56.640382871346524,55.04895448926527,56.640382871346524,2822800.0
FPT,2023-07-17,57.14674644746329,57.29142175492523,56.78505817880846,57.14674644746329,1247301.0
FPT,2023-07-18,57.14674644746329,57.14674644746329,56.495707563884594,56.92973348627039,1677400.0
FPT,2023-07-19,56.78505817880846,57.07440879373233,56.640382871346524,56.78505817880846,951900.0
FPT,2023-07-20,56.857395832539424,58.81051248327552,56.78505817880846,58.087135945965855,2334307.0
FPT,2023-07-21,57.65311002358006,58.59349952208262,57.580772369849086,58.59349952208262,1373625.0
FPT,2023-07-24,58.59349952208262,58.81051248327552,58.30414890715875,58.59349952208262,6189824.0
FPT,2023-07-25,58.59349952208262,59.461551366854216,58.59349952208262,58.81051248327552,1472214.0
FPT,2023-07-26,58.738174829544555,59.82323963550905,58.66583717581358,59.82323963550905,1392252.0
FPT,2023-07-27,59.89557728924001,61.05297974893547,59.89557728924001,60.54661617281871,1779013.0
FPT,2023-07-28,60.40194086535677,61.05297974893547,60.1125902504329,61.05297974893547,898421.0
FPT,2023-07-31,61.26999271012837,62.065706901168994,61.05297974893547,61.921031593707056,1512327.0
FPT,2023-08-01,61.921031593707056,62.427395169823825,61.12531740266643,61.12531740266643,1437315.0
FPT,2023-08-02,61.12531740266643,61.34233036385933,60.40194086535677,60.40194086535677,1716535.0
FPT,2023-08-03,60.61895382654967,60.90830444147354,59.96791494297098,60.54661617281871,1007918.0
FPT,2023-08-04,60.7636291340116,61.12531740266643,60.25726555789484,60.25726555789484,2507826.0
FPT,2023-08-07,60.47427851908773,61.12531740266643,60.25726555789484,61.12531740266643,752518.0
FPT,2023-08-08,60.7636291340116,61.197655056397394,60.61895382654967,60.90830444147354,905718.0
FPT,2023-08-09,60.7636291340116,61.26999271012837,60.04025259670194,60.1125902504329,1472034.0
FPT,2023-08-10,60.1125902504329,60.25726555789484,59.461551366854216,59.461551366854216,1393330.0
FPT,2023-08-11,59.31687605939228,60.04025259670194,58.95518779073745,59.31687605939228,1283362.0
FPT,2023-08-14,59.38921371312324,60.18492790416388,59.31687605939228,59.75090198177807,1014109.0
FPT,2023-08-15,59.75090198177807,60.9806420952045,58.95518779073745,60.7636291340116,1715612.0
FPT,2023-08-16,60.18492790416388,61.6316809787832,60.18492790416388,61.559343325052225,4205408.0
FPT,2023-08-17,61.48700567132126,63.078434053402525,61.48700567132126,62.210382208630925,4283009.0
FPT,2023-08-18,61.921031593707056,63.58479762951929,60.9806420952045,61.848693939976094,4283705.0
FPT,2023-08-21,62.13804455489996,62.716745784747694,61.848693939976094,62.13804455489996,3730218.0
FPT,2023-08-22,62.427395169823825,62.572070477285756,60.04025259670194,62.572070477285756,3814024.0
FPT,2023-08-23,62.499732823554794,62.789083438478656,61.26999271012837,62.572070477285756,5362503.0
FPT,2023-08-24,62.57207047526032,65.93852105053747,62.279335642627515,65.86533734237928,6307803.0
FPT,2023-08-25,65.49941880158828,66.59717442396128,65.20668396895549,66.30443959132847,3681400.0
FPT,2023-08-28,67.32901150554326,69.01223679318184,66.59717442396128,68.79268566870725,3564701.0
FPT,2023-08-29,68.79268566870725,68.79268566870725,67.91448117080886,68.49995083607445,3566800.0
FPT,2023-08-30,68.20721600344166,71.86640141135162,68.13403229528345,70.69546208082042,3211100.0
FPT,2023-08-31,70.69546208082042,71.35411545424422,70.32954354002942,70.76864578897863,1643700.0
FPT,2023-09-05,71.06138062161142,72.23231995214262,70.84182949713683,70.84182949713683,1993601.0
FPT,2023-09-06,71.06138062161142,72.45187107661721,70.47591095634583,72.45187107661721,2736401.0
FPT,2023-09-07,72.45187107661721,73.76917782346479,71.42729916240242,71.64685028687703,3641101.0
FPT,2023-09-08,71.35411545424422,72.08595253582621,70.98819691345322,71.42729916240242,2635599.0
FPT,2023-09-11,72.23231995214262,72.81778961740821,69.74407387476384,71.28093174608603,5879810.0
FPT,2023-09-12,71.28093174608603,72.37868736845901,71.28093174608603,72.37868736845901,4011513.0
FPT,2023-09-13,72.37868736845901,72.45187107661721,71.28093174608603,71.72003399503521,4776120.0
FPT,2023-09-14,71.72003399503521,71.72003399503521,69.89044129108024,70.18317612371304,3184700.0
FPT,2023-09-15,70.25635983187124,71.57366657871881,69.74407387476384,71.35411545424422,2803000.0
FPT,2023-09-18,70.91501320529503,70.91501320529503,70.03680870739663,70.91501320529503,2649500.0
FPT,2023-09-19,70.84182949713683,72.01276882766801,70.18317612371304,72.01276882766801,4395800.0
FPT,2023-09-20,72.3055036603008,72.9641570337246,72.08595253582621,72.08595253582621,2663500.0
FPT,2023-09-21,72.08595253582621,72.37868736845901,70.47591095634583,70.84182949713683,4477900.0
FPT,2023-09-22,69.59770645844743,70.98819691345322,67.76811375449246,70.76864578897863,7808600.0
FPT,2023-09-25,70.98819691345322,71.42729916240242,69.01223679318184,69.01223679318184,3150980.0
FPT,2023-09-26,68.93905308502364,69.89044129108024,68.13403229528345,68.42676712791625,2568000.0
FPT,2023-09-27,68.71950196054905,69.01223679318184,66.15807217501208,69.01223679318184,5200401.0
FPT,2023-09-28,68.86586937686545,69.01223679318184,66.88990925659407,68.79268566870725,2106800.0
FPT,2023-09-29,68.79268566870725,69.45133904213104,67.91448117080886,67.91448117080886,3432000.0
FPT,2023-10-02,68.35358341975805,68.64631825239084,67.32901150554326,68.20721600344166,1588140.0
FPT,2023-10-03,67.47537892185966,68.42676712791625,66.96309296475226,67.47537892185966,2848600.0
FPT,2023-10-04,66.81672554843587,68.35358341975805,66.81672554843587,67.69493004633426,2708201.0
FPT,2023-10-05,67.91448117080886,68.28039971159986,67.03627667291046,67.03627667291046,1479100.0
FPT,2023-10-06,66.96309296475226,67.91448117080886,66.59717442396128,67.84129746265066,1339600.0
FPT,2023-10-09,67.62174633817607,69.96362499923843,67.47537892185966,69.96362499923843,4974000.0
FPT,2023-10-10,70.62227837266222,71.13456432976962,69.81725758292204,70.47591095634583,5808100.0
FPT,2023-10-11,70.18317612371304,71.72003399503521,70.18317612371304,70.98819691345322,2921800.0
FPT,2023-10-12,70.98819691345322,71.57366657871881,70.25635983187124,70.54909466450403,2199300.0
FPT,2023-10-13,70.25635983187124,70.47591095634583,69.74407387476384,70.32954354002942,2970000.0
FPT,2023-10-16,70.84182949713683,72.37868736845901,70.47591095634583,70.84182949713683,6972400.0
FPT,2023-10-17,71.57366657871881,71.57366657871881,68.13403229528345,68.13403229528345,2743400.0
FPT,2023-10-18,69.45133904213104,69.45133904213104,66.59717442396128,68.06084858712525,7902700.0
FPT,2023-10-19,68.79268566870725,69.01223679318184,67.32901150554326,67.32901150554326,6001577.0
FPT,2023-10-20,67.69493004633426,68.06084858712525,65.93852105053747,67.98766487896707,3868475.0
FPT,2023-10-23,68.64631825239084,68.64631825239084,66.45080700764487,66.59717442396128,3049502.0
FPT,2023-10-24,67.62174633817607,67.62174633817607,66.45080700764487,67.32901150554326,2700704.0
FPT,2023-10-25,67.18264408922687,67.84129746265066,66.52399071580308,66.52399071580308,2570700.0
FPT,2023-10-26,64.6212143036899,65.79215363422108,62.93798901605131,63.5234586813169,6098925.0
FPT,2023-10-27,64.0357446384243,64.40166317921529,63.15754014052591,63.669826097633305,2474800.0
FPT,2023-10-30,63.669826097633305,63.7430098057915,62.20615193446932,62.20615193446932,1987300.0
FPT,2023-10-31,62.279335642627515,62.42570305894392,60.74247777130534,60.74247777130534,3087200.0
FPT,2023-11-01,61.693865977361924,62.49888676710212,60.449742938672536,62.49888676710212,5052501.0
FPT,2023-11-02,63.230723848684114,65.13350026079729,62.864805307893114,65.13350026079729,3739300.0
FPT,2023-11-03,65.13350026079729,65.27986767711369,63.669826097633305,63.669826097633305,5449105.0
FPT,2023-11-06,64.5480305955317,65.0603165526391,64.2552957628989,64.76758172000629,1996075.0
FPT,2023-11-07,64.76758172000629,64.98713284448088,64.3284794710571,64.6212143036899,1340200.0
FPT,2023-11-08,64.5480305955317,67.76811375449246,64.40166317921529,67.76811375449246,4161100.0
FPT,2023-11-09,67.32901150554326,68.28039971159986,67.18264408922687,67.69493004633426,3010800.0
FPT,2023-11-10,66.96309296475226,67.84129746265066,66.81672554843587,66.96309296475226,2952801.0
FPT,2023-11-13,67.03627667291046,67.32901150554326,66.23125588317028,66.88990925659407,2009500.0
FPT,2023-11-14,67.32901150554326,68.35358341975805,66.81672554843587,67.76811375449246,2228300.0
FPT,2023-11-15,68.57313454423266,68.64631825239084,67.32901150554326,67.62174633817607,2949301.0
FPT,2023-11-16,67.47537892185966,68.06084858712525,67.03627667291046,68.06084858712525,2456401.0
FPT,2023-11-17,68.35358341975805,68.42676712791625,66.30443959132847,66.59717442396128,3851300.0
FPT,2023-11-20,65.93852105053747,67.76811375449246,65.20668396895549,66.37762329948667,2214600.0
FPT,2023-11-21,67.32901150554326,67.32901150554326,66.37762329948667,67.25582779738507,1653400.0
FPT,2023-11-22,67.25582779738507,68.13403229528345,67.25582779738507,68.06084858712525,3394300.0
FPT,2023-11-23,68.28039971159986,68.57313454423266,66.45080700764487,66.45080700764487,2631500.0
FPT,2023-11-24,66.45080700764487,67.32901150554326,66.01170475869569,66.74354184027767,2500900.0
FPT,2023-11-27,66.88990925659407,66.88990925659407,65.93852105053747,66.37762329948667,2181800.0
FPT,2023-11-28,66.45080700764487,67.25582779738507,65.79215363422108,66.67035813211946,3038800.0
FPT,2023-11-29,67.03627667291046,67.32901150554326,66.67035813211946,67.10946038106867,934800.0
FPT,2023-11-30,66.88990925659407,68.57313454423266,66.81672554843587,67.25582779738507,2850100.0
FPT,2023-12-01,67.47537892185966,67.98766487896707,66.81672554843587,67.62174633817607,1875317.0
FPT,2023-12-04,67.76811375449246,68.79268566870725,67.76811375449246,68.49995083607445,3676403.0
FPT,2023-12-05,68.64631825239084,70.10999241555483,68.57313454423266,69.37815533397284,3671700.0
FPT,2023-12-06,69.52452275028924,69.81725758292204,68.86586937686545,69.52452275028924,2106100.0
FPT,2023-12-07,69.59770645844743,69.74407387476384,67.91448117080886,69.01223679318184,5040930.0
FPT,2023-12-08,69.01223679318184,69.59770645844743,68.42676712791625,68.93905308502364,1964170.0
FPT,2023-12-11,69.89044129108024,70.03680870739663,69.23178791765643,69.52452275028924,1821800.0
FPT,2023-12-12,69.81725758292204,70.84182949713683,69.74407387476384,70.84182949713683,5303088.0
FPT,2023-12-13,71.28093174608603,71.28093174608603,69.67089016660564,69.67089016660564,4693469.0
FPT,2023-12-14,70.10999241555483,70.54909466450403,69.67089016660564,70.40272724818763,6126836.0
FPT,2023-12-15,70.40272724818763,70.47591095634583,69.52452275028924,70.40272724818763,2389401.0
FPT,2023-12-18,70.18317612371304,70.40272724818763,68.57313454423266,68.79268566870725,6559900.0
FPT,2023-12-19,68.71950196054905,69.23178791765643,68.49995083607445,69.23178791765643,2161323.0
FPT,2023-12-20,69.01223679318184,69.52452275028924,68.86586937686545,69.30497162581464,5016500.0
FPT,2023-12-21,69.23178791765643,69.59770645844743,68.79268566870725,69.59770645844743,1982242.0
FPT,2023-12-22,69.52452275028924,69.59770645844743,69.08542050134005,69.23178791765643,1721300.0
FPT,2023-12-25,69.45133904213104,70.40272724818763,69.37815533397284,70.25635983187124,2739800.0
FPT,2023-12-26,70.62227837266222,72.1591362439844,70.54909466450403,71.13456432976962,4289901.0
FPT,2023-12-27,71.28093174608603,71.57366657871881,70.91501320529503,70.91501320529503,2291700.0
FPT,2023-12-28,70.98819691345322,70.98819691345322,70.47591095634583,70.69546208082042,1591200.0
FPT,2023-12-29,70.69546208082042,70.98819691345322,70.32954354002942,70.32954354002942,2439525.0
FPT,2024-01-02,70.91501320529503,70.91501320529503,70.03680870739663,70.18317612371304,2217777.0
FPT,2024-01-03,69.96362499923843,70.62227837266222,69.81725758292204,70.47591095634583,1558900.0
FPT,2024-01-04,70.47591095634583,72.01276882766801,70.40272724818763,71.13456432976962,3000600.0
FPT,2024-01-05,71.20774803792781,71.35411545424422,70.62227837266222,71.28093174608603,1501300.0
FPT,2024-01-08,71.28093174608603,71.93958511950981,71.06138062161142,71.20774803792781,1553400.0
FPT,2024-01-09,71.20774803792781,71.20774803792781,70.69546208082042,70.69546208082042,1815000.0
FPT,2024-01-10,70.76864578897863,70.91501320529503,69.15860420949825,69.30497162581464,3810000.0
FPT,2024-01-11,69.30497162581464,69.81725758292204,69.30497162581464,69.52452275028924,1572400.0
FPT,2024-01-12,69.37815533397284,69.96362499923843,68.86586937686545,69.30497162581464,2737500.0
FPT,2024-01-15,69.52452275028924,70.18317612371304,69.45133904213104,69.81725758292204,2107979.0
FPT,2024-01-16,69.30497162581464,70.03680870739663,69.30497162581464,70.03680870739663,1191900.0
FPT,2024-01-17,69.96362499923843,70.25635983187124,69.52452275028924,70.03680870739663,2068500.0
FPT,2024-01-18,70.03680870739663,70.25635983187124,69.67089016660564,69.96362499923843,1628300.0
FPT,2024-01-19,70.25635983187124,70.91501320529503,70.03680870739663,70.47591095634583,2139400.0
FPT,2024-01-22,70.84182949713683,70.84182949713683,70.10999241555483,70.54909466450403,1221800.0
FPT,2024-01-23,70.32954354002942,70.54909466450403,69.81725758292204,69.96362499923843,4161710.0
FPT,2024-01-24,70.10999241555483,70.10999241555483,69.45133904213104,69.52452275028924,2664800.0
FPT,2024-01-25,69.59770645844743,70.03680870739663,69.37815533397284,69.59770645844743,1502000.0
FPT,2024-01-26,69.89044129108024,70.40272724818763,69.74407387476384,70.18317612371304,1470430.0
FPT,2024-01-29,70.18317612371304,70.32954354002942,69.74407387476384,70.18317612371304,2876500.0
FPT,2024-01-30,70.18317612371304,70.18317612371304,69.81725758292204,69.96362499923843,1276438.0
FPT,2024-01-31,69.96362499923843,70.25635983187124,69.89044129108024,70.03680870739663,2334396.0
FPT,2024-02-01,70.18317612371304,73.110524450041,70.03680870739663,73.110524450041,8223100.0
FPT,2024-02-02,73.3300755745156,74.79374973767959,73.25689186635739,74.64738232136318,3848500.0
FPT,2024-02-05,74.64738232136318,76.18424019268537,74.57419861320498,75.74513794373617,3219900.0
FPT,2024-02-06,75.81832165189437,76.84289356610915,75.30603569478698,76.18424019268537,3613900.0
FPT,2024-02-07,76.62334244163456,76.84289356610915,76.03787277636897,76.76970985795097,2425900.0
FPT,2024-02-15,76.98926098242556,77.20881210690015,75.96468906821077,76.11105648452717,3495620.0
FPT,2024-02-16,76.11105648452717,76.91607727426735,75.96468906821077,76.91607727426735,2358100.0
FPT,2024-02-19,77.20881210690015,78.30656772927314,76.84289356610915,76.84289356610915,2968100.0
FPT,2024-02-20,76.98926098242556,76.98926098242556,76.11105648452717,76.33060760900176,3884300.0
FPT,2024-02-21,76.11105648452717,78.23338402111494,75.74513794373617,77.50154693953296,3905800.0
FPT,2024-02-22,77.50154693953296,77.57473064769115,76.55015873347635,76.55015873347635,2268064.0
FPT,2024-02-23,77.20881210690015,78.08701660479855,75.59877052741977,76.03787277636897,5158040.0
FPT,2024-02-26,76.03787277636897,79.03840481085514,75.74513794373617,79.03840481085514,4973700.0
FPT,2024-02-27,79.40432335164613,80.13616043322813,78.59930256190594,78.96522110269694,4497200.0
FPT,2024-02-28,79.03840481085514,79.40432335164613,77.79428177216575,79.40432335164613,5053900.0
FPT,2024-02-29,79.18477222717154,80.06297672506993,78.81885368638054,79.77024189243713,2974101.0
FPT,2024-03-01,79.91660930875352,81.52665088823392,79.84342560059532,81.0875486392847,4961400.0
FPT,2024-03-04,81.23391605560111,81.8193857208667,81.0875486392847,81.52665088823392,3161600.0
FPT,2024-03-05,81.52665088823392,81.52665088823392,80.42889526586093,81.01436493112652,4761118.0
FPT,2024-03-06,80.50207897401911,80.79481380665192,79.33113964348793,79.84342560059532,4108901.0
FPT,2024-03-07,79.84342560059532,83.35624359218889,79.18477222717154,81.4534671800757,5249750.0
FPT,2024-03-08,81.4534671800757,82.4048553861323,80.13616043322813,80.50207897401911,3380400.0
FPT,2024-03-11,80.50207897401911,83.06350875955609,80.50207897401911,80.50207897401911,4083250.0
FPT,2024-03-12,80.50207897401911,83.06350875955609,80.50207897401911,81.8925694290249,3127800.0
FPT,2024-03-13,82.55122280244869,85.62493854509306,81.9657531371831,85.62493854509306,6331100.0
FPT,2024-03-14,86.72269416746605,86.72269416746605,84.67355033903648,85.62493854509306,6215401.0
FPT,2024-03-15,85.47857112877666,85.47857112877666,83.79534584113809,84.89310146351107,4690100.0
FPT,2024-03-18,84.74673404719466,84.74673404719466,81.30709976375931,82.6975902187651,7896500.0
FPT,2024-03-19,82.6975902187651,82.6975902187651,81.30709976375931,81.9657531371831,4064200.0
FPT,2024-03-20,82.1853042616577,84.16126438192907,81.30709976375931,83.79534584113809,3864600.0
FPT,2024-03-21,84.30763179824548,85.03946887982747,83.86852954929628,85.03946887982747,4238500.0
FPT,2024-03-22,85.11265258798566,85.11265258798566,83.79534584113809,84.08808067377089,2852977.0
FPT,2024-03-25,83.50261100850528,84.23444809008727,83.28305988403069,83.42942730034709,3002201.0
FPT,2024-03-26,83.42942730034709,84.52718292272007,83.13669246771428,84.16126438192907,3110290.0
FPT,2024-03-27,83.94171325745448,84.38081550640368,83.50261100850528,84.30763179824548,1465900.0
FPT,2024-03-28,84.81991775535288,85.91767337772586,84.38081550640368,85.69812225325126,2854400.0
FPT,2024-03-29,85.18583629614388,85.77130596140947,84.89310146351107,85.25902000430207,2594300.0
FPT,2024-04-01,84.89310146351107,86.06404079404226,84.30763179824548,85.47857112877666,3243600.0
FPT,2024-04-02,84.45399921456188,85.62493854509306,84.45399921456188,85.62493854509306,2745500.0
FPT,2024-04-03,84.96628517166927,85.62493854509306,84.23444809008727,84.23444809008727,2875000.0
FPT,2024-04-04,84.16126438192907,84.74673404719466,83.42942730034709,83.42942730034709,2930000.0
FPT,2024-04-05,82.7707739269233,83.94171325745448,82.4048553861323,83.2098761758725,2840844.0
FPT,2024-04-08,83.2098761758725,83.2098761758725,82.4048553861323,82.4048553861323,1952000.0
FPT,2024-04-09,82.4048553861323,82.8439576350815,82.3316716779741,82.6975902187651,1432500.0
FPT,2024-04-10,83.06350875955609,84.60036663087827,82.91714134323969,83.28305988403069,1982020.0
FPT,2024-04-11,83.06350875955609,84.45399921456188,82.91714134323969,84.08808067377089,1623300.0
FPT,2024-04-12,84.81991775535288,84.81991775535288,83.64897842482168,84.52718292272007,1862520.0
FPT,2024-04-15,84.52718292272007,84.60036663087827,81.59983459639211,81.6730183045503,4289300.0
FPT,2024-04-16,81.9657531371831,82.8439576350815,81.59983459639211,82.6975902187651,4523200.0
FPT,2024-04-17,82.7707739269233,82.7707739269233,81.6730183045503,81.8193857208667,2998100.0
FPT,2024-04-19,80.86799751481011,81.38028347191751,79.77024189243713,79.77024189243713,7851100.0
FPT,2024-04-22,80.50207897401911,81.52665088823392,79.69705818427893,80.72163009849372,2505218.0
FPT,2024-04-23,81.16073234744292,82.91714134323969,80.42889526586093,82.1853042616577,4233700.0
FPT,2024-04-24,83.13669246771428,87.89363349799723,82.8439576350815,87.89363349799723,10945700.0
FPT,2024-04-25,89.65004249379402,93.67514644249498,89.21094024484483,90.16232845090141,9215500.0
FPT,2024-04-26,90.01596103458502,91.7723700303818,89.43049136931943,90.16232845090141,6053000.0
FPT,2024-05-02,90.60143069985061,94.40698352407696,90.381879575376,93.16286048538758,6888000.0
FPT,2024-05-03,93.74833015065317,93.96788127512778,91.91873744669819,92.1382885711728,4665500.0
FPT,2024-05-06,92.57739082012199,93.38241160986217,91.113716656958,93.38241160986217,2744600.0
FPT,2024-05-07,93.67514644249498,96.30975993619015,93.08967677722939,96.09020881171556,3874168.0
FPT,2024-05-08,95.21200431381716,95.87065768724095,94.62653464855157,95.87065768724095,3824500.0
FPT,2024-05-09,95.57792285460815,97.18796443408854,95.13882060565896,95.35837173013357,3041600.0
FPT,2024-05-10,96.09020881171556,96.74886218513933,94.55335094039336,95.87065768724095,4168700.0
FPT,2024-05-13,96.09020881171556,96.23657622803195,94.26061610776058,94.91926948118436,4360200.0
FPT,2024-05-14,95.13882060565896,96.38294364434833,94.84608577302616,95.50473914644995,3151900.0
FPT,2024-05-15,96.23657622803195,98.43208747277792,96.09020881171556,98.13935264014512,4717700.0
FPT,2024-05-16,99.2371082625181,100.48123130120752,98.21253634830332,99.09074084620173,4043900.0
FPT,2024-05-17,99.09074084620173,99.52984309515091,97.84661780751232,98.43208747277792,3049001.0
FPT,2024-05-20,98.9443734298853,99.6030268033091,97.33433185040494,97.33433185040494,3143500.0
FPT,2024-05-21,98.06616893198692,99.52984309515091,97.70025039119594,99.52984309515091,4206300.0
FPT,2024-05-22,100.9203335501567,102.23764029700428,99.6030268033091,100.9935172583149,7132400.0
FPT,2024-05-23,100.6275987175239,100.8471498419985,98.79800601356892,100.6275987175239,3769000.0
FPT,2024-05-24,100.9935172583149,100.9935172583149,95.57792285460815,96.52931106066475,14134601.0
FPT,2024-05-27,97.33433185040494,97.70025039119594,95.57792285460815,97.18796443408854,6121100.0
FPT,2024-05-28,98.06616893198692,100.26168017673291,97.40751555856313,100.26168017673291,5419500.0
FPT,2024-05-29,100.33486388489109,101.13988467463129,98.65163859725253,99.3102919706763,6107600.0
FPT,2024-05-30,97.91980151567054,98.79800601356892,96.52931106066475,98.79800601356892,7301300.0
FPT,2024-05-31,98.79800601356892,100.11531276041651,97.91980151567054,98.50527118093612,2696600.0
FPT,2024-06-03,98.79800601356892,100.70078242568209,98.57845488909432,100.18849646857471,7773600.0
FPT,2024-06-04,101.72535433989688,101.94490546437149,100.8471498419985,101.79853804805508,7049800.0
FPT,2024-06-05,102.45719142147888,106.04319312123064,102.23764029700428,102.53037512963708,6341801.0
FPT,2024-06-06,102.67674254595349,103.70131446016826,101.5789869235805,102.16445658884608,5231800.0
FPT,2024-06-07,103.18902850306087,103.92086558464287,102.82310996226988,103.92086558464287,3976600.0
FPT,2024-06-10,105.01862120701585,106.11637682938884,104.65270266622485,105.38453974780684,3775400.0
FPT,2024-06-11,105.60409087228145,107.21413245176183,104.72588637438305,107.21413245176183,8418500.0
FPT,2024-06-12,108.3820664683157,112.44957169933926,108.2973267760027,111.85639385314833,11215500.0
FPT,2024-06-13,113.29696862246918,113.38170831478219,110.1616000068885,110.1616000068885,8676200.0
FPT,2024-06-14,110.2463396992015,112.36483200702628,109.3142030837586,111.00899693001843,6607200.0
FPT,2024-06-17,111.00899693001843,111.34795569927039,108.89050462219365,109.14472369913263,4867600.0
FPT,2024-06-18,109.14472369913263,109.90738092994953,108.46680616062869,108.46680616062869,6936800.0
FPT,2024-06-19,108.46680616062869,112.53431139165227,107.28045046824681,111.43269539158338,10269200.0
FPT,2024-06-20,112.70379077627824,114.991762468729,111.68691446852236,112.95800985321723,11060700.0
FPT,2024-06-21,113.46644800709517,115.33072123798097,112.95800985321723,115.33072123798097,7653300.0
FPT,2024-06-24,114.39858462253807,114.82228308410302,111.85639385314833,111.94113354546133,14390900.0
FPT,2024-06-25,111.00899693001843,111.0937366223314,108.97524431450663,110.1616000068885,14050143.0
FPT,2024-06-26,111.00899693001843,111.68691446852236,109.65316185301057,111.68691446852236,7221400.0
FPT,2024-06-27,111.2632160069574,113.63592739172114,110.83951754539245,112.53431139165227,6527700.0
FPT,2024-06-28,112.53431139165227,112.53431139165227,110.50055877614048,110.58529846845347,6633000.0
FPT,2024-07-01,110.50055877614048,110.50055877614048,108.89050462219365,108.97524431450663,6454000.0
FPT,2024-07-02,108.97524431450663,111.94113354546133,108.04310769906373,108.46680616062869,7560001.0
FPT,2024-07-03,110.58529846845347,112.53431139165227,110.2463396992015,111.00899693001843,7884101.0
FPT,2024-07-04,111.94113354546133,115.07650216104201,111.94113354546133,115.07650216104201,8117900.0
FPT,2024-07-05,115.33072123798097,118.38135016124865,115.33072123798097,117.53395323811873,7809400.0
FPT,2024-07-08,117.36447385349275,118.29661046893565,116.51707693036285,118.29661046893565,6105700.0
FPT,2024-07-09,117.8729120073707,118.0423913919967,115.24598154566797,116.51707693036285,9696100.0
FPT,2024-07-10,115.24598154566797,116.0933784687979,113.55118769940816,113.55118769940816,6337700.0
FPT,2024-07-11,113.63592739172114,114.73754339179004,112.28009231471329,112.70379077627824,6882100.0
FPT,2024-07-12,112.0258732377743,115.24598154566797,112.0258732377743,113.38170831478219,3590000.0
FPT,2024-07-15,113.1274892378432,114.2291052379121,112.11061293008731,112.44957169933926,3067200.0
FPT,2024-07-16,113.21222893015619,113.97488616097311,112.11061293008731,113.55118769940816,4352200.0
FPT,2024-07-17,113.55118769940816,113.63592739172114,110.07686031457553,111.77165416083535,6970100.0
FPT,2024-07-18,111.34795569927039,111.34795569927039,108.2973267760027,108.3820664683157,10825201.0
FPT,2024-07-19,108.97524431450663,109.56842216069758,106.77201231436887,106.77201231436887,6576700.0
FPT,2024-07-22,106.77201231436887,106.77201231436887,104.39930092960512,105.16195816042203,6216900.0
FPT,2024-07-23,105.83987569892597,108.04310769906373,105.75513600661297,106.34831385280391,5411600.0
FPT,2024-07-24,106.34831385280391,107.28045046824681,105.07721846810904,106.77201231436887,4171700.0
FPT,2024-07-25,105.24669785273502,106.34831385280391,105.16195816042203,105.92461539123896,3248401.0
FPT,2024-07-26,106.68727262205587,108.46680616062869,105.41617723736101,108.46680616062869,6683700.0
FPT,2024-07-29,110.1616000068885,110.67003816076645,109.3142030837586,109.3142030837586,5009800.0
FPT,2024-07-30,109.3142030837586,109.73790154532355,107.61940923749877,108.46680616062869,2423800.0
FPT,2024-07-31,107.87362831443775,108.97524431450663,107.28045046824681,108.97524431450663,3094200.0
FPT,2024-08-01,109.82264123763655,109.90738092994953,105.16195816042203,105.75513600661297,6870301.0
FPT,2024-08-02,103.4671643141622,105.75513600661297,102.5350276987193,104.39930092960512,10157200.0
FPT,2024-08-05,102.6197673910323,104.14508185266614,99.48439877545162,100.50127508320752,10415200.0
FPT,2024-08-06,101.6876307755894,103.29768492953623,101.51815139096341,102.36554831409332,7021850.0
FPT,2024-08-07,102.5350276987193,103.38242462184922,101.85711016021538,103.38242462184922,2822800.0
FPT,2024-08-08,103.04346585259725,103.72138339110118,102.45028800640632,102.87398646797128,3231431.0
FPT,2024-08-09,103.72138339110118,107.53466954518579,103.38242462184922,107.53466954518579,6011400.0
FPT,2024-08-12,107.53466954518579,110.33107939151448,106.94149169899485,110.1616000068885,6775001.0
FPT,2024-08-13,109.90738092994953,110.33107939151448,108.46680616062869,109.90738092994953,4362901.0
FPT,2024-08-14,110.75477785307945,111.43269539158338,109.73790154532355,109.73790154532355,3822200.0
FPT,2024-08-15,109.39894277607158,109.73790154532355,108.63628554525467,109.05998400681962,2305600.0
FPT,2024-08-16,109.39894277607158,111.00899693001843,109.39894277607158,110.67003816076645,5486600.0
FPT,2024-08-19,111.0937366223314,111.34795569927039,110.1616000068885,110.58529846845347,2554862.0
FPT,2024-08-20,110.75477785307945,112.28009231471329,110.75477785307945,111.43269539158338,3984400.0
FPT,2024-08-21,110.67003816076645,113.38170831478219,110.67003816076645,113.1274892378432,6471900.0
FPT,2024-08-22,113.55118769940816,113.97488616097311,113.1274892378432,113.38170831478219,3560500.0
FPT,2024-08-23,113.29696862246918,113.29696862246918,112.1953526224003,112.78853046859123,3325001.0
FPT,2024-08-26,112.95800985321723,113.1274892378432,111.43269539158338,111.43269539158338,2758200.0
FPT,2024-08-27,111.43269539158338,112.36483200702628,110.50055877614048,112.28009231471329,2989900.0
FPT,2024-08-28,112.70379077627824,113.97488616097311,112.61905108396526,112.95800985321723,2909701.0
FPT,2024-08-29,112.53431139165227,113.38170831478219,112.0258732377743,113.29696862246918,2637701.0
FPT,2024-08-30,113.1274892378432,114.31384493022509,112.70379077627824,114.2291052379121,3379800.0
FPT,2024-09-04,112.70379077627824,112.70379077627824,111.43269539158338,112.70379077627824,4935200.0
FPT,2024-09-05,112.70379077627824,112.70379077627824,109.90738092994953,110.67003816076645,8014000.0
FPT,2024-09-06,110.58529846845347,112.61905108396526,110.4158190838275,111.94113354546133,4251400.0
FPT,2024-09-09,110.83951754539245,111.77165416083535,110.2463396992015,111.2632160069574,2885201.0
FPT,2024-09-10,111.00899693001843,111.00899693001843,109.82264123763655,110.1616000068885,4195101.0
FPT,2024-09-11,110.1616000068885,111.2632160069574,109.99212062226253,110.67003816076645,3590400.0
FPT,2024-09-12,111.00899693001843,112.28009231471329,111.00899693001843,112.11061293008731,4368000.0
FPT,2024-09-13,112.0258732377743,113.04274954553021,111.85639385314833,112.70379077627824,3935700.0
FPT,2024-09-16,111.68691446852236,112.70379077627824,111.0937366223314,111.0937366223314,1915700.0
FPT,2024-09-17,111.1784763146444,112.61905108396526,111.1784763146444,112.61905108396526,3621400.0
FPT,2024-09-18,113.04274954553021,114.56806400716404,112.61905108396526,114.0596258532861,5449600.0
FPT,2024-09-19,114.39858462253807,115.07650216104201,113.80540677634714,114.56806400716404,5154300.0
FPT,2024-09-20,115.50020062260697,116.0933784687979,114.39858462253807,114.65280369947705,3719700.0
FPT,2024-09-23,115.161241853355,115.161241853355,113.04274954553021,113.55118769940816,3482200.0
FPT,2024-09-24,113.55118769940816,114.14436554559909,113.29696862246918,113.97488616097311,2755516.0
FPT,2024-09-25,113.80540677634714,114.2291052379121,113.21222893015619,114.2291052379121,4679900.0
FPT,2024-09-26,114.39858462253807,114.39858462253807,113.46644800709517,113.80540677634714,3080600.0
FPT,2024-09-27,113.80540677634714,113.89014646866012,113.1274892378432,113.72066708403413,3552800.0
FPT,2024-09-30,113.72066708403413,113.97488616097311,112.70379077627824,113.97488616097311,3278500.0
FPT,2024-10-01,114.14436554559909,115.41546093029395,114.14436554559909,115.161241853355,6887000.0
FPT,2024-10-02,114.0596258532861,115.161241853355,114.0596258532861,114.73754339179004,1719800.0
FPT,2024-10-03,114.73754339179004,115.33072123798097,113.55118769940816,113.55118769940816,2300800.0
FPT,2024-10-04,113.80540677634714,114.2291052379121,113.1274892378432,113.63592739172114,1468400.0
FPT,2024-10-07,113.72066708403413,114.31384493022509,113.21222893015619,113.63592739172114,1330500.0
FPT,2024-10-08,113.63592739172114,114.48332431485106,113.21222893015619,113.38170831478219,2108601.0
FPT,2024-10-09,113.80540677634714,115.07650216104201,113.80540677634714,114.73754339179004,2819900.0
FPT,2024-10-10,115.07650216104201,120.33036308444746,115.07650216104201,120.07614400750846,10102200.0
FPT,2024-10-11,120.33036308444746,121.00828062295139,118.29661046893565,118.29661046893565,3863600.0
FPT,2024-10-14,119.56770585363053,119.73718523825652,116.17811816111087,116.60181662267584,5635300.0
FPT,2024-10-15,116.60181662267584,117.44921354580575,115.75441969954592,116.0933784687979,2910800.0
FPT,2024-10-16,115.58494031491995,116.17811816111087,115.24598154566797,115.50020062260697,2796001.0
FPT,2024-10-17,115.66968000723294,116.17811816111087,114.82228308410302,116.0933784687979,3769200.0
FPT,2024-10-18,116.43233723804987,116.77129600730183,115.75441969954592,116.0933784687979,2169401.0
FPT,2024-10-21,116.0933784687979,116.68655631498882,114.82228308410302,114.82228308410302,2861300.0
FPT,2024-10-22,114.991762468729,114.991762468729,112.70379077627824,112.78853046859123,6174500.0
FPT,2024-10-23,112.61905108396526,114.2291052379121,112.36483200702628,113.72066708403413,3015101.0
FPT,2024-10-24,113.72066708403413,113.80540677634714,113.38170831478219,113.80540677634714,2277201.0
FPT,2024-10-25,113.80540677634714,114.0596258532861,113.21222893015619,113.55118769940816,1839000.0
FPT,2024-10-28,113.63592739172114,114.39858462253807,113.21222893015619,114.31384493022509,1506001.0
FPT,2024-10-29,114.73754339179004,114.82228308410302,114.2291052379121,114.73754339179004,2649200.0
FPT,2024-10-30,114.73754339179004,115.161241853355,114.56806400716404,115.161241853355,2059800.0
FPT,2024-10-31,115.161241853355,115.24598154566797,114.65280369947705,115.161241853355,1341700.0
FPT,2024-11-01,114.39858462253807,114.39858462253807,113.21222893015619,114.0596258532861,2667500.0
FPT,2024-11-04,114.0596258532861,114.0596258532861,112.44957169933926,112.53431139165227,3757900.0
FPT,2024-11-05,112.70379077627824,113.55118769940816,112.11061293008731,112.36483200702628,2741100.0
FPT,2024-11-06,112.78853046859123,114.0596258532861,112.70379077627824,114.0596258532861,1801500.0
FPT,2024-11-07,114.65280369947705,116.60181662267584,113.72066708403413,114.48332431485106,4526500.0
FPT,2024-11-08,115.33072123798097,115.92389908417192,114.48332431485106,115.07650216104201,2106300.0
FPT,2024-11-11,115.66968000723294,118.21187077662267,115.24598154566797,117.19499446886678,5292000.0
FPT,2024-11-12,117.44921354580575,117.70343262274473,115.161241853355,115.92389908417192,2964700.0
FPT,2024-11-13,115.83915939185891,117.0255150842408,115.33072123798097,116.77129600730183,3625400.0
FPT,2024-11-14,116.85603569961482,118.55082954587463,115.24598154566797,115.24598154566797,4911301.0
FPT,2024-11-15,114.65280369947705,114.991762468729,112.36483200702628,113.46644800709517,6563600.0
FPT,2024-11-18,113.55118769940816,114.0596258532861,112.28009231471329,113.55118769940816,3993401.0
FPT,2024-11-19,113.1274892378432,113.21222893015619,110.07686031457553,110.1616000068885,9152800.0
FPT,2024-11-20,110.1616000068885,112.1953526224003,107.3651901605598,112.1953526224003,9620300.0
FPT,2024-11-21,112.1953526224003,112.70379077627824,111.00899693001843,112.70379077627824,4329001.0
FPT,2024-11-22,112.61905108396526,113.89014646866012,112.28009231471329,113.46644800709517,5575900.0
FPT,2024-11-25,113.55118769940816,113.55118769940816,112.87327016090421,113.46644800709517,6637700.0
FPT,2024-11-26,113.04274954553021,115.161241853355,112.95800985321723,114.56806400716404,4501100.0
FPT,2024-11-27,114.56806400716404,118.38135016124865,114.56806400716404,117.70343262274473,13316300.0
FPT,2024-11-28,118.12713108430968,118.63556923818763,117.19499446886678,118.12713108430968,7158700.0
FPT,2024-11-29,118.12713108430968,123.21151262308915,117.78817231505772,122.27937600764626,13487700.0
FPT,2024-12-02,123.13268638218656,124.58331401108272,120.82874838335145,121.34073460531481,7940530.0
FPT,2024-12-03,120.91407942034535,124.49798297408883,120.91407942034535,123.7300036411438,6971700.0
FPT,2024-12-04,123.7300036411438,124.83930712206441,121.85272082727818,122.45003808623541,7749101.0
FPT,2024-12-05,122.87669327120487,126.71658993593003,122.5353691232293,126.71658993593003,8805101.0
FPT,2024-12-06,129.61784519372236,129.61784519372236,126.28993475096057,127.56990030586896,5003200.0
FPT,2024-12-09,127.31390719488726,127.56990030586896,124.66864504807661,125.43662438102164,5899005.0
FPT,2024-12-10,125.52195541801554,127.56990030586896,125.43662438102164,127.56990030586896,4287206.0
FPT,2024-12-11,127.99655549083842,129.44718311973458,127.74056237985673,128.42321067580787,9266607.0
FPT,2024-12-12,129.61784519372236,129.61784519372236,127.31390719488726,128.1672175648262,5657907.0
FPT,2024-12-13,127.56990030586896,128.76453482378344,127.48456926887506,127.56990030586896,4864805.0
FPT,2024-12-16,127.65523134286283,128.50854171280176,127.56990030586896,127.91122445384453,5671112.0
FPT,2024-12-17,128.0818865278323,128.42321067580787,126.03394163997888,126.28993475096057,7365505.0
FPT,2024-12-18,126.28993475096057,127.82589341685063,126.28993475096057,126.8872520099178,3539440.0
FPT,2024-12-19,125.69261749200334,127.1432451208995,125.60728645500942,126.37526578795445,5825454.0
FPT,2024-12-20,126.71658993593003,128.50854171280176,126.54592786194225,127.56990030586896,4735902.0
FPT,2024-12-23,127.56990030586896,127.91122445384453,126.8872520099178,127.82589341685063,4310913.0
FPT,2024-12-24,127.99655549083842,128.67920378678957,127.48456926887506,128.33787963881397,4037903.0
FPT,2024-12-25,128.50854171280176,129.0205279347651,128.33787963881397,128.67920378678957,4668104.0
FPT,2024-12-26,128.84986586077733,129.1911900087529,127.22857615789337,127.82589341685063,2943303.0
FPT,2024-12-27,127.56990030586896,127.91122445384453,126.8872520099178,127.65523134286283,4611705.0
FPT,2024-12-30,127.48456926887506,128.67920378678957,126.71658993593003,128.42321067580787,3195406.0
FPT,2024-12-31,128.59387274979565,131.3244659336002,128.2525486018201,130.12983141568571,4803202.0
FPT,2025-01-02,130.12983141568571,130.3004934896735,128.0818865278323,129.70317623071625,6190801.0
FPT,2025-01-03,129.10585897175903,129.10585897175903,127.1432451208995,127.1432451208995,6446104.0
FPT,2025-01-06,127.22857615789337,128.1672175648262,126.63125889893614,127.39923823188117,3467104.0
FPT,2025-01-07,127.56990030586896,129.10585897175903,127.56990030586896,128.0818865278323,4053304.0
FPT,2025-01-08,127.99655549083842,127.99655549083842,126.37526578795445,126.54592786194225,3879902.0
FPT,2025-01-09,126.54592786194225,127.31390719488726,126.28993475096057,126.97258304691171,1964401.0
FPT,2025-01-10,126.97258304691171,127.22857615789337,125.60728645500942,125.69261749200334,2737703.0
FPT,2025-01-13,124.66864504807661,126.71658993593003,123.47401053016212,125.948610602985,5156707.0
FPT,2025-01-14,125.948610602985,126.28993475096057,123.81533467813769,123.81533467813769,4304503.0
FPT,2025-01-15,124.58331401108272,125.00996919605218,123.55934156715603,124.15665882611326,3450803.0
FPT,2025-01-16,124.75397608507049,125.43662438102164,123.90066571513157,125.00996919605218,3856703.0
FPT,2025-01-17,125.09530023304607,128.0818865278323,124.58331401108272,127.1432451208995,3900004.0
FPT,2025-01-20,127.1432451208995,128.33787963881397,126.46059682494834,127.99655549083842,2297711.0
FPT,2025-01-21,128.42321067580787,129.1911900087529,127.1432451208995,127.91122445384453,3475801.0
FPT,2025-01-22,127.65523134286283,128.50854171280176,127.31390719488726,127.74056237985673,4066602.0
FPT,2025-01-23,128.0818865278323,133.11641771047195,127.99655549083842,131.66579008157578,8459101.0
FPT,2025-01-24,131.495128007588,131.83645215556356,130.89781074863075,130.89781074863075,3950706.0
FPT,2025-02-03,126.28993475096057,127.31390719488726,123.98599675212549,124.15665882611326,12863200.0
FPT,2025-02-04,124.58331401108272,125.43662438102164,123.98599675212549,124.75397608507049,7250700.0
FPT,2025-02-05,125.35129334402775,125.8632795659911,124.41265193709495,124.83930712206441,5344100.0
FPT,2025-02-06,125.43662438102164,125.69261749200334,124.24198986310715,125.00996919605218,3724601.0
FPT,2025-02-07,125.00996919605218,125.18063127003995,124.41265193709495,124.66864504807661,4365900.0
FPT,2025-02-10,124.15665882611326,124.15665882611326,121.17007253132704,121.17007253132704,7749600.0
FPT,2025-02-11,121.34073460531481,124.07132778911937,119.54878282844307,124.07132778911937,7361400.0
FPT,2025-02-12,124.24198986310715,124.32732090010103,123.13268638218656,123.7300036411438,2035451.0
FPT,2025-02-13,123.7300036411438,123.7300036411438,121.76738979028427,122.10871393825984,3248100.0
FPT,2025-02-14,122.87669327120487,123.7300036411438,122.5353691232293,123.64467260414992,3251709.0
FPT,2025-02-17,123.7300036411438,123.7300036411438,122.36470704924153,122.5353691232293,2816300.0
FPT,2025-02-18,122.7060311972171,123.21801741918046,122.10871393825984,122.791362234211,1664400.0
FPT,2025-02-19,122.791362234211,123.64467260414992,122.10871393825984,122.87669327120487,3469801.0
FPT,2025-02-20,123.04735534519266,123.38867949316823,122.02338290126595,122.02338290126595,3385400.0
FPT,2025-02-21,121.85272082727818,121.93805186427207,120.74341734635757,121.17007253132704,5332600.0
FPT,2025-02-24,121.17007253132704,121.17007253132704,119.03679660647973,119.89010697641865,7517901.0
FPT,2025-02-25,119.80477593942476,119.80477593942476,117.92749312555911,118.61014142151026,7334400.0
FPT,2025-02-26,118.69547245850416,120.99941045733925,118.52481038451637,120.99941045733925,3973500.0
FPT,2025-02-27,121.17007253132704,121.34073460531481,120.06076905040642,120.57275527236979,3921700.0
FPT,2025-02-28,119.54878282844307,120.40209319838199,118.61014142151026,119.71944490243087,6943200.0
FPT,2025-03-03,119.89010697641865,120.65808630936368,119.71944490243087,119.89010697641865,2933900.0
FPT,2025-03-04,119.03679660647973,119.97543801341253,118.86613453249196,119.46345179144919,3471300.0
FPT,2025-03-05,119.46345179144919,119.54878282844307,118.69547245850416,118.69547245850416,2851100.0
FPT,2025-03-06,119.03679660647973,122.45003808623541,119.03679660647973,120.82874838335145,6511400.0
FPT,2025-03-07,120.91407942034535,121.76738979028427,120.40209319838199,120.65808630936368,3436000.0
FPT,2025-03-10,120.74341734635757,120.74341734635757,118.78080349549803,118.86613453249196,5681900.0
FPT,2025-03-11,117.75683105157134,118.1834862365408,116.90352068163241,117.33017586660188,6164400.0
FPT,2025-03-12,117.50083794058965,118.35414831052857,115.96487927469961,115.96487927469961,6365000.0
FPT,2025-03-13,116.13554134868738,117.75683105157134,116.13554134868738,116.47686549666295,3710200.0
FPT,2025-03-14,115.70888616371792,116.30620342267518,111.61299638801111,112.12498260997445,16251000.0
FPT,2025-03-17,112.29564468396222,112.72229986893169,110.58902394408439,110.93034809205996,7623000.0
FPT,2025-03-18,111.01567912905385,112.80763090592558,110.93034809205996,110.93034809205996,5628500.0
FPT,2025-03-19,111.01567912905385,111.44233431402331,105.38383068745696,106.32247209438977,19264400.0
FPT,2025-03-20,106.32247209438977,108.1997549082554,106.23714105739589,106.66379624236535,8708600.0
FPT,2025-03-21,106.66379624236535,110.07703772212103,106.66379624236535,109.22372735218211,6424800.0
FPT,2025-03-24,109.65038253715157,110.33303083310273,108.62641009322486,110.07703772212103,5090200.0
FPT,2025-03-25,110.75968601807219,110.84501705506607,107.94376179727372,107.94376179727372,5629200.0
FPT,2025-03-26,107.94376179727372,107.94376179727372,104.70118239150582,104.9571755024875,11419201.0
FPT,2025-03-27,104.10386513254858,107.94376179727372,103.33588579960355,107.68776868629206,7224400.0
FPT,2025-03-28,107.60243764929815,107.85843076027984,105.81048587242643,105.81048587242643,3027000.0
FPT,2025-03-31,105.29849965046307,105.29849965046307,103.25055476260965,103.25055476260965,5519302.0
FPT,2025-04-01,104.10386513254858,104.27452720653636,101.37327194874402,102.82389957764019,8304728.0
FPT,2025-04-02,103.42121683659744,104.35985824353025,103.07989268862187,104.10386513254858,3920200.0
FPT,2025-04-03,97.87469943199444,100.34929950481731,96.85072698806773,96.85072698806773,11574900.0
FPT,2025-04-04,90.10957506555023,97.1920511360433,90.10957506555023,96.42407180309827,21849500.0
FPT,2025-04-08,90.45089921352582,92.15751995340365,89.68291988058077,89.68291988058077,16591400.0
FPT,2025-04-09,83.45375418002664,92.15751995340365,83.45375418002664,89.85358195456857,18389300.0
FPT,2025-04-10,96.0827476551227,96.0827476551227,96.0827476551227,96.0827476551227,2040200.0
FPT,2025-04-11,99.83731328285396,101.11727883776234,97.53337528401887,101.11727883776234,19261501.0
FPT,2025-04-14,102.39724439267073,102.39724439267073,97.2773821730372,101.11727883776234,9389400.0
FPT,2025-04-15,99.06933394990892,99.83731328285396,97.02138906205552,98.98400291291505,7849400.0
FPT,2025-04-16,97.70403735800666,98.89867187592115,92.07218891640977,92.07218891640977,18892200.0
FPT,2025-04-17,89.59758884358689,94.9734441742021,89.512257806593,93.35215447131816,12137200.0
FPT,2025-04-18,94.29079587825096,98.13069254297612,94.29079587825096,95.22943728518378,8432500.0
FPT,2025-04-21,95.57076143315935,95.99741661812881,93.8641406932815,95.31476832217767,4362300.0
FPT,2025-04-22,94.71745106322042,94.88811313720821,88.74427847364797,94.20546484125708,10242300.0
FPT,2025-04-23,95.31476832217767,95.31476832217767,91.90152684242199,94.20546484125708,7275800.0
FPT,2025-04-24,95.14410624818989,97.02138906205552,94.37612691524485,95.57076143315935,8260100.0
FPT,2025-04-25,95.57076143315935,95.91208558113492,94.03480276726928,95.91208558113492,6714100.0
FPT,2025-04-28,95.57076143315935,95.91208558113492,93.18149239733037,93.43748550831204,4126000.0
FPT,2025-04-29,93.52281654530593,94.29079587825096,93.09616136033647,93.35215447131816,6209900.0
FPT,2025-05-05,93.43748550831204,93.60814758229982,91.21887854647085,92.669506175367,7620100.0
FPT,2025-05-06,92.669506175367,94.71745106322042,92.669506175367,93.60814758229982,6731201.0
FPT,2025-05-07,93.52281654530593,94.88811313720821,92.9254992863487,93.60814758229982,4379300.0
FPT,2025-05-08,94.20546484125708,97.78936839500054,93.01083032334257,97.53337528401887,13589900.0
FPT,2025-05-09,97.53337528401887,99.32532706089061,96.85072698806773,98.98400291291505,8806900.0
FPT,2025-05-12,99.83731328285396,101.28794091175013,99.58132017187229,100.94661676377456,9137200.0
FPT,2025-05-13,102.39724439267073,102.6532375036524,101.20260987475623,101.97058920770127,10268401.0
FPT,2025-05-14,102.39724439267073,107.77309972328594,102.39724439267073,107.77309972328594,13240300.0
FPT,2025-05-15,107.94376179727372,108.2850859452493,105.46916172445084,106.66379624236535,8723600.0
FPT,2025-05-16,106.23714105739589,106.40780313138367,103.16522372561576,103.25055476260965,8012201.0
FPT,2025-05-19,101.37327194874402,102.82389957764019,99.49598913487839,100.86128572678066,10980700.0
FPT,2025-05-20,99.66665120886617,101.79992713371348,99.66665120886617,101.71459609671959,9748300.0
FPT,2025-05-21,102.39724439267073,102.39724439267073,99.83731328285396,100.94661676377456,8956400.0
FPT,2025-05-22,99.92264431984785,100.34929950481731,98.64267876493946,99.66665120886617,8701500.0
FPT,2025-05-23,99.58132017187229,100.5199615788051,98.98400291291505,99.92264431984785,6613500.0
FPT,2025-05-26,99.58132017187229,100.5199615788051,98.13069254297612,100.09330639383563,4709400.0
FPT,2025-05-27,100.17863743082954,101.88525817070737,100.17863743082954,101.5439340227318,5802200.0
FPT,2025-05-28,101.71459609671959,101.88525817070737,100.26396846782342,101.03194780076846,4969000.0
FPT,2025-05-29,101.5439340227318,101.5439340227318,99.92264431984785,99.92264431984785,2933000.0
FPT,2025-05-30,100.69062365279288,100.86128572678066,99.4106580978845,99.4106580978845,4038000.0
FPT,2025-06-02,99.4106580978845,99.92264431984785,98.64267876493946,99.06933394990892,4571400.0
FPT,2025-06-03,99.58132017187229,100.69062365279288,99.23999602389671,100.17863743082954,5373600.0
FPT,2025-06-04,100.69062365279288,100.86128572678066,99.4106580978845,99.92264431984785,7362300.0
FPT,2025-06-05,99.92264431984785,100.09330639383563,99.4106580978845,99.66665120886617,5146500.0
FPT,2025-06-06,99.66665120886617,99.66665120886617,98.13069254297612,98.13069254297612,5693743.0
FPT,2025-06-09,98.55734772794558,99.75198224586008,98.13069254297612,99.15466498690283,4474400.0
FPT,2025-06-10,99.83731328285396,100.17863743082954,98.72800980193337,98.72800980193337,3854500.0
FPT,2025-06-11,99.06933394990892,100.86128572678066,99.06933394990892,100.605292615799,6554301.0
FPT,2025-06-12,101.20771951452244,101.29378050050418,100.26104866872333,100.69135359863202,4243100.0
FPT,2025-06-13,99.83074373881465,100.26104866872333,98.88407289301556,99.31437782292423,6161701.0
FPT,2025-06-16,99.05619486497902,103.10106120612065,98.97013387899729,102.41257331826675,8644100.0
FPT,2025-06-17,102.41257331826675,102.67075627621196,101.72408543041286,102.24045134630327,5926300.0
FPT,2025-06-18,102.24045134630327,102.84287824817544,100.1749876827416,100.69135359863202,7643800.0
FPT,2025-06-19,100.69135359863202,100.77741458461375,99.57256078086944,99.83074373881465,6730900.0
FPT,2025-06-20,99.91680472479638,100.60529261265029,99.65862176685117,99.91680472479638,5599400.0
FPT,2025-06-23,99.40043880890596,100.08892669675986,98.5398289490886,99.74468275283292,5936200.0
FPT,2025-06-24,100.08892669675986,100.69135359863202,100.08892669675986,100.26104866872333,12952400.0
FPT,2025-06-25,100.69135359863202,102.7568172621937,100.69135359863202,100.77741458461375,7345701.0
FPT,2025-06-26,101.55196345844938,101.81014641639459,100.34710965470506,100.69135359863202,4232300.0
FPT,2025-06-27,100.69135359863202,101.81014641639459,100.60529261265029,100.94953655657723,5963200.0
FPT,2025-06-30,101.46590247246765,102.84287824817544,101.20771951452244,101.72408543041286,8035200.0
FPT,2025-07-01,102.41257331826675,102.84287824817544,101.72408543041286,102.24045134630327,12639400.0
FPT,2025-07-02,101.98226838835807,102.15439036032154,101.20771951452244,102.0683293743398,4639700.0
FPT,2025-07-03,101.98226838835807,103.10106120612065,101.37984148648592,101.55196345844938,7240300.0
FPT,2025-07-04,101.98226838835807,106.19925670146317,101.89620740237633,105.42470782762754,13553000.0
FPT,2025-07-07,106.11319571548144,107.31804951922575,105.85501275753623,106.54350064539011,7444800.0
FPT,2025-07-08,106.80168360333532,108.17865937904313,106.71562261735359,107.14592754726227,8064200.0
FPT,2025-07-09,107.40411050520748,107.49017149118923,105.25258585566407,105.68289078557275,12460400.0
FPT,2025-07-10,106.54350064539011,107.83441543511617,106.2853176874449,106.62956163137186,5404500.0
FPT,2025-07-11,107.57623247717096,110.15806205662307,107.231988533244,108.95320825287874,10996700.0
FPT,2025-07-14,109.46957416876917,110.07200107064133,107.57623247717096,109.38351318278742,7737400.0
FPT,2025-07-15,108.95320825287874,109.98594008465959,108.43684233698832,108.43684233698832,5685000.0
FPT,2025-07-16,109.03926923886048,109.2974521968057,107.6622934631527,108.69502529493353,3866400.0
FPT,2025-07-17,109.03926923886048,111.10473290242216,108.43684233698832,109.2974521968057,9011200.0
FPT,2025-07-18,110.15806205662307,110.15806205662307,108.43684233698832,108.43684233698832,6995800.0
FPT,2025-07-21,111.24243047999293,111.24243047999293,109.16405766853399,109.16405766853399,8766000.0
FPT,2025-07-22,109.16405766853399,111.04449021223493,107.58053552647003,110.94552007835594,7104100.0
FPT,2025-07-23,111.14346034611393,111.63831101550892,110.15375900732396,110.64860967671895,4795100.0
FPT,2025-07-24,110.84654994447695,110.94552007835594,109.65890833792898,109.95581873956596,6600800.0
FPT,2025-07-25,109.95581873956596,110.35169927508196,109.36199793629198,109.55993820404998,5137000.0
FPT,2025-07-28,109.65890833792898,110.45066940896095,109.36199793629198,110.15375900732396,7611000.0
FPT,2025-07-29,110.15375900732396,110.45066940896095,104.90834191173711,104.90834191173711,16789500.0
FPT,2025-07-30,105.89804325052708,106.88774458931705,104.21555097458412,105.0073120456161,7488200.0
FPT,2025-07-31,105.0073120456161,105.79907311664809,102.73099896639916,102.92893923415716,8984200.0
FPT,2025-08-01,102.63202883252018,106.29392378604307,100.45468588718222,105.89804325052708,11986500.0
FPT,2025-08-04,105.40319258113209,105.50216271501108,103.72070030518914,105.50216271501108,5552800.0
FPT,2025-08-05,105.89804325052708,107.58053552647003,103.91864057294713,104.71040164397911,12262000.0
FPT,2025-08-06,104.90834191173711,105.1062821794951,103.42378990355215,103.81967043906815,12710200.0
FPT,2025-08-07,104.51246137622111,106.29392378604307,103.81967043906815,105.1062821794951,11218800.0
FPT,2025-08-08,105.40319258113209,106.29392378604307,103.72070030518914,104.51246137622111,9947800.0
FPT,2025-08-11,104.80937177785812,108.37229659750201,104.21555097458412,105.3042224472531,10278500.0
FPT,2025-08-12,106.29392378604307,107.08568485707505,105.50216271501108,106.39289391992206,11011800.0
FPT,2025-08-13,106.49186405380105,106.68980432155905,103.81967043906815,104.01761070682612,22264000.0
FPT,2025-08-14,104.71040164397911,104.71040164397911,102.63202883252018,102.73099896639916,17905400.0
FPT,2025-08-15,102.73099896639916,103.72070030518914,100.25674561942424,100.35571575330324,18652300.0
FPT,2025-08-18,100.35571575330324,101.93923789536719,98.97013387899727,99.46498454839225,11392300.0
FPT,2025-08-19,99.56395468227124,100.45468588718222,98.97013387899727,99.26704428063425,9153600.0
FPT,2025-08-20,99.06910401287627,99.26704428063425,96.49588053202234,96.69382079978034,19969500.0
FPT,2025-08-21,96.69382079978034,101.84026776148819,96.69382079978034,100.65262615494022,13077001.0
FPT,2025-08-22,100.55365602106122,100.55365602106122,97.7824922724493,97.9804325402073,7212000.0
FPT,2025-08-25,100.94953655657721,100.94953655657721,97.7824922724493,97.7824922724493,7791000.0
FPT,2025-08-26,97.7824922724493,98.97013387899727,96.89176106753833,98.97013387899727,5812500.0
FPT,2025-08-27,100.35571575330324,104.01761070682612,100.15777548554524,103.91864057294713,19729400.0
FPT,2025-08-28,104.01761070682612,104.01761070682612,101.74129762760919,103.42378990355215,7503600.0
FPT,2025-08-29,103.91864057294713,103.91864057294713,100.55365602106122,100.55365602106122,11896200.0
FPT,2025-09-03,100.94953655657721,102.23614829700418,98.97013387899727,102.13717816312518,12034200.0
FPT,2025-09-04,102.23614829700418,104.41349124234212,102.13717816312518,103.91864057294713,15650801.0
FPT,2025-09-05,104.11658084070513,104.41349124234212,102.33511843088318,102.33511843088318,10732900.0
FPT,2025-09-08,101.93923789536719,102.82996910027816,100.85056642269822,100.85056642269822,14237101.0
FPT,2025-09-09,100.94953655657721,101.93923789536719,99.95983521778724,101.04850669045621,7825700.0
FPT,2025-09-10,101.04850669045621,101.84026776148819,100.05880535166624,100.15777548554524,8330200.0
FPT,2025-09-11,100.15777548554524,101.84026776148819,99.46498454839225,100.94953655657721,7414200.0
FPT,2025-09-12,100.94953655657721,101.84026776148819,100.05880535166624,100.55365602106122,8862000.0
FPT,2025-09-15,100.85056642269822,102.43408856476218,100.45468588718222,100.85056642269822,14144103.0
FPT,2025-09-16,101.64232749373019,103.72070030518914,100.94953655657721,102.43408856476218,17980000.0
FPT,2025-09-17,102.92893923415716,106.68980432155905,102.92893923415716,104.41349124234212,21514502.0
FPT,2025-09-18,104.90834191173711,105.20525231337409,101.93923789536719,101.93923789536719,11766000.0
FPT,2025-09-19,102.73099896639916,102.73099896639916,99.46498454839225,101.93923789536719,24160800.0
FPT,2025-09-22,101.4443872259722,101.64232749373019,98.57425334348127,98.67322347736028,17114201.0
FPT,2025-09-23,98.97013387899727,98.97013387899727,96.49588053202234,96.99073120141732,20409346.0
FPT,2025-09-24,97.08970133529631,98.47528320960228,96.39691039814335,98.47528320960228,7711100.0
FPT,2025-09-25,98.47528320960228,98.47528320960228,96.89176106753833,96.99073120141732,9808701.0
FPT,2025-09-26,97.18867146917532,98.27734294184428,96.39691039814335,96.49588053202234,9080800.0
FPT,2025-09-29,96.79279093365933,96.79279093365933,94.51647785444239,94.51647785444239,11520900.0
FPT,2025-09-30,94.51647785444239,94.81338825607938,91.84428423970947,92.04222450746747,13894200.0
FPT,2025-10-01,92.24016477522545,93.52677651565241,90.45870236540351,92.43810504298345,7405100.0
FPT,2025-10-02,91.94325437358847,92.43810504298345,91.05252316867748,91.15149330255647,10293400.0
FPT,2025-10-03,91.25046343643548,93.03192584625744,91.15149330255647,92.43810504298345,7681300.0
FPT,2025-10-06,93.32883624789443,94.91235838995838,92.53707517686244,94.51647785444239,11178000.0
FPT,2025-10-07,95.01132852383738,95.30823892547437,94.2195674528054,94.51647785444239,7335500.0
FPT,2025-10-08,94.51647785444239,95.90205972874836,93.52677651565241,93.52677651565241,6292100.0
FPT,2025-10-09,94.02162718504741,94.02162718504741,92.53707517686244,93.22986611401544,7119886.0
FPT,2025-10-10,93.22986611401544,95.50617919323237,92.83398557849944,95.11029865771637,8587700.0
FPT,2025-10-13,93.92265705116841,93.92265705116841,92.73501544462044,93.03192584625744,11154145.0
FPT,2025-10-14,93.13089598013643,93.52677651565241,91.44840370419348,91.44840370419348,12913551.0
FPT,2025-10-15,91.64634397195147,92.14119464134646,88.57826982170256,88.67723995558154,18738600.0
FPT,2025-10-16,88.87518022333954,90.5576724992825,88.67723995558154,88.87518022333954,8003500.0
FPT,2025-10-17,89.17209062497653,90.5576724992825,87.19268794739659,87.19268794739659,8729400.0
FPT,2025-10-20,87.39062821515459,90.8545829009195,86.10401647472763,86.10401647472763,14655300.0
FPT,2025-10-21,88.08341915230757,92.04222450746747,87.58856848291258,92.04222450746747,21650900.0
FPT,2025-10-22,94.2195674528054,97.9804325402073,94.02162718504741,96.00102986262735,19299410.0
FPT,2025-10-23,96.19897013038535,96.29794026426434,93.03192584625744,94.02162718504741,8971900.0
FPT,2025-10-24,94.02162718504741,96.69382079978034,93.72471678341041,96.69382079978034,15259100.0
FPT,2025-10-27,97.9804325402073,98.67322347736028,95.30823892547437,96.99073120141732,12897800.0
FPT,2025-10-28,97.5845520046913,101.14747682433521,97.5845520046913,101.14747682433521,27282701.0
FPT,2025-10-29,101.34541709209321,102.13717816312518,100.05880535166624,100.65262615494022,9322800.0
FPT,2025-10-30,101.04850669045621,102.43408856476218,100.55365602106122,101.64232749373019,9750604.0
FPT,2025-10-31,101.5433573598512,102.82996910027816,99.95983521778724,102.82996910027816,17274715.0
FPT,2025-11-03,102.73099896639916,105.20525231337409,102.43408856476218,103.91864057294713,20963604.0
FPT,2025-11-04,103.02790936803615,103.62173017131015,100.65262615494022,102.23614829700418,17658600.0
FPT,2025-11-05,100.75159628881921,100.94953655657721,98.57425334348127,99.86086508390825,13259500.0
FPT,2025-11-06,99.86086508390825,100.94953655657721,98.37631307572329,99.16807414675527,6771804.0
FPT,2025-11-07,98.47528320960228,100.75159628881921,98.47528320960228,99.95983521778724,6025112.0
FPT,2025-11-10,100.15777548554524,100.15777548554524,95.20926879159538,95.20926879159538,11858600.0
FPT,2025-11-11,95.80308959486935,96.89176106753833,95.11029865771637,95.11029865771637,7291703.0
FPT,2025-11-12,95.50617919323237,99.56395468227124,95.50617919323237,99.56395468227124,6665300.0
FPT,2025-11-13,99.56395468227124,99.66292481615025,97.68352213857031,97.88146240632831,10224400.0
FPT,2025-11-14,97.88146240632831,99.86086508390825,97.18867146917532,98.97013387899727,6234900.0
FPT,2025-11-17,99.56395468227124,100.75159628881921,99.56395468227124,99.95983521778724,8305114.0
FPT,2025-11-18,99.95983521778724,100.05880535166624,97.7824922724493,98.97013387899727,6660100.0
FPT,2025-11-19,98.47528320960228,98.47528320960228,96.99073120141732,96.99073120141732,7622896.0
FPT,2025-11-20,97.5845520046913,98.67322347736028,97.08970133529631,97.9804325402073,5350423.0
FPT,2025-11-21,96.99073120141732,100.15777548554524,96.79279093365933,99.76189495002924,7936900.0
FPT,2025-11-24,99.66292481615025,100.05880535166624,98.57425334348127,99.16807414675527,6281803.0
FPT,2025-11-25,98.67322347736028,99.26704428063425,97.9804325402073,98.67322347736028,6438917.0
FPT,2025-11-26,98.77219361123927,99.16807414675527,97.88146240632831,97.9804325402073,7615715.0
FPT,2025-11-27,98.17837280796529,98.77219361123927,97.08970133529631,98.47528320960228,6345500.0
FPT,2025-11-28,98.07940267408628,98.37631307572329,96.09999999650634,96.09999999650634,8104404.0
FPT,2025-12-01,96.9,97.7,96.1,96.6,4987979.0
FPT,2025-12-02,96.8,97.3,95.4,96.6,5560800.0
FPT,2025-12-03,97.0,97.0,96.0,96.6,6555300.0
FPT,2025-12-04,96.6,98.5,96.6,97.5,8269500.0
FPT,2025-12-05,97.5,97.5,96.1,96.2,6082500.0
FPT,2025-12-08,96.6,97.3,95.5,95.5,5599606.0
FPT,2025-12-09,95.5,97.0,94.4,96.9,11060504.0
FPT,2025-12-10,97.1,97.1,95.6,95.6,3997100.0
FPT,2025-12-11,95.9,96.6,95.6,96.0,5835700.0
FPT,2025-12-12,96.0,96.0,93.5,93.7,5619817.0
FPT,2025-12-15,93.9,94.4,93.5,93.8,3524800.0
FPT,2025-12-16,93.9,95.4,92.0,94.9,6295300.0
FPT,2025-12-17,94.4,96.3,94.4,95.9,5606800.0
FPT,2025-12-18,95.5,95.6,93.9,94.4,4115500.0
FPT,2025-12-19,94.0,95.0,93.6,93.9,5293006.0
FPT,2025-12-22,94.1,94.3,93.5,93.7,6942400.0
FPT,2025-12-23,94.0,95.9,93.6,94.0,7642195.0
FPT,2025-12-24,94.1,94.2,93.1,93.6,3959500.0
FPT,2025-12-25,93.6,94.8,93.0,93.0,4898200.0
FPT,2025-12-26,92.7,93.0,91.0,92.5,7722400.0
FPT,2025-12-29,92.5,94.9,92.5,94.3,6360900.0
FPT,2025-12-30,94.5,96.6,94.3,96.5,7547904.0
FPT,2025-12-31,96.8,97.0,95.2,95.8,3082600.0
FPT,2026-01-05,95.7,95.7,93.2,95.0,7129300.0
FPT,2026-01-06,94.7,94.8,93.6,94.0,5577510.0
FPT,2026-01-07,94.1,97.6,94.0,97.5,11963800.0
FPT,2026-01-08,98.1,98.1,96.5,96.5,5576200.0
FPT,2026-01-09,96.1,99.9,96.0,97.4,10048700.0
FPT,2026-01-12,98.0,99.5,98.0,99.5,9076600.0
FPT,2026-01-13,99.7,101.7,97.9,98.9,9411100.0
FPT,2026-01-14,99.0,101.1,97.8,99.8,11900400.0
FPT,2026-01-15,99.8,101.7,98.4,98.5,7401400.0
FPT,2026-01-16,99.5,105.3,99.5,105.3,23871100.0
FPT,2026-01-19,108.7,108.7,105.5,105.8,14710500.0
FPT,2026-01-20,106.1,107.0,104.0,104.1,12213100.0
FPT,2026-01-21,103.2,106.5,101.1,105.0,14517300.0
FPT,2026-01-22,105.5,105.8,103.5,103.5,8095100.0
FPT,2026-01-23,103.6,104.6,101.0,101.0,9418000.0
FPT,2026-01-26,100.2,101.6,98.0,98.5,11183100.0
FPT,2026-01-27,99.6,102.5,99.1,102.1,10585500.0
FPT,2026-01-28,102.4,105.8,102.3,104.5,11949800.0
FPT,2026-01-29,105.0,107.2,103.7,106.1,14247700.0
FPT,2026-01-30,106.4,106.4,103.9,104.5,10833200.0
FPT,2026-02-02,103.3,104.3,101.6,104.3,9331400.0
FPT,2026-02-03,104.9,105.4,102.9,103.9,9097000.0
FPT,2026-02-04,103.1,103.5,101.5,101.9,11639700.0
FPT,2026-02-05,101.2,101.9,99.0,99.0,18088600.0
FPT,2026-02-06,98.0,100.0,96.7,97.6,9766800.0
FPT,2026-02-09,98.8,99.4,97.9,99.0,5108600.0
FPT,2026-02-10,99.9,99.9,97.3,97.8,6113500.0
FPT,2026-02-11,98.2,99.5,97.4,98.6,5507500.0
FPT,2026-02-12,99.0,99.2,98.4,98.8,4125200.0
FPT,2026-02-13,98.1,98.5,96.3,96.3,18508400.0
FPT,2026-02-23,96.8,96.8,93.1,94.5,22660400.0
FPT,2026-02-24,94.0,94.0,92.5,92.5,28539000.0
FPT,2026-02-25,92.2,92.5,89.0,89.1,47733100.0
FPT,2026-02-26,90.0,92.2,89.9,90.5,17525500.0
FPT,2026-02-27,91.0,93.5,90.3,92.9,18705600.0
FPT,2026-03-02,90.1,91.5,89.3,89.6,17245400.0
FPT,2026-03-03,90.1,90.9,87.0,87.0,16504400.0
FPT,2026-03-04,86.9,87.0,84.2,85.1,23755700.0
FPT,2026-03-05,86.5,86.8,84.4,84.4,15906800.0
FPT,2026-03-06,84.4,84.6,81.5,81.6,23713900.0
FPT,2026-03-09,76.0,76.7,75.9,75.9,17633000.0
FPT,2026-03-10,76.4,79.6,76.4,79.5,21099200.0
FPT,2026-03-11,80.0,81.0,78.3,80.2,10652800.0
FPT,2026-03-12,78.8,79.2,77.5,77.7,12722400.0
FPT,2026-03-13,77.1,78.5,76.3,77.0,9026000.0
FPT,2026-03-16,77.1,79.3,77.1,78.2,8662000.0
FPT,2026-03-17,79.4,81.3,79.1,79.4,9218800.0
FPT,2026-03-18,80.0,80.2,78.1,78.6,6352700.0
FPT,2026-03-19,77.7,77.8,76.6,76.8,11602900.0
FPT,2026-03-20,76.5,76.5,73.6,74.6,21423700.0
FPT,2026-03-23,73.7,76.1,71.6,73.1,13156200.0
FPT,2026-03-24,75.5,75.9,74.1,75.4,5189700.0
FPT,2026-03-25,76.2,77.0,75.6,77.0,7429300.0
FPT,2026-03-26,77.0,77.0,74.2,74.2,9743400.0
FPT,2026-03-27,74.5,76.3,74.0,76.1,9080300.0
FPT,2026-03-30,74.4,75.2,73.5,74.0,7814800.0
FPT,2026-03-31,74.9,75.5,74.4,74.7,5639200.0
FPT,2026-04-01,75.9,76.3,75.0,75.3,8534000.0
FPT,2026-04-02,75.2,75.2,74.2,74.7,5224400.0
FPT,2026-04-03,74.7,75.5,73.9,74.0,6333100.0
FPT,2026-04-06,74.0,74.5,73.5,73.9,4593000.0
FPT,2026-04-07,74.5,74.5,73.8,74.0,4713000.0
FPT,2026-04-08,76.0,79.1,75.1,79.1,14610000.0
FPT,2026-04-09,79.1,79.2,78.1,78.3,6272100.0
FPT,2026-04-10,78.6,79.0,77.3,77.7,6099800.0
FPT,2026-04-13,76.9,77.0,75.9,76.0,9559100.0
FPT,2026-04-14,77.0,77.2,76.0,76.2,7092500.0
FPT,2026-04-15,76.9,77.0,75.0,75.1,10047800.0
FPT,2026-04-16,75.6,75.6,74.0,74.1,11316400.0
FPT,2026-04-17,75.0,78.0,74.9,76.0,12349600.0
FPT,2026-04-20,76.3,77.0,76.1,76.9,6876800.0
FPT,2026-04-21,77.0,77.4,75.1,75.1,7119000.0
FPT,2026-04-22,75.5,75.5,74.1,74.6,8145000.0
FPT,2026-04-23,75.0,76.0,74.1,74.3,7968500.0
FPT,2026-04-24,74.0,74.1,73.2,73.4,10459800.0
FPT,2026-04-28,73.4,74.4,72.9,74.4,9503800.0
FPT,2026-04-29,73.4,75.5,73.4,75.5,9163000.0
FPT,2026-05-04,74.9,75.1,73.6,73.7,8285900.0
FPT,2026-05-05,73.7,74.5,72.8,74.3,6841400.0
FPT,2026-05-06,74.2,74.2,73.0,73.3,9455600.0
FPT,2026-05-07,73.9,74.3,73.0,73.0,10186100.0
FPT,2026-05-08,73.2,73.3,71.9,71.9,13444300.0
FPT,2026-05-11,71.7,71.7,70.0,70.0,16909100.0
FPT,2026-05-12,70.1,71.5,70.0,70.6,8533300.0
FPT,2026-05-13,70.6,71.5,70.0,70.7,11517600.0
FPT,2026-05-14,71.1,75.3,71.0,73.9,21565500.0
