Symbol,Date,Open,High,Low,Close,Volume
GAS,2021-05-17,55.25917286718592,55.25917286718592,53.4388707021492,53.63390307697457,1039300.0
GAS,2021-05-18,53.82893545179993,53.95895703501684,52.85377357767312,53.308849118932294,1096100.0
GAS,2021-05-19,53.308849118932294,53.95895703501684,52.983795160890025,53.048805952498476,299500.0
GAS,2021-05-20,53.178827535715385,53.178827535715385,52.20366566158857,52.52871961963085,714400.0
GAS,2021-05-21,52.008633286763214,53.178827535715385,51.878611703546305,52.65874120284776,596800.0
GAS,2021-05-24,53.048805952498476,53.63390307697457,52.85377357767312,53.308849118932294,504600.0
GAS,2021-05-25,53.63390307697457,54.088978618233746,53.373859910540745,53.89394624340839,594700.0
GAS,2021-05-26,53.4388707021492,53.76392466019148,53.24383832732384,53.24383832732384,414400.0
GAS,2021-05-27,53.113816744106934,53.308849118932294,52.008633286763214,52.073644078371665,687500.0
GAS,2021-05-28,52.72375199445621,53.56889228536612,52.33368724480549,53.308849118932294,685400.0
GAS,2021-05-31,53.24383832732384,53.76392466019148,52.52871961963085,53.69891386858301,879700.0
GAS,2021-06-01,55.19416207557747,55.19416207557747,54.349021784667556,54.414032576276014,1013500.0
GAS,2021-06-02,54.80409732592673,56.884442657397265,54.609064951101374,56.819431865788815,1981500.0
GAS,2021-06-03,57.85960453152408,57.85960453152408,57.209496615439534,57.4045289902649,1289100.0
GAS,2021-06-04,57.079475032222625,59.679906696560785,55.25917286718592,59.419863530126975,2374200.0
GAS,2021-06-07,59.74491748816925,59.87493907138615,55.909280783270454,58.9647879888678,1617400.0
GAS,2021-06-08,58.314680072783254,58.89977719725934,56.949453449005716,57.274507407047984,972400.0
GAS,2021-06-09,57.46953978187336,57.85960453152408,55.974291574878904,56.819431865788815,1266600.0
GAS,2021-06-10,56.23433474131273,56.689410282571906,55.584226825228185,55.974291574878904,1136100.0
GAS,2021-06-11,56.559388699355,56.75442107418036,56.03930236648737,56.559388699355,390700.0
GAS,2021-06-14,57.85960453152408,58.76975561404244,57.209496615439534,58.184658489566345,1685200.0
GAS,2021-06-15,58.184658489566345,58.379690864391705,57.53455057348181,57.66457215669872,548600.0
GAS,2021-06-16,58.379690864391705,60.13498223781997,58.184658489566345,59.74491748816925,2150100.0
GAS,2021-06-17,59.094809572084706,61.43519806998905,58.83476640565089,61.04513332033833,1704700.0
GAS,2021-06-18,60.91511173712142,60.980122528729865,60.13498223781997,60.26500382103688,753100.0
GAS,2021-06-21,60.52504698747069,62.41035994411586,60.19999302942842,60.46003619586224,967400.0
GAS,2021-06-22,61.43519806998905,61.890273611248226,60.785090153904505,61.695241236422866,1273100.0
GAS,2021-06-23,61.63023044481441,61.890273611248226,60.33001461264533,61.04513332033833,907200.0
GAS,2021-06-24,61.11014411194678,62.86543548537504,61.04513332033833,62.28033836089895,1357600.0
GAS,2021-06-25,62.41035994411586,63.71057577628494,61.82526281963977,63.71057577628494,1539200.0
GAS,2021-06-28,64.91772352982285,64.98478729379995,59.61968617563277,63.710575778235246,868700.0
GAS,2021-06-29,63.03993813846434,63.375256958349794,61.765726622899635,62.36930049869345,790600.0
GAS,2021-06-30,62.36930049869345,63.308193194372706,61.3633440390371,62.36930049869345,841400.0
GAS,2021-07-01,62.7046193185789,63.17406566641853,62.033981678808,63.17406566641853,983500.0
GAS,2021-07-02,63.84470330618942,65.38716987766249,63.77763954221233,64.78359600186867,1847800.0
GAS,2021-07-05,64.44827718198323,64.78359600186867,61.69866285892255,61.69866285892255,1553700.0
GAS,2021-07-06,63.44232072232688,63.64351201425816,57.540709492342984,57.540709492342984,1415500.0
GAS,2021-07-07,57.67483702029717,61.3633440390371,57.67483702029717,61.3633440390371,1397500.0
GAS,2021-07-08,60.89389769119747,62.905810610510166,60.29032381540367,62.36930049869345,912200.0
GAS,2021-07-09,61.49747156699129,63.64351201425816,60.55857887131202,61.49747156699129,1080000.0
GAS,2021-07-12,61.631599094945464,61.631599094945464,58.54666595199933,59.01611229983896,990800.0
GAS,2021-07-13,60.89389769119747,62.30223673471636,59.75381370358694,61.3633440390371,581300.0
GAS,2021-07-14,61.3633440390371,62.16810920676218,60.826833927220385,61.22921651108292,611500.0
GAS,2021-07-15,60.69270639926621,61.3633440390371,60.357387579380756,60.69270639926621,494000.0
GAS,2021-07-16,60.357387579380756,61.09508898312874,60.357387579380756,60.357387579380756,279000.0
GAS,2021-07-19,58.680793479953515,59.68674993960986,58.1442833681368,58.1442833681368,703200.0
GAS,2021-07-20,57.74190078427425,60.089132523472394,57.004199380526266,59.68674993960986,665100.0
GAS,2021-07-21,60.357387579380756,60.357387579380756,58.211347132113886,58.613729715976426,569200.0
GAS,2021-07-22,59.35143111972441,60.49151510733494,58.613729715976426,59.95500499551822,487700.0
GAS,2021-07-23,59.88794123154113,60.29032381540367,59.01611229983896,59.01611229983896,356400.0
GAS,2021-07-26,58.88198477188478,60.089132523472394,58.1442833681368,59.21730359177023,614500.0
GAS,2021-07-27,60.357387579380756,60.75977016324329,59.35143111972441,59.68674993960986,877900.0
GAS,2021-07-28,59.68674993960986,60.69270639926621,59.68674993960986,59.75381370358694,322200.0
GAS,2021-07-29,60.29032381540367,60.357387579380756,59.61968617563277,60.022068759495305,504300.0
GAS,2021-07-30,60.357387579380756,60.826833927220385,60.022068759495305,60.089132523472394,530200.0
GAS,2021-08-02,61.02802521915165,63.50938448630397,60.75977016324329,62.7046193185789,1567600.0
GAS,2021-08-03,62.7046193185789,62.77168308255598,61.631599094945464,62.36930049869345,974700.0
GAS,2021-08-04,62.36930049869345,63.50938448630397,62.235172970739264,63.03993813846434,538300.0
GAS,2021-08-05,62.77168308255598,62.97287437448726,62.033981678808,62.905810610510166,634600.0
GAS,2021-08-06,62.905810610510166,63.44232072232688,61.83279038687673,61.966917914830915,1309200.0
GAS,2021-08-09,61.69866285892255,62.7046193185789,61.02802521915165,62.36930049869345,1055000.0
GAS,2021-08-10,62.36930049869345,64.98478729379995,62.30223673471636,64.38121341800614,2217800.0
GAS,2021-08-11,65.05185105777704,66.32606257334174,63.84470330618942,64.0458945981207,1507800.0
GAS,2021-08-12,63.375256958349794,64.0458945981207,63.375256958349794,63.375256958349794,727100.0
GAS,2021-08-13,63.10700190244143,63.17406566641853,61.43040780301419,62.36930049869345,1511800.0
GAS,2021-08-16,62.033981678808,63.710575778235246,61.69866285892255,63.17406566641853,1110200.0
GAS,2021-08-17,63.17406566641853,63.17406566641853,61.966917914830915,61.966917914830915,1132300.0
GAS,2021-08-18,61.966917914830915,62.36930049869345,61.765726622899635,62.101045442785086,522300.0
GAS,2021-08-19,62.033981678808,62.033981678808,60.15619628744949,60.96096145517457,2588200.0
GAS,2021-08-20,60.357387579380756,60.69270639926621,58.47960218802225,58.680793479953515,2766300.0
GAS,2021-08-23,58.680793479953515,59.35143111972441,57.540709492342984,57.540709492342984,1158700.0
GAS,2021-08-24,58.345474660068064,58.54666595199933,57.004199380526266,57.67483702029717,1081800.0
GAS,2021-08-25,57.74190078427425,58.54666595199933,57.67483702029717,58.54666595199933,557300.0
GAS,2021-08-26,58.81492100790769,58.81492100790769,57.74190078427425,57.876028312228435,687800.0
GAS,2021-08-27,57.876028312228435,58.41253842404515,57.67483702029717,58.345474660068064,927500.0
GAS,2021-08-30,59.28436735574732,59.35143111972441,58.47960218802225,58.680793479953515,963430.0
GAS,2021-08-31,59.01611229983896,59.95500499551822,58.747857243930596,59.95500499551822,878800.0
GAS,2021-09-01,59.82087746756404,59.95500499551822,59.4184948837015,59.4184948837015,536100.0
GAS,2021-09-06,60.022068759495305,60.69270639926621,59.82087746756404,60.62564263528912,868100.0
GAS,2021-09-07,60.69270639926621,60.75977016324329,59.485558647678594,59.485558647678594,720100.0
GAS,2021-09-08,59.485558647678594,59.68674993960986,58.81492100790769,58.88198477188478,550500.0
GAS,2021-09-09,59.28436735574732,59.75381370358694,59.08317606381605,59.4184948837015,444500.0
GAS,2021-09-10,59.35143111972441,59.88794123154113,59.35143111972441,59.4184948837015,421100.0
GAS,2021-09-13,60.22326005142658,60.22326005142658,59.4184948837015,59.4184948837015,613400.0
GAS,2021-09-14,60.089132523472394,60.424451343357845,59.552622411655676,59.68674993960986,669100.0
GAS,2021-09-15,60.022068759495305,61.89985415085382,59.35143111972441,61.3633440390371,1379300.0
GAS,2021-09-16,61.69866285892255,62.235172970739264,61.631599094945464,62.101045442785086,981700.0
GAS,2021-09-17,61.83279038687673,62.235172970739264,61.49747156699129,61.631599094945464,834000.0
GAS,2021-09-20,61.631599094945464,61.631599094945464,59.552622411655676,59.552622411655676,1516300.0
GAS,2021-09-21,59.08317606381605,59.35143111972441,57.876028312228435,59.15023982779314,1444000.0
GAS,2021-09-22,59.35143111972441,60.022068759495305,58.747857243930596,59.28436735574732,712000.0
GAS,2021-09-23,59.82087746756404,61.69866285892255,59.552622411655676,60.75977016324329,1094400.0
GAS,2021-09-24,61.3633440390371,62.235172970739264,60.75977016324329,61.02802521915165,925000.0
GAS,2021-09-27,61.966917914830915,62.033981678808,60.357387579380756,60.357387579380756,1124300.0
GAS,2021-09-28,61.02802521915165,64.0458945981207,60.49151510733494,63.77763954221233,4641800.0
GAS,2021-09-29,64.0458945981207,65.9907437534563,63.91176707016651,64.91772352982285,2756300.0
GAS,2021-09-30,64.78359600186867,65.18597858573122,64.11295836209777,65.05185105777704,1244900.0
GAS,2021-10-01,64.38121341800614,69.54512324424205,64.31414965402905,69.41099571628787,5318670.0
GAS,2021-10-04,71.08758981571512,74.23958672263834,69.74631453617332,69.74631453617332,4046700.0
GAS,2021-10-05,71.75822745548601,73.70307661082161,70.75227099582966,73.0995027350278,2090000.0
GAS,2021-10-06,73.0995027350278,76.18443587797393,73.0995027350278,76.11737211399684,2440800.0
GAS,2021-10-07,74.4407780145696,75.78205329411139,73.43482155491326,74.4407780145696,2255400.0
GAS,2021-10-08,74.97728812638631,76.3856271699052,73.43482155491326,75.37967071024886,1830600.0
GAS,2021-10-11,75.51379823820304,75.78205329411139,73.83720413877579,75.44673447422595,2279900.0
GAS,2021-10-12,74.97728812638631,76.78800975376774,74.17252295866123,75.11141565434049,1949700.0
GAS,2021-10-13,75.44673447422595,75.44673447422595,73.7701403747987,74.4407780145696,1789300.0
GAS,2021-10-14,74.23958672263834,76.78800975376774,74.23958672263834,74.64196930650087,3003400.0
GAS,2021-10-15,75.11141565434049,75.78205329411139,74.77609683445505,75.11141565434049,1099600.0
GAS,2021-10-18,75.44673447422595,79.87294289671387,75.31260694627177,78.12928503330953,3109300.0
GAS,2021-10-19,77.79396621342408,78.79992267308043,76.4526909338823,76.78800975376774,1065700.0
GAS,2021-10-20,77.39158362956155,77.39158362956155,74.10545919468414,76.78800975376774,1708500.0
GAS,2021-10-21,77.12332857365318,77.39158362956155,75.11141565434049,75.24554318229468,1640500.0
GAS,2021-10-22,75.37967071024886,76.3856271699052,74.23958672263834,75.17847941831758,1280800.0
GAS,2021-10-25,75.78205329411139,77.25745610160737,74.91022436240922,75.11141565434049,2117000.0
GAS,2021-10-26,75.78205329411139,77.19039233763027,75.37967071024886,76.3185634059281,2367100.0
GAS,2021-10-27,77.25745610160737,81.6166007601182,76.92213728172192,81.6166007601182,4176900.0
GAS,2021-10-28,81.48247323216403,86.10987294658321,80.00707042466804,83.82970497136216,2341300.0
GAS,2021-10-29,83.15906733159126,85.50629907078941,81.48247323216403,83.49438615147672,1159800.0
GAS,2021-11-01,83.56144991545379,85.17098025090395,81.14715441227857,81.34834570420983,2076500.0
GAS,2021-11-02,82.42136592784328,82.42136592784328,80.67770806443895,81.5495369961411,1507400.0
GAS,2021-11-03,81.5495369961411,82.42136592784328,79.47056031285133,80.47651677250768,1911200.0
GAS,2021-11-04,79.20230525694296,81.81779205204947,78.46460385319499,78.53166761717208,1660900.0
GAS,2021-11-05,79.13524149296587,82.8908122756829,77.99515750535535,82.08604710795784,1613800.0
GAS,2021-11-08,83.02493980363708,83.09200356761419,79.94000666069095,82.48842969182037,1648200.0
GAS,2021-11-09,81.01302688432439,83.15906733159126,79.80587913273678,79.94000666069095,1743500.0
GAS,2021-11-10,80.54358053648475,82.2872383998891,79.80587913273678,80.74477182841603,1064600.0
GAS,2021-11-11,80.47651677250768,81.81779205204947,78.73285890910334,79.80587913273678,1924700.0
GAS,2021-11-12,79.94000666069095,81.08009064830149,78.06222126933245,79.20230525694296,1367300.0
GAS,2021-11-15,79.80587913273678,80.40945300853059,76.92213728172192,79.73881536875969,2157500.0
GAS,2021-11-16,79.13524149296587,80.61064430046186,77.99515750535535,78.26341256126372,1565600.0
GAS,2021-11-17,78.46460385319499,79.60468784080551,78.3304763252408,78.73285890910334,701200.0
GAS,2021-11-18,77.79396621342408,78.46460385319499,76.3185634059281,76.3185634059281,1277500.0
GAS,2021-11-19,76.3185634059281,76.4526909338823,71.02052605173803,71.08758981571512,2985400.0
GAS,2021-11-22,69.74631453617332,71.28878110764639,68.13678420072316,68.47210302060861,1430700.0
GAS,2021-11-23,68.74035807651697,70.75227099582966,68.74035807651697,70.14869712003585,768400.0
GAS,2021-11-24,71.55703616355474,71.69116369150892,69.07567689640243,69.07567689640243,922700.0
GAS,2021-11-25,69.47805948026496,70.4840159399213,68.94154936844824,69.67925077219623,657700.0
GAS,2021-11-26,69.67925077219623,69.74631453617332,68.13678420072316,68.40503925663153,1286000.0
GAS,2021-11-29,65.45423364163958,67.80146538083771,65.45423364163958,66.66138139322719,1292000.0
GAS,2021-11-30,67.13082774106681,68.20384796470026,65.9236799894792,65.9236799894792,1391100.0
GAS,2021-12-01,65.45423364163958,66.72844515720428,65.38716987766249,66.05780751743339,1464900.0
GAS,2021-12-02,65.9907437534563,66.72844515720428,65.72248869754793,65.9907437534563,591100.0
GAS,2021-12-03,66.46019010129592,66.46019010129592,64.78359600186867,64.78359600186867,1033200.0
GAS,2021-12-06,64.5824047099374,65.05185105777704,61.02802521915165,61.69866285892255,1232300.0
GAS,2021-12-07,63.375256958349794,64.71653223789158,62.7046193185789,64.71653223789158,964000.0
GAS,2021-12-08,65.38716987766249,66.5943176292501,64.91772352982285,65.85661622550212,1098500.0
GAS,2021-12-09,65.65542493357084,67.06376397708974,65.05185105777704,66.19193504538757,560300.0
GAS,2021-12-10,65.9907437534563,65.9907437534563,64.51534094596032,64.78359600186867,677400.0
GAS,2021-12-13,65.72248869754793,66.5943176292501,65.18597858573122,65.72248869754793,720800.0
GAS,2021-12-14,65.65542493357084,66.32606257334174,64.71653223789158,65.85661622550212,765000.0
GAS,2021-12-15,65.45423364163958,65.85661622550212,64.6494684739145,65.52129740561666,506700.0
GAS,2021-12-16,65.72248869754793,67.13082774106681,65.11891482175412,66.12487128141046,1256600.0
GAS,2021-12-17,66.46019010129592,67.06376397708974,65.58836116959375,66.39312633731883,692100.0
GAS,2021-12-20,65.72248869754793,65.72248869754793,64.38121341800614,64.85065976584578,894000.0
GAS,2021-12-21,64.85065976584578,64.98478729379995,63.03993813846434,63.03993813846434,1559500.0
GAS,2021-12-22,64.31414965402905,64.78359600186867,63.44232072232688,63.84470330618942,592000.0
GAS,2021-12-23,64.38121341800614,65.52129740561666,63.375256958349794,63.84470330618942,1555800.0
GAS,2021-12-24,64.5824047099374,65.05185105777704,63.91176707016651,64.18002212607487,700000.0
GAS,2021-12-27,64.18002212607487,64.91772352982285,64.18002212607487,64.31414965402905,328900.0
GAS,2021-12-28,65.05185105777704,66.05780751743339,65.05185105777704,65.78955246152502,1120000.0
GAS,2021-12-29,66.25899880936466,66.25899880936466,64.91772352982285,65.05185105777704,598400.0
GAS,2021-12-30,65.72248869754793,65.9907437534563,65.05185105777704,65.05185105777704,580600.0
GAS,2021-12-31,65.3201061136854,65.3201061136854,64.44827718198323,64.51534094596032,708100.0
GAS,2022-01-04,64.98478729379995,68.33797549265444,64.98478729379995,68.33797549265444,1730300.0
GAS,2022-01-05,68.87448560447115,70.68520723185257,68.74035807651697,70.41695217594422,2182700.0
GAS,2022-01-06,69.74631453617332,70.34988841196713,69.00861313242534,69.54512324424205,1061600.0
GAS,2022-01-07,70.08163335605877,73.30069402695908,69.2768681883337,72.09354627537145,1777900.0
GAS,2022-01-10,72.09354627537145,72.09354627537145,68.40503925663153,68.40503925663153,1000600.0
GAS,2022-01-11,69.07567689640243,70.08163335605877,68.40503925663153,69.2768681883337,683400.0
GAS,2022-01-12,70.41695217594422,73.03243897105072,70.41695217594422,72.42886509525691,1625800.0
GAS,2022-01-13,73.16656649900489,74.4407780145696,70.41695217594422,70.41695217594422,772800.0
GAS,2022-01-14,69.74631453617332,71.42290863560056,69.41099571628787,70.75227099582966,572700.0
GAS,2022-01-17,71.55703616355474,73.56894908286743,65.85661622550212,70.14869712003585,1645600.0
GAS,2022-01-18,69.74631453617332,72.42886509525691,69.74631453617332,71.75822745548601,931200.0
GAS,2022-01-19,72.495928859234,73.03243897105072,70.75227099582966,71.75822745548601,664500.0
GAS,2022-01-20,71.75822745548601,72.83124767911944,70.75227099582966,72.83124767911944,717300.0
GAS,2022-01-21,72.42886509525691,72.96537520707362,70.21576088401295,72.02648251139438,1063800.0
GAS,2022-01-24,71.75822745548601,73.0995027350278,71.62409992753183,71.8252912194631,1029200.0
GAS,2022-01-25,71.08758981571512,73.43482155491326,69.74631453617332,73.43482155491326,1322100.0
GAS,2022-01-26,73.97133166672997,75.78205329411139,73.0995027350278,75.24554318229468,1440600.0
GAS,2022-01-27,75.44673447422595,77.05626480967611,73.90426790275288,74.97728812638631,911500.0
GAS,2022-01-28,75.04435189036342,75.78205329411139,71.42290863560056,73.0995027350278,1656400.0
GAS,2022-02-07,76.3185634059281,77.79396621342408,75.17847941831758,76.92213728172192,926300.0
GAS,2022-02-08,76.78800975376774,77.45864739353864,75.51379823820304,76.4526909338823,637800.0
GAS,2022-02-09,75.78205329411139,76.18443587797393,73.7701403747987,73.7701403747987,1828900.0
GAS,2022-02-10,75.11141565434049,75.64792576615721,73.7701403747987,75.11141565434049,859800.0
GAS,2022-02-11,75.44673447422595,75.64792576615721,74.4407780145696,74.4407780145696,483000.0
GAS,2022-02-14,76.18443587797393,79.13524149296587,75.64792576615721,77.79396621342408,1817900.0
GAS,2022-02-15,77.79396621342408,80.20826171659931,76.18443587797393,78.73285890910334,1425600.0
GAS,2022-02-16,76.78800975376774,77.726902449447,75.78205329411139,76.78800975376774,845900.0
GAS,2022-02-17,76.72094598979065,79.60468784080551,76.25149964195103,79.60468784080551,1128100.0
GAS,2022-02-18,78.12928503330953,79.60468784080551,77.32451986558445,78.46460385319499,732400.0
GAS,2022-02-21,78.12928503330953,78.46460385319499,77.45864739353864,77.65983868546991,332600.0
GAS,2022-02-22,79.13524149296587,79.47056031285133,77.79396621342408,78.12928503330953,721200.0
GAS,2022-02-23,78.86698643705752,80.81183559239312,77.99515750535535,78.46460385319499,1292100.0
GAS,2022-02-24,79.13524149296587,82.15311087193491,78.66579514512625,79.80587913273678,1890000.0
GAS,2022-02-25,80.54358053648475,81.95191958000365,78.19634879728662,78.59873138114916,1320300.0
GAS,2022-02-28,79.80587913273678,80.20826171659931,78.46460385319499,79.13524149296587,940300.0
GAS,2022-03-01,79.80587913273678,79.80587913273678,77.86102997740117,78.93405020103461,1037700.0
GAS,2022-03-02,80.47651677250768,81.28128194023276,79.13524149296587,79.94000666069095,1558200.0
GAS,2022-03-03,81.75072828807238,81.75072828807238,79.80587913273678,80.9459631203473,1368500.0
GAS,2022-03-04,80.47651677250768,80.47651677250768,79.13524149296587,79.13524149296587,1575860.0
GAS,2022-03-07,84.1650237912476,84.1650237912476,82.15311087193491,83.56144991545379,2264100.0
GAS,2022-03-08,82.220174635912,84.36621508317887,80.54358053648475,80.9459631203473,1426800.0
GAS,2022-03-09,82.35430216386618,83.96383249931634,80.9459631203473,81.95191958000365,1297600.0
GAS,2022-03-10,79.13524149296587,80.34238924455349,78.3304763252408,79.47056031285133,963500.0
GAS,2022-03-11,79.13524149296587,79.13524149296587,75.31260694627177,75.7149895301343,1619500.0
GAS,2022-03-14,73.7701403747987,75.11141565434049,71.08758981571512,71.08758981571512,1389300.0
GAS,2022-03-15,69.74631453617332,72.42886509525691,68.40503925663153,72.42886509525691,967000.0
GAS,2022-03-16,72.76418391514235,73.7701403747987,71.08758981571512,73.23363026298199,617000.0
GAS,2022-03-17,72.495928859234,73.63601284684452,71.08758981571512,71.08758981571512,744100.0
GAS,2022-03-18,72.42886509525691,73.63601284684452,72.09354627537145,73.03243897105072,601000.0
GAS,2022-03-21,73.36775779093617,77.12332857365318,73.03243897105072,76.4526909338823,1130800.0
GAS,2022-03-22,77.12332857365318,78.12928503330953,76.11737211399684,77.12332857365318,905300.0
GAS,2022-03-23,76.65388222581356,77.25745610160737,75.17847941831758,75.31260694627177,1070500.0
GAS,2022-03-24,77.05626480967611,77.12332857365318,75.04435189036342,75.31260694627177,596000.0
GAS,2022-03-25,76.3856271699052,76.4526909338823,72.42886509525691,74.23958672263834,385200.0
GAS,2022-03-28,74.30665048661542,75.78205329411139,73.97133166672997,74.10545919468414,357200.0
GAS,2022-03-29,73.7701403747987,75.78205329411139,73.03243897105072,75.04435189036342,695700.0
GAS,2022-03-30,74.37371425059251,74.70903307047796,73.16656649900489,73.83720413877579,590500.0
GAS,2022-03-31,73.7701403747987,75.04435189036342,72.56299262321109,72.63005638718818,374200.0
GAS,2022-04-01,72.29473756730273,74.37371425059251,71.75822745548601,73.56894908286743,429800.0
GAS,2022-04-04,73.83720413877579,75.7149895301343,73.70307661082161,75.37967071024886,610500.0
GAS,2022-04-05,75.58086200218013,76.989201045699,74.4407780145696,76.65388222581356,727800.0
GAS,2022-04-06,76.72094598979065,78.12928503330953,75.91618082206557,76.25149964195103,832600.0
GAS,2022-04-07,76.25149964195103,77.12332857365318,75.04435189036342,75.64792576615721,729000.0
GAS,2022-04-08,76.3185634059281,76.78800975376774,73.90426790275288,73.90426790275288,617300.0
GAS,2022-04-12,74.23958672263834,75.44673447422595,71.75822745548601,73.03243897105072,632900.0
GAS,2022-04-13,73.16656649900489,74.10545919468414,72.36180133127982,73.83720413877579,513600.0
GAS,2022-04-14,74.70903307047796,75.44673447422595,74.64196930650087,74.84316059843214,461700.0
GAS,2022-04-15,75.44673447422595,79.13524149296587,75.11141565434049,77.19039233763027,1786900.0
GAS,2022-04-18,78.3304763252408,79.0681777289888,76.58681846183647,77.32451986558445,848000.0
GAS,2022-04-19,78.79992267308043,78.79992267308043,76.3856271699052,76.3856271699052,676400.0
GAS,2022-04-20,76.18443587797393,76.18443587797393,71.42290863560056,71.48997239957765,1409200.0
GAS,2022-04-21,69.74631453617332,72.63005638718818,69.07567689640243,70.41695217594422,1072500.0
GAS,2022-04-22,70.4840159399213,75.31260694627177,67.06376397708974,75.31260694627177,1341800.0
GAS,2022-04-25,73.0995027350278,75.31260694627177,70.08163335605877,70.08163335605877,684200.0
GAS,2022-04-26,68.40503925663153,73.0995027350278,65.78955246152502,73.0995027350278,669700.0
GAS,2022-04-27,70.41695217594422,74.77609683445505,69.74631453617332,74.4407780145696,789600.0
GAS,2022-04-28,73.97133166672997,73.97133166672997,72.22767380332564,72.22767380332564,215400.0
GAS,2022-04-29,71.75822745548601,72.69712015116527,70.41695217594422,71.08758981571512,548300.0
GAS,2022-05-04,72.16061003934854,73.7701403747987,71.89235498344019,72.42886509525691,521100.0
GAS,2022-05-05,74.4407780145696,74.4407780145696,73.03243897105072,73.36775779093617,351200.0
GAS,2022-05-06,71.42290863560056,73.70307661082161,71.42290863560056,73.63601284684452,576300.0
GAS,2022-05-09,73.0995027350278,73.0995027350278,69.07567689640243,70.34988841196713,571900.0
GAS,2022-05-10,67.39908279697518,72.495928859234,67.06376397708974,72.42886509525691,645200.0
GAS,2022-05-11,71.95941874741727,73.43482155491326,71.08758981571512,73.03243897105072,328500.0
GAS,2022-05-12,72.42886509525691,72.42886509525691,69.47805948026496,70.81933475980675,833900.0
GAS,2022-05-13,69.94750582810458,71.42290863560056,67.06376397708974,67.06376397708974,899400.0
GAS,2022-05-16,69.07567689640243,69.47805948026496,63.710575778235246,63.710575778235246,955900.0
GAS,2022-05-17,63.710575778235246,67.66733785288353,63.03993813846434,67.66733785288353,516700.0
GAS,2022-05-18,67.73440161686062,71.35584487162348,67.264955269021,70.41695217594422,909900.0
GAS,2022-05-19,66.72844515720428,71.42290863560056,66.72844515720428,70.95346228776093,1176600.0
GAS,2022-05-20,70.75227099582966,71.55703616355474,69.47805948026496,70.08163335605877,292900.0
GAS,2022-05-23,70.75227099582966,70.88639852378384,68.94154936844824,69.41099571628787,541100.0
GAS,2022-05-24,69.41099571628787,71.69116369150892,68.80742184049406,70.95346228776093,840400.0
GAS,2022-05-25,71.28878110764639,72.69712015116527,70.95346228776093,72.69712015116527,764900.0
GAS,2022-05-26,73.7701403747987,74.57490554252378,71.08758981571512,72.16061003934854,565300.0
GAS,2022-05-27,72.76418391514235,74.57490554252378,72.76418391514235,73.7701403747987,404700.0
GAS,2022-05-30,74.91022436240922,75.31260694627177,73.63601284684452,73.7701403747987,940700.0
GAS,2022-05-31,74.30665048661542,78.93405020103461,73.43482155491326,78.93405020103461,2358100.0
GAS,2022-06-01,79.60468784080551,83.09200356761419,78.46460385319499,81.14715441227857,1740200.0
GAS,2022-06-02,80.47651677250768,82.48842969182037,79.0011139650117,79.73881536875969,1499300.0
GAS,2022-06-03,79.13524149296587,83.82970497136216,79.13524149296587,83.29319485954545,2364500.0
GAS,2022-06-06,84.1650237912476,88.85948726964389,84.1650237912476,87.11582940623956,3146200.0
GAS,2022-06-07,87.11582940623956,87.85353080998755,83.22613109556835,87.18289317021664,2295900.0
GAS,2022-06-08,87.18289317021664,88.45710468578136,86.04280918260613,86.44519176646867,1703300.0
GAS,2022-06-09,86.44519176646867,87.31702069817082,85.30510777885814,85.57336283476648,1293800.0
GAS,2022-06-10,84.83566143101851,85.57336283476648,79.60468784080551,79.60468784080551,2455800.0
GAS,2022-06-13,77.12332857365318,81.88485581602656,76.78800975376774,79.13524149296587,1737200.0
GAS,2022-06-14,80.47651677250768,84.50034261113306,79.20230525694296,84.50034261113306,1357700.0
GAS,2022-06-15,83.15906733159126,85.90868165465194,81.01302688432439,83.15906733159126,2223400.0
GAS,2022-06-16,83.89676873533925,88.45710468578136,82.35430216386618,85.84161789067485,2330800.0
GAS,2022-06-17,83.82970497136216,89.86544372930024,83.49438615147672,89.86544372930024,1658000.0
GAS,2022-06-20,87.85353080998755,88.52416844975845,83.6285136794309,83.6285136794309,2117900.0
GAS,2022-06-21,83.15906733159126,85.37217154283522,77.79396621342408,80.14119795262222,2345500.0
GAS,2022-06-22,79.47056031285133,80.47651677250768,74.57490554252378,74.57490554252378,1887400.0
GAS,2022-06-23,73.7701403747987,79.73881536875969,73.7701403747987,78.3304763252408,1588700.0
GAS,2022-06-24,78.3304763252408,78.93405020103461,76.3185634059281,76.4526909338823,1056000.0
GAS,2022-06-27,77.12332857365318,78.93405020103461,76.4526909338823,76.72094598979065,903600.0
GAS,2022-06-28,78.12928503330953,78.86698643705752,77.39158362956155,77.79396621342408,798300.0
GAS,2022-06-29,77.79396621342408,79.13524149296587,76.65388222581356,78.46460385319499,968700.0
GAS,2022-06-30,78.12928503330953,80.14119795262222,77.45864739353864,77.45864739353864,1008200.0
GAS,2022-07-01,76.989201045699,77.65983868546991,73.7701403747987,75.78205329411139,974500.0
GAS,2022-07-04,77.22880158632202,77.50437268921702,74.74866166026708,74.81755443599083,462800.0
GAS,2022-07-05,75.09312553888583,76.3331955019133,70.27063123822343,70.95955899546091,1803400.0
GAS,2022-07-06,68.61720462085347,68.82388294802472,65.99927914335103,65.99927914335103,1709000.0
GAS,2022-07-07,64.8281019560473,66.48152857341726,63.79471032019107,64.8281019560473,628400.0
GAS,2022-07-08,67.17045633065474,67.65270576072099,65.44813693756105,65.86149359190352,692300.0
GAS,2022-07-11,65.79260081617979,66.75709967631227,65.37924416183729,65.37924416183729,477100.0
GAS,2022-07-12,65.58592248900854,68.20384796651098,65.58592248900854,68.20384796651098,779400.0
GAS,2022-07-13,66.825992452036,66.825992452036,65.72370804045603,66.34374302196977,896400.0
GAS,2022-07-14,66.825992452036,68.34163351795847,66.825992452036,68.06606241506348,697700.0
GAS,2022-07-15,68.06606241506348,68.13495519078724,66.825992452036,67.17045633065474,516900.0
GAS,2022-07-18,67.2393491063785,67.85938408789224,66.48152857341726,67.17045633065474,567900.0
GAS,2022-07-19,68.06606241506348,70.27063123822343,67.72159853644473,70.20173846249969,933900.0
GAS,2022-07-20,71.30402287407966,71.71737952842214,70.27063123822343,70.95955899546091,969500.0
GAS,2022-07-21,70.89066621973717,72.33741450993588,69.92616735960469,71.71737952842214,862900.0
GAS,2022-07-22,71.6484867526984,75.71316052039957,71.6484867526984,74.26641223020084,1087700.0
GAS,2022-07-25,74.0597339030296,75.43758941750457,71.9240578555934,72.13073618276464,543700.0
GAS,2022-07-26,74.1975194544771,74.1975194544771,71.6484867526984,72.13073618276464,483400.0
GAS,2022-07-27,72.06184340704088,72.61298561283088,71.30402287407966,72.13073618276464,374600.0
GAS,2022-07-28,73.71527002441086,75.57537496895206,72.68187838855462,73.23302059434461,528900.0
GAS,2022-07-29,74.40419778164834,75.43758941750457,73.57748447296336,74.0597339030296,1530100.0
GAS,2022-08-01,74.0597339030296,75.43758941750457,73.57748447296336,74.3353050059246,424900.0
GAS,2022-08-02,74.0597339030296,74.67976888454334,72.81966394000213,74.54198333309584,444800.0
GAS,2022-08-03,74.61087610881958,77.84883656783576,74.40419778164834,77.15990881059828,583600.0
GAS,2022-08-04,76.81544493197954,77.09101603487453,74.74866166026708,75.09312553888583,769800.0
GAS,2022-08-05,74.26641223020084,75.78205329612331,73.37080614579212,75.43758941750457,829640.0
GAS,2022-08-08,75.16201831460957,77.15990881059828,74.40419778164834,76.47098105336079,350600.0
GAS,2022-08-09,76.67765938053203,77.50437268921702,75.78205329612331,77.15990881059828,368600.0
GAS,2022-08-10,76.47098105336079,77.29769436204577,75.85094607184705,76.40208827763705,389600.0
GAS,2022-08-11,77.15990881059828,78.4688715493495,76.67765938053203,77.84883656783576,846900.0
GAS,2022-08-12,77.84883656783576,79.84672706382447,77.84883656783576,78.81333542796824,428800.0
GAS,2022-08-15,79.22669208231073,79.36447763375823,77.64215824066451,78.53776432507324,404300.0
GAS,2022-08-16,77.84883656783576,78.53776432507324,77.15990881059828,78.1933004464545,326200.0
GAS,2022-08-17,78.53776432507324,79.15779930658698,76.81544493197954,77.43547991349328,879200.0
GAS,2022-08-18,77.84883656783576,81.22458257829945,77.09101603487453,78.33108599790201,987400.0
GAS,2022-08-19,79.15779930658698,81.29347535402319,78.81333542796824,79.64004873665321,536800.0
GAS,2022-08-22,79.50226318520573,80.60454759678571,79.02001375513949,79.15779930658698,370200.0
GAS,2022-08-23,79.57115596092947,80.81122592395694,79.57115596092947,80.60454759678571,896500.0
GAS,2022-08-24,81.29347535402319,82.3268669898794,80.60454759678571,80.81122592395694,857600.0
GAS,2022-08-25,81.22458257829945,81.98240311126067,80.26008371816695,80.26008371816695,424500.0
GAS,2022-08-26,80.26008371816695,80.26008371816695,79.29558485803447,79.36447763375823,491500.0
GAS,2022-08-29,78.67554987652075,80.94901147540445,78.67554987652075,80.94901147540445,669800.0
GAS,2022-08-30,81.01790425112819,82.67133086849816,80.60454759678571,81.91351033553693,725100.0
GAS,2022-08-31,81.1556898025757,81.98240311126067,80.53565482106195,80.67344037250945,429300.0
GAS,2022-09-05,80.12229816671946,80.94901147540445,79.70894151237697,80.19119094244321,325500.0
GAS,2022-09-06,80.94901147540445,81.1556898025757,80.19119094244321,80.26008371816695,247300.0
GAS,2022-09-07,79.91561983954821,79.91561983954821,77.15990881059828,77.15990881059828,846100.0
GAS,2022-09-08,77.84883656783576,78.1933004464545,76.1954099504658,77.02212325915077,315200.0
GAS,2022-09-09,77.77994379211202,78.53776432507324,76.88433770770328,78.53776432507324,418700.0
GAS,2022-09-12,78.53776432507324,79.50226318520573,78.1933004464545,78.33108599790201,679300.0
GAS,2022-09-13,78.26219322217825,79.08890653086323,77.71105101638827,78.67554987652075,246500.0
GAS,2022-09-14,77.36658713776953,78.33108599790201,77.02212325915077,77.50437268921702,317100.0
GAS,2022-09-15,78.53776432507324,78.67554987652075,76.6087666048083,77.02212325915077,566400.0
GAS,2022-09-16,76.47098105336079,77.84883656783576,76.12651717474205,76.47098105336079,498800.0
GAS,2022-09-19,76.47098105336079,77.71105101638827,74.40419778164834,74.40419778164834,501200.0
GAS,2022-09-20,75.78205329612331,75.78205329612331,74.0597339030296,75.16201831460957,403400.0
GAS,2022-09-21,75.16201831460957,75.71316052039957,74.61087610881958,75.09312553888583,216700.0
GAS,2022-09-22,75.09312553888583,76.74655215625579,74.95533998743832,76.47098105336079,232400.0
GAS,2022-09-23,76.74655215625579,78.882228203692,76.47098105336079,77.50437268921702,361700.0
GAS,2022-09-26,76.47098105336079,78.67554987652075,76.47098105336079,78.26219322217825,666700.0
GAS,2022-09-27,78.53776432507324,78.53776432507324,76.47098105336079,76.81544493197954,215200.0
GAS,2022-09-28,75.78205329612331,77.29769436204577,71.6484867526984,71.6484867526984,662800.0
GAS,2022-09-29,73.37080614579212,74.1975194544771,72.33741450993588,72.33741450993588,307600.0
GAS,2022-09-30,70.27063123822343,77.15990881059828,69.85727458388095,75.78205329612331,719100.0
GAS,2022-10-03,75.09312553888583,75.09312553888583,73.23302059434461,73.71527002441086,367400.0
GAS,2022-10-04,73.7841628001346,75.09312553888583,71.30402287407966,73.02634226717338,260400.0
GAS,2022-10-05,73.09523504289712,75.02423276316208,73.09523504289712,73.71527002441086,432300.0
GAS,2022-10-06,73.85305557585835,74.74866166026708,73.64637724868712,73.64637724868712,497800.0
GAS,2022-10-07,73.64637724868712,73.64637724868712,70.27063123822343,70.27063123822343,364000.0
GAS,2022-10-10,70.27063123822343,75.16201831460957,70.27063123822343,73.02634226717338,431000.0
GAS,2022-10-11,73.02634226717338,75.16201831460957,72.33741450993588,73.09523504289712,508200.0
GAS,2022-10-12,72.40630728565964,74.26641223020084,72.40630728565964,73.71527002441086,169800.0
GAS,2022-10-13,72.95744949144962,74.54198333309584,72.40630728565964,74.40419778164834,544600.0
GAS,2022-10-14,74.47309055737209,75.9198388475708,74.40419778164834,75.64426774467582,387800.0
GAS,2022-10-17,74.3353050059246,77.98662211928327,73.85305557585835,76.81544493197954,300200.0
GAS,2022-10-18,77.98662211928327,77.98662211928327,76.47098105336079,76.47098105336079,448500.0
GAS,2022-10-19,76.53987382908454,77.84883656783576,74.40419778164834,75.16201831460957,423200.0
GAS,2022-10-20,75.09312553888583,76.47098105336079,74.54198333309584,76.40208827763705,165200.0
GAS,2022-10-21,76.40208827763705,77.57326546494076,73.85305557585835,73.85305557585835,468300.0
GAS,2022-10-24,73.85305557585835,75.02423276316208,73.37080614579212,73.85305557585835,503600.0
GAS,2022-10-25,73.85305557585835,75.09312553888583,72.75077116427838,73.85305557585835,367300.0
GAS,2022-10-26,73.85305557585835,74.54198333309584,73.64637724868712,74.40419778164834,181800.0
GAS,2022-10-27,75.02423276316208,76.6087666048083,73.7841628001346,75.78205329612331,468600.0
GAS,2022-10-28,75.85094607184705,76.47098105336079,75.09312553888583,75.09312553888583,194100.0
GAS,2022-10-31,75.09312553888583,76.53987382908454,74.74866166026708,76.53987382908454,156300.0
GAS,2022-11-01,76.74655215625579,78.1933004464545,75.23091109033332,75.78205329612331,451300.0
GAS,2022-11-02,76.1954099504658,78.1933004464545,74.88644721171458,75.78205329612331,584100.0
GAS,2022-11-03,77.02212325915077,77.29769436204577,75.78205329612331,76.74655215625579,162300.0
GAS,2022-11-04,76.74655215625579,77.15990881059828,74.47309055737209,76.47098105336079,329600.0
GAS,2022-11-07,76.81544493197954,78.1933004464545,76.81544493197954,77.77994379211202,404900.0
GAS,2022-11-08,78.4688715493495,79.22669208231073,77.77994379211202,78.81333542796824,381600.0
GAS,2022-11-09,78.882228203692,80.94901147540445,78.81333542796824,80.19119094244321,404800.0
GAS,2022-11-10,79.29558485803447,80.4667620453382,75.78205329612331,78.12440767073076,376200.0
GAS,2022-11-11,78.26219322217825,80.26008371816695,78.26219322217825,78.4688715493495,266000.0
GAS,2022-11-14,78.33108599790201,79.91561983954821,76.3331955019133,78.39997877362575,540400.0
GAS,2022-11-15,78.39997877362575,78.882228203692,75.09312553888583,76.81544493197954,421000.0
GAS,2022-11-16,72.68187838855462,80.60454759678571,72.68187838855462,80.60454759678571,464700.0
GAS,2022-11-17,79.64004873665321,82.67133086849816,79.64004873665321,82.46465254132691,442400.0
GAS,2022-11-18,82.05129588698442,82.25797421415567,77.15990881059828,78.74444265224449,398600.0
GAS,2022-11-21,78.74444265224449,78.882228203692,76.12651717474205,76.67765938053203,172200.0
GAS,2022-11-22,76.53987382908454,79.15779930658698,75.16201831460957,75.23091109033332,314100.0
GAS,2022-11-23,75.50648219322831,76.95323048342703,74.40419778164834,74.54198333309584,227700.0
GAS,2022-11-24,75.09312553888583,75.09312553888583,72.33741450993588,72.88855671572587,474500.0
GAS,2022-11-25,73.71527002441086,74.0597339030296,71.6484867526984,72.19962895848839,398800.0
GAS,2022-11-28,72.19962895848839,77.22880158632202,71.6484867526984,77.22880158632202,470200.0
GAS,2022-11-29,77.15990881059828,78.4688715493495,75.02423276316208,77.15990881059828,405200.0
GAS,2022-11-30,77.15990881059828,77.15990881059828,75.78205329612331,75.9198388475708,282900.0
GAS,2022-12-01,77.15990881059828,77.15990881059828,72.33741450993588,73.37080614579212,514400.0
GAS,2022-12-02,73.37080614579212,77.84883656783576,73.37080614579212,76.6087666048083,572000.0
GAS,2022-12-05,77.84883656783576,78.26219322217825,76.26430272618956,77.98662211928327,500600.0
GAS,2022-12-06,77.84883656783576,78.1933004464545,75.09312553888583,75.43758941750457,494500.0
GAS,2022-12-07,75.43758941750457,76.81544493197954,73.57748447296336,73.57748447296336,429900.0
GAS,2022-12-08,74.47309055737209,76.40208827763705,73.02634226717338,73.02634226717338,465900.0
GAS,2022-12-09,74.3353050059246,74.74866166026708,73.02634226717338,73.02634226717338,374700.0
GAS,2022-12-12,74.40419778164834,74.67976888454334,72.33741450993588,72.33741450993588,350200.0
GAS,2022-12-13,73.64637724868712,74.0597339030296,72.40630728565964,72.75077116427838,400900.0
GAS,2022-12-14,73.43969892151586,74.40419778164834,73.37080614579212,74.0597339030296,297500.0
GAS,2022-12-15,73.71527002441086,74.40419778164834,72.75077116427838,73.23302059434461,504800.0
GAS,2022-12-16,73.23302059434461,74.3353050059246,72.88855671572587,73.30191337006836,256100.0
GAS,2022-12-19,73.02634226717338,73.57748447296336,72.47520006138339,72.47520006138339,449500.0
GAS,2022-12-20,72.33741450993588,72.68187838855462,71.3729156498034,72.19962895848839,218300.0
GAS,2022-12-21,73.02634226717338,73.02634226717338,71.30402287407966,71.30402287407966,198400.0
GAS,2022-12-22,72.33741450993588,72.33741450993588,69.71948903243344,69.71948903243344,254000.0
GAS,2022-12-23,70.61509511684217,71.5107012012509,69.92616735960469,69.92616735960469,261500.0
GAS,2022-12-26,70.33952401394717,72.06184340704088,70.33952401394717,70.68398789256592,332400.0
GAS,2022-12-27,71.57959397697465,71.6484867526984,70.13284568677594,71.02845177118466,154700.0
GAS,2022-12-28,71.3729156498034,71.6484867526984,70.40841678967094,70.95955899546091,221800.0
GAS,2022-12-29,71.57959397697465,71.57959397697465,70.68398789256592,70.68398789256592,97600.0
GAS,2022-12-30,70.68398789256592,70.82177344401342,69.92616735960469,69.92616735960469,141500.0
GAS,2023-01-03,70.27063123822343,72.33741450993588,70.20173846249969,72.33741450993588,287800.0
GAS,2023-01-04,72.68187838855462,72.68187838855462,71.6484867526984,72.33741450993588,225000.0
GAS,2023-01-05,72.33741450993588,73.50859169723961,71.99295063131714,73.43969892151586,270100.0
GAS,2023-01-06,73.37080614579212,73.64637724868712,72.06184340704088,72.13073618276464,138800.0
GAS,2023-01-09,72.54409283710713,72.75077116427838,71.6484867526984,71.99295063131714,153500.0
GAS,2023-01-10,71.99295063131714,72.06184340704088,71.02845177118466,72.06184340704088,256300.0
GAS,2023-01-11,72.26852173421214,72.61298561283088,71.71737952842214,71.7862723041459,108100.0
GAS,2023-01-12,71.7862723041459,72.47520006138339,71.7862723041459,72.33741450993588,236800.0
GAS,2023-01-13,72.06184340704088,72.68187838855462,71.9240578555934,71.99295063131714,193100.0
GAS,2023-01-16,72.19962895848839,72.19962895848839,70.95955899546091,70.95955899546091,244900.0
GAS,2023-01-17,70.95955899546091,72.13073618276464,70.61509511684217,71.7862723041459,290300.0
GAS,2023-01-18,72.26852173421214,72.81966394000213,71.7862723041459,71.85516507986965,151800.0
GAS,2023-01-19,72.13073618276464,72.26852173421214,71.30402287407966,71.99295063131714,249800.0
GAS,2023-01-27,72.40630728565964,75.9198388475708,72.40630728565964,74.54198333309584,535400.0
GAS,2023-01-30,75.09312553888583,75.16201831460957,73.43969892151586,73.43969892151586,267500.0
GAS,2023-01-31,73.43969892151586,74.0597339030296,72.75077116427838,73.23302059434461,283700.0
GAS,2023-02-01,73.64637724868712,76.1954099504658,73.02634226717338,73.43969892151586,732800.0
GAS,2023-02-02,73.71527002441086,74.40419778164834,73.30191337006836,73.71527002441086,293900.0
GAS,2023-02-03,73.57748447296336,73.71527002441086,72.47520006138339,72.47520006138339,258900.0
GAS,2023-02-06,72.47520006138339,73.71527002441086,71.7862723041459,73.02634226717338,242000.0
GAS,2023-02-07,73.50859169723961,74.26641223020084,72.33741450993588,73.23302059434461,287400.0
GAS,2023-02-08,73.23302059434461,74.40419778164834,73.16412781862087,73.9219483515821,273500.0
GAS,2023-02-09,74.3353050059246,74.95533998743832,73.9219483515821,74.47309055737209,314600.0
GAS,2023-02-10,74.47309055737209,74.47309055737209,73.09523504289712,73.09523504289712,202400.0
GAS,2023-02-13,73.09523504289712,74.26641223020084,72.54409283710713,72.95744949144962,201400.0
GAS,2023-02-14,73.23302059434461,73.71527002441086,72.75077116427838,72.75077116427838,108200.0
GAS,2023-02-15,73.02634226717338,74.0597339030296,72.81966394000213,73.7841628001346,181700.0
GAS,2023-02-16,73.30191337006836,75.02423276316208,73.30191337006836,74.3353050059246,261100.0
GAS,2023-02-17,74.0597339030296,74.3353050059246,73.50859169723961,73.85305557585835,186300.0
GAS,2023-02-20,73.9219483515821,75.09312553888583,73.9219483515821,75.09312553888583,200100.0
GAS,2023-02-21,74.74866166026708,75.43758941750457,74.61087610881958,74.61087610881958,216200.0
GAS,2023-02-22,74.0597339030296,75.78205329612331,73.64637724868712,73.71527002441086,240700.0
GAS,2023-02-23,74.12862667875333,74.12862667875333,72.19962895848839,72.88855671572587,174700.0
GAS,2023-02-24,73.02634226717338,74.0597339030296,72.33741450993588,73.37080614579212,127400.0
GAS,2023-02-27,73.37080614579212,73.37080614579212,70.95955899546091,71.6484867526984,245200.0
GAS,2023-02-28,72.33741450993588,72.61298561283088,71.23513009835591,71.30402287407966,73500.0
GAS,2023-03-01,71.09734454690842,72.95744949144962,71.09734454690842,72.40630728565964,113000.0
GAS,2023-03-02,72.33741450993588,72.88855671572587,72.06184340704088,72.33741450993588,115100.0
GAS,2023-03-03,72.95744949144962,72.95744949144962,70.82177344401342,71.99295063131714,184400.0
GAS,2023-03-06,72.33741450993588,72.68187838855462,71.3729156498034,71.44180842552716,91900.0
GAS,2023-03-07,72.26852173421214,72.68187838855462,71.57959397697465,71.99295063131714,203700.0
GAS,2023-03-08,71.5107012012509,72.95744949144962,71.44180842552716,72.95744949144962,147800.0
GAS,2023-03-09,72.54409283710713,74.3353050059246,72.54409283710713,73.57748447296336,190600.0
GAS,2023-03-10,73.23302059434461,73.9219483515821,72.68187838855462,73.71527002441086,229400.0
GAS,2023-03-13,73.71527002441086,74.74866166026708,72.95744949144962,74.47309055737209,347000.0
GAS,2023-03-14,73.23302059434461,74.40419778164834,72.68187838855462,74.1975194544771,185000.0
GAS,2023-03-15,74.1975194544771,74.40419778164834,73.43969892151586,73.71527002441086,196300.0
GAS,2023-03-16,73.71527002441086,73.71527002441086,71.7862723041459,72.06184340704088,277700.0
GAS,2023-03-17,72.54409283710713,73.16412781862087,71.44180842552716,71.44180842552716,226600.0
GAS,2023-03-20,71.6484867526984,72.06184340704088,70.89066621973717,70.95955899546091,189500.0
GAS,2023-03-21,71.09734454690842,71.6484867526984,70.68398789256592,71.09734454690842,112000.0
GAS,2023-03-22,71.6484867526984,71.6484867526984,70.75288066828968,70.89066621973717,126300.0
GAS,2023-03-23,70.61509511684217,70.95955899546091,70.27063123822343,70.61509511684217,146700.0
GAS,2023-03-24,70.68398789256592,71.3729156498034,70.33952401394717,70.54620234111843,251400.0
GAS,2023-03-27,70.61509511684217,71.02845177118466,70.27063123822343,70.27063123822343,102100.0
GAS,2023-03-28,70.54620234111843,71.71737952842214,70.54620234111843,71.44180842552716,270800.0
GAS,2023-03-29,71.44180842552716,71.44180842552716,70.68398789256592,70.82177344401342,99300.0
GAS,2023-03-30,70.95955899546091,71.57959397697465,70.54620234111843,70.54620234111843,138900.0
GAS,2023-03-31,70.54620234111843,71.09734454690842,70.13284568677594,70.27063123822343,246900.0
GAS,2023-04-03,71.3729156498034,71.5107012012509,70.27063123822343,70.61509511684217,322100.0
GAS,2023-04-04,71.30402287407966,71.30402287407966,70.13284568677594,70.20173846249969,564900.0
GAS,2023-04-05,70.89066621973717,70.89066621973717,70.13284568677594,70.20173846249969,217900.0
GAS,2023-04-06,70.75288066828968,70.75288066828968,69.85727458388095,69.92616735960469,307100.0
GAS,2023-04-07,69.85727458388095,70.20173846249969,69.58170348098595,69.71948903243344,145000.0
GAS,2023-04-10,69.65059625670969,70.06395291105218,68.54831184512972,68.54831184512972,467900.0
GAS,2023-04-11,68.54831184512972,69.16834682664346,68.54831184512972,68.82388294802472,240000.0
GAS,2023-04-12,68.89277572374846,69.65059625670969,68.61720462085347,68.75499017230096,280100.0
GAS,2023-04-13,69.5128107052622,69.5128107052622,68.68609739657722,68.89277572374846,181400.0
GAS,2023-04-14,69.3750251538147,69.3750251538147,67.58381298499724,67.58381298499724,281200.0
GAS,2023-04-17,67.65270576072099,67.92827686361598,66.89488522775976,66.96377800348351,238400.0
GAS,2023-04-18,67.17045633065474,67.37713465782599,66.61931412486477,66.68820690058851,220200.0
GAS,2023-04-19,67.17045633065474,67.37713465782599,65.51702971328478,65.86149359190352,334400.0
GAS,2023-04-20,66.13706469479853,67.17045633065474,65.86149359190352,66.13706469479853,280900.0
GAS,2023-04-21,66.68820690058851,66.68820690058851,65.58592248900854,65.72370804045603,414800.0
GAS,2023-04-24,65.79260081617979,65.93038636762728,64.13917419880981,64.13917419880981,563800.0
GAS,2023-04-25,64.75920918032355,64.75920918032355,63.381353665848586,63.381353665848586,321700.0
GAS,2023-04-26,63.105782562953586,64.89699473177106,63.105782562953586,64.34585252598107,336500.0
GAS,2023-04-27,64.48363807742855,64.89699473177106,63.519139217296086,63.519139217296086,299000.0
GAS,2023-04-28,64.27695975025732,64.27695975025732,63.588031993019825,63.93249587163857,161300.0
GAS,2023-05-04,63.45024644157233,63.93249587163857,63.105782562953586,63.381353665848586,204200.0
GAS,2023-05-05,63.381353665848586,63.656924768743586,63.105782562953586,63.31246089012484,167600.0
GAS,2023-05-08,63.519139217296086,64.13917419880981,63.519139217296086,64.13917419880981,263400.0
GAS,2023-05-09,64.41474530170481,65.2414586103898,64.41474530170481,64.8281019560473,276600.0
GAS,2023-05-10,65.17256583466605,65.17256583466605,63.93249587163857,64.20806697453357,247500.0
GAS,2023-05-11,64.41474530170481,64.62142362887606,63.519139217296086,63.519139217296086,407300.0
GAS,2023-05-12,63.381353665848586,63.93249587163857,63.381353665848586,63.725817544467326,263300.0
GAS,2023-05-15,64.07028142308607,64.69031640459981,63.519139217296086,63.519139217296086,434900.0
GAS,2023-05-16,64.07028142308607,64.20806697453357,63.519139217296086,63.656924768743586,291700.0
GAS,2023-05-17,63.725817544467326,64.07028142308607,63.243568114401086,63.31246089012484,329100.0
GAS,2023-05-18,63.381353665848586,64.41474530170481,63.243568114401086,64.07028142308607,502900.0
GAS,2023-05-19,64.20806697453357,65.79260081617979,64.13917419880981,65.37924416183729,861600.0
GAS,2023-05-22,65.79260081617979,65.86149359190352,64.75920918032355,65.2414586103898,359100.0
GAS,2023-05-23,65.37924416183729,65.37924416183729,64.13917419880981,64.20806697453357,435400.0
GAS,2023-05-24,64.5525308531523,64.5525308531523,63.725817544467326,63.725817544467326,413900.0
GAS,2023-05-25,64.07028142308607,65.31035138611354,63.725817544467326,65.2414586103898,611300.0
GAS,2023-05-26,65.72370804045603,65.72370804045603,64.41474530170481,64.5525308531523,428800.0
GAS,2023-05-29,64.75920918032355,65.03478028321855,64.41474530170481,64.62142362887606,415700.0
GAS,2023-05-30,64.62142362887606,64.75920918032355,63.93249587163857,64.00138864736232,586500.0
GAS,2023-05-31,63.93249587163857,64.20806697453357,63.93249587163857,63.93249587163857,405400.0
GAS,2023-06-01,64.41474530170481,64.41474530170481,63.381353665848586,63.381353665848586,548100.0
GAS,2023-06-02,63.588031993019825,63.93249587163857,63.381353665848586,63.381353665848586,574800.0
GAS,2023-06-05,63.79471032019107,64.75920918032355,63.79471032019107,64.75920918032355,521600.0
GAS,2023-06-06,65.10367305894229,65.99927914335103,64.9658875074948,65.51702971328478,837700.0
GAS,2023-06-07,65.58592248900854,65.79260081617979,64.62142362887606,65.10367305894229,706700.0
GAS,2023-06-08,65.44813693756105,65.58592248900854,64.27695975025732,64.48363807742855,632000.0
GAS,2023-06-09,64.48363807742855,64.8281019560473,64.20806697453357,64.5525308531523,288800.0
GAS,2023-06-12,65.03478028321855,65.03478028321855,64.00138864736232,64.69031640459981,490200.0
GAS,2023-06-13,64.9658875074948,65.03478028321855,64.48363807742855,64.75920918032355,582100.0
GAS,2023-06-14,64.8281019560473,65.93038636762728,64.8281019560473,65.17256583466605,760100.0
GAS,2023-06-15,65.37924416183729,67.37713465782599,65.2414586103898,66.550421349141,1349100.0
GAS,2023-06-16,66.96377800348351,67.101563554931,65.79260081617979,65.79260081617979,589800.0
GAS,2023-06-19,65.93038636762728,66.75709967631227,65.58592248900854,65.58592248900854,637900.0
GAS,2023-06-20,65.58592248900854,66.48152857341726,65.31035138611354,66.48152857341726,508200.0
GAS,2023-06-21,66.48152857341726,66.48152857341726,65.65481526473228,65.99927914335103,483500.0
GAS,2023-06-22,65.99927914335103,66.48152857341726,65.79260081617979,65.86149359190352,812800.0
GAS,2023-06-23,66.34374302196977,66.34374302196977,65.44813693756105,65.58592248900854,628300.0
GAS,2023-06-26,65.58592248900854,66.34374302196977,65.51702971328478,66.13706469479853,942400.0
GAS,2023-06-27,66.61931412486477,66.825992452036,66.13706469479853,66.34374302196977,510600.0
GAS,2023-06-28,66.75709967631227,66.75709967631227,65.72370804045603,65.72370804045603,768000.0
GAS,2023-06-29,65.79260081617979,65.99927914335103,65.17256583466605,65.17256583466605,710100.0
GAS,2023-06-30,65.17256583466605,65.44813693756105,64.07028142308607,64.07028142308607,681400.0
GAS,2023-07-03,64.62142362887606,65.10367305894229,64.48363807742855,64.75920918032355,380900.0
GAS,2023-07-04,65.03478028321855,65.72370804045603,64.8281019560473,65.51702971328478,498400.0
GAS,2023-07-05,65.65481526473228,65.65481526473228,64.9658875074948,64.9658875074948,410400.0
GAS,2023-07-06,65.44813693756105,66.48152857341726,65.2414586103898,65.58592248900854,1374300.0
GAS,2023-07-07,65.93038636762728,66.550421349141,65.65481526473228,66.13706469479853,672500.0
GAS,2023-07-10,66.48152857341726,67.2393491063785,66.41263579769353,67.17045633065474,1125900.0
GAS,2023-07-11,67.37713465782599,67.5149202092735,66.825992452036,66.96377800348351,719600.0
GAS,2023-07-12,67.2393491063785,67.2393491063785,66.27485024624602,66.48152857341726,568500.0
GAS,2023-07-13,66.825992452036,68.61720462085347,66.550421349141,68.41052629368222,1368300.0
GAS,2023-07-14,68.54831184512972,69.23723960236721,67.85938408789224,68.20384796651098,695200.0
GAS,2023-07-17,68.27274074223472,68.34163351795847,67.58381298499724,68.20384796651098,539100.0
GAS,2023-07-18,68.20384796651098,69.16834682664346,67.85938408789224,68.75499017230096,742300.0
GAS,2023-07-19,69.0994540509197,69.0994540509197,68.13495519078724,68.13495519078724,551000.0
GAS,2023-07-20,67.99716963933973,68.34163351795847,67.17045633065474,67.99716963933973,602600.0
GAS,2023-07-21,67.99716963933973,68.47941906940598,67.58381298499724,68.47941906940598,532600.0
GAS,2023-07-24,68.68609739657722,68.82388294802472,67.79049131216848,67.85938408789224,539100.0
GAS,2023-07-25,68.06606241506348,68.61720462085347,67.85938408789224,68.06606241506348,413300.0
GAS,2023-07-26,68.06606241506348,68.06606241506348,67.65270576072099,67.65270576072099,390200.0
GAS,2023-07-27,67.85938408789224,68.06606241506348,67.58381298499724,67.65270576072099,468200.0
GAS,2023-07-28,67.5149202092735,68.61720462085347,67.5149202092735,68.54831184512972,537300.0
GAS,2023-07-31,68.96166849947221,70.68398789256592,68.96166849947221,69.99506013532843,1189900.0
GAS,2023-08-01,70.47730956539468,70.47730956539468,69.3750251538147,69.3750251538147,608900.0
GAS,2023-08-02,69.58170348098595,69.99506013532843,68.82388294802472,69.16834682664346,330500.0
GAS,2023-08-03,69.16834682664346,69.23723960236721,68.61720462085347,68.61720462085347,451000.0
GAS,2023-08-04,68.61720462085347,69.5128107052622,68.47941906940598,69.0994540509197,544800.0
GAS,2023-08-07,69.7883818081572,69.7883818081572,68.82388294802472,69.5128107052622,351200.0
GAS,2023-08-08,69.5128107052622,69.85727458388095,69.30613237809095,69.71948903243344,529700.0
GAS,2023-08-09,69.85727458388095,69.85727458388095,69.30613237809095,69.58170348098595,371500.0
GAS,2023-08-10,70.20173846249969,71.44180842552716,69.92616735960469,70.27063123822343,771900.0
GAS,2023-08-11,70.13284568677594,70.27063123822343,69.3750251538147,69.92616735960469,344200.0
GAS,2023-08-14,69.99506013532843,70.20173846249969,69.23723960236721,69.30613237809095,549300.0
GAS,2023-08-15,69.3750251538147,69.3750251538147,68.96166849947221,69.16834682664346,326400.0
GAS,2023-08-16,69.16834682664346,69.85727458388095,68.89277572374846,69.03056127519596,403400.0
GAS,2023-08-17,68.89277572374846,69.58170348098595,68.61720462085347,68.89277572374846,416400.0
GAS,2023-08-18,68.82388294802472,68.82388294802472,67.2393491063785,67.2393491063785,905200.0
GAS,2023-08-21,67.92827686361598,68.47941906940598,67.58381298499724,68.27274074223472,451700.0
GAS,2023-08-22,68.54831184512972,69.58170348098595,68.20384796651098,69.0994540509197,598300.0
GAS,2023-08-23,69.0994540509197,70.33952401394717,69.0994540509197,70.20173846249969,724300.0
GAS,2023-08-24,70.61509511684217,70.61509511684217,70.20173846249969,70.54620234111843,553400.0
GAS,2023-08-25,70.54620234111843,70.54620234111843,69.58170348098595,69.85727458388095,539600.0
GAS,2023-08-28,70.47730956539468,71.5107012012509,70.13284568677594,71.09734454690842,687500.0
GAS,2023-08-29,72.09670481070184,72.09670481070184,70.95457879389865,71.31149317414965,543100.0
GAS,2023-08-30,71.38287605019984,71.38287605019984,70.52628153759744,70.88319591784844,426600.0
GAS,2023-08-31,70.88319591784844,71.02596166994884,70.38351578549704,70.38351578549704,573700.0
GAS,2023-09-05,71.52564180230024,71.52564180230024,70.45489866154725,71.09734454599904,420600.0
GAS,2023-09-06,71.31149317414965,72.66776781910343,71.16872742204924,72.45361919095284,547900.0
GAS,2023-09-07,72.38223631490264,73.66712808380623,71.81117330650103,73.45297945565564,911900.0
GAS,2023-09-08,73.45297945565564,73.73851095985643,72.95329932330424,72.95329932330424,548900.0
GAS,2023-09-11,73.88127671195683,73.88127671195683,72.16808768675203,72.38223631490264,371800.0
GAS,2023-09-12,72.95329932330424,73.95265958800702,72.16808768675203,73.31021370355523,588800.0
GAS,2023-09-13,73.59574520775602,75.87999724136243,73.31021370355523,75.38031710901103,1296300.0
GAS,2023-09-14,75.38031710901103,77.02212325816564,74.59510547245883,75.66584861321182,552900.0
GAS,2023-09-15,76.37967737371383,78.30701502706923,75.73723148926203,78.23563215101902,793000.0
GAS,2023-09-18,78.44978077916963,79.87743830017362,77.09350613421583,77.80733489471783,469500.0
GAS,2023-09-19,77.80733489471783,79.23499241572182,76.80797463001502,78.52116365521982,404100.0
GAS,2023-09-20,78.52116365521982,78.52116365521982,77.37903763841663,77.80733489471783,428400.0
GAS,2023-09-21,77.52180339051702,77.80733489471783,76.02276299346282,76.02276299346282,774100.0
GAS,2023-09-22,77.0078466829556,77.95010064681823,76.06559271909295,77.864441195558,730800.0
GAS,2023-09-25,77.864441195558,78.80669515942063,76.23691162161343,76.66520887791464,507700.0
GAS,2023-09-26,76.66520887791464,77.26482503673631,76.06559271909295,76.06559271909295,441600.0
GAS,2023-09-27,76.23691162161343,76.66520887791464,73.66712808380623,76.1512521703532,1090500.0
GAS,2023-09-28,76.92218723169535,78.37839790311943,76.1512521703532,78.37839790311943,924000.0
GAS,2023-09-29,78.54971680563992,78.54971680563992,76.66520887791464,77.69312229303752,596500.0
GAS,2023-10-02,77.52180339051704,77.52180339051704,76.1512521703532,76.49388997539415,289100.0
GAS,2023-10-03,76.06559271909295,76.06559271909295,73.66712808380623,73.92410643758696,566000.0
GAS,2023-10-04,73.66712808380623,74.09542534010744,73.49580918128575,73.49580918128575,603600.0
GAS,2023-10-05,73.41014973002552,73.49580918128575,72.12525796112193,72.12525796112193,589900.0
GAS,2023-10-06,72.03959850986168,72.12525796112193,71.09734454599905,72.12525796112193,350400.0
GAS,2023-10-09,74.09542534010744,74.78070095018936,73.23883082750504,74.18108479136767,514800.0
GAS,2023-10-10,74.69504149892911,75.55163601153151,73.1531713762448,74.0097658888472,986100.0
GAS,2023-10-11,74.52372259640863,74.95201985270984,73.23883082750504,73.66712808380623,717500.0
GAS,2023-10-12,74.0097658888472,74.0097658888472,72.81053357120383,73.66712808380623,639900.0
GAS,2023-10-13,72.89619302246408,73.66712808380623,72.2965768636424,73.49580918128575,431800.0
GAS,2023-10-16,74.09542534010744,75.2946576577508,74.09542534010744,74.4380631451484,874500.0
GAS,2023-10-17,74.26674424262792,74.4380631451484,72.98185247372432,72.98185247372432,454400.0
GAS,2023-10-18,72.81053357120383,72.89619302246408,69.81245277709544,71.09734454599905,792800.0
GAS,2023-10-19,71.09734454599905,71.52564180230024,70.15509058213641,70.15509058213641,638800.0
GAS,2023-10-20,70.41206893591713,71.26866344851953,68.52756100819185,71.26866344851953,812700.0
GAS,2023-10-23,71.35432289977976,71.35432289977976,68.87019881323282,69.04151771575329,467400.0
GAS,2023-10-24,69.38415552079425,69.64113387457496,68.52756100819185,69.55547442331473,348400.0
GAS,2023-10-25,69.38415552079425,69.72679332583522,68.87019881323282,68.87019881323282,462300.0
GAS,2023-10-26,66.64305308046657,68.52756100819185,64.67288570148106,64.67288570148106,1072900.0
GAS,2023-10-27,65.52948021408346,67.24266923928825,64.75854515274129,66.47173417794609,377800.0
GAS,2023-10-30,66.47173417794609,66.55739362920633,65.52948021408346,65.61513966534369,256600.0
GAS,2023-10-31,65.61513966534369,66.0434369216449,65.10118295778226,65.61513966534369,355200.0
GAS,2023-11-01,66.38607472668585,66.38607472668585,65.35816131156298,65.87211801912441,296600.0
GAS,2023-11-02,66.21475582416538,67.84228539810994,65.87211801912441,67.84228539810994,444700.0
GAS,2023-11-03,68.01360430063042,68.27058265441113,67.07135033676776,67.75662594684968,455300.0
GAS,2023-11-06,67.75662594684968,67.75662594684968,66.81437198298705,67.67096649558945,415200.0
GAS,2023-11-07,67.67096649558945,68.87019881323282,67.24266923928825,67.49964759306897,309800.0
GAS,2023-11-08,67.24266923928825,68.52756100819185,66.81437198298705,68.52756100819185,504300.0
GAS,2023-11-09,68.52756100819185,68.87019881323282,67.67096649558945,68.52756100819185,628100.0
GAS,2023-11-10,67.67096649558945,68.52756100819185,67.24266923928825,67.41398814180873,525700.0
GAS,2023-11-13,67.67096649558945,68.09926375189065,67.32832869054849,67.67096649558945,306300.0
GAS,2023-11-14,67.92794484937016,68.27058265441113,67.24266923928825,67.75662594684968,445500.0
GAS,2023-11-15,68.18492320315089,69.12717716701353,68.18492320315089,68.61322045945208,823800.0
GAS,2023-11-16,68.44190155693161,68.52756100819185,67.67096649558945,68.52756100819185,652000.0
GAS,2023-11-17,68.18492320315089,68.27058265441113,67.07135033676776,67.41398814180873,778800.0
GAS,2023-11-20,66.55739362920633,67.58530704432921,66.47173417794609,67.07135033676776,572600.0
GAS,2023-11-21,67.49964759306897,67.75662594684968,67.07135033676776,67.67096649558945,379300.0
GAS,2023-11-22,67.67096649558945,67.92794484937016,67.15700978802802,67.67096649558945,481600.0
GAS,2023-11-23,67.75662594684968,67.84228539810994,65.95777747038466,65.95777747038466,611500.0
GAS,2023-11-24,66.0434369216449,66.47173417794609,65.10118295778226,66.38607472668585,624900.0
GAS,2023-11-27,66.55739362920633,66.55739362920633,65.52948021408346,65.78645856786417,404100.0
GAS,2023-11-28,65.52948021408346,65.95777747038466,64.92986405526177,65.95777747038466,526300.0
GAS,2023-11-29,65.70079911660395,66.81437198298705,65.61513966534369,66.64305308046657,596100.0
GAS,2023-11-30,66.72871253172681,67.07135033676776,65.52948021408346,65.52948021408346,465700.0
GAS,2023-12-01,65.95777747038466,66.72871253172681,65.61513966534369,66.55739362920633,492700.0
GAS,2023-12-04,66.64305308046657,67.75662594684968,66.55739362920633,67.67096649558945,983500.0
GAS,2023-12-05,67.67096649558945,68.44190155693161,67.41398814180873,67.67096649558945,661500.0
GAS,2023-12-06,67.67096649558945,68.35624210567137,67.58530704432921,68.35624210567137,550100.0
GAS,2023-12-07,68.01360430063042,68.09926375189065,66.38607472668585,66.72871253172681,856700.0
GAS,2023-12-08,66.90003143424728,67.41398814180873,66.38607472668585,66.47173417794609,884500.0
GAS,2023-12-11,67.32832869054849,67.32832869054849,66.64305308046657,67.07135033676776,694500.0
GAS,2023-12-12,67.07135033676776,67.15700978802802,66.72871253172681,66.98569088550754,471100.0
GAS,2023-12-13,66.98569088550754,66.98569088550754,65.78645856786417,65.87211801912441,1139800.0
GAS,2023-12-14,65.87211801912441,66.55739362920633,65.70079911660395,65.87211801912441,403200.0
GAS,2023-12-15,65.87211801912441,65.87211801912441,65.10118295778226,65.10118295778226,806600.0
GAS,2023-12-18,65.10118295778226,65.1868424090425,64.67288570148106,64.67288570148106,615300.0
GAS,2023-12-19,64.24458844517986,64.58722625022082,63.55931283509794,64.24458844517986,886500.0
GAS,2023-12-20,64.67288570148106,64.67288570148106,64.07326954265938,64.41590734770034,573700.0
GAS,2023-12-21,64.24458844517986,64.3302478964401,63.730631737618424,63.98761009139914,727800.0
GAS,2023-12-22,64.15892899391963,64.41590734770034,63.644972286358175,63.98761009139914,616600.0
GAS,2023-12-25,63.98761009139914,65.70079911660395,63.98761009139914,65.52948021408346,1056300.0
GAS,2023-12-26,65.70079911660395,65.70079911660395,64.84420460400155,65.44382076282322,755000.0
GAS,2023-12-27,65.44382076282322,65.70079911660395,65.1868424090425,65.35816131156298,706400.0
GAS,2023-12-28,65.44382076282322,65.44382076282322,64.75854515274129,65.10118295778226,790200.0
GAS,2023-12-29,65.27250186030274,65.35816131156298,64.67288570148106,64.67288570148106,1058240.0
GAS,2024-01-02,64.92986405526177,65.35816131156298,64.67288570148106,64.75854515274129,693400.0
GAS,2024-01-03,64.67288570148106,65.10118295778226,64.58722625022082,65.10118295778226,569300.0
GAS,2024-01-04,65.10118295778226,66.30041527542562,65.10118295778226,65.70079911660395,1507700.0
GAS,2024-01-05,65.95777747038466,66.30041527542562,65.95777747038466,66.12909637290514,1077100.0
GAS,2024-01-08,66.21475582416538,66.64305308046657,65.52948021408346,65.78645856786417,1022900.0
GAS,2024-01-09,65.78645856786417,65.95777747038466,65.01552350652203,65.01552350652203,891500.0
GAS,2024-01-10,65.27250186030274,65.44382076282322,64.67288570148106,64.67288570148106,1027400.0
GAS,2024-01-11,64.84420460400155,65.1868424090425,64.67288570148106,65.10118295778226,494000.0
GAS,2024-01-12,65.1868424090425,65.1868424090425,64.24458844517986,64.3302478964401,809900.0
GAS,2024-01-15,64.67288570148106,65.01552350652203,64.67288570148106,64.84420460400155,441100.0
GAS,2024-01-16,64.67288570148106,64.84420460400155,64.24458844517986,64.75854515274129,457100.0
GAS,2024-01-17,65.10118295778226,65.10118295778226,64.3302478964401,64.41590734770034,831700.0
GAS,2024-01-18,64.41590734770034,64.75854515274129,64.41590734770034,64.50156679896058,457100.0
GAS,2024-01-19,64.67288570148106,65.70079911660395,64.58722625022082,65.70079911660395,1004200.0
GAS,2024-01-22,65.87211801912441,65.87211801912441,65.27250186030274,65.35816131156298,482700.0
GAS,2024-01-23,65.44382076282322,65.70079911660395,65.10118295778226,65.1868424090425,763000.0
GAS,2024-01-24,65.1868424090425,65.44382076282322,64.84420460400155,64.92986405526177,479600.0
GAS,2024-01-25,64.92986405526177,65.1868424090425,64.58722625022082,64.58722625022082,548000.0
GAS,2024-01-26,65.10118295778226,65.52948021408346,64.41590734770034,64.41590734770034,729000.0
GAS,2024-01-29,64.50156679896058,65.70079911660395,64.50156679896058,65.61513966534369,924600.0
GAS,2024-01-30,65.1868424090425,65.61513966534369,65.1868424090425,65.44382076282322,504300.0
GAS,2024-01-31,65.52948021408346,65.52948021408346,64.58722625022082,64.58722625022082,595700.0
GAS,2024-02-01,64.67288570148106,64.84420460400155,64.50156679896058,64.67288570148106,514700.0
GAS,2024-02-02,65.01552350652203,65.01552350652203,64.41590734770034,64.41590734770034,675400.0
GAS,2024-02-05,64.41590734770034,64.92986405526177,64.3302478964401,64.41590734770034,638800.0
GAS,2024-02-06,64.67288570148106,65.01552350652203,64.58722625022082,64.84420460400155,796900.0
GAS,2024-02-07,64.84420460400155,64.92986405526177,64.67288570148106,64.84420460400155,474300.0
GAS,2024-02-15,64.92986405526177,65.10118295778226,64.84420460400155,64.84420460400155,549700.0
GAS,2024-02-16,64.84420460400155,65.95777747038466,64.84420460400155,65.61513966534369,1013500.0
GAS,2024-02-19,66.0434369216449,68.09926375189065,65.95777747038466,67.92794484937016,2373000.0
GAS,2024-02-20,68.09926375189065,68.27058265441113,66.98569088550754,67.32832869054849,1007300.0
GAS,2024-02-21,67.32832869054849,67.32832869054849,66.38607472668585,66.55739362920633,1111900.0
GAS,2024-02-22,66.81437198298705,67.41398814180873,66.38607472668585,66.72871253172681,1074600.0
GAS,2024-02-23,66.90003143424728,67.07135033676776,65.44382076282322,65.44382076282322,1955100.0
GAS,2024-02-26,65.52948021408346,65.78645856786417,64.92986405526177,65.27250186030274,1094800.0
GAS,2024-02-27,65.52948021408346,66.64305308046657,65.27250186030274,66.47173417794609,1154300.0
GAS,2024-02-28,66.81437198298705,67.84228539810994,66.55739362920633,66.81437198298705,1570600.0
GAS,2024-02-29,67.24266923928825,67.24266923928825,66.12909637290514,66.30041527542562,1286800.0
GAS,2024-03-01,66.64305308046657,66.64305308046657,66.21475582416538,66.47173417794609,991000.0
GAS,2024-03-04,66.64305308046657,67.24266923928825,66.55739362920633,66.64305308046657,1168700.0
GAS,2024-03-05,66.81437198298705,67.84228539810994,66.64305308046657,67.67096649558945,2069600.0
GAS,2024-03-06,68.01360430063042,69.89811222835569,68.01360430063042,68.61322045945208,2289000.0
GAS,2024-03-07,68.69887991071234,69.12717716701353,68.18492320315089,68.87019881323282,1287100.0
GAS,2024-03-08,69.38415552079425,69.89811222835569,68.09926375189065,68.09926375189065,2105800.0
GAS,2024-03-11,68.09926375189065,68.09926375189065,66.64305308046657,66.64305308046657,1514100.0
GAS,2024-03-12,66.64305308046657,67.24266923928825,66.55739362920633,66.72871253172681,1174600.0
GAS,2024-03-13,67.15700978802802,67.84228539810994,66.81437198298705,67.67096649558945,1230300.0
GAS,2024-03-14,68.27058265441113,69.72679332583522,68.01360430063042,69.38415552079425,3837000.0
GAS,2024-03-15,69.64113387457496,71.01168509473881,69.12717716701353,70.49772838717736,2398900.0
GAS,2024-03-18,70.49772838717736,71.01168509473881,68.44190155693161,68.69887991071234,2494200.0
GAS,2024-03-19,69.38415552079425,69.38415552079425,68.27058265441113,68.27058265441113,986500.0
GAS,2024-03-20,68.52756100819185,69.55547442331473,68.18492320315089,69.38415552079425,1462300.0
GAS,2024-03-21,70.15509058213641,70.15509058213641,68.95585826449305,69.38415552079425,938700.0
GAS,2024-03-22,69.38415552079425,69.81245277709544,68.87019881323282,68.95585826449305,1235000.0
GAS,2024-03-25,68.95585826449305,69.72679332583522,68.61322045945208,68.87019881323282,972900.0
GAS,2024-03-26,68.95585826449305,69.29849606953401,68.52756100819185,69.12717716701353,596500.0
GAS,2024-03-27,69.55547442331473,69.98377167961593,68.61322045945208,68.78453936197256,843300.0
GAS,2024-03-28,68.87019881323282,69.12717716701353,68.44190155693161,68.78453936197256,774800.0
GAS,2024-03-29,69.04151771575329,69.55547442331473,68.69887991071234,68.69887991071234,616400.0
GAS,2024-04-01,68.69887991071234,69.12717716701353,68.35624210567137,69.04151771575329,747700.0
GAS,2024-04-02,68.87019881323282,70.75470674095808,68.44190155693161,70.66904728969784,1742200.0
GAS,2024-04-03,70.66904728969784,71.43998235104002,70.06943113087617,70.06943113087617,1761700.0
GAS,2024-04-04,70.24075003339665,70.58338783843762,69.46981497205448,69.81245277709544,751900.0
GAS,2024-04-05,69.38415552079425,71.26866344851953,68.87019881323282,69.29849606953401,1384300.0
GAS,2024-04-08,69.38415552079425,69.38415552079425,68.35624210567137,68.35624210567137,675700.0
GAS,2024-04-09,68.52756100819185,68.95585826449305,68.09926375189065,68.44190155693161,623600.0
GAS,2024-04-10,68.44190155693161,68.95585826449305,67.84228539810994,67.84228539810994,687900.0
GAS,2024-04-11,67.58530704432921,67.92794484937016,67.32832869054849,67.49964759306897,645500.0
GAS,2024-04-12,67.67096649558945,68.35624210567137,67.49964759306897,68.27058265441113,360000.0
GAS,2024-04-15,68.44190155693161,69.04151771575329,63.55931283509794,65.10118295778226,1096500.0
GAS,2024-04-16,65.27250186030274,65.87211801912441,64.24458844517986,65.10118295778226,1116000.0
GAS,2024-04-17,65.27250186030274,65.52948021408346,64.3302478964401,64.3302478964401,686000.0
GAS,2024-04-19,64.3302478964401,65.27250186030274,63.98761009139914,64.24458844517986,884100.0
GAS,2024-04-22,64.41590734770034,64.75854515274129,64.15892899391963,64.24458844517986,845200.0
GAS,2024-04-23,64.67288570148106,64.67288570148106,63.38799393257746,63.55931283509794,474500.0
GAS,2024-04-24,64.24458844517986,64.24458844517986,63.644972286358175,63.90195064013889,852300.0
GAS,2024-04-25,63.90195064013889,64.15892899391963,63.38799393257746,63.38799393257746,808500.0
GAS,2024-04-26,63.302334481317224,63.55931283509794,62.95969667627626,62.95969667627626,774000.0
GAS,2024-05-02,62.53139941997507,63.644972286358175,62.53139941997507,63.302334481317224,692000.0
GAS,2024-05-03,63.4736533838377,63.90195064013889,63.302334481317224,63.55931283509794,514700.0
GAS,2024-05-06,63.81629118887866,64.41590734770034,63.81629118887866,64.07326954265938,890300.0
GAS,2024-05-07,64.58722625022082,65.35816131156298,63.98761009139914,65.35816131156298,1496500.0
GAS,2024-05-08,65.44382076282322,66.47173417794609,64.41590734770034,66.30041527542562,1383100.0
GAS,2024-05-09,66.38607472668585,66.38607472668585,65.1868424090425,65.1868424090425,772400.0
GAS,2024-05-10,65.35816131156298,65.78645856786417,64.15892899391963,64.67288570148106,650937.0
GAS,2024-05-13,65.01552350652203,65.1868424090425,64.24458844517986,64.41590734770034,630798.0
GAS,2024-05-14,64.67288570148106,65.01552350652203,64.15892899391963,64.41590734770034,785377.0
GAS,2024-05-15,64.41590734770034,64.92986405526177,64.15892899391963,64.67288570148106,883370.0
GAS,2024-05-16,65.10118295778226,65.52948021408346,65.01552350652203,65.01552350652203,1116739.0
GAS,2024-05-17,65.27250186030274,65.27250186030274,64.67288570148106,64.84420460400155,965162.0
GAS,2024-05-20,65.1868424090425,65.78645856786417,65.10118295778226,65.10118295778226,1110709.0
GAS,2024-05-21,65.27250186030274,66.47173417794609,65.10118295778226,65.70079911660395,1696938.0
GAS,2024-05-22,66.21475582416538,66.21475582416538,65.52948021408346,65.61513966534369,832369.0
GAS,2024-05-23,65.61513966534369,68.44190155693161,65.44382076282322,68.44190155693161,4014800.0
GAS,2024-05-24,68.95585826449305,69.81245277709544,66.64305308046657,67.67096649558945,2572842.0
GAS,2024-05-27,67.67096649558945,69.64113387457496,66.90003143424728,69.38415552079425,2133968.0
GAS,2024-05-28,70.24075003339665,70.58338783843762,69.38415552079425,70.15509058213641,2252889.0
GAS,2024-05-29,71.09734454599905,72.38223631490264,69.46981497205448,70.41206893591713,3752029.0
GAS,2024-05-30,70.15509058213641,70.49772838717736,68.61322045945208,69.46981497205448,2355429.0
GAS,2024-05-31,69.81245277709544,69.98377167961593,68.61322045945208,68.61322045945208,1429754.0
GAS,2024-06-03,69.29849606953401,69.98377167961593,68.87019881323282,68.87019881323282,1706070.0
GAS,2024-06-04,68.87019881323282,70.15509058213641,68.78453936197256,69.21283661827377,1515420.0
GAS,2024-06-05,69.29849606953401,70.41206893591713,69.04151771575329,69.04151771575329,1806354.0
GAS,2024-06-06,69.81245277709544,69.81245277709544,68.69887991071234,68.78453936197256,1056380.0
GAS,2024-06-07,68.95585826449305,69.38415552079425,68.78453936197256,68.78453936197256,874174.0
GAS,2024-06-10,69.21283661827377,69.38415552079425,68.78453936197256,68.78453936197256,1115980.0
GAS,2024-06-11,69.12717716701353,69.89811222835569,68.78453936197256,68.78453936197256,2392880.0
GAS,2024-06-12,68.95585826449305,69.38415552079425,68.61322045945208,68.87019881323282,1336700.0
GAS,2024-06-13,69.38415552079425,69.38415552079425,68.69887991071234,68.69887991071234,1403600.0
GAS,2024-06-14,68.69887991071234,69.04151771575329,67.67096649558945,67.67096649558945,2297200.0
GAS,2024-06-17,67.67096649558945,67.92794484937016,66.47173417794609,66.47173417794609,1271500.0
GAS,2024-06-18,66.81437198298705,67.67096649558945,66.81437198298705,66.81437198298705,938200.0
GAS,2024-06-19,66.98569088550754,67.49964759306897,66.72871253172681,66.98569088550754,994347.0
GAS,2024-06-20,67.41398814180873,67.58530704432921,66.81437198298705,66.81437198298705,831653.0
GAS,2024-06-21,66.98569088550754,67.67096649558945,66.72871253172681,66.72871253172681,1053416.0
GAS,2024-06-24,66.72871253172681,67.15700978802802,65.44382076282322,65.52948021408346,1726724.0
GAS,2024-06-25,65.61513966534369,66.12909637290514,65.35816131156298,65.35816131156298,1038197.0
GAS,2024-06-26,65.52948021408346,65.87211801912441,65.1868424090425,65.52948021408346,1133973.0
GAS,2024-06-27,65.61513966534369,66.64305308046657,65.52948021408346,65.52948021408346,1010187.0
GAS,2024-06-28,65.61513966534369,66.12909637290514,65.52948021408346,65.61513966534369,660231.0
GAS,2024-07-01,65.70079911660395,66.55739362920633,65.61513966534369,66.55739362920633,792247.0
GAS,2024-07-02,66.81437198298705,67.07135033676776,66.47173417794609,66.98569088550754,876590.0
GAS,2024-07-03,67.24266923928825,67.24266923928825,66.81437198298705,66.98569088550754,640880.0
GAS,2024-07-04,67.15700978802802,68.27058265441113,66.98569088550754,66.98569088550754,1165880.0
GAS,2024-07-05,67.24266923928825,67.92794484937016,67.15700978802802,67.32832869054849,752404.0
GAS,2024-07-08,67.41398814180873,67.75662594684968,67.24266923928825,67.41398814180873,793469.0
GAS,2024-07-09,67.67096649558945,67.67096649558945,67.15700978802802,67.67096649558945,1535591.0
GAS,2024-07-10,67.84228539810994,68.27058265441113,67.24266923928825,67.24266923928825,1121559.0
GAS,2024-07-11,67.32832869054849,67.58530704432921,66.98569088550754,66.98569088550754,728201.0
GAS,2024-07-12,67.41398814180873,68.44190155693161,66.55739362920633,66.81437198298705,1232794.0
GAS,2024-07-15,67.67096649558945,68.01360430063042,67.07135033676776,67.07135033676776,1208747.0
GAS,2024-07-16,67.67096649558945,67.75662594684968,67.07135033676776,67.07135033676776,908024.0
GAS,2024-07-17,67.49964759306897,67.49964759306897,66.0434369216449,66.81437198298705,1573156.0
GAS,2024-07-18,66.90003143424728,67.32832869054849,66.64305308046657,66.90003143424728,1132132.0
GAS,2024-07-19,66.90003143424728,67.15700978802802,66.55739362920633,66.64305308046657,663356.0
GAS,2024-07-22,66.64305308046657,66.64305308046657,65.61513966534369,65.95777747038466,1142800.0
GAS,2024-07-23,66.0434369216449,66.21475582416538,65.78645856786417,65.78645856786417,656800.0
GAS,2024-07-24,65.70079911660395,66.30041527542562,65.35816131156298,65.95777747038466,1006200.0
GAS,2024-07-25,65.87211801912441,65.95777747038466,65.44382076282322,65.78645856786417,490600.0
GAS,2024-07-26,65.61513966534369,66.12909637290514,65.52948021408346,66.12909637290514,545800.0
GAS,2024-07-29,66.38607472668585,66.38607472668585,65.95777747038466,65.95777747038466,362200.0
GAS,2024-07-30,65.95777747038466,66.12909637290514,65.78645856786417,66.12909637290514,631600.0
GAS,2024-07-31,66.30041527542562,68.95585826449305,66.30041527542562,68.44190155693161,3188600.0
GAS,2024-08-01,68.61322045945208,69.46981497205448,67.41398814180873,67.58530704432921,1422900.0
GAS,2024-08-02,66.90003143424728,67.58530704432921,66.64305308046657,67.58530704432921,1395600.0
GAS,2024-08-05,66.81437198298705,67.24266923928825,65.44382076282322,65.52948021408346,2101300.0
GAS,2024-08-06,65.78645856786417,66.81437198298705,65.52948021408346,66.21475582416538,888700.0
GAS,2024-08-07,66.47173417794609,68.09926375189065,66.47173417794609,68.01360430063042,1832200.0
GAS,2024-08-08,68.01360430063042,70.58338783843762,67.58530704432921,69.98377167961593,3931000.0
GAS,2024-08-09,70.24075003339665,70.41206893591713,69.29849606953401,69.89811222835569,1243901.0
GAS,2024-08-12,69.89811222835569,71.35432289977976,69.55547442331473,70.66904728969784,1929500.0
GAS,2024-08-13,70.49772838717736,70.49772838717736,69.46981497205448,69.81245277709544,1751900.0
GAS,2024-08-14,70.15509058213641,71.35432289977976,70.06943113087617,70.24075003339665,2298838.0
GAS,2024-08-15,70.24075003339665,70.84036619221833,69.55547442331473,69.55547442331473,1248035.0
GAS,2024-08-16,69.89811222835569,71.18300399725928,69.38415552079425,70.75470674095808,2333131.0
GAS,2024-08-19,70.84036619221833,72.55355521742312,70.75470674095808,72.38223631490264,3081136.0
GAS,2024-08-20,72.98185247372432,73.75278753506647,72.38223631490264,72.38223631490264,2910030.0
GAS,2024-08-21,72.38223631490264,73.23883082750504,72.2965768636424,72.81053357120383,2170855.0
GAS,2024-08-22,73.06751192498456,73.1531713762448,72.21091741238216,72.38223631490264,1300245.0
GAS,2024-08-23,72.55355521742312,73.1531713762448,72.46789576616288,72.55355521742312,891446.0
GAS,2024-08-26,72.98185247372432,73.06751192498456,71.86827960734121,72.12525796112193,1215540.0
GAS,2024-08-27,72.38223631490264,72.38223631490264,71.09734454599905,71.52564180230024,1795318.0
GAS,2024-08-28,71.35432289977976,72.12525796112193,71.35432289977976,71.78262015608097,845545.0
GAS,2024-08-29,71.78262015608097,72.03959850986168,71.43998235104002,71.43998235104002,907756.0
GAS,2024-08-30,71.69696070482073,71.95393905860145,71.35432289977976,71.35432289977976,958100.0
GAS,2024-09-04,71.09734454599905,72.2965768636424,71.01168509473881,71.86827960734121,1417620.0
GAS,2024-09-05,72.2965768636424,72.63921466868337,71.35432289977976,71.35432289977976,900255.0
GAS,2024-09-06,72.38223631490264,72.38223631490264,71.78262015608097,72.03959850986168,877900.0
GAS,2024-09-09,71.78262015608097,73.1531713762448,71.69696070482073,72.55355521742312,1968200.0
GAS,2024-09-10,72.46789576616288,72.98185247372432,71.52564180230024,72.03959850986168,1905543.0
GAS,2024-09-11,71.95393905860145,71.95393905860145,71.09734454599905,71.61130125356048,1490267.0
GAS,2024-09-12,71.78262015608097,72.12525796112193,71.43998235104002,71.61130125356048,1759054.0
GAS,2024-09-13,71.63160342467694,71.63160342467694,69.84316654548002,69.93729480227985,2093200.0
GAS,2024-09-16,69.65491003188035,69.65491003188035,68.3371144366826,68.3371144366826,1863237.0
GAS,2024-09-17,68.3371144366826,68.90188397748165,68.0547296662831,68.43124269348245,764124.0
GAS,2024-09-18,68.99601223428147,69.18426874788115,68.61949920708213,68.8077557206818,777623.0
GAS,2024-09-19,68.90188397748165,69.09014049108131,68.61949920708213,69.09014049108131,980660.0
GAS,2024-09-20,69.27839700468098,69.46665351828067,68.71362746388196,68.8077557206818,998513.0
GAS,2024-09-23,68.8077557206818,68.99601223428147,68.61949920708213,68.71362746388196,552300.0
GAS,2024-09-24,68.71362746388196,69.56078177508051,68.71362746388196,69.37252526148083,853121.0
GAS,2024-09-25,69.65491003188035,69.65491003188035,69.18426874788115,69.46665351828067,665024.0
GAS,2024-09-26,69.46665351828067,70.21967957267937,69.46665351828067,69.65491003188035,1109842.0
GAS,2024-09-27,69.84316654548002,69.93729480227985,69.18426874788115,69.18426874788115,561000.0
GAS,2024-09-30,69.18426874788115,69.27839700468098,68.71362746388196,68.90188397748165,646906.0
GAS,2024-10-01,68.99601223428147,69.37252526148083,68.71362746388196,68.71362746388196,1072300.0
GAS,2024-10-02,68.99601223428147,69.65491003188035,68.61949920708213,68.61949920708213,1053700.0
GAS,2024-10-03,69.09014049108131,69.09014049108131,68.24298617988276,68.24298617988276,793300.0
GAS,2024-10-04,68.52537095028228,69.37252526148083,68.24298617988276,68.99601223428147,867900.0
GAS,2024-10-07,69.18426874788115,69.37252526148083,68.3371144366826,68.61949920708213,580700.0
GAS,2024-10-08,69.09014049108131,69.09014049108131,68.3371144366826,68.3371144366826,637940.0
GAS,2024-10-09,68.3371144366826,68.61949920708213,68.0547296662831,68.43124269348245,547224.0
GAS,2024-10-10,68.90188397748165,69.27839700468098,68.24298617988276,68.99601223428147,1046239.0
GAS,2024-10-11,69.18426874788115,69.37252526148083,68.90188397748165,68.90188397748165,603541.0
GAS,2024-10-14,69.27839700468098,69.27839700468098,68.43124269348245,68.61949920708213,546200.0
GAS,2024-10-15,68.43124269348245,68.71362746388196,68.14885792308293,68.43124269348245,596308.0
GAS,2024-10-16,68.3371144366826,68.43124269348245,67.77234489588358,67.77234489588358,758400.0
GAS,2024-10-17,67.77234489588358,68.0547296662831,67.01931884148487,67.30170361188439,739558.0
GAS,2024-10-18,67.39583186868421,68.0547296662831,67.39583186868421,67.48996012548406,322515.0
GAS,2024-10-21,67.48996012548406,67.48996012548406,67.11344709828471,67.48996012548406,469700.0
GAS,2024-10-22,67.48996012548406,67.67821663908374,67.01931884148487,67.01931884148487,545500.0
GAS,2024-10-23,67.01931884148487,67.01931884148487,66.54867755748568,66.73693407108536,667000.0
GAS,2024-10-24,66.73693407108536,67.01931884148487,66.73693407108536,66.83106232788519,413400.0
GAS,2024-10-25,66.83106232788519,67.20757535508456,66.73693407108536,66.73693407108536,322500.0
GAS,2024-10-28,66.73693407108536,66.83106232788519,66.54867755748568,66.54867755748568,311300.0
GAS,2024-10-29,66.54867755748568,66.92519058468503,66.54867755748568,66.64280581428551,352000.0
GAS,2024-10-30,66.73693407108536,67.11344709828471,66.45454930068584,66.45454930068584,318400.0
GAS,2024-10-31,66.83106232788519,66.83106232788519,66.360421043886,66.360421043886,620200.0
GAS,2024-11-01,66.360421043886,66.54867755748568,65.8897797598868,66.07803627348649,427300.0
GAS,2024-11-04,66.26629278708617,66.26629278708617,65.79565150308697,65.79565150308697,461700.0
GAS,2024-11-05,65.79565150308697,65.8897797598868,65.32501021908779,65.51326673268746,542000.0
GAS,2024-11-06,65.8897797598868,66.92519058468503,65.79565150308697,65.98390801668664,501500.0
GAS,2024-11-07,66.83106232788519,66.83106232788519,65.98390801668664,65.98390801668664,372800.0
GAS,2024-11-08,66.07803627348649,66.64280581428551,65.8897797598868,65.8897797598868,428800.0
GAS,2024-11-11,65.98390801668664,66.360421043886,65.8897797598868,65.98390801668664,544200.0
GAS,2024-11-12,65.98390801668664,66.360421043886,65.70152324628714,65.70152324628714,425500.0
GAS,2024-11-13,65.8897797598868,65.8897797598868,64.00721462389005,65.41913847588762,827600.0
GAS,2024-11-14,65.1367537054881,66.17216453028632,64.94849719188842,64.94849719188842,543800.0
GAS,2024-11-15,64.8543689350886,65.32501021908779,64.57198416468907,64.57198416468907,774000.0
GAS,2024-11-18,64.57198416468907,65.04262544868826,64.28959939428955,64.94849719188842,936700.0
GAS,2024-11-19,65.41913847588762,65.6073949894873,63.91308636709021,63.91308636709021,693100.0
GAS,2024-11-20,63.91308636709021,64.3837276510894,63.53657333989085,63.630701596690685,711800.0
GAS,2024-11-21,63.81895811029037,64.57198416468907,63.81895811029037,64.19547113748972,1167900.0
GAS,2024-11-22,64.57198416468907,66.45454930068584,64.57198416468907,65.1367537054881,1015100.0
GAS,2024-11-25,65.32501021908779,66.17216453028632,65.23088196228794,65.23088196228794,901200.0
GAS,2024-11-26,65.32501021908779,65.79565150308697,65.32501021908779,65.51326673268746,448200.0
GAS,2024-11-27,65.70152324628714,65.70152324628714,64.94849719188842,65.23088196228794,417500.0
GAS,2024-11-28,65.23088196228794,65.8897797598868,65.23088196228794,65.23088196228794,542900.0
GAS,2024-11-29,65.23088196228794,65.70152324628714,65.1367537054881,65.51326673268746,283000.0
GAS,2024-12-02,65.6073949894873,65.70152324628714,64.94849719188842,65.1367537054881,404200.0
GAS,2024-12-03,65.23088196228794,65.51326673268746,64.66611242148892,64.66611242148892,634300.0
GAS,2024-12-04,64.66611242148892,65.1367537054881,64.47785590788924,64.57198416468907,308300.0
GAS,2024-12-05,64.66611242148892,65.70152324628714,64.47785590788924,64.8543689350886,630900.0
GAS,2024-12-06,65.79565150308697,65.79565150308697,64.94849719188842,65.1367537054881,430800.0
GAS,2024-12-09,65.41913847588762,65.41913847588762,65.1367537054881,65.23088196228794,395900.0
GAS,2024-12-10,65.32501021908779,65.51326673268746,64.94849719188842,64.94849719188842,402500.0
GAS,2024-12-11,64.94849719188842,65.1367537054881,64.57198416468907,64.66611242148892,539000.0
GAS,2024-12-12,64.76024067828875,64.94849719188842,64.47785590788924,64.47785590788924,516000.0
GAS,2024-12-13,64.47785590788924,64.57198416468907,64.19547113748972,64.3837276510894,348000.0
GAS,2024-12-16,64.47785590788924,64.57198416468907,64.10134288068988,64.10134288068988,350100.0
GAS,2024-12-17,64.10134288068988,64.47785590788924,64.00721462389005,64.00721462389005,412900.0
GAS,2024-12-18,64.3837276510894,64.66611242148892,64.28959939428955,64.47785590788924,504100.0
GAS,2024-12-19,64.19547113748972,64.57198416468907,64.00721462389005,64.47785590788924,721400.0
GAS,2024-12-20,64.47785590788924,64.76024067828875,64.3837276510894,64.57198416468907,341700.0
GAS,2024-12-23,64.76024067828875,65.04262544868826,64.47785590788924,64.47785590788924,563700.0
GAS,2024-12-24,64.57198416468907,64.66611242148892,64.19547113748972,64.19547113748972,509800.0
GAS,2024-12-25,64.28959939428955,64.8543689350886,64.28959939428955,64.3837276510894,456300.0
GAS,2024-12-26,64.57198416468907,65.51326673268746,64.47785590788924,64.47785590788924,997100.0
GAS,2024-12-27,64.66611242148892,64.94849719188842,64.47785590788924,64.47785590788924,539900.0
GAS,2024-12-30,64.57198416468907,64.76024067828875,64.19547113748972,64.19547113748972,402400.0
GAS,2024-12-31,64.3837276510894,64.66611242148892,64.10134288068988,64.10134288068988,770800.0
GAS,2025-01-02,64.28959939428955,64.47785590788924,64.00721462389005,64.10134288068988,427800.0
GAS,2025-01-03,64.10134288068988,64.3837276510894,64.00721462389005,64.00721462389005,460500.0
GAS,2025-01-06,64.00721462389005,64.19547113748972,63.348316826291175,63.53657333989085,673300.0
GAS,2025-01-07,63.630701596690685,63.91308636709021,62.97180379909183,63.065932055891665,683200.0
GAS,2025-01-08,63.065932055891665,63.25418856949134,62.689419028692306,63.16006031269149,521700.0
GAS,2025-01-09,63.25418856949134,63.53657333989085,62.87767554229198,63.065932055891665,369400.0
GAS,2025-01-10,63.065932055891665,63.53657333989085,62.78354728549215,62.78354728549215,422600.0
GAS,2025-01-13,62.78354728549215,63.16006031269149,62.312906001492955,62.50116251509264,542400.0
GAS,2025-01-14,62.59529077189247,63.44244508309102,62.59529077189247,62.97180379909183,397300.0
GAS,2025-01-15,63.25418856949134,63.44244508309102,62.87767554229198,62.87767554229198,395000.0
GAS,2025-01-16,63.16006031269149,63.348316826291175,62.689419028692306,62.97180379909183,493400.0
GAS,2025-01-17,63.25418856949134,63.25418856949134,62.689419028692306,62.87767554229198,321700.0
GAS,2025-01-20,63.25418856949134,64.19547113748972,62.87767554229198,63.72482985349053,662000.0
GAS,2025-01-21,64.00721462389005,64.10134288068988,63.16006031269149,63.16006031269149,369300.0
GAS,2025-01-22,63.53657333989085,63.53657333989085,62.78354728549215,62.87767554229198,313300.0
GAS,2025-01-23,62.87767554229198,63.25418856949134,62.78354728549215,63.065932055891665,337100.0
GAS,2025-01-24,63.065932055891665,63.91308636709021,62.87767554229198,63.91308636709021,432300.0
GAS,2025-02-03,63.81895811029037,63.81895811029037,62.97180379909183,63.16006031269149,483200.0
GAS,2025-02-04,62.97180379909183,63.348316826291175,62.97180379909183,63.16006031269149,398400.0
GAS,2025-02-05,63.53657333989085,64.10134288068988,63.44244508309102,63.81895811029037,672400.0
GAS,2025-02-06,64.19547113748972,64.19547113748972,63.53657333989085,63.630701596690685,539300.0
GAS,2025-02-07,63.630701596690685,64.00721462389005,63.348316826291175,63.348316826291175,838200.0
GAS,2025-02-10,63.25418856949134,63.630701596690685,62.97180379909183,63.348316826291175,732900.0
GAS,2025-02-11,63.348316826291175,63.91308636709021,62.59529077189247,63.065932055891665,671300.0
GAS,2025-02-12,63.065932055891665,63.53657333989085,63.065932055891665,63.16006031269149,344200.0
GAS,2025-02-13,63.16006031269149,63.16006031269149,62.689419028692306,62.78354728549215,650700.0
GAS,2025-02-14,63.348316826291175,63.91308636709021,63.065932055891665,63.72482985349053,1147200.0
GAS,2025-02-17,63.72482985349053,64.3837276510894,63.53657333989085,63.81895811029037,762900.0
GAS,2025-02-18,64.00721462389005,64.28959939428955,63.72482985349053,64.00721462389005,634400.0
GAS,2025-02-19,64.19547113748972,64.94849719188842,63.91308636709021,64.66611242148892,1389800.0
GAS,2025-02-20,65.1367537054881,65.23088196228794,64.47785590788924,64.76024067828875,601500.0
GAS,2025-02-21,64.57198416468907,64.76024067828875,64.19547113748972,64.3837276510894,767500.0
GAS,2025-02-24,64.19547113748972,64.76024067828875,63.81895811029037,64.57198416468907,1066000.0
GAS,2025-02-25,64.66611242148892,65.23088196228794,64.28959939428955,64.66611242148892,829600.0
GAS,2025-02-26,64.66611242148892,64.8543689350886,64.3837276510894,64.3837276510894,519300.0
GAS,2025-02-27,64.3837276510894,64.57198416468907,63.91308636709021,64.00721462389005,809600.0
GAS,2025-02-28,64.10134288068988,64.66611242148892,64.00721462389005,64.00721462389005,787600.0
GAS,2025-03-03,64.10134288068988,64.66611242148892,64.10134288068988,64.57198416468907,647800.0
GAS,2025-03-04,64.57198416468907,65.32501021908779,64.28959939428955,65.04262544868826,1445200.0
GAS,2025-03-05,65.1367537054881,65.23088196228794,64.3837276510894,64.3837276510894,740500.0
GAS,2025-03-06,64.28959939428955,64.47785590788924,64.10134288068988,64.28959939428955,880800.0
GAS,2025-03-07,64.28959939428955,64.3837276510894,63.72482985349053,63.81895811029037,1398100.0
GAS,2025-03-10,64.10134288068988,64.19547113748972,63.25418856949134,63.81895811029037,1471900.0
GAS,2025-03-11,63.630701596690685,63.72482985349053,63.065932055891665,63.44244508309102,523600.0
GAS,2025-03-12,63.81895811029037,64.28959939428955,63.44244508309102,63.91308636709021,761300.0
GAS,2025-03-13,63.91308636709021,64.76024067828875,63.81895811029037,64.28959939428955,1088000.0
GAS,2025-03-14,64.19547113748972,64.28959939428955,63.348316826291175,63.72482985349053,942800.0
GAS,2025-03-17,63.81895811029037,64.3837276510894,63.72482985349053,64.19547113748972,1117200.0
GAS,2025-03-18,64.57198416468907,65.79565150308697,64.10134288068988,65.04262544868826,2797200.0
GAS,2025-03-19,65.04262544868826,65.70152324628714,64.57198416468907,64.76024067828875,703700.0
GAS,2025-03-20,64.66611242148892,65.04262544868826,64.10134288068988,64.57198416468907,750000.0
GAS,2025-03-21,64.47785590788924,64.57198416468907,63.72482985349053,63.72482985349053,1264400.0
GAS,2025-03-24,64.00721462389005,64.00721462389005,63.065932055891665,63.25418856949134,1195100.0
GAS,2025-03-25,63.53657333989085,63.630701596690685,63.16006031269149,63.25418856949134,858600.0
GAS,2025-03-26,63.348316826291175,64.19547113748972,63.25418856949134,63.53657333989085,548300.0
GAS,2025-03-27,63.630701596690685,64.00721462389005,63.16006031269149,63.25418856949134,517500.0
GAS,2025-03-28,63.44244508309102,63.44244508309102,62.87767554229198,62.87767554229198,771800.0
GAS,2025-03-31,62.87767554229198,62.87767554229198,62.12464948789328,62.87767554229198,818900.0
GAS,2025-04-01,62.97180379909183,63.81895811029037,62.78354728549215,63.53657333989085,870900.0
GAS,2025-04-02,63.25418856949134,63.630701596690685,63.065932055891665,63.16006031269149,294300.0
GAS,2025-04-03,59.77144306789732,61.55987994709425,58.83016049989894,58.83016049989894,2014500.0
GAS,2025-04-04,54.78264545750589,57.229980134301684,54.78264545750589,55.253286741505086,2836000.0
GAS,2025-04-08,52.71182380790945,52.994208578308964,51.39402821271171,51.39402821271171,2680500.0
GAS,2025-04-09,47.81715445431785,52.71182380790945,47.81715445431785,47.81715445431785,2819600.0
GAS,2025-04-10,51.11164344231219,51.11164344231219,51.11164344231219,51.11164344231219,57500.0
GAS,2025-04-11,54.68851720070605,54.68851720070605,52.52356729430977,54.68851720070605,2256900.0
GAS,2025-04-14,56.2886975663033,56.2886975663033,55.159158484705245,55.72392802550428,1142600.0
GAS,2025-04-15,55.535671511904596,55.81805628230411,54.68851720070605,54.78264545750589,840700.0
GAS,2025-04-16,54.78264545750589,55.34741499830492,53.74723463270767,54.68851720070605,678800.0
GAS,2025-04-17,53.93549114630734,54.87677371430573,53.65310637590783,54.68851720070605,483900.0
GAS,2025-04-18,54.97090197110557,55.91218453910395,54.87677371430573,54.97090197110557,656600.0
GAS,2025-04-21,54.97090197110557,55.253286741505086,54.406132430306535,54.68851720070605,300000.0
GAS,2025-04-22,53.74723463270767,54.68851720070605,51.11164344231219,54.123747659907025,1193300.0
GAS,2025-04-23,54.68851720070605,55.159158484705245,54.02961940310718,54.123747659907025,698300.0
GAS,2025-04-24,54.123747659907025,54.59438894390622,53.93549114630734,54.123747659907025,493100.0
GAS,2025-04-25,54.21787591670686,55.0650302279054,54.123747659907025,55.0650302279054,913600.0
GAS,2025-04-28,54.97090197110557,55.0650302279054,54.68851720070605,54.97090197110557,354200.0
GAS,2025-04-29,54.97090197110557,54.97090197110557,54.78264545750589,54.87677371430573,385200.0
GAS,2025-05-05,54.97090197110557,55.253286741505086,54.406132430306535,55.0650302279054,781400.0
GAS,2025-05-06,55.34741499830492,56.2886975663033,55.159158484705245,56.10044105270363,899900.0
GAS,2025-05-07,56.10044105270363,57.88887793190055,56.10044105270363,56.947595363902174,904100.0
GAS,2025-05-08,57.41823664790137,58.077134445500235,57.13585187750185,57.79474967510072,861800.0
GAS,2025-05-09,57.983006188700394,58.359519215899745,57.229980134301684,57.5123649047012,491700.0
GAS,2025-05-12,57.41823664790137,58.83016049989894,57.41823664790137,58.64190398629926,834300.0
GAS,2025-05-13,58.83016049989894,58.92428875669878,58.17126270230007,58.359519215899745,666800.0
GAS,2025-05-14,58.359519215899745,58.64190398629926,57.983006188700394,58.2653909590999,655600.0
GAS,2025-05-15,58.2653909590999,58.453647472699586,57.79474967510072,58.359519215899745,668800.0
GAS,2025-05-16,58.359519215899745,58.359519215899745,57.79474967510072,58.17126270230007,297500.0
GAS,2025-05-19,57.229980134301684,57.60649316150104,57.13585187750185,57.13585187750185,584300.0
GAS,2025-05-20,57.229980134301684,57.229980134301684,56.47695407990298,56.947595363902174,605100.0
GAS,2025-05-21,56.947595363902174,57.324108391101525,56.66521059350266,56.75933885030249,315100.0
GAS,2025-05-22,56.85346710710233,57.88887793190055,56.85346710710233,57.41823664790137,760400.0
GAS,2025-05-23,57.5123649047012,59.67731481109748,57.5123649047012,59.30080178389813,1312500.0
GAS,2025-05-26,59.39493004069797,59.77144306789732,57.88887793190055,59.30080178389813,631800.0
GAS,2025-05-27,59.77144306789732,60.147956095096674,59.20667352709829,59.959699581497,778400.0
GAS,2025-05-28,60.242084351896516,60.900982149495384,60.242084351896516,60.33621260869634,1151600.0
GAS,2025-05-29,60.242084351896516,60.43034086549619,59.959699581497,60.242084351896516,672900.0
GAS,2025-05-30,60.242084351896516,61.46575169029441,60.242084351896516,61.183366919894894,1361400.0
GAS,2025-06-02,60.900982149495384,61.74813646069392,60.33621260869634,61.65400820389409,723700.0
GAS,2025-06-03,61.65400820389409,62.030521231093445,61.46575169029441,61.9363929742936,743200.0
GAS,2025-06-04,61.9363929742936,61.9363929742936,60.900982149495384,60.99511040629522,740200.0
GAS,2025-06-05,60.99511040629522,60.99511040629522,59.77144306789732,60.05382783829683,805500.0
GAS,2025-06-06,60.05382783829683,60.05382783829683,59.11254527029845,59.30080178389813,871500.0
GAS,2025-06-09,59.39493004069797,60.05382783829683,59.11254527029845,59.58318655429764,553700.0
GAS,2025-06-10,59.58318655429764,59.86557132469716,59.01841701349862,59.20667352709829,427500.0
GAS,2025-06-11,59.30080178389813,59.58318655429764,58.736032243099096,58.92428875669878,489700.0
GAS,2025-06-12,59.77144306789732,59.77144306789732,58.92428875669878,59.11254527029845,479700.0
GAS,2025-06-13,60.618597379095874,62.12464948789328,59.959699581497,60.618597379095874,3697000.0
GAS,2025-06-16,62.12464948789328,64.8543689350886,61.84226471749377,64.8543689350886,3278200.0
GAS,2025-06-17,65.51326673268746,65.79565150308697,64.19547113748972,65.23088196228794,2768300.0
GAS,2025-06-18,65.8897797598868,67.11344709828471,65.1367537054881,66.73693407108536,2662500.0
GAS,2025-06-19,66.73693407108536,68.0547296662831,65.98390801668664,67.5840883822839,2684700.0
GAS,2025-06-20,67.77234489588358,67.77234489588358,65.23088196228794,65.41913847588762,1741900.0
GAS,2025-06-23,69.27839700468098,69.27839700468098,67.39583186868421,68.3371144366826,2938600.0
GAS,2025-06-24,64.10134288068988,66.26629278708617,64.10134288068988,65.04262544868826,2630300.0
GAS,2025-06-25,64.76024067828875,64.8543689350886,63.53657333989085,63.53657333989085,1723200.0
GAS,2025-06-26,63.72482985349053,64.47785590788924,63.53657333989085,64.47785590788924,911500.0
GAS,2025-06-27,64.47785590788924,64.57198416468907,63.630701596690685,64.00721462389005,700400.0
GAS,2025-06-30,64.19547113748972,64.28959939428955,63.348316826291175,63.81895811029037,673500.0
GAS,2025-07-01,63.53657333989085,63.81895811029037,62.50116251509264,62.50116251509264,857400.0
GAS,2025-07-02,62.50116251509264,63.065932055891665,62.312906001492955,62.50116251509264,563600.0
GAS,2025-07-03,62.97180379909183,63.53657333989085,62.312906001492955,62.312906001492955,912600.0
GAS,2025-07-04,62.50116251509264,62.78354728549215,62.312906001492955,62.50116251509264,556000.0
GAS,2025-07-07,62.78354728549215,62.78354728549215,62.50116251509264,62.59529077189247,501100.0
GAS,2025-07-08,63.16006031269149,63.72482985349053,62.78354728549215,63.72482985349053,910200.0
GAS,2025-07-09,63.91308636709021,64.00721462389005,63.630701596690685,64.00721462389005,951700.0
GAS,2025-07-10,64.10134288068988,64.8543689350886,63.630701596690685,64.3837276510894,1136600.0
GAS,2025-07-11,64.10134288068988,64.47785590788924,63.630701596690685,63.91308636709021,686500.0
GAS,2025-07-14,64.47785590788924,64.57198416468907,63.91308636709021,64.19547113748972,770100.0
GAS,2025-07-15,64.19547113748972,64.47785590788924,63.72482985349053,63.72482985349053,801200.0
GAS,2025-07-16,63.72482985349053,63.91308636709021,63.25418856949134,63.44244508309102,304300.0
GAS,2025-07-17,63.53657333989085,63.91308636709021,63.065932055891665,63.72482985349053,1392400.0
GAS,2025-07-18,63.91308636709021,64.47785590788924,63.44244508309102,64.10134288068988,902000.0
GAS,2025-07-21,64.19547113748972,64.19547113748972,63.25418856949134,63.53657333989085,725600.0
GAS,2025-07-22,63.72482985349053,63.91308636709021,63.16006031269149,63.91308636709021,653600.0
GAS,2025-07-23,64.10134288068988,65.23088196228794,63.630701596690685,64.94849719188842,1701700.0
GAS,2025-07-24,65.04262544868826,66.07803627348649,64.94849719188842,65.04262544868826,1234800.0
GAS,2025-07-25,65.04262544868826,65.8897797598868,64.66611242148892,64.66611242148892,1098700.0
GAS,2025-07-28,65.04262544868826,65.32501021908779,64.28959939428955,64.8543689350886,1177700.0
GAS,2025-07-29,64.8543689350886,66.360421043886,64.00721462389005,64.00721462389005,2108400.0
GAS,2025-07-30,64.66611242148892,64.66611242148892,63.25418856949134,63.91308636709021,903500.0
GAS,2025-07-31,65.51326673268746,65.51326673268746,63.630701596690685,63.72482985349053,839700.0
GAS,2025-08-01,64.19547113748972,64.19547113748972,63.348316826291175,63.630701596690685,889400.0
GAS,2025-08-04,63.72482985349053,64.76024067828875,63.53657333989085,64.00721462389005,2046300.0
GAS,2025-08-05,64.3837276510894,65.32501021908779,63.44244508309102,63.81895811029037,2020900.0
GAS,2025-08-06,63.81895811029037,65.23088196228794,63.81895811029037,65.23088196228794,1299600.0
GAS,2025-08-07,65.79565150308697,65.79565150308697,64.57198416468907,65.04262544868826,977200.0
GAS,2025-08-08,65.32501021908779,66.73693407108536,64.94849719188842,66.07803627348649,2210600.0
GAS,2025-08-11,66.17216453028632,67.01931884148487,65.98390801668664,66.26629278708617,1228900.0
GAS,2025-08-12,66.26629278708617,67.11344709828471,65.8897797598868,66.360421043886,1692600.0
GAS,2025-08-13,66.45454930068584,66.73693407108536,65.23088196228794,65.8897797598868,1887300.0
GAS,2025-08-14,66.07803627348649,66.17216453028632,65.1367537054881,65.6073949894873,1225100.0
GAS,2025-08-15,65.8897797598868,67.30170361188439,65.32501021908779,65.6073949894873,1676700.0
GAS,2025-08-18,66.92519058468503,66.92519058468503,65.51326673268746,65.8897797598868,1175100.0
GAS,2025-08-19,66.17216453028632,66.64280581428551,65.70152324628714,65.79565150308697,1326000.0
GAS,2025-08-20,65.8897797598868,65.98390801668664,63.53657333989085,64.28959939428955,1685400.0
GAS,2025-08-21,64.94849719188842,65.41913847588762,64.00721462389005,65.23088196228794,1060400.0
GAS,2025-08-22,64.94849719188842,65.04262544868826,64.00721462389005,64.00721462389005,1195000.0
GAS,2025-08-25,64.8543689350886,65.51326673268746,64.47785590788924,64.66611242148892,967000.0
GAS,2025-08-26,64.76024067828875,65.41913847588762,64.66611242148892,65.41913847588762,777700.0
GAS,2025-08-27,65.6073949894873,65.6073949894873,64.66611242148892,64.8543689350886,1390500.0
GAS,2025-08-28,65.5,65.5,64.7,64.9,768200.0
GAS,2025-08-29,65.0,65.0,63.8,63.8,1498700.0
GAS,2025-09-03,64.2,64.4,63.4,63.8,894200.0
GAS,2025-09-04,63.9,64.2,63.8,64.2,719500.0
GAS,2025-09-05,64.9,65.2,63.6,63.8,1217800.0
GAS,2025-09-08,63.8,64.2,62.6,62.6,1293800.0
GAS,2025-09-09,63.0,63.1,61.6,62.1,1258200.0
GAS,2025-09-10,62.1,62.5,61.7,61.9,756900.0
GAS,2025-09-11,62.4,62.6,61.3,62.0,810900.0
GAS,2025-09-12,62.3,62.9,61.7,62.5,556100.0
GAS,2025-09-15,62.6,63.3,62.6,63.2,651000.0
GAS,2025-09-16,63.6,63.6,62.7,62.7,773700.0
GAS,2025-09-17,62.8,64.3,62.8,64.0,1489100.0
GAS,2025-09-18,64.0,64.1,62.9,63.0,731300.0
GAS,2025-09-19,63.3,63.3,62.5,62.5,658200.0
GAS,2025-09-22,62.4,62.5,61.2,61.8,883600.0
GAS,2025-09-23,61.9,62.0,61.2,61.6,544500.0
GAS,2025-09-24,61.6,61.7,61.1,61.6,558200.0
GAS,2025-09-25,62.0,62.3,61.8,61.9,550000.0
GAS,2025-09-26,62.3,62.4,61.5,61.5,265100.0
GAS,2025-09-29,61.6,62.0,61.4,61.5,381300.0
GAS,2025-09-30,61.5,61.7,60.4,60.4,897500.0
GAS,2025-10-01,60.5,60.9,60.5,60.6,211700.0
GAS,2025-10-02,60.7,61.0,60.3,60.3,454300.0
GAS,2025-10-03,60.2,60.5,60.0,60.1,470400.0
GAS,2025-10-06,61.1,61.1,60.2,60.8,420400.0
GAS,2025-10-07,61.1,61.1,60.6,60.9,302600.0
GAS,2025-10-08,61.2,61.6,60.9,60.9,379300.0
GAS,2025-10-09,60.9,61.4,60.6,60.9,363100.0
GAS,2025-10-10,60.9,61.2,60.6,60.9,592500.0
GAS,2025-10-13,60.1,60.9,60.1,60.6,516900.0
GAS,2025-10-14,60.9,60.9,60.0,60.0,568000.0
GAS,2025-10-15,60.0,60.2,58.8,59.0,1271300.0
GAS,2025-10-16,58.8,59.2,58.5,58.7,956300.0
GAS,2025-10-17,58.7,59.2,58.5,58.6,320000.0
GAS,2025-10-20,58.6,59.5,57.0,57.0,604700.0
GAS,2025-10-21,57.3,58.8,56.0,56.0,857900.0
GAS,2025-10-22,57.2,59.0,57.2,59.0,1023700.0
GAS,2025-10-23,60.0,60.7,59.5,59.8,554800.0
GAS,2025-10-24,60.4,60.8,59.6,59.6,643300.0
GAS,2025-10-27,60.2,60.2,59.3,59.3,512900.0
GAS,2025-10-28,59.3,60.2,59.1,60.0,660100.0
GAS,2025-10-29,60.1,61.2,60.0,60.2,639500.0
GAS,2025-10-30,60.2,60.8,59.7,59.7,460400.0
GAS,2025-10-31,59.8,62.3,59.8,61.6,1173700.0
GAS,2025-11-03,62.0,62.9,61.5,61.5,1095100.0
GAS,2025-11-04,62.1,62.2,60.1,60.5,1008600.0
GAS,2025-11-05,60.7,63.6,60.6,63.0,1680600.0
GAS,2025-11-06,63.3,63.3,61.7,62.1,876000.0
GAS,2025-11-07,61.8,62.9,61.0,62.9,1225100.0
GAS,2025-11-10,62.8,62.8,61.0,61.2,738300.0
GAS,2025-11-11,61.3,62.0,60.9,61.1,553500.0
GAS,2025-11-12,61.5,62.0,60.6,61.9,648800.0
GAS,2025-11-13,61.7,63.5,61.4,62.9,1158200.0
GAS,2025-11-14,62.9,63.4,62.5,62.8,496800.0
GAS,2025-11-17,63.2,63.8,62.0,63.0,709000.0
GAS,2025-11-18,63.4,63.4,62.1,62.4,749600.0
GAS,2025-11-19,62.5,62.8,62.0,62.2,380800.0
GAS,2025-11-20,62.2,62.3,61.7,62.1,392000.0
GAS,2025-11-21,61.6,61.9,61.0,61.9,467300.0
GAS,2025-11-24,61.9,62.0,61.0,61.0,390000.0
GAS,2025-11-25,61.0,61.4,60.8,60.8,405700.0
GAS,2025-11-26,60.8,62.0,60.7,62.0,529300.0
GAS,2025-11-27,61.9,63.1,61.5,63.0,1562200.0
GAS,2025-11-28,63.0,63.8,62.5,63.4,1243100.0
GAS,2025-12-01,63.4,65.8,63.4,65.4,2743800.0
GAS,2025-12-02,65.4,66.1,64.8,66.1,1960300.0
GAS,2025-12-03,66.2,66.2,64.3,64.5,1151400.0
GAS,2025-12-04,64.6,65.0,64.1,65.0,1027400.0
GAS,2025-12-05,65.2,65.2,64.0,64.0,735600.0
GAS,2025-12-08,64.1,65.4,63.6,65.4,1050700.0
GAS,2025-12-09,65.3,65.3,63.6,64.0,731000.0
GAS,2025-12-10,63.9,64.1,63.4,63.5,443900.0
GAS,2025-12-11,63.6,63.9,62.5,62.6,470100.0
GAS,2025-12-12,62.6,62.9,61.3,61.3,598400.0
GAS,2025-12-15,61.3,62.4,61.0,62.1,620600.0
GAS,2025-12-16,62.5,64.3,62.1,64.3,870400.0
GAS,2025-12-17,64.2,64.8,62.9,62.9,577900.0
GAS,2025-12-18,63.6,63.8,62.4,63.3,625000.0
GAS,2025-12-19,63.6,64.0,63.0,64.0,703000.0
GAS,2025-12-22,64.3,65.3,64.2,65.3,1262800.0
GAS,2025-12-23,65.3,66.3,64.6,65.3,1512400.0
GAS,2025-12-24,65.4,66.1,64.4,66.1,1553800.0
GAS,2025-12-25,66.1,69.3,65.5,69.2,3702300.0
GAS,2025-12-26,69.0,70.9,68.0,70.5,2455400.0
GAS,2025-12-29,70.6,75.4,70.2,75.1,5613700.0
GAS,2025-12-30,75.1,75.7,73.8,74.9,1764400.0
GAS,2025-12-31,74.5,75.8,72.4,72.4,1872800.0
GAS,2026-01-05,73.1,77.4,72.8,77.4,5364200.0
GAS,2026-01-06,77.8,82.8,77.8,82.8,4730300.0
GAS,2026-01-07,85.2,88.5,85.2,88.5,4173200.0
GAS,2026-01-08,93.5,94.6,90.0,91.6,6171100.0
GAS,2026-01-09,90.6,98.0,89.8,97.1,4592600.0
GAS,2026-01-12,101.0,102.5,94.5,97.0,5514400.0
GAS,2026-01-13,97.0,103.7,96.0,103.7,4960100.0
GAS,2026-01-14,107.0,110.9,100.0,107.0,4910800.0
GAS,2026-01-15,106.9,107.1,102.3,103.0,3558000.0
GAS,2026-01-16,103.2,107.2,99.8,99.8,4537900.0
GAS,2026-01-19,100.0,106.2,98.1,105.8,4498200.0
GAS,2026-01-20,106.0,110.8,104.0,104.5,3888800.0
GAS,2026-01-21,101.2,110.0,101.0,110.0,4569400.0
GAS,2026-01-22,110.5,110.5,104.7,104.8,4035100.0
GAS,2026-01-23,104.8,106.3,99.2,100.8,3428600.0
GAS,2026-01-26,100.5,107.8,100.5,107.8,6102800.0
GAS,2026-01-27,109.8,115.3,109.0,115.3,5889900.0
GAS,2026-01-28,121.0,122.8,115.0,118.0,7140900.0
GAS,2026-01-29,118.5,118.5,111.3,116.8,3705700.0
GAS,2026-01-30,116.8,122.0,115.8,117.0,3644900.0
GAS,2026-02-02,113.9,116.8,110.0,114.5,5534800.0
GAS,2026-02-03,115.8,121.9,113.1,117.0,3319000.0
GAS,2026-02-04,117.0,120.0,114.3,115.8,2275800.0
GAS,2026-02-05,115.8,116.8,112.0,112.0,2555300.0
GAS,2026-02-06,110.0,118.8,109.5,115.0,3964600.0
GAS,2026-02-09,117.0,117.8,114.5,115.7,901300.0
GAS,2026-02-10,115.9,119.6,107.7,107.7,6158900.0
GAS,2026-02-11,105.8,107.4,102.0,102.0,3230600.0
GAS,2026-02-12,106.2,106.2,101.0,101.4,2700300.0
GAS,2026-02-13,101.5,103.7,99.7,101.6,2039200.0
GAS,2026-02-23,104.9,108.7,104.9,108.7,956400.0
GAS,2026-02-24,112.0,112.4,107.1,110.5,4780400.0
GAS,2026-02-25,110.5,117.5,108.0,110.0,3689100.0
GAS,2026-02-26,111.0,111.0,105.5,106.0,3151900.0
GAS,2026-02-27,106.0,111.9,105.5,107.9,2827100.0
GAS,2026-03-02,115.3,115.4,112.5,115.4,3660300.0
GAS,2026-03-03,119.9,123.4,111.0,123.4,7680200.0
GAS,2026-03-04,124.0,131.5,121.8,128.7,4554900.0
GAS,2026-03-05,126.0,126.9,119.7,119.7,5317800.0
GAS,2026-03-06,118.6,118.6,112.0,112.1,4731500.0
GAS,2026-03-09,116.0,116.3,104.3,104.3,5387400.0
GAS,2026-03-10,104.0,107.5,97.0,97.0,3885500.0
GAS,2026-03-11,93.3,103.0,93.2,103.0,4146800.0
GAS,2026-03-12,103.0,103.0,98.7,98.7,1736400.0
GAS,2026-03-13,97.9,101.3,91.8,91.8,4442600.0
GAS,2026-03-16,91.0,91.1,85.4,87.9,5461400.0
GAS,2026-03-17,89.0,90.4,86.0,86.4,1712800.0
GAS,2026-03-18,86.4,92.4,86.4,91.7,2627100.0
GAS,2026-03-19,92.3,92.4,87.4,88.1,2140100.0
GAS,2026-03-20,88.1,88.8,82.0,82.0,3150400.0
GAS,2026-03-23,78.5,83.6,78.5,80.5,2980000.0
GAS,2026-03-24,82.0,82.7,78.8,80.7,1892400.0
GAS,2026-03-25,82.0,84.7,81.2,82.5,2006800.0
GAS,2026-03-26,83.0,83.0,79.8,80.3,1290400.0
GAS,2026-03-27,80.4,82.6,79.9,82.1,2023700.0
GAS,2026-03-30,82.1,83.2,80.4,80.8,2027000.0
GAS,2026-03-31,81.6,81.6,78.1,78.3,2432200.0
GAS,2026-04-01,80.0,81.3,79.6,80.0,1876800.0
GAS,2026-04-02,80.0,81.1,78.7,78.7,1167900.0
GAS,2026-04-03,80.0,80.9,79.6,79.7,1931200.0
GAS,2026-04-06,80.2,80.3,78.1,78.5,1170800.0
GAS,2026-04-07,78.5,79.4,75.8,77.3,1236400.0
GAS,2026-04-08,79.0,80.4,78.3,79.9,1438600.0
GAS,2026-04-09,79.9,79.9,78.1,78.4,1051600.0
GAS,2026-04-10,78.6,82.4,78.2,80.7,2856700.0
GAS,2026-04-13,81.2,82.2,80.6,80.7,948300.0
GAS,2026-04-14,81.0,81.6,79.1,79.3,1205900.0
GAS,2026-04-15,79.8,80.5,79.1,79.2,1038400.0
GAS,2026-04-16,79.2,80.2,78.1,78.4,1169300.0
GAS,2026-04-17,78.6,80.4,78.1,80.1,1249000.0
GAS,2026-04-20,80.0,81.3,79.0,79.2,1205300.0
GAS,2026-04-21,79.3,80.1,78.5,78.7,1356000.0
GAS,2026-04-22,79.0,79.8,78.1,78.1,760600.0
GAS,2026-04-23,78.1,79.5,75.9,77.4,1488800.0
GAS,2026-04-24,77.6,80.0,77.5,78.3,1193000.0
GAS,2026-04-28,78.0,78.2,73.1,73.5,1966400.0
GAS,2026-04-29,73.5,75.4,73.0,75.2,1268600.0
GAS,2026-05-04,77.0,79.9,76.2,76.5,1660000.0
GAS,2026-05-05,76.7,78.3,76.1,77.7,1319800.0
GAS,2026-05-06,78.0,80.5,77.6,79.2,2983000.0
GAS,2026-05-07,78.4,79.0,76.0,76.0,2302900.0
GAS,2026-05-08,76.9,77.3,74.5,74.7,1415100.0
GAS,2026-05-11,75.1,75.5,73.4,73.6,1835100.0
GAS,2026-05-12,73.9,77.1,73.8,76.5,1557500.0
GAS,2026-05-13,76.5,81.8,75.7,81.8,6350300.0
GAS,2026-05-14,84.5,85.8,83.2,83.6,4068100.0
