Symbol,Date,Open,High,Low,Close,Volume
GVR,2021-05-17,24.191071839707398,24.191071839707398,23.27125922222803,23.317249853102,3533900.0
GVR,2021-05-18,23.27125922222803,23.455221745723904,22.719371651740406,22.811352913488346,3064400.0
GVR,2021-05-19,22.811352913488346,23.639184269219776,22.811352913488346,23.317249853102,2813000.0
GVR,2021-05-20,23.27125922222803,23.27125922222803,22.443427866496595,22.719371651740406,4030800.0
GVR,2021-05-21,22.719371651740406,23.915128054463587,22.535409128244535,23.317249853102,3409100.0
GVR,2021-05-24,24.053099947085492,24.926921933690895,24.053099947085492,24.926921933690895,6726600.0
GVR,2021-05-25,25.662772027674386,25.662772027674386,24.558996886699145,24.834940671942956,5599400.0
GVR,2021-05-26,24.650978148447084,25.570790765926454,24.46701562495121,25.248856349808673,6327300.0
GVR,2021-05-27,25.34083761155661,26.582584645153755,25.01890319543883,25.61678139680042,6655100.0
GVR,2021-05-28,25.754753289422325,26.490603383405823,25.754753289422325,26.444612752531853,5572400.0
GVR,2021-05-31,26.490603383405823,26.674565906901694,25.846734551170265,26.306640859909947,4910100.0
GVR,2021-06-01,26.168668967288042,26.398622121657883,25.754753289422325,26.076687705540106,5077400.0
GVR,2021-06-02,25.754753289422325,25.846734551170265,24.834940671942956,25.61678139680042,5018100.0
GVR,2021-06-03,26.030697074666136,26.490603383405823,25.34083761155661,26.214659598162008,6501800.0
GVR,2021-06-04,26.582584645153755,27.686359786129,26.490603383405823,27.502397262633124,9284000.0
GVR,2021-06-07,28.238247356616622,29.066078712348055,27.870322309624875,28.882116188852176,10302900.0
GVR,2021-06-08,28.146266094868686,28.882116188852176,26.904519061271536,26.904519061271536,5410600.0
GVR,2021-06-09,26.674565906901694,27.502397262633124,25.754753289422325,26.950509692145506,5540700.0
GVR,2021-06-10,26.214659598162008,26.950509692145506,25.754753289422325,26.214659598162008,4218400.0
GVR,2021-06-11,26.490603383405823,27.180462846515347,26.122678336414072,26.812537799523597,4200500.0
GVR,2021-06-14,27.04249095389344,27.778341047876935,26.674565906901694,27.364425370011222,5243000.0
GVR,2021-06-15,27.594378524381064,29.250041235843927,27.41041600088519,29.250041235843927,9611200.0
GVR,2021-06-16,29.893910068079485,30.261835115071232,29.342022497591863,29.479994390213765,7694800.0
GVR,2021-06-17,28.83612555797821,31.273628994298537,28.698153665356305,31.22763836342457,9882200.0
GVR,2021-06-18,31.22763836342457,33.02127296750934,30.721741423810915,31.733535303038224,8936800.0
GVR,2021-06-21,31.457591517794413,32.46938539702172,31.1816477325506,31.733535303038224,6685400.0
GVR,2021-06-22,32.19344161177791,32.42339476614775,31.549572779542345,31.595563410416318,5940700.0
GVR,2021-06-23,31.457591517794413,31.733535303038224,30.445797638567107,30.813722685558854,7695500.0
GVR,2021-06-24,30.583769531189013,32.60735728964362,30.583769531189013,32.00947908828203,5819900.0
GVR,2021-06-25,32.00947908828203,32.377404135273785,31.733535303038224,32.14745098090394,3659300.0
GVR,2021-06-28,32.285422873525846,33.57316053799696,31.82551656478616,33.38919801450108,6892600.0
GVR,2021-06-29,33.11325422925727,33.98707621586268,32.74532918226553,32.83731044401347,4640000.0
GVR,2021-06-30,32.65334792051759,32.975282336635374,32.19344161177791,32.19344161177791,3729600.0
GVR,2021-07-01,32.285422873525846,33.89509495411474,32.19344161177791,33.48117927624902,6757400.0
GVR,2021-07-02,33.48117927624902,33.8031136923668,33.11325422925727,33.29721675275315,3962500.0
GVR,2021-07-05,33.20523549100521,33.665141799744895,32.74532918226553,33.38919801450108,4525200.0
GVR,2021-07-06,33.8031136923668,34.67693567897221,31.089666470802662,31.089666470802662,7988200.0
GVR,2021-07-07,31.457591517794413,31.9174978265341,29.4340037593398,31.871507195660126,5960900.0
GVR,2021-07-08,32.055469719156,32.055469719156,30.813722685558854,31.22763836342457,3886500.0
GVR,2021-07-09,30.445797638567107,31.089666470802662,29.066078712348055,29.066078712348055,9414700.0
GVR,2021-07-12,27.594378524381064,28.238247356616622,27.04249095389344,27.04249095389344,7085300.0
GVR,2021-07-13,27.226453477389317,28.054284833120747,26.858528430397566,27.594378524381064,3515700.0
GVR,2021-07-14,27.364425370011222,28.330228618364558,26.122678336414072,26.950509692145506,3722500.0
GVR,2021-07-15,26.53659401427979,28.146266094868686,26.53659401427979,28.054284833120747,3199200.0
GVR,2021-07-16,28.054284833120747,29.388013128465833,28.054284833120747,28.83612555797821,4052300.0
GVR,2021-07-19,27.594378524381064,28.330228618364558,26.858528430397566,26.858528430397566,5437700.0
GVR,2021-07-20,27.548387893507094,28.330228618364558,26.674565906901694,28.330228618364558,4154800.0
GVR,2021-07-21,28.514191141860433,28.790134927104244,27.594378524381064,27.778341047876935,2458700.0
GVR,2021-07-22,27.778341047876935,29.204050604969957,27.548387893507094,28.974097450600116,4436600.0
GVR,2021-07-23,28.60617240360837,29.75593817545758,28.468200510986463,28.514191141860433,6441700.0
GVR,2021-07-26,28.514191141860433,29.893910068079485,28.330228618364558,29.893910068079485,5022000.0
GVR,2021-07-27,30.353816376819168,30.813722685558854,29.93990069895345,30.169853853323293,4462000.0
GVR,2021-07-28,29.93990069895345,30.537778900315047,29.70994754458361,30.031881960701387,4193500.0
GVR,2021-07-29,30.031881960701387,30.629760162062976,29.617966282835678,30.491788269441074,4267600.0
GVR,2021-07-30,30.629760162062976,31.089666470802662,30.399807007693134,30.99768520905473,5202800.0
GVR,2021-08-02,30.353816376819168,31.641554041290284,30.353816376819168,30.813722685558854,6191700.0
GVR,2021-08-03,30.813722685558854,31.1816477325506,30.169853853323293,30.99768520905473,4856600.0
GVR,2021-08-04,31.1816477325506,31.365610256046477,30.491788269441074,30.76773205468489,4731200.0
GVR,2021-08-05,30.721741423810915,32.33141350439981,30.353816376819168,32.055469719156,9045500.0
GVR,2021-08-06,32.055469719156,32.377404135273785,31.457591517794413,31.457591517794413,5648300.0
GVR,2021-08-09,31.273628994298537,32.515376027895684,31.273628994298537,32.377404135273785,5093700.0
GVR,2021-08-10,32.60735728964362,32.699338551391556,32.00947908828203,32.19344161177791,6385800.0
GVR,2021-08-11,32.19344161177791,32.377404135273785,31.319619625172503,31.365610256046477,6143000.0
GVR,2021-08-12,31.089666470802662,32.377404135273785,30.813722685558854,31.549572779542345,5683500.0
GVR,2021-08-13,31.365610256046477,32.10146035002997,30.85971331643282,32.00947908828203,4717200.0
GVR,2021-08-16,32.46938539702172,34.217029370232524,32.19344161177791,34.217029370232524,10693600.0
GVR,2021-08-17,34.58495441722427,35.4127857729557,34.125048108484584,34.49297315547633,7543100.0
GVR,2021-08-18,34.033066846736645,35.22882324945982,33.89509495411474,34.538963786350294,4797600.0
GVR,2021-08-19,34.35500126285442,35.872692081695384,34.217029370232524,35.688729558199505,6723700.0
GVR,2021-08-20,35.50476703470363,35.872692081695384,33.20523549100521,33.43518864537506,12418100.0
GVR,2021-08-23,33.20523549100521,33.941085584988706,31.457591517794413,31.457591517794413,7321700.0
GVR,2021-08-24,31.457591517794413,32.19344161177791,30.99768520905473,31.273628994298537,6463100.0
GVR,2021-08-25,31.549572779542345,32.377404135273785,31.365610256046477,32.377404135273785,3379900.0
GVR,2021-08-26,32.74532918226553,33.48117927624902,32.33141350439981,32.65334792051759,4533400.0
GVR,2021-08-27,32.19344161177791,34.40099189372839,31.733535303038224,34.40099189372839,7521500.0
GVR,2021-08-30,34.906888833342045,35.22882324945982,34.217029370232524,34.58495441722427,5780940.0
GVR,2021-08-31,34.58495441722427,36.70052343742681,34.35500126285442,35.64273892732554,9613400.0
GVR,2021-09-01,34.95287946421601,37.25241100791443,34.95287946421601,36.88448596092269,8428800.0
GVR,2021-09-06,37.71231731665412,37.71231731665412,36.14863586693919,36.14863586693919,6788200.0
GVR,2021-09-07,36.14863586693919,36.74651406830078,35.5507576655776,35.73472018907348,6217700.0
GVR,2021-09-08,35.780710819947444,36.516560913930945,35.4127857729557,35.872692081695384,4272900.0
GVR,2021-09-09,35.91868271256935,36.74651406830078,35.780710819947444,36.74651406830078,4012200.0
GVR,2021-09-10,36.79250469917475,36.79250469917475,36.056654605191255,36.14863586693919,3419300.0
GVR,2021-09-13,36.056654605191255,36.14863586693919,34.49297315547633,34.67693567897221,7507800.0
GVR,2021-09-14,34.49297315547633,35.22882324945982,34.125048108484584,34.95287946421601,3672700.0
GVR,2021-09-15,34.44698252460236,35.688729558199505,34.44698252460236,35.4127857729557,2574700.0
GVR,2021-09-16,35.04486072596395,35.688729558199505,35.04486072596395,35.32080451120776,2233900.0
GVR,2021-09-17,35.4127857729557,36.01066397431729,34.95287946421601,35.45877640382966,3726500.0
GVR,2021-09-20,35.59674829645157,35.872692081695384,34.40099189372839,34.40099189372839,4251400.0
GVR,2021-09-21,33.849104323240766,34.35500126285442,32.515376027895684,33.48117927624902,6765800.0
GVR,2021-09-22,33.57316053799696,34.217029370232524,33.38919801450108,34.033066846736645,3555500.0
GVR,2021-09-23,34.95287946421601,35.4127857729557,34.033066846736645,34.217029370232524,3709300.0
GVR,2021-09-24,34.35500126285442,34.95287946421601,34.033066846736645,34.033066846736645,2891500.0
GVR,2021-09-27,34.40099189372839,34.49297315547633,32.74532918226553,32.74532918226553,3941900.0
GVR,2021-09-28,32.33141350439981,33.15924486013124,32.14745098090394,32.9292917057614,4567000.0
GVR,2021-09-29,32.83731044401347,33.665141799744895,32.83731044401347,33.11325422925727,3525300.0
GVR,2021-09-30,33.527169907122996,33.57316053799696,33.02127296750934,33.02127296750934,1718800.0
GVR,2021-10-01,32.883301074887434,33.527169907122996,32.65334792051759,33.20523549100521,2728400.0
GVR,2021-10-04,33.38919801450108,34.538963786350294,33.20523549100521,34.125048108484584,3511500.0
GVR,2021-10-05,34.35500126285442,34.86089820246807,34.17103873935855,34.49297315547633,3060400.0
GVR,2021-10-06,34.63094504809823,35.274813880333795,34.538963786350294,34.81490757159411,2934200.0
GVR,2021-10-07,35.22882324945982,35.50476703470363,34.76891694072014,35.13684198771189,4038000.0
GVR,2021-10-08,35.22882324945982,35.366795142081735,34.538963786350294,34.63094504809823,3436200.0
GVR,2021-10-11,34.95287946421601,35.22882324945982,34.58495441722427,34.76891694072014,2921200.0
GVR,2021-10-12,35.13684198771189,35.13684198771189,34.63094504809823,34.76891694072014,4797100.0
GVR,2021-10-13,35.23624109460337,35.23624109460337,34.815649357399884,35.04931143362404,2503600.0
GVR,2021-10-14,35.37643834033787,36.26435422998968,35.14277626411371,35.89049490803102,4981300.0
GVR,2021-10-15,36.077424569010354,36.45128389096901,35.32970592509304,35.7035652470517,3711500.0
GVR,2021-10-18,35.7035652470517,36.26435422998968,35.32970592509304,35.37643834033787,4123800.0
GVR,2021-10-19,35.32970592509304,35.32970592509304,34.76891694215505,35.04931143362404,3834600.0
GVR,2021-10-20,35.002579018379215,35.32970592509304,34.675452111665386,35.04931143362404,2869200.0
GVR,2021-10-21,35.32970592509304,35.32970592509304,34.488522450686055,34.675452111665386,2745600.0
GVR,2021-10-22,34.72218452691022,35.937227323275856,34.675452111665386,35.79703007754136,5277400.0
GVR,2021-10-25,36.26435422998968,37.619594272089806,35.79703007754136,36.731678382438,8793200.0
GVR,2021-10-26,36.731678382438,37.012072873906995,36.077424569010354,36.871875628172496,3019900.0
GVR,2021-10-27,37.012072873906995,38.13365083978296,36.684945967193165,37.38593219586565,6488400.0
GVR,2021-10-28,37.38593219586565,38.227115670272624,36.63821355194834,37.432664611110475,4907300.0
GVR,2021-10-29,37.85325634831397,38.227115670272624,36.965340458662155,37.19900253488632,4829000.0
GVR,2021-11-01,37.19900253488632,37.38593219586565,36.45128389096901,36.77841079768283,5673900.0
GVR,2021-11-02,36.63821355194834,39.348693636148596,36.45128389096901,39.348693636148596,8464100.0
GVR,2021-11-03,40.47027160202456,40.47027160202456,36.731678382438,36.731678382438,7021300.0
GVR,2021-11-04,37.292467365375984,38.227115670272624,36.731678382438,37.33919978062082,4403300.0
GVR,2021-11-05,37.57286185684498,38.0401860092933,37.292467365375984,37.479397026355315,4309200.0
GVR,2021-11-08,37.759791517824304,38.78790465321061,37.57286185684498,38.0401860092933,4444000.0
GVR,2021-11-09,38.13365083978296,38.50751016174162,37.71305910257947,37.946721178803635,4012200.0
GVR,2021-11-10,38.0401860092933,39.0682991446796,37.479397026355315,38.414045331251955,4584700.0
GVR,2021-11-11,38.55424257698645,40.00294744957624,37.80652393306914,39.161763975169265,7313900.0
GVR,2021-11-12,39.25522880565893,39.53562329712792,38.13365083978296,38.694439822720945,3128700.0
GVR,2021-11-15,38.78790465321061,38.9281018989451,37.38593219586565,37.85325634831397,6689500.0
GVR,2021-11-16,37.80652393306914,37.80652393306914,36.5914811367035,36.77841079768283,5487500.0
GVR,2021-11-17,36.77841079768283,38.227115670272624,36.45128389096901,37.38593219586565,3340300.0
GVR,2021-11-18,37.19900253488632,37.99345359404846,37.10553770439666,37.24573495013115,4020700.0
GVR,2021-11-19,37.292467365375984,37.479397026355315,34.675452111665386,35.23624109460337,6321200.0
GVR,2021-11-22,34.62871969642055,35.23624109460337,33.273479654320425,33.273479654320425,5199800.0
GVR,2021-11-23,32.89962033236177,35.04931143362404,32.89962033236177,35.04931143362404,2446700.0
GVR,2021-11-24,35.096043848868874,35.469903170827536,34.58198728117572,34.76891694215505,2877700.0
GVR,2021-11-25,35.04931143362404,35.98395973852069,34.955846603134376,35.32970592509304,2641900.0
GVR,2021-11-26,35.4231707555827,35.51663558607237,34.30159278970673,34.535254865930895,3374000.0
GVR,2021-11-29,33.64733897627908,34.58198728117572,33.553874145789415,34.39505762019639,2720900.0
GVR,2021-11-30,34.86238177264472,36.77841079768283,34.86238177264472,36.26435422998968,7476800.0
GVR,2021-12-01,36.077424569010354,36.45128389096901,35.51663558607237,35.98395973852069,1971900.0
GVR,2021-12-02,35.610100416562034,37.19900253488632,35.563368001317194,36.12415698425518,2665700.0
GVR,2021-12-03,35.84376249278619,36.45128389096901,34.1146631287274,34.1146631287274,3246500.0
GVR,2021-12-06,34.1146631287274,34.76891694215505,32.9463527476066,33.64733897627908,2713300.0
GVR,2021-12-07,34.1146631287274,34.58198728117572,33.78753622201358,34.208127959217066,1453800.0
GVR,2021-12-08,34.535254865930895,35.79703007754136,34.2548603744619,34.58198728117572,1842600.0
GVR,2021-12-09,34.58198728117572,35.282973509848205,34.30159278970673,34.90911418788955,1708200.0
GVR,2021-12-10,34.86238177264472,35.51663558607237,34.86238177264472,35.04931143362404,2200700.0
GVR,2021-12-13,35.51663558607237,36.35781906047934,35.14277626411371,35.98395973852069,2819000.0
GVR,2021-12-14,35.98395973852069,36.498016306213835,35.04931143362404,35.65683283180686,2725500.0
GVR,2021-12-15,35.51663558607237,36.31108664523451,35.18950867935854,35.282973509848205,2642000.0
GVR,2021-12-16,35.51663558607237,35.89049490803102,35.23624109460337,35.37643834033787,1839200.0
GVR,2021-12-17,35.51663558607237,36.45128389096901,35.4231707555827,35.750297662296525,2993100.0
GVR,2021-12-20,35.7035652470517,35.750297662296525,35.002579018379215,35.14277626411371,2413700.0
GVR,2021-12-21,35.04931143362404,35.79703007754136,34.675452111665386,35.23624109460337,2771400.0
GVR,2021-12-22,35.4231707555827,37.33919978062082,35.23624109460337,36.45128389096901,7915900.0
GVR,2021-12-23,36.77841079768283,37.19900253488632,35.937227323275856,36.45128389096901,4304200.0
GVR,2021-12-24,36.544748721458674,37.619594272089806,36.26435422998968,36.498016306213835,3948200.0
GVR,2021-12-27,36.35781906047934,36.63821355194834,35.610100416562034,36.077424569010354,2820200.0
GVR,2021-12-28,36.077424569010354,36.45128389096901,35.23624109460337,35.37643834033787,4212400.0
GVR,2021-12-29,35.14277626411371,35.4231707555827,34.39505762019639,34.488522450686055,6193900.0
GVR,2021-12-30,34.488522450686055,35.002579018379215,34.44179003544123,34.58198728117572,2411500.0
GVR,2021-12-31,34.76891694215505,34.955846603134376,34.44179003544123,34.535254865930895,2201800.0
GVR,2022-01-04,34.76891694215505,35.469903170827536,34.58198728117572,35.14277626411371,2270100.0
GVR,2022-01-05,35.14277626411371,36.17088939950002,34.76891694215505,35.89049490803102,5641500.0
GVR,2022-01-06,35.51663558607237,36.77841079768283,35.32970592509304,36.077424569010354,4158700.0
GVR,2022-01-07,35.98395973852069,36.825143212927664,35.7035652470517,35.98395973852069,2825500.0
GVR,2022-01-10,36.077424569010354,36.63821355194834,35.23624109460337,35.23624109460337,4463100.0
GVR,2022-01-11,35.14277626411371,35.51663558607237,34.39505762019639,34.39505762019639,3313500.0
GVR,2022-01-12,34.39505762019639,34.58198728117572,32.75942308662727,34.58198728117572,4421100.0
GVR,2022-01-13,34.675452111665386,35.04931143362404,33.18001482383076,33.18001482383076,3388200.0
GVR,2022-01-14,32.89962033236177,33.92773346774807,32.89962033236177,33.36694448481009,1715400.0
GVR,2022-01-17,33.36694448481009,33.553874145789415,31.07705613781332,31.07705613781332,4515200.0
GVR,2022-01-18,30.282605078651173,30.84339406158916,29.067562282285543,29.067562282285543,3015900.0
GVR,2022-01-19,29.628351265223525,30.469534739630504,29.067562282285543,29.72181609571319,1832900.0
GVR,2022-01-20,30.282605078651173,30.749929231099493,29.72181609571319,30.37606990914084,1480700.0
GVR,2022-01-21,30.84339406158916,31.170520968302984,30.282605078651173,30.282605078651173,1766000.0
GVR,2022-01-24,30.282605078651173,30.37606990914084,28.17964639263373,28.17964639263373,2226300.0
GVR,2022-01-25,27.29173050298192,29.301224358509703,27.29173050298192,29.207759528020038,1582600.0
GVR,2022-01-26,29.72181609571319,29.768548510958023,28.974097451795878,28.974097451795878,1067300.0
GVR,2022-01-27,28.974097451795878,29.347956773754532,28.693702960326885,28.693702960326885,689000.0
GVR,2022-01-28,28.693702960326885,29.161027112775205,28.55350571459239,29.161027112775205,953700.0
GVR,2022-02-07,29.908745756692518,30.09567541767185,29.628351265223525,30.09567541767185,865400.0
GVR,2022-02-08,30.189140248161507,31.123788553058148,30.002210587182184,30.84339406158916,1165800.0
GVR,2022-02-09,31.03032372256849,31.217253383547813,30.656464400609828,30.936858892078824,1144600.0
GVR,2022-02-10,30.983591307323653,31.49764787501681,30.656464400609828,31.404183044527144,1461300.0
GVR,2022-02-11,30.936858892078824,32.24536651893412,30.936858892078824,31.73130995124097,1516300.0
GVR,2022-02-14,31.54438029026164,31.7780423664858,31.03032372256849,31.123788553058148,1298600.0
GVR,2022-02-15,30.936858892078824,31.404183044527144,30.936858892078824,31.170520968302984,828900.0
GVR,2022-02-16,31.7780423664858,31.7780423664858,31.450915459771974,31.54438029026164,760900.0
GVR,2022-02-17,31.7780423664858,32.10516927319963,31.54438029026164,31.7780423664858,1407900.0
GVR,2022-02-18,31.54438029026164,31.684577535996134,31.26398579879265,31.404183044527144,1587500.0
GVR,2022-02-21,31.31071821403748,32.43229617991345,31.31071821403748,32.338831349423785,2336200.0
GVR,2022-02-22,32.29209893417895,32.29209893417895,31.404183044527144,32.01170444270996,1517100.0
GVR,2022-02-23,32.05843685795479,33.086549993341094,31.7780423664858,32.01170444270996,2385600.0
GVR,2022-02-24,32.01170444270996,32.52576101040311,30.002210587182184,31.49764787501681,3123100.0
GVR,2022-02-25,31.96497202746513,32.24536651893412,31.7780423664858,31.7780423664858,1513200.0
GVR,2022-02-28,32.05843685795479,32.05843685795479,31.31071821403748,31.918239612220294,1904200.0
GVR,2022-03-01,31.96497202746513,33.50714173054459,31.96497202746513,33.36694448481009,4755600.0
GVR,2022-03-02,33.740803806768746,33.881001052503244,33.03981757809627,33.086549993341094,3342300.0
GVR,2022-03-03,33.50714173054459,33.92773346774807,33.36694448481009,33.92773346774807,2748400.0
GVR,2022-03-04,34.021198298237735,34.348325204951564,33.36694448481009,33.64733897627908,3156700.0
GVR,2022-03-07,33.64733897627908,34.488522450686055,33.36694448481009,34.348325204951564,3258000.0
GVR,2022-03-08,34.1146631287274,35.32970592509304,33.740803806768746,33.92773346774807,3784500.0
GVR,2022-03-09,33.97446588299291,34.208127959217066,32.99308516285143,33.64733897627908,2164200.0
GVR,2022-03-10,33.83426863725841,33.97446588299291,33.18001482383076,33.22674723907559,1417000.0
GVR,2022-03-11,33.18001482383076,33.46040931529975,32.198634103689294,32.24536651893412,2598600.0
GVR,2022-03-14,32.24536651893412,32.24536651893412,30.703196815854664,31.170520968302984,2343200.0
GVR,2022-03-15,31.03032372256849,31.7780423664858,31.03032372256849,31.637845120751305,980100.0
GVR,2022-03-16,31.871507196975465,32.151901688444454,31.404183044527144,31.49764787501681,1256100.0
GVR,2022-03-17,31.7780423664858,31.96497202746513,31.49764787501681,31.591112705506468,1030400.0
GVR,2022-03-18,31.96497202746513,31.96497202746513,31.684577535996134,31.7780423664858,1033100.0
GVR,2022-03-21,32.10516927319963,32.38556376466862,31.591112705506468,32.338831349423785,1452200.0
GVR,2022-03-22,32.52576101040311,33.086549993341094,32.38556376466862,32.38556376466862,1610600.0
GVR,2022-03-23,32.806155501872105,33.133282408585934,32.43229617991345,33.086549993341094,1848200.0
GVR,2022-03-24,32.806155501872105,33.133282408585934,32.52576101040311,32.619225840892774,1920500.0
GVR,2022-03-25,32.619225840892774,32.619225840892774,32.151901688444454,32.43229617991345,1121600.0
GVR,2022-03-28,31.918239612220294,32.43229617991345,31.591112705506468,31.637845120751305,2268400.0
GVR,2022-03-29,31.73130995124097,32.43229617991345,31.73130995124097,32.24536651893412,1184300.0
GVR,2022-03-30,32.05843685795479,32.52576101040311,31.591112705506468,31.637845120751305,1489600.0
GVR,2022-03-31,31.637845120751305,32.24536651893412,31.591112705506468,31.7780423664858,1177200.0
GVR,2022-04-01,31.871507196975465,32.47902859515828,31.591112705506468,32.29209893417895,1687200.0
GVR,2022-04-04,32.71269067138244,34.1146631287274,32.57249342564795,34.1146631287274,6226000.0
GVR,2022-04-05,33.83426863725841,34.955846603134376,33.64733897627908,34.021198298237735,3270100.0
GVR,2022-04-06,33.64733897627908,34.58198728117572,33.64733897627908,34.58198728117572,3663300.0
GVR,2022-04-07,34.58198728117572,35.32970592509304,33.92773346774807,33.92773346774807,3503800.0
GVR,2022-04-08,34.1146631287274,34.208127959217066,32.52576101040311,32.57249342564795,2763400.0
GVR,2022-04-12,32.57249342564795,32.806155501872105,30.84339406158916,30.84339406158916,2770000.0
GVR,2022-04-13,30.84339406158916,32.47902859515828,30.79666164634433,32.24536651893412,2263400.0
GVR,2022-04-14,32.52576101040311,33.133282408585934,32.151901688444454,32.29209893417895,1543100.0
GVR,2022-04-15,32.29209893417895,34.1146631287274,32.24536651893412,33.64733897627908,4280600.0
GVR,2022-04-18,33.32021206956526,34.76891694215505,33.32021206956526,34.39505762019639,5974700.0
GVR,2022-04-19,34.58198728117572,34.58198728117572,32.71269067138244,32.71269067138244,2944000.0
GVR,2022-04-20,32.43229617991345,33.18001482383076,30.422802324385668,30.422802324385668,2849300.0
GVR,2022-04-21,29.48815401948903,30.79666164634433,28.366576053613063,28.506773299347557,4404800.0
GVR,2022-04-22,29.067562282285543,29.628351265223525,26.544011859064607,27.572124994450913,4598400.0
GVR,2022-04-25,27.104800842002593,28.039449146899237,25.6560959694128,25.6560959694128,3146500.0
GVR,2022-04-26,24.76818007976099,26.637476689554273,23.926996605354017,26.637476689554273,2034200.0
GVR,2022-04-27,26.59074427430944,27.385195333471586,25.983222876126625,27.19826567249226,1290600.0
GVR,2022-04-28,27.19826567249226,27.338462918226753,26.730941520043938,26.871138765778433,1095000.0
GVR,2022-04-29,26.544011859064607,27.338462918226753,26.544011859064607,26.9646035962681,1750200.0
GVR,2022-05-04,27.011336011512928,27.011336011512928,26.216884952350785,26.216884952350785,1411500.0
GVR,2022-05-05,26.917871181023266,26.917871181023266,25.702828384657632,26.35708219808528,1271800.0
GVR,2022-05-06,25.88975804563696,26.35708219808528,25.048574571229985,25.048574571229985,1482000.0
GVR,2022-05-09,24.581250418781664,24.674715249271326,23.319475207171198,23.319475207171198,2121400.0
GVR,2022-05-10,22.24462965654006,23.319475207171198,21.964235165071067,23.13254554619187,1743200.0
GVR,2022-05-11,23.13254554619187,23.226010376681536,22.525024148009052,22.992348300457376,1005000.0
GVR,2022-05-12,23.319475207171198,23.740066944374686,21.40344618213308,21.40344618213308,1880500.0
GVR,2022-05-13,21.40344618213308,21.496911012622746,19.908008894298458,19.908008894298458,2327900.0
GVR,2022-05-16,21.263248936398586,21.263248936398586,20.37533304674678,20.42206546199161,2348100.0
GVR,2022-05-17,20.00147372478812,21.824037919336572,19.627614402829465,21.824037919336572,2212800.0
GVR,2022-05-18,22.057699995560732,22.384826902274554,21.496911012622746,21.824037919336572,1896500.0
GVR,2022-05-19,20.93612202968476,21.63710825835724,20.65572753821577,21.450178597377914,1741600.0
GVR,2022-05-20,21.824037919336572,22.618488978498718,21.450178597377914,22.151164826050394,2379200.0
GVR,2022-05-23,22.525024148009052,22.758686224233216,21.450178597377914,22.151164826050394,1286500.0
GVR,2022-05-24,22.10443241080556,22.571756563253885,21.59037584311241,22.571756563253885,1718300.0
GVR,2022-05-25,22.618488978498718,23.78679935961952,22.33809448702972,23.693334529129856,2635100.0
GVR,2022-05-26,23.740066944374686,24.113926266333344,23.36620762241603,23.693334529129856,1505000.0
GVR,2022-05-27,23.78679935961952,24.394320757802337,23.693334529129856,23.83353177486435,1573800.0
GVR,2022-05-30,23.83353177486435,24.113926266333344,23.740066944374686,23.78679935961952,1314500.0
GVR,2022-05-31,23.78679935961952,23.78679935961952,23.272742791926365,23.55313728339536,2363300.0
GVR,2022-06-01,23.36620762241603,23.740066944374686,23.179277961436703,23.506404868150526,1174200.0
GVR,2022-06-02,23.36620762241603,24.441053173047166,23.319475207171198,24.113926266333344,2149900.0
GVR,2022-06-03,24.113926266333344,24.160658681578177,23.36620762241603,23.36620762241603,1654300.0
GVR,2022-06-06,23.36620762241603,24.113926266333344,23.36620762241603,23.506404868150526,1442800.0
GVR,2022-06-07,23.36620762241603,23.646602113885024,22.618488978498718,23.646602113885024,1923200.0
GVR,2022-06-08,24.02046143584368,25.282236647454145,24.02046143584368,25.282236647454145,2880300.0
GVR,2022-06-09,25.88975804563696,26.35708219808528,25.609363554167967,25.6560959694128,2461800.0
GVR,2022-06-10,25.42243389318864,26.170152537105952,24.30085592731267,24.394320757802337,2505600.0
GVR,2022-06-13,23.085813130947038,23.926996605354017,22.711953808988383,22.711953808988383,3143700.0
GVR,2022-06-14,22.33809448702972,23.36620762241603,21.8707703345814,23.13254554619187,1736900.0
GVR,2022-06-15,23.13254554619187,23.272742791926365,21.54364342786758,21.54364342786758,2010000.0
GVR,2022-06-16,22.24462965654006,22.66522139374355,21.964235165071067,21.964235165071067,1704900.0
GVR,2022-06-17,21.12305169066409,21.496911012622746,20.562262707726106,21.216516521153753,2061100.0
GVR,2022-06-20,21.216516521153753,21.683840673602074,20.281868216257113,20.37533304674678,2657900.0
GVR,2022-06-21,20.37533304674678,21.029586860174426,19.48741715709497,20.281868216257113,2340800.0
GVR,2022-06-22,21.029586860174426,21.029586860174426,20.281868216257113,20.37533304674678,1260600.0
GVR,2022-06-23,20.37533304674678,21.216516521153753,20.37533304674678,21.216516521153753,874200.0
GVR,2022-06-24,21.35671376688825,21.77730550409174,21.12305169066409,21.263248936398586,1010400.0
GVR,2022-06-27,21.496911012622746,21.824037919336572,21.263248936398586,21.824037919336572,1050600.0
GVR,2022-06-28,21.77730550409174,22.24462965654006,21.683840673602074,21.964235165071067,874500.0
GVR,2022-06-29,21.8707703345814,21.964235165071067,21.029586860174426,21.40344618213308,1658400.0
GVR,2022-06-30,21.496911012622746,21.683840673602074,21.029586860174426,21.07631927541926,1028100.0
GVR,2022-07-01,21.029586860174426,21.12305169066409,20.328600631501946,21.12305169066409,1294600.0
GVR,2022-07-04,21.40344618213308,21.496911012622746,20.65572753821577,20.93612202968476,692600.0
GVR,2022-07-05,21.216516521153753,21.216516521153753,20.18840338576745,20.18840338576745,1176800.0
GVR,2022-07-06,20.00147372478812,20.42206546199161,19.48741715709497,19.48741715709497,1519200.0
GVR,2022-07-07,19.207022665625978,19.814544063808793,19.160290250381145,19.393952326605305,942200.0
GVR,2022-07-08,20.00147372478812,20.18840338576745,19.627614402829465,19.814544063808793,931000.0
GVR,2022-07-11,19.95474130954329,20.094938555277785,19.48741715709497,19.580881987584632,876600.0
GVR,2022-07-12,19.580881987584632,20.93612202968476,19.580881987584632,20.93612202968476,2467200.0
GVR,2022-07-13,21.30998135164342,21.824037919336572,21.07631927541926,21.07631927541926,2141700.0
GVR,2022-07-14,20.93612202968476,21.8707703345814,20.93612202968476,21.683840673602074,1620000.0
GVR,2022-07-15,21.730573088846906,22.151164826050394,21.59037584311241,21.63710825835724,1779400.0
GVR,2022-07-18,21.8707703345814,22.291362071784892,21.59037584311241,21.683840673602074,1504400.0
GVR,2022-07-19,21.683840673602074,21.917502749826234,21.16978410590892,21.683840673602074,1292800.0
GVR,2022-07-20,22.057699995560732,22.571756563253885,21.77730550409174,22.24462965654006,2476900.0
GVR,2022-07-21,22.33809448702972,22.525024148009052,22.057699995560732,22.151164826050394,1542500.0
GVR,2022-07-22,22.151164826050394,22.618488978498718,21.964235165071067,21.964235165071067,1651200.0
GVR,2022-07-25,21.964235165071067,21.964235165071067,21.30998135164342,21.30998135164342,1193500.0
GVR,2022-07-26,21.35671376688825,21.63710825835724,21.12305169066409,21.263248936398586,1038100.0
GVR,2022-07-27,21.029586860174426,21.683840673602074,20.93612202968476,21.59037584311241,1715000.0
GVR,2022-07-28,21.964235165071067,22.525024148009052,21.730573088846906,22.384826902274554,2558100.0
GVR,2022-07-29,22.571756563253885,22.618488978498718,22.197897241295227,22.33809448702972,1899000.0
GVR,2022-08-01,22.431559317519387,23.085813130947038,22.24462965654006,23.085813130947038,2618000.0
GVR,2022-08-02,22.89888346996771,23.459672452905696,22.89888346996771,23.179277961436703,2205700.0
GVR,2022-08-03,23.13254554619187,23.226010376681536,22.852151054722878,23.085813130947038,1638900.0
GVR,2022-08-04,23.319475207171198,23.693334529129856,22.89888346996771,22.992348300457376,1954400.0
GVR,2022-08-05,22.992348300457376,23.13254554619187,22.711953808988383,23.13254554619187,1844600.0
GVR,2022-08-08,23.179277961436703,23.646602113885024,23.179277961436703,23.459672452905696,1954300.0
GVR,2022-08-09,23.412940037660864,23.646602113885024,23.319475207171198,23.59986969864019,1576700.0
GVR,2022-08-10,23.506404868150526,23.59986969864019,23.36620762241603,23.412940037660864,1453200.0
GVR,2022-08-11,23.59986969864019,23.740066944374686,22.711953808988383,23.085813130947038,2421500.0
GVR,2022-08-12,22.89888346996771,23.319475207171198,22.89888346996771,23.226010376681536,995200.0
GVR,2022-08-15,23.59986969864019,23.646602113885024,23.226010376681536,23.226010376681536,1074300.0
GVR,2022-08-16,22.992348300457376,23.272742791926365,22.992348300457376,23.179277961436703,1238960.0
GVR,2022-08-17,23.272742791926365,23.36620762241603,22.89888346996771,22.945615885212543,1710800.0
GVR,2022-08-18,22.711953808988383,23.085813130947038,22.571756563253885,22.758686224233216,1408000.0
GVR,2022-08-19,22.711953808988383,22.852151054722878,22.384826902274554,22.618488978498718,1157600.0
GVR,2022-08-22,22.431559317519387,22.525024148009052,21.824037919336572,22.10443241080556,1947200.0
GVR,2022-08-23,21.824037919336572,22.431559317519387,21.824037919336572,22.384826902274554,1179400.0
GVR,2022-08-24,22.525024148009052,22.66522139374355,22.291362071784892,22.571756563253885,1156200.0
GVR,2022-08-25,22.618488978498718,23.78679935961952,22.618488978498718,23.78679935961952,5087500.0
GVR,2022-08-26,23.83353177486435,23.83353177486435,23.272742791926365,23.740066944374686,1739300.0
GVR,2022-08-29,23.179277961436703,23.319475207171198,22.431559317519387,23.319475207171198,2556000.0
GVR,2022-08-30,23.36620762241603,24.908377325495486,23.36620762241603,24.908377325495486,7996000.0
GVR,2022-08-31,24.908377325495486,25.048574571229985,24.441053173047166,24.627982834026497,1892400.0
GVR,2022-09-05,24.53451800353683,25.562631138923138,24.487785588292,24.487785588292,2623300.0
GVR,2022-09-06,24.674715249271326,24.95510974074032,24.06719385108851,24.207391096823006,2683600.0
GVR,2022-09-07,24.30085592731267,25.142039401719646,24.113926266333344,24.113926266333344,5221400.0
GVR,2022-09-08,24.160658681578177,24.394320757802337,23.36620762241603,23.36620762241603,2272500.0
GVR,2022-09-09,23.55313728339536,23.693334529129856,21.730573088846906,23.693334529129856,3553600.0
GVR,2022-09-12,23.926996605354017,24.02046143584368,23.226010376681536,23.36620762241603,1444400.0
GVR,2022-09-13,23.179277961436703,23.459672452905696,22.945615885212543,23.412940037660864,1514500.0
GVR,2022-09-14,22.758686224233216,23.36620762241603,22.758686224233216,23.36620762241603,1835500.0
GVR,2022-09-15,23.55313728339536,24.25412351206784,23.179277961436703,23.83353177486435,2666700.0
GVR,2022-09-16,23.740066944374686,23.740066944374686,22.992348300457376,22.992348300457376,1709100.0
GVR,2022-09-19,22.992348300457376,22.992348300457376,21.40344618213308,21.40344618213308,3152800.0
GVR,2022-09-20,21.496911012622746,22.10443241080556,21.263248936398586,21.964235165071067,1307700.0
GVR,2022-09-21,21.77730550409174,22.24462965654006,21.683840673602074,21.730573088846906,846600.0
GVR,2022-09-22,21.59037584311241,22.10443241080556,21.54364342786758,22.057699995560732,1418900.0
GVR,2022-09-23,22.384826902274554,22.384826902274554,21.730573088846906,21.824037919336572,1000300.0
GVR,2022-09-26,21.16978410590892,21.63710825835724,20.46879787723644,21.496911012622746,2024000.0
GVR,2022-09-27,21.450178597377914,21.59037584311241,21.12305169066409,21.263248936398586,878700.0
GVR,2022-09-28,20.8426571991951,21.30998135164342,20.46879787723644,20.749192368705433,1053100.0
GVR,2022-09-29,20.982854444929593,21.12305169066409,19.5341495723398,19.5341495723398,1117200.0
GVR,2022-09-30,18.973360589401818,19.580881987584632,18.225641945484504,19.5341495723398,1585200.0
GVR,2022-10-03,19.580881987584632,19.580881987584632,18.17890953023967,18.17890953023967,1141300.0
GVR,2022-10-04,18.31910677597417,18.59950126744316,17.0573315643637,17.0573315643637,1664400.0
GVR,2022-10-05,17.571388132056853,17.94524745401551,17.384458471077526,17.85178262352585,1036100.0
GVR,2022-10-06,17.89851503877068,17.89851503877068,16.636739827160213,16.636739827160213,1505600.0
GVR,2022-10-07,16.543274996670547,16.543274996670547,15.515161861284245,15.515161861284245,2272400.0
GVR,2022-10-10,15.515161861284245,16.075950844222227,15.001105293591092,15.795556352753234,1889000.0
GVR,2022-10-11,15.468429446039412,15.795556352753234,14.720710802122099,14.720710802122099,1989600.0
GVR,2022-10-12,14.058566705060931,15.73791767665524,14.058566705060931,15.306084569673846,1459700.0
GVR,2022-10-13,15.354066026005114,15.64195476399271,15.258103113342582,15.354066026005114,799200.0
GVR,2022-10-14,15.929843501980306,16.025806414642837,15.593973307661443,15.785899132986506,1897700.0
GVR,2022-10-17,15.73791767665524,15.929843501980306,15.354066026005114,15.929843501980306,1247200.0
GVR,2022-10-18,16.45763952162423,16.45763952162423,16.0737878709741,16.12176932730537,1253400.0
GVR,2022-10-19,16.265713696299166,16.265713696299166,15.833880589317772,15.88186204564904,1134100.0
GVR,2022-10-20,15.833880589317772,16.025806414642837,15.498010394998909,15.545991851330177,1037800.0
GVR,2022-10-21,15.64195476399271,15.64195476399271,14.490399812042325,14.490399812042325,2124300.0
GVR,2022-10-24,14.394436899379794,14.586362724704857,13.482789229085741,13.482789229085741,1694700.0
GVR,2022-10-25,13.24288194742941,13.914622336067135,12.571141558791686,12.76306738411675,2838300.0
GVR,2022-10-26,12.811048840448017,13.434807772754475,12.76306738411675,12.954993209441815,1293100.0
GVR,2022-10-27,13.098937578435612,13.818659423404602,13.050956122104346,13.818659423404602,1512300.0
GVR,2022-10-28,14.058566705060931,14.490399812042325,13.770677967073336,13.914622336067135,1431500.0
GVR,2022-10-31,14.010585248729665,14.106548161392197,13.338844860091942,13.818659423404602,1102500.0
GVR,2022-11-01,14.106548161392197,14.298473986717262,13.818659423404602,13.914622336067135,1259100.0
GVR,2022-11-02,14.010585248729665,14.106548161392197,13.626733598079538,13.626733598079538,1167900.0
GVR,2022-11-03,13.24288194742941,13.914622336067135,13.24288194742941,13.674715054410804,1203000.0
GVR,2022-11-04,13.434807772754475,13.72269651074207,12.811048840448017,12.811048840448017,1633200.0
GVR,2022-11-07,12.811048840448017,13.098937578435612,11.947382626485227,11.947382626485227,1556600.0
GVR,2022-11-08,11.707475344828898,12.523160102460421,11.707475344828898,12.523160102460421,1204200.0
GVR,2022-11-09,12.76306738411675,13.002974665773081,12.379215733466623,12.76306738411675,963600.0
GVR,2022-11-10,12.475178646129155,12.715085927785484,11.899401170153963,11.899401170153963,1906000.0
GVR,2022-11-11,12.139308451810294,12.235271364472824,11.083716412522442,11.083716412522442,1724700.0
GVR,2022-11-14,10.651883305541046,11.179679325184974,10.316013111222185,10.316013111222185,1914200.0
GVR,2022-11-15,10.076105829565856,10.411976023884717,9.596291266253196,9.596291266253196,2906500.0
GVR,2022-11-16,9.164458159271803,10.268031654890919,8.924550877615472,10.268031654890919,2331500.0
GVR,2022-11-17,10.507938936547248,10.939772043528643,10.459957480215984,10.939772043528643,1830900.0
GVR,2022-11-18,11.035734956191176,11.659493888497634,10.747846218203579,11.659493888497634,3215600.0
GVR,2022-11-21,11.947382626485227,12.475178646129155,11.899401170153963,12.475178646129155,2822100.0
GVR,2022-11-22,12.811048840448017,13.146919034766878,11.755456801160165,12.091326995479026,3396800.0
GVR,2022-11-23,12.187289908141558,12.427197189797887,11.947382626485227,12.043345539147762,1361100.0
GVR,2022-11-24,12.043345539147762,12.571141558791686,11.851419713822697,12.475178646129155,2150000.0
GVR,2022-11-25,12.954993209441815,13.194900491098144,12.667104471454218,12.954993209441815,2096300.0
GVR,2022-11-28,13.434807772754475,13.626733598079538,13.194900491098144,13.530770685417005,3057200.0
GVR,2022-11-29,13.770677967073336,13.770677967073336,12.954993209441815,13.578752141748271,3884700.0
GVR,2022-11-30,13.626733598079538,14.010585248729665,13.24288194742941,13.626733598079538,3120500.0
GVR,2022-12-01,13.914622336067135,14.538381268373591,13.72269651074207,14.20251107405473,4151500.0
GVR,2022-12-02,14.394436899379794,14.874251462692454,13.914622336067135,14.874251462692454,2296800.0
GVR,2022-12-05,15.306084569673846,15.40204748233638,14.778288550029922,14.970214375354985,2983300.0
GVR,2022-12-06,14.874251462692454,14.874251462692454,13.9626037923984,13.9626037923984,3836500.0
GVR,2022-12-07,13.818659423404602,14.20251107405473,13.434807772754475,13.434807772754475,1976000.0
GVR,2022-12-08,13.674715054410804,14.346455443048526,13.674715054410804,14.106548161392197,1562700.0
GVR,2022-12-09,14.154529617723464,14.634344181036123,13.866640879735867,14.44241835571106,1872400.0
GVR,2022-12-12,14.634344181036123,15.114158744348783,14.20251107405473,14.20251107405473,2607000.0
GVR,2022-12-13,14.20251107405473,14.44241835571106,13.72269651074207,14.394436899379794,2309500.0
GVR,2022-12-14,14.586362724704857,15.16214020068005,14.298473986717262,14.874251462692454,3445400.0
GVR,2022-12-15,14.778288550029922,15.354066026005114,14.68232563736739,14.970214375354985,2767900.0
GVR,2022-12-16,14.68232563736739,15.689936220323977,14.68232563736739,15.16214020068005,3947600.0
GVR,2022-12-19,15.16214020068005,15.498010394998909,14.68232563736739,14.68232563736739,2375300.0
GVR,2022-12-20,14.586362724704857,14.778288550029922,13.674715054410804,13.72269651074207,3357800.0
GVR,2022-12-21,13.72269651074207,14.20251107405473,12.954993209441815,13.626733598079538,2086700.0
GVR,2022-12-22,13.9626037923984,14.010585248729665,13.530770685417005,13.914622336067135,885000.0
GVR,2022-12-23,13.866640879735867,14.154529617723464,13.578752141748271,13.770677967073336,1189600.0
GVR,2022-12-26,13.674715054410804,13.818659423404602,12.811048840448017,12.811048840448017,1934200.0
GVR,2022-12-27,12.811048840448017,13.674715054410804,12.811048840448017,13.674715054410804,1260800.0
GVR,2022-12-28,13.818659423404602,13.866640879735867,13.482789229085741,13.626733598079538,656600.0
GVR,2022-12-29,13.626733598079538,13.674715054410804,13.24288194742941,13.24288194742941,664900.0
GVR,2022-12-30,13.338844860091942,13.530770685417005,13.194900491098144,13.24288194742941,576400.0
GVR,2023-01-03,13.24288194742941,14.010585248729665,13.24288194742941,14.010585248729665,2167100.0
GVR,2023-01-04,14.106548161392197,14.394436899379794,13.866640879735867,14.250492530385996,1944700.0
GVR,2023-01-05,14.298473986717262,14.586362724704857,14.20251107405473,14.298473986717262,3014500.0
GVR,2023-01-06,14.44241835571106,14.490399812042325,13.530770685417005,13.818659423404602,2608700.0
GVR,2023-01-09,14.058566705060931,14.106548161392197,13.578752141748271,13.818659423404602,1739400.0
GVR,2023-01-10,13.626733598079538,13.866640879735867,13.434807772754475,13.818659423404602,1555100.0
GVR,2023-01-11,13.818659423404602,14.106548161392197,13.818659423404602,13.914622336067135,1965700.0
GVR,2023-01-12,14.058566705060931,14.298473986717262,13.914622336067135,14.20251107405473,2004300.0
GVR,2023-01-13,14.346455443048526,14.490399812042325,13.9626037923984,13.9626037923984,2035700.0
GVR,2023-01-16,14.010585248729665,14.586362724704857,13.866640879735867,14.586362724704857,3508200.0
GVR,2023-01-17,14.68232563736739,15.114158744348783,14.68232563736739,15.114158744348783,3919900.0
GVR,2023-01-18,15.210121657011316,15.40204748233638,14.92223291902372,15.354066026005114,2818100.0
GVR,2023-01-19,15.40204748233638,15.64195476399271,15.258103113342582,15.64195476399271,2760600.0
GVR,2023-01-27,16.12176932730537,16.361676608961698,15.785899132986506,16.169750783636637,2716700.0
GVR,2023-01-30,16.505620977955495,16.505620977955495,15.833880589317772,15.833880589317772,3337600.0
GVR,2023-01-31,15.354066026005114,16.12176932730537,15.258103113342582,16.025806414642837,3559700.0
GVR,2023-02-01,16.217732239967898,16.217732239967898,14.92223291902372,14.92223291902372,2983500.0
GVR,2023-02-02,15.066177288017517,15.066177288017517,14.394436899379794,14.634344181036123,2191000.0
GVR,2023-02-03,14.634344181036123,14.874251462692454,14.44241835571106,14.778288550029922,1556300.0
GVR,2023-02-06,14.730307093698656,14.970214375354985,14.586362724704857,14.970214375354985,1201800.0
GVR,2023-02-07,15.114158744348783,15.114158744348783,14.20251107405473,14.20251107405473,2466000.0
GVR,2023-02-08,14.394436899379794,14.68232563736739,13.9626037923984,14.154529617723464,1594700.0
GVR,2023-02-09,14.20251107405473,14.586362724704857,14.20251107405473,14.346455443048526,1330900.0
GVR,2023-02-10,14.394436899379794,14.394436899379794,14.010585248729665,14.058566705060931,1425300.0
GVR,2023-02-13,13.9626037923984,14.058566705060931,13.24288194742941,13.434807772754475,2727000.0
GVR,2023-02-14,13.626733598079538,13.72269651074207,13.386826316423207,13.578752141748271,1157100.0
GVR,2023-02-15,13.626733598079538,14.058566705060931,13.482789229085741,13.914622336067135,1371600.0
GVR,2023-02-16,14.154529617723464,14.20251107405473,13.914622336067135,14.154529617723464,1167900.0
GVR,2023-02-17,14.154529617723464,14.394436899379794,14.010585248729665,14.106548161392197,1149100.0
GVR,2023-02-20,14.250492530385996,14.826270006361186,14.154529617723464,14.826270006361186,2360700.0
GVR,2023-02-21,14.874251462692454,15.114158744348783,14.730307093698656,14.730307093698656,1979400.0
GVR,2023-02-22,14.586362724704857,14.634344181036123,13.9626037923984,13.9626037923984,2357700.0
GVR,2023-02-23,13.9626037923984,14.20251107405473,13.626733598079538,14.20251107405473,2486700.0
GVR,2023-02-24,14.20251107405473,14.20251107405473,13.72269651074207,13.72269651074207,956300.0
GVR,2023-02-27,13.674715054410804,13.72269651074207,13.386826316423207,13.386826316423207,1275700.0
GVR,2023-02-28,13.530770685417005,13.72269651074207,13.290863403760676,13.386826316423207,898900.0
GVR,2023-03-01,13.434807772754475,13.818659423404602,13.338844860091942,13.818659423404602,980800.0
GVR,2023-03-02,13.866640879735867,14.058566705060931,13.674715054410804,13.674715054410804,969300.0
GVR,2023-03-03,13.818659423404602,13.9626037923984,13.530770685417005,13.530770685417005,1054400.0
GVR,2023-03-06,13.914622336067135,14.058566705060931,13.626733598079538,13.626733598079538,931100.0
GVR,2023-03-07,13.674715054410804,13.866640879735867,13.674715054410804,13.818659423404602,560400.0
GVR,2023-03-08,13.674715054410804,13.914622336067135,13.578752141748271,13.914622336067135,1543100.0
GVR,2023-03-09,13.9626037923984,14.68232563736739,13.9626037923984,14.538381268373591,3766000.0
GVR,2023-03-10,14.394436899379794,14.68232563736739,14.298473986717262,14.394436899379794,2676300.0
GVR,2023-03-13,14.20251107405473,14.44241835571106,14.154529617723464,14.346455443048526,2603900.0
GVR,2023-03-14,14.346455443048526,14.394436899379794,13.72269651074207,13.72269651074207,2160500.0
GVR,2023-03-15,14.106548161392197,14.586362724704857,13.9626037923984,14.586362724704857,2069100.0
GVR,2023-03-16,14.394436899379794,14.490399812042325,14.058566705060931,14.250492530385996,1713400.0
GVR,2023-03-17,14.394436899379794,14.490399812042325,14.20251107405473,14.298473986717262,1285900.0
GVR,2023-03-20,14.20251107405473,14.298473986717262,13.674715054410804,13.770677967073336,1912100.0
GVR,2023-03-21,13.818659423404602,13.9626037923984,13.530770685417005,13.866640879735867,1119900.0
GVR,2023-03-22,13.9626037923984,14.058566705060931,13.866640879735867,13.914622336067135,1128400.0
GVR,2023-03-23,13.72269651074207,13.9626037923984,13.72269651074207,13.914622336067135,835200.0
GVR,2023-03-24,14.058566705060931,14.44241835571106,14.010585248729665,14.20251107405473,2474700.0
GVR,2023-03-27,14.298473986717262,14.394436899379794,14.20251107405473,14.298473986717262,1528600.0
GVR,2023-03-28,14.44241835571106,14.538381268373591,14.20251107405473,14.20251107405473,2684300.0
GVR,2023-03-29,14.20251107405473,14.250492530385996,14.010585248729665,14.154529617723464,1237400.0
GVR,2023-03-30,14.394436899379794,14.394436899379794,14.106548161392197,14.106548161392197,1526800.0
GVR,2023-03-31,14.106548161392197,14.874251462692454,14.058566705060931,14.874251462692454,5444100.0
GVR,2023-04-03,15.114158744348783,15.306084569673846,14.970214375354985,15.306084569673846,3791500.0
GVR,2023-04-04,15.258103113342582,15.306084569673846,15.066177288017517,15.306084569673846,2975400.0
GVR,2023-04-05,15.258103113342582,15.689936220323977,15.16214020068005,15.545991851330177,3493000.0
GVR,2023-04-06,15.64195476399271,15.73791767665524,14.970214375354985,14.970214375354985,4941500.0
GVR,2023-04-07,15.066177288017517,15.258103113342582,14.874251462692454,15.258103113342582,2323600.0
GVR,2023-04-10,15.450028938667646,15.64195476399271,15.258103113342582,15.258103113342582,3130300.0
GVR,2023-04-11,15.258103113342582,15.593973307661443,15.066177288017517,15.593973307661443,2590500.0
GVR,2023-04-12,15.88186204564904,16.12176932730537,15.64195476399271,15.689936220323977,4955300.0
GVR,2023-04-13,15.73791767665524,15.785899132986506,15.306084569673846,15.306084569673846,2229200.0
GVR,2023-04-14,15.354066026005114,15.40204748233638,14.68232563736739,14.68232563736739,4567700.0
GVR,2023-04-17,14.68232563736739,14.874251462692454,14.586362724704857,14.778288550029922,1375900.0
GVR,2023-04-18,14.874251462692454,14.970214375354985,14.68232563736739,14.874251462692454,1661200.0
GVR,2023-04-19,14.970214375354985,15.018195831686251,14.394436899379794,14.44241835571106,1690300.0
GVR,2023-04-20,14.250492530385996,14.68232563736739,14.250492530385996,14.538381268373591,1198600.0
GVR,2023-04-21,14.490399812042325,14.730307093698656,14.490399812042325,14.490399812042325,1201700.0
GVR,2023-04-24,14.538381268373591,14.68232563736739,14.346455443048526,14.68232563736739,758100.0
GVR,2023-04-25,14.730307093698656,14.874251462692454,14.44241835571106,14.490399812042325,1300200.0
GVR,2023-04-26,14.490399812042325,14.730307093698656,14.394436899379794,14.730307093698656,1124700.0
GVR,2023-04-27,14.826270006361186,15.16214020068005,14.730307093698656,14.826270006361186,2552300.0
GVR,2023-04-28,14.92223291902372,15.066177288017517,14.874251462692454,14.92223291902372,1442200.0
GVR,2023-05-04,14.778288550029922,15.16214020068005,14.778288550029922,15.066177288017517,2126601.0
GVR,2023-05-05,15.066177288017517,15.114158744348783,14.826270006361186,14.874251462692454,1470500.0
GVR,2023-05-08,14.92223291902372,15.593973307661443,14.92223291902372,15.545991851330177,4532500.0
GVR,2023-05-09,15.64195476399271,15.833880589317772,15.498010394998909,15.498010394998909,3003201.0
GVR,2023-05-10,15.593973307661443,16.169750783636637,15.593973307661443,16.169750783636637,7679900.0
GVR,2023-05-11,16.217732239967898,16.265713696299166,15.977824958311569,16.025806414642837,3535600.0
GVR,2023-05-12,15.977824958311569,16.60158389061803,15.88186204564904,16.12176932730537,4278000.0
GVR,2023-05-15,16.313695152630434,16.313695152630434,15.498010394998909,15.498010394998909,4435500.0
GVR,2023-05-16,15.545991851330177,15.64195476399271,15.114158744348783,15.354066026005114,4175000.0
GVR,2023-05-17,15.498010394998909,15.545991851330177,15.210121657011316,15.210121657011316,2517100.0
GVR,2023-05-18,15.258103113342582,15.450028938667646,15.16214020068005,15.210121657011316,2303300.0
GVR,2023-05-19,15.258103113342582,15.593973307661443,15.210121657011316,15.593973307661443,2491400.0
GVR,2023-05-22,15.64195476399271,15.977824958311569,15.593973307661443,15.833880589317772,2542100.0
GVR,2023-05-23,15.88186204564904,15.929843501980306,15.593973307661443,15.73791767665524,2720700.0
GVR,2023-05-24,15.833880589317772,15.833880589317772,15.450028938667646,15.450028938667646,2388500.0
GVR,2023-05-25,15.40204748233638,16.169750783636637,15.40204748233638,16.0737878709741,5277500.0
GVR,2023-05-26,16.313695152630434,16.69754680328056,16.169750783636637,16.505620977955495,5412200.0
GVR,2023-05-29,16.505620977955495,17.465250104580814,16.361676608961698,17.465250104580814,6081800.0
GVR,2023-05-30,17.56121301724335,17.75313884256841,17.129379910261957,17.65717592990588,4575000.0
GVR,2023-05-31,17.705157386237147,17.705157386237147,17.273324279255753,17.465250104580814,3137200.0
GVR,2023-06-01,17.609194473574615,18.136990493218537,17.369287191918286,18.04102758055601,4252900.0
GVR,2023-06-02,18.184971949549805,18.232953405881073,17.849101755230944,18.136990493218537,2717600.0
GVR,2023-06-05,18.04102758055601,18.136990493218537,17.465250104580814,17.609194473574615,5242100.0
GVR,2023-06-06,17.465250104580814,18.04102758055601,17.369287191918286,17.99304612422474,2652400.0
GVR,2023-06-07,18.136990493218537,18.136990493218537,17.705157386237147,17.80112029889968,3304900.0
GVR,2023-06-08,17.945064667893476,18.52084214386867,17.273324279255753,17.273324279255753,6911500.0
GVR,2023-06-09,17.321305735587018,17.513231560912082,16.889472628605628,17.321305735587018,3482100.0
GVR,2023-06-12,17.369287191918286,17.465250104580814,16.985435541268156,17.41726864824955,3928700.0
GVR,2023-06-13,17.513231560912082,17.65717592990588,17.321305735587018,17.65717592990588,2887700.0
GVR,2023-06-14,17.75313884256841,17.897083211562208,17.177361366593217,17.177361366593217,3036900.0
GVR,2023-06-15,17.225342822924485,17.465250104580814,17.08139845393069,17.321305735587018,2114000.0
GVR,2023-06-16,17.513231560912082,17.80112029889968,17.08139845393069,17.08139845393069,4286900.0
GVR,2023-06-19,17.129379910261957,17.41726864824955,16.985435541268156,17.177361366593217,1976400.0
GVR,2023-06-20,17.273324279255753,18.04102758055601,17.273324279255753,18.04102758055601,3514200.0
GVR,2023-06-21,18.136990493218537,18.71276796919373,17.897083211562208,18.71276796919373,7490700.0
GVR,2023-06-22,18.856712338187528,18.856712338187528,18.424879231206134,18.568823600199934,2912601.0
GVR,2023-06-23,18.568823600199934,18.71276796919373,18.184971949549805,18.232953405881073,3351700.0
GVR,2023-06-26,18.232953405881073,18.808730881856263,17.75313884256841,18.808730881856263,4848900.0
GVR,2023-06-27,18.904693794518796,19.096619619843857,18.664786512862467,18.808730881856263,3248900.0
GVR,2023-06-28,18.808730881856263,19.000656707181328,18.37689777487487,18.52084214386867,2681300.0
GVR,2023-06-29,18.328916318543605,18.6168050565312,18.184971949549805,18.280934862212337,2831800.0
GVR,2023-06-30,18.37689777487487,18.6168050565312,18.089009036887276,18.6168050565312,4075600.0
GVR,2023-07-03,18.760749425525,19.33652690150019,18.664786512862467,19.33652690150019,5805100.0
GVR,2023-07-04,19.288545445168925,19.48047127049399,19.144601076175125,19.48047127049399,2821900.0
GVR,2023-07-05,19.528452726825254,19.864322921144115,19.288545445168925,19.288545445168925,5028900.0
GVR,2023-07-06,19.288545445168925,19.91230437747538,19.144601076175125,19.864322921144115,4824800.0
GVR,2023-07-07,19.768360008481583,20.44010039711931,19.57643418315652,20.39211894078804,3953400.0
GVR,2023-07-10,20.39211894078804,20.727989135106903,20.200193115462977,20.39211894078804,4114700.0
GVR,2023-07-11,20.536063309781838,20.823952047769435,20.39211894078804,20.63202622244437,3498200.0
GVR,2023-07-12,20.727989135106903,20.727989135106903,20.344137484456773,20.727989135106903,3022300.0
GVR,2023-07-13,20.63202622244437,20.823952047769435,20.536063309781838,20.775970591438167,2504800.0
GVR,2023-07-14,20.823952047769435,20.823952047769435,20.488081853450574,20.727989135106903,2386000.0
GVR,2023-07-17,20.63202622244437,21.39972952374463,20.584044766113106,21.111840785757032,2698401.0
GVR,2023-07-18,21.207803698419564,21.207803698419564,20.823952047769435,20.967896416763235,1472600.0
GVR,2023-07-19,20.919914960431967,21.39972952374463,20.823952047769435,20.823952047769435,3177200.0
GVR,2023-07-20,20.823952047769435,20.919914960431967,20.200193115462977,20.63202622244437,3169607.0
GVR,2023-07-21,20.727989135106903,21.35174806741336,20.488081853450574,21.111840785757032,2070424.0
GVR,2023-07-24,21.303766611082093,21.59165534906969,21.015877873094496,21.303766611082093,1992824.0
GVR,2023-07-25,21.303766611082093,21.39972952374463,20.919914960431967,20.919914960431967,2336121.0
GVR,2023-07-26,20.919914960431967,21.015877873094496,20.63202622244437,20.727989135106903,2299524.0
GVR,2023-07-27,20.680007678775638,20.919914960431967,20.584044766113106,20.823952047769435,2587723.0
GVR,2023-07-28,20.8719335041007,21.25578515475083,20.680007678775638,21.111840785757032,3955831.0
GVR,2023-07-31,21.39972952374463,21.687618261732222,21.111840785757032,21.447710980075893,2665448.0
GVR,2023-08-01,21.495692436407158,21.639636805400958,21.063859329425764,21.111840785757032,3020331.0
GVR,2023-08-02,20.919914960431967,21.111840785757032,20.823952047769435,21.015877873094496,2040241.0
GVR,2023-08-03,21.015877873094496,21.447710980075893,20.823952047769435,20.919914960431967,1908050.0
GVR,2023-08-04,21.015877873094496,21.111840785757032,20.775970591438167,21.015877873094496,2347937.0
GVR,2023-08-07,21.111840785757032,21.879544087057287,21.111840785757032,21.783581174394754,4317333.0
GVR,2023-08-08,21.879544087057287,21.927525543388555,21.447710980075893,21.687618261732222,2682236.0
GVR,2023-08-09,21.59165534906969,21.783581174394754,21.25578515475083,21.25578515475083,2606741.0
GVR,2023-08-10,21.159822242088296,21.35174806741336,20.584044766113106,20.584044766113106,3053539.0
GVR,2023-08-11,20.584044766113106,20.775970591438167,19.67239709581905,20.248174571794245,3906537.0
GVR,2023-08-14,20.536063309781838,20.775970591438167,20.29615602812551,20.680007678775638,2159141.0
GVR,2023-08-15,20.727989135106903,20.967896416763235,20.584044766113106,20.584044766113106,2436648.0
GVR,2023-08-16,20.488081853450574,20.775970591438167,20.488081853450574,20.488081853450574,2035653.0
GVR,2023-08-17,20.63202622244437,20.823952047769435,20.39211894078804,20.44010039711931,2629536.0
GVR,2023-08-18,20.39211894078804,20.44010039711931,19.048638163512596,19.048638163512596,4869011.0
GVR,2023-08-21,18.71276796919373,18.760749425525,18.089009036887276,18.52084214386867,3048843.0
GVR,2023-08-22,18.328916318543605,18.71276796919373,17.465250104580814,18.280934862212337,2986741.0
GVR,2023-08-23,18.71276796919373,18.808730881856263,18.37689777487487,18.424879231206134,1001111.0
GVR,2023-08-24,18.424879231206134,19.048638163512596,18.37689777487487,19.000656707181328,1837308.0
GVR,2023-08-25,19.000656707181328,19.144601076175125,18.808730881856263,18.856712338187528,1642906.0
GVR,2023-08-28,19.000656707181328,19.43248981416272,18.856712338187528,19.384508357831454,2407503.0
GVR,2023-08-29,19.624415639487786,20.008267290137915,19.528452726825254,19.816341464812847,2319703.0
GVR,2023-08-30,19.816341464812847,20.008267290137915,19.384508357831454,19.864322921144115,2164603.0
GVR,2023-08-31,20.008267290137915,20.967896416763235,19.91230437747538,20.967896416763235,5976100.0
GVR,2023-09-05,21.35174806741336,21.447710980075893,20.967896416763235,21.111840785757032,3268503.0
GVR,2023-09-06,21.25578515475083,21.303766611082093,20.775970591438167,21.111840785757032,3422102.0
GVR,2023-09-07,21.303766611082093,21.927525543388555,21.303766611082093,21.495692436407158,5152004.0
GVR,2023-09-08,21.25578515475083,22.263395737707413,21.25578515475083,21.783581174394754,3404009.0
GVR,2023-09-11,22.31137719403868,22.31137719403868,20.8719335041007,20.8719335041007,4406750.0
GVR,2023-09-12,21.015877873094496,21.783581174394754,20.775970591438167,21.783581174394754,2385048.0
GVR,2023-09-13,21.879544087057287,22.263395737707413,21.303766611082093,21.39972952374463,5665700.0
GVR,2023-09-14,21.543673892738425,21.59165534906969,21.063859329425764,21.111840785757032,2618600.0
GVR,2023-09-15,21.39972952374463,22.07146991238235,21.015877873094496,21.687618261732222,3130300.0
GVR,2023-09-18,21.83156263072602,21.879544087057287,20.680007678775638,21.25578515475083,4330900.0
GVR,2023-09-19,21.159822242088296,21.39972952374463,20.823952047769435,21.39972952374463,2540100.0
GVR,2023-09-20,21.543673892738425,22.167432825044884,21.303766611082093,22.167432825044884,6505800.0
GVR,2023-09-21,22.35935865036995,22.743210301020074,22.119451368713616,22.263395737707413,4683800.0
GVR,2023-09-22,21.975506999719816,21.975506999719816,20.967896416763235,20.967896416763235,5376200.0
GVR,2023-09-25,20.919914960431967,21.495692436407158,19.528452726825254,19.528452726825254,4890300.0
GVR,2023-09-26,19.48047127049399,19.960285833806648,18.184971949549805,18.184971949549805,7147500.0
GVR,2023-09-27,18.328916318543605,19.048638163512596,17.80112029889968,19.048638163512596,4359100.0
GVR,2023-09-28,19.048638163512596,19.048638163512596,18.6168050565312,18.808730881856263,2073300.0
GVR,2023-09-29,19.096619619843857,19.33652690150019,18.71276796919373,18.71276796919373,1955800.0
GVR,2023-10-02,18.904693794518796,19.57643418315652,18.71276796919373,19.57643418315652,2740700.0
GVR,2023-10-03,19.192582532506393,19.33652690150019,18.232953405881073,18.232953405881073,3931200.0
GVR,2023-10-04,18.280934862212337,18.95267525085006,18.04102758055601,18.71276796919373,2046900.0
GVR,2023-10-05,18.904693794518796,19.48047127049399,18.856712338187528,19.000656707181328,4016400.0
GVR,2023-10-06,19.000656707181328,19.528452726825254,18.664786512862467,19.384508357831454,2399800.0
GVR,2023-10-09,19.57643418315652,19.816341464812847,19.240563988837657,19.57643418315652,2436000.0
GVR,2023-10-10,19.816341464812847,19.816341464812847,19.240563988837657,19.240563988837657,3350400.0
GVR,2023-10-11,19.288545445168925,19.864322921144115,19.240563988837657,19.864322921144115,2187000.0
GVR,2023-10-12,19.91230437747538,20.29615602812551,19.91230437747538,20.008267290137915,3522600.0
GVR,2023-10-13,19.816341464812847,20.584044766113106,19.768360008481583,20.536063309781838,4293700.0
GVR,2023-10-16,20.584044766113106,21.063859329425764,20.44010039711931,20.584044766113106,3658400.0
GVR,2023-10-17,20.775970591438167,21.015877873094496,19.384508357831454,19.384508357831454,3992400.0
GVR,2023-10-18,19.768360008481583,20.152211659131712,18.71276796919373,19.192582532506393,3600400.0
GVR,2023-10-19,19.048638163512596,19.67239709581905,18.904693794518796,19.192582532506393,3130900.0
GVR,2023-10-20,19.288545445168925,19.864322921144115,18.664786512862467,19.67239709581905,2896100.0
GVR,2023-10-23,19.72037855215032,19.768360008481583,18.760749425525,18.95267525085006,2482600.0
GVR,2023-10-24,19.096619619843857,19.67239709581905,18.904693794518796,19.624415639487786,1732000.0
GVR,2023-10-25,19.72037855215032,20.056248746469176,19.67239709581905,19.67239709581905,2486500.0
GVR,2023-10-26,19.192582532506393,19.48047127049399,18.328916318543605,18.328916318543605,4302900.0
GVR,2023-10-27,18.71276796919373,18.71276796919373,17.56121301724335,18.52084214386867,1471800.0
GVR,2023-10-30,18.52084214386867,18.52084214386867,17.273324279255753,17.273324279255753,2345000.0
GVR,2023-10-31,17.465250104580814,17.465250104580814,16.169750783636637,16.217732239967898,2313300.0
GVR,2023-11-01,16.217732239967898,16.69754680328056,15.785899132986506,16.60158389061803,1479400.0
GVR,2023-11-02,16.84149117227436,17.75313884256841,16.84149117227436,17.75313884256841,2148500.0
GVR,2023-11-03,17.897083211562208,17.945064667893476,17.465250104580814,17.75313884256841,1245300.0
GVR,2023-11-06,17.849101755230944,18.04102758055601,17.513231560912082,17.75313884256841,939200.0
GVR,2023-11-07,17.609194473574615,18.184971949549805,17.41726864824955,17.705157386237147,1632000.0
GVR,2023-11-08,17.75313884256841,18.904693794518796,17.609194473574615,18.904693794518796,2532900.0
GVR,2023-11-09,19.096619619843857,19.384508357831454,18.808730881856263,18.904693794518796,2562000.0
GVR,2023-11-10,18.52084214386867,19.144601076175125,18.52084214386867,18.568823600199934,2241300.0
GVR,2023-11-13,18.71276796919373,18.856712338187528,18.37689777487487,18.664786512862467,1633900.0
GVR,2023-11-14,19.000656707181328,19.000656707181328,18.568823600199934,18.904693794518796,1361200.0
GVR,2023-11-15,19.624415639487786,19.624415639487786,19.048638163512596,19.048638163512596,2589000.0
GVR,2023-11-16,19.244008810422493,19.244008810422493,18.95095283869017,19.244008810422493,936200.0
GVR,2023-11-17,19.34169413433327,19.878963415842527,18.657896866957852,18.999795500645558,3491800.0
GVR,2023-11-20,18.755582190868623,19.634750106065592,18.560211543047075,19.537064782154815,2992800.0
GVR,2023-11-21,19.83012075388714,19.83012075388714,19.390536796288657,19.585907444110205,1338500.0
GVR,2023-11-22,19.634750106065592,19.732435429976363,19.34169413433327,19.683592768020976,3150100.0
GVR,2023-11-23,19.878963415842527,19.878963415842527,18.853267514779397,18.853267514779397,2776300.0
GVR,2023-11-24,18.853267514779397,19.09748082455633,18.31599823327014,19.09748082455633,2200900.0
GVR,2023-11-27,19.146323486511722,19.34169413433327,18.853267514779397,18.853267514779397,1345200.0
GVR,2023-11-28,18.95095283869017,19.146323486511722,18.4625262191363,19.146323486511722,1256000.0
GVR,2023-11-29,19.244008810422493,19.43937945824404,19.09748082455633,19.390536796288657,1369700.0
GVR,2023-11-30,19.34169413433327,19.92780607779791,19.34169413433327,19.537064782154815,3408300.0
GVR,2023-12-01,19.537064782154815,19.732435429976363,19.34169413433327,19.683592768020976,1179800.0
GVR,2023-12-04,19.878963415842527,20.367390035396397,19.83012075388714,20.123176725619462,3141500.0
GVR,2023-12-05,20.172019387574846,20.367390035396397,19.976648739753298,20.123176725619462,2609300.0
GVR,2023-12-06,20.220862049530233,20.31854737344101,20.025491401708685,20.31854737344101,1853800.0
GVR,2023-12-07,20.31854737344101,20.31854737344101,19.488222120199428,19.732435429976363,3409800.0
GVR,2023-12-08,19.732435429976363,19.92780607779791,19.537064782154815,19.585907444110205,1284200.0
GVR,2023-12-11,19.683592768020976,19.878963415842527,19.537064782154815,19.878963415842527,1128600.0
GVR,2023-12-12,19.976648739753298,20.220862049530233,19.878963415842527,19.878963415842527,1283200.0
GVR,2023-12-13,19.878963415842527,20.074334063664075,19.488222120199428,19.488222120199428,1917800.0
GVR,2023-12-14,19.683592768020976,19.732435429976363,19.34169413433327,19.390536796288657,1055000.0
GVR,2023-12-15,19.390536796288657,19.634750106065592,19.195166148467106,19.43937945824404,961600.0
GVR,2023-12-18,19.43937945824404,19.43937945824404,18.999795500645558,18.999795500645558,1003400.0
GVR,2023-12-19,18.999795500645558,19.146323486511722,18.755582190868623,19.146323486511722,1487200.0
GVR,2023-12-20,19.195166148467106,19.390536796288657,19.048638162600945,19.29285147237788,829200.0
GVR,2023-12-21,19.244008810422493,19.488222120199428,19.195166148467106,19.43937945824404,958000.0
GVR,2023-12-22,19.585907444110205,19.78127809193175,19.43937945824404,19.78127809193175,1995500.0
GVR,2023-12-25,19.83012075388714,19.92780607779791,19.585907444110205,19.732435429976363,1477400.0
GVR,2023-12-26,19.78127809193175,20.025491401708685,19.732435429976363,19.83012075388714,1790200.0
GVR,2023-12-27,19.83012075388714,20.025491401708685,19.732435429976363,19.78127809193175,1275100.0
GVR,2023-12-28,19.878963415842527,20.025491401708685,19.683592768020976,19.83012075388714,1862100.0
GVR,2023-12-29,19.976648739753298,20.80697399299488,19.976648739753298,20.709288669084103,7516200.0
GVR,2024-01-02,20.95350197886104,20.95350197886104,20.41623269735178,20.465075359307168,2681000.0
GVR,2024-01-03,20.41623269735178,21.39308593645952,20.31854737344101,21.100029964727202,4320100.0
GVR,2024-01-04,21.00234464081643,21.246557950593363,20.90465931690565,20.90465931690565,2912300.0
GVR,2024-01-05,21.00234464081643,21.44192859841491,20.95350197886104,21.29540061254875,2868500.0
GVR,2024-01-08,21.4907712603703,21.4907712603703,21.00234464081643,21.00234464081643,1878400.0
GVR,2024-01-09,21.148872626682586,21.148872626682586,20.51391802126256,20.90465931690565,3126900.0
GVR,2024-01-10,20.855816654950267,21.100029964727202,20.611603345173332,21.100029964727202,1652900.0
GVR,2024-01-11,21.100029964727202,21.148872626682586,20.660446007128716,20.709288669084103,1699700.0
GVR,2024-01-12,20.51391802126256,20.709288669084103,19.83012075388714,19.92780607779791,3546100.0
GVR,2024-01-15,20.074334063664075,20.41623269735178,19.92780607779791,20.074334063664075,2017500.0
GVR,2024-01-16,20.025491401708685,20.465075359307168,20.025491401708685,20.465075359307168,1319800.0
GVR,2024-01-17,20.465075359307168,20.95350197886104,20.41623269735178,20.709288669084103,2063200.0
GVR,2024-01-18,20.709288669084103,20.90465931690565,20.465075359307168,20.611603345173332,1784700.0
GVR,2024-01-19,20.611603345173332,21.148872626682586,20.611603345173332,20.80697399299488,2034500.0
GVR,2024-01-22,20.95350197886104,20.95350197886104,20.367390035396397,20.562760683217945,2143000.0
GVR,2024-01-23,20.465075359307168,20.562760683217945,20.31854737344101,20.41623269735178,1485300.0
GVR,2024-01-24,20.367390035396397,20.80697399299488,20.367390035396397,20.41623269735178,1074100.0
GVR,2024-01-25,20.41623269735178,20.51391802126256,20.31854737344101,20.41623269735178,664000.0
GVR,2024-01-26,20.51391802126256,20.95350197886104,20.465075359307168,20.95350197886104,2436000.0
GVR,2024-01-29,21.100029964727202,22.174568527745716,21.100029964727202,21.97919787992417,6728900.0
GVR,2024-01-30,21.97919787992417,22.76068047121036,21.734984570147233,22.41878183752265,3698000.0
GVR,2024-01-31,22.565309823388812,22.565309823388812,21.4907712603703,21.881512556013394,4073900.0
GVR,2024-02-01,21.93035521796878,23.39563507663039,21.93035521796878,23.39563507663039,5949400.0
GVR,2024-02-02,23.93290435813965,24.323645653782744,23.688691048362713,24.030589682050426,5668700.0
GVR,2024-02-05,24.225960329871974,24.76322961138123,23.737533710318104,24.47017363964891,5140900.0
GVR,2024-02-06,24.47017363964891,24.95860025920278,24.225960329871974,24.616701625515066,2693000.0
GVR,2024-02-07,24.616701625515066,24.812072273336614,24.37248831573813,24.76322961138123,2757100.0
GVR,2024-02-15,24.812072273336614,24.95860025920278,24.177117667916583,24.37248831573813,4639300.0
GVR,2024-02-16,24.323645653782744,26.03313882222129,24.27480299182736,26.03313882222129,7573400.0
GVR,2024-02-19,26.326194793953615,27.54726134283829,26.179666808087454,26.179666808087454,5352800.0
GVR,2024-02-20,26.277352131998228,27.54726134283829,25.74008285048897,27.54726134283829,5439800.0
GVR,2024-02-21,27.596104004793677,27.840317314570612,27.05883472328442,27.498418680882903,3976300.0
GVR,2024-02-22,27.44957601892752,27.644946666749064,27.107677385239807,27.303048033061355,2740800.0
GVR,2024-02-23,27.44957601892752,27.644946666749064,26.179666808087454,26.91230673741826,5825900.0
GVR,2024-02-26,26.863464075462872,28.42642925803526,26.668093427641324,28.133373286302938,7028600.0
GVR,2024-02-27,28.231058610213708,28.719485229767578,27.986845300436773,28.231058610213708,3318500.0
GVR,2024-02-28,28.231058610213708,29.207911849321448,27.791474652615225,28.231058610213708,5552600.0
GVR,2024-02-29,28.231058610213708,28.231058610213708,27.498418680882903,27.93800263848139,4998300.0
GVR,2024-03-01,27.93800263848139,28.572957243901417,27.351890695016742,28.475271919990643,4188200.0
GVR,2024-03-04,28.963698539544513,30.03823710256303,28.768327891722965,29.110226525410678,6026300.0
GVR,2024-03-05,28.817170553678352,29.256754511276835,28.670642567812195,29.0125412014999,2287200.0
GVR,2024-03-06,28.866013215633743,28.963698539544513,28.133373286302938,28.231058610213708,3513200.0
GVR,2024-03-07,28.182215948258325,28.52411458194603,27.986845300436773,28.42642925803526,3414800.0
GVR,2024-03-08,28.91485587758913,29.110226525410678,27.840317314570612,28.328743934124482,5529700.0
GVR,2024-03-11,28.328743934124482,29.647495806919935,28.328743934124482,28.866013215633743,5766000.0
GVR,2024-03-12,28.866013215633743,30.86856235580461,28.817170553678352,30.86856235580461,9490400.0
GVR,2024-03-13,31.454674299269257,32.23615689055545,31.063933003626158,31.552359623180024,3708200.0
GVR,2024-03-14,31.552359623180024,32.38268487642161,31.063933003626158,32.040786242733894,4827500.0
GVR,2024-03-15,32.040786242733894,33.79912207312783,31.6500449470908,33.79912207312783,5677900.0
GVR,2024-03-18,33.79912207312783,34.97134596005712,31.454674299269257,31.79657293295696,13916500.0
GVR,2024-03-19,31.99194358077851,33.115324805752415,31.16161832753693,31.79657293295696,5437600.0
GVR,2024-03-20,31.894258256867737,32.23615689055545,31.454674299269257,32.040786242733894,4024600.0
GVR,2024-03-21,32.529212862287764,32.62689818619854,31.845415594912353,32.48037020033238,4064500.0
GVR,2024-03-22,32.62689818619854,32.91995415793087,31.99194358077851,32.48037020033238,5647400.0
GVR,2024-03-25,32.040786242733894,32.431527538377,30.86856235580461,31.16161832753693,6119700.0
GVR,2024-03-26,31.16161832753693,33.26185279161857,31.112775665581545,33.115324805752415,5040000.0
GVR,2024-03-27,33.115324805752415,33.115324805752415,32.23615689055545,32.62689818619854,2580100.0
GVR,2024-03-28,32.7734261720647,32.82226883402009,32.23615689055545,32.28499955251083,3194600.0
GVR,2024-03-29,32.23615689055545,32.91995415793087,32.13847156664467,32.38268487642161,3228200.0
GVR,2024-04-01,32.38268487642161,32.578055524243155,31.894258256867737,32.187314228600066,3763000.0
GVR,2024-04-02,32.040786242733894,34.43407667854786,31.99194358077851,34.43407667854786,10181700.0
GVR,2024-04-03,34.23870603072631,34.38523401659248,33.45722343944012,33.45722343944012,3897300.0
GVR,2024-04-04,33.35953811552935,33.603751425306285,32.33384221446622,32.33384221446622,5221500.0
GVR,2024-04-05,32.040786242733894,32.23615689055545,30.770877031893836,30.770877031893836,7351500.0
GVR,2024-04-08,30.86856235580461,31.6500449470908,30.575506384072288,30.966247679715384,3618000.0
GVR,2024-04-09,31.259303651447706,31.601202285135415,30.86856235580461,31.552359623180024,2029700.0
GVR,2024-04-10,31.698887609046192,31.747730271001576,30.86856235580461,30.917405017759997,2554900.0
GVR,2024-04-11,30.477821060161514,31.552359623180024,30.428978398206123,31.16161832753693,2722100.0
GVR,2024-04-12,31.21046098949232,31.50351696122464,30.917405017759997,31.259303651447706,2989100.0
GVR,2024-04-15,31.259303651447706,32.48037020033238,29.110226525410678,29.110226525410678,7398600.0
GVR,2024-04-16,29.305597173232226,29.647495806919935,28.621799905856808,29.647495806919935,5269100.0
GVR,2024-04-17,29.989394440607644,29.989394440607644,27.986845300436773,27.986845300436773,4711100.0
GVR,2024-04-19,26.863464075462872,28.719485229767578,26.863464075462872,27.44957601892752,5880600.0
GVR,2024-04-22,28.231058610213708,28.377586596079873,27.54726134283829,28.03568796239216,2522300.0
GVR,2024-04-23,27.986845300436773,28.231058610213708,26.42388011786439,26.961149399373646,4113200.0
GVR,2024-04-24,27.44957601892752,28.817170553678352,27.20536270915058,28.817170553678352,6235900.0
GVR,2024-04-25,29.0125412014999,29.305597173232226,28.475271919990643,28.719485229767578,3440300.0
GVR,2024-04-26,28.377586596079873,29.745181130830705,28.377586596079873,29.305597173232226,3970200.0
GVR,2024-05-02,29.305597173232226,29.647495806919935,28.572957243901417,29.305597173232226,3824600.0
GVR,2024-05-03,29.598653144964548,29.598653144964548,28.670642567812195,28.719485229767578,4002900.0
GVR,2024-05-06,29.159069187366065,30.5266637221169,28.817170553678352,30.477821060161514,6482900.0
GVR,2024-05-07,30.575506384072288,31.01509034167077,30.087079764518418,30.72203436993845,3851600.0
GVR,2024-05-08,30.282450412339966,31.405831637313867,29.794023792786096,30.966247679715384,5303200.0
GVR,2024-05-09,31.063933003626158,31.943100918823127,30.86856235580461,31.01509034167077,5780200.0
GVR,2024-05-10,31.063933003626158,31.16161832753693,30.477821060161514,30.917405017759997,3561300.0
GVR,2024-05-13,31.063933003626158,31.50351696122464,30.575506384072288,31.259303651447706,3373900.0
GVR,2024-05-14,31.454674299269257,32.089628904689285,31.35698897535848,31.747730271001576,4214600.0
GVR,2024-05-15,32.089628904689285,32.089628904689285,31.552359623180024,31.99194358077851,3872800.0
GVR,2024-05-16,32.23615689055545,32.62689818619854,31.747730271001576,31.79657293295696,4267900.0
GVR,2024-05-17,31.6500449470908,33.35953811552935,31.552359623180024,32.578055524243155,6321300.0
GVR,2024-05-20,32.87111149597548,33.70143674921706,32.72458351010932,32.82226883402009,5485900.0
GVR,2024-05-21,32.82226883402009,32.96879681988625,32.13847156664467,32.578055524243155,4039900.0
GVR,2024-05-22,33.017639481841634,33.164167467707806,31.845415594912353,32.040786242733894,5201400.0
GVR,2024-05-23,31.845415594912353,32.675740848153936,31.6500449470908,32.62689818619854,4457900.0
GVR,2024-05-24,32.23615689055545,34.18986336877093,32.040786242733894,33.45722343944012,12307800.0
GVR,2024-05-27,33.40838077748474,35.117873945923286,32.7734261720647,34.43407667854786,7430800.0
GVR,2024-05-28,34.6782899883248,34.77597531223557,34.141020706815546,34.77597531223557,4463400.0
GVR,2024-05-29,34.72713265028018,36.045884523075635,33.994492720949374,34.092178044860155,6868300.0
GVR,2024-05-30,33.506066101395504,35.4109299176556,33.26185279161857,35.16671660787867,8152400.0
GVR,2024-05-31,35.26440193178944,35.36208725570022,34.33639135463709,34.33639135463709,2634500.0
GVR,2024-06-03,34.87366063614635,34.87366063614635,34.18986336877093,34.18986336877093,4507700.0
GVR,2024-06-04,34.18986336877093,34.92250329810173,34.141020706815546,34.2875486926817,3282900.0
GVR,2024-06-05,34.6782899883248,35.45977257961099,34.2875486926817,34.33639135463709,4617800.0
GVR,2024-06-06,34.38523401659248,34.629447326369416,33.79912207312783,33.994492720949374,3062400.0
GVR,2024-06-07,34.092178044860155,34.38523401659248,33.994492720949374,34.18986336877093,2124000.0
GVR,2024-06-10,34.43407667854786,35.89935653720948,34.43407667854786,35.36208725570022,6186600.0
GVR,2024-06-11,35.45977257961099,35.606300565477156,34.43407667854786,34.77597531223557,4490900.0
GVR,2024-06-12,34.580604664414025,34.97134596005712,34.23870603072631,34.92250329810173,3275500.0
GVR,2024-06-13,35.117873945923286,35.117873945923286,34.482919340503244,34.53176200245864,3580700.0
GVR,2024-06-14,34.580604664414025,34.87366063614635,32.23615689055545,32.23615689055545,5510300.0
GVR,2024-06-17,32.62689818619854,33.115324805752415,32.23615689055545,32.578055524243155,5119400.0
GVR,2024-06-18,33.017639481841634,33.506066101395504,32.72458351010932,33.164167467707806,2555200.0
GVR,2024-06-19,33.164167467707806,33.21301012966319,32.62689818619854,32.82226883402009,3074300.0
GVR,2024-06-20,32.72458351010932,33.21301012966319,32.62689818619854,33.21301012966319,2558700.0
GVR,2024-06-21,33.21301012966319,34.04333538290477,33.21301012966319,33.75027941117244,3665100.0
GVR,2024-06-24,33.26185279161857,33.603751425306285,32.23615689055545,32.23615689055545,4719500.0
GVR,2024-06-25,32.48037020033238,32.91995415793087,32.23615689055545,32.82226883402009,2336500.0
GVR,2024-06-26,33.164167467707806,35.117873945923286,32.82226883402009,35.117873945923286,10259700.0
GVR,2024-06-27,35.117873945923286,35.94819919916486,34.482919340503244,35.16671660787867,6491300.0
GVR,2024-06-28,35.16671660787867,35.21555926983405,32.72458351010932,33.40838077748474,7376400.0
GVR,2024-07-01,33.40838077748474,33.652594087261676,32.82226883402009,33.506066101395504,3267900.0
GVR,2024-07-02,33.652594087261676,33.994492720949374,33.35953811552935,33.79912207312783,2052100.0
GVR,2024-07-03,33.79912207312783,34.2875486926817,33.603751425306285,33.79912207312783,3127200.0
GVR,2024-07-04,33.70143674921706,34.72713265028018,33.35953811552935,34.18986336877093,5654700.0
GVR,2024-07-05,34.18986336877093,34.629447326369416,33.79912207312783,34.2875486926817,3118000.0
GVR,2024-07-08,34.53176200245864,35.65514322743254,34.2875486926817,35.65514322743254,6637100.0
GVR,2024-07-09,36.534311142629505,37.60884970564802,36.29009783285257,37.12042308609415,8135400.0
GVR,2024-07-10,37.26695107196031,37.41347905782647,36.14356984698641,36.14356984698641,5595000.0
GVR,2024-07-11,36.63199646654028,36.9250524382726,35.8016712132987,36.094727185031026,3800800.0
GVR,2024-07-12,36.094727185031026,37.315793733915704,35.85051387525409,37.022737762183375,5392500.0
GVR,2024-07-15,37.022737762183375,38.09727632520189,36.72968179045105,37.60884970564802,4631600.0
GVR,2024-07-16,37.60884970564802,37.85306301542496,36.9250524382726,37.315793733915704,3256100.0
GVR,2024-07-17,37.315793733915704,37.315793733915704,34.72713265028018,34.72713265028018,10716900.0
GVR,2024-07-18,34.72713265028018,35.606300565477156,33.994492720949374,35.21555926983405,3847700.0
GVR,2024-07-19,35.21555926983405,35.21555926983405,33.652594087261676,33.70143674921706,5131800.0
GVR,2024-07-22,33.21301012966319,33.31069545357396,31.845415594912353,31.99194358077851,6232700.0
GVR,2024-07-23,32.23615689055545,32.675740848153936,29.89170911669687,29.89170911669687,3977100.0
GVR,2024-07-24,29.89170911669687,31.943100918823127,29.403282497143,31.943100918823127,5005100.0
GVR,2024-07-25,31.943100918823127,32.28499955251083,31.30814631340309,32.23615689055545,1939700.0
GVR,2024-07-26,32.28499955251083,33.066482143797025,32.13847156664467,32.33384221446622,2930200.0
GVR,2024-07-29,32.72458351010932,32.72458351010932,32.33384221446622,32.72458351010932,2070300.0
GVR,2024-07-30,32.82226883402009,33.017639481841634,31.747730271001576,32.48037020033238,2068800.0
GVR,2024-07-31,32.48037020033238,32.96879681988625,32.089628904689285,32.23615689055545,2859400.0
GVR,2024-08-01,32.431527538377,32.48037020033238,30.23360775038458,30.673191707983058,3784300.0
GVR,2024-08-02,29.989394440607644,31.6500449470908,29.989394440607644,31.601202285135415,2308900.0
GVR,2024-08-05,30.966247679715384,31.552359623180024,29.403282497143,29.403282497143,4195100.0
GVR,2024-08-06,30.575506384072288,31.01509034167077,29.696338468875318,30.624349046027675,3084900.0
GVR,2024-08-07,30.770877031893836,31.894258256867737,30.575506384072288,31.79657293295696,4143000.0
GVR,2024-08-08,31.35698897535848,32.040786242733894,30.917405017759997,31.16161832753693,3006900.0
GVR,2024-08-09,31.845415594912353,32.040786242733894,31.50351696122464,31.747730271001576,2928100.0
GVR,2024-08-12,31.79657293295696,32.675740848153936,31.6500449470908,32.431527538377,2727400.0
GVR,2024-08-13,32.431527538377,32.48037020033238,31.99194358077851,32.33384221446622,2036100.0
GVR,2024-08-14,32.431527538377,33.017639481841634,32.13847156664467,32.62689818619854,2964300.0
GVR,2024-08-15,32.529212862287764,32.529212862287764,31.845415594912353,31.894258256867737,1954700.0
GVR,2024-08-16,32.23615689055545,34.04333538290477,32.187314228600066,33.75027941117244,4710400.0
GVR,2024-08-19,33.79912207312783,34.141020706815546,33.70143674921706,33.94565005899399,2056300.0
GVR,2024-08-20,33.84796473508322,34.77597531223557,33.652594087261676,34.2875486926817,3129900.0
GVR,2024-08-21,34.2875486926817,34.482919340503244,33.79912207312783,34.43407667854786,2076700.0
GVR,2024-08-22,34.77597531223557,34.77597531223557,33.89680739703861,33.994492720949374,2104500.0
GVR,2024-08-23,33.994492720949374,34.629447326369416,33.79912207312783,34.629447326369416,2069000.0
GVR,2024-08-26,35.26440193178944,35.36208725570022,34.23870603072631,34.23870603072631,1970400.0
GVR,2024-08-27,34.18986336877093,34.2875486926817,33.89680739703861,34.141020706815546,1419700.0
GVR,2024-08-28,34.38523401659248,35.26440193178944,34.23870603072631,34.82481797419096,4322400.0
GVR,2024-08-29,34.92250329810173,35.069031283967895,34.482919340503244,34.482919340503244,874100.0
GVR,2024-08-30,34.53176200245864,34.97134596005712,34.43407667854786,34.53176200245864,1249100.0
GVR,2024-09-04,33.994492720949374,34.141020706815546,32.62689818619854,33.89680739703861,3842300.0
GVR,2024-09-05,34.04333538290477,34.092178044860155,33.066482143797025,33.115324805752415,2268600.0
GVR,2024-09-06,32.91995415793087,33.79912207312783,32.87111149597548,33.70143674921706,1687800.0
GVR,2024-09-09,33.652594087261676,33.89680739703861,33.21301012966319,33.70143674921706,1066300.0
GVR,2024-09-10,33.79912207312783,34.04333538290477,33.115324805752415,33.31069545357396,1821700.0
GVR,2024-09-11,33.31069545357396,33.75027941117244,32.82226883402009,33.31069545357396,1827400.0
GVR,2024-09-12,33.603751425306285,34.33639135463709,33.506066101395504,33.75027941117244,2146700.0
GVR,2024-09-13,33.994492720949374,33.994492720949374,33.603751425306285,33.79912207312783,844400.0
GVR,2024-09-16,33.89680739703861,34.38523401659248,33.79912207312783,34.092178044860155,3406400.0
GVR,2024-09-17,34.092178044860155,34.77597531223557,33.94565005899399,34.77597531223557,2885400.0
GVR,2024-09-18,35.02018862201251,35.50861524156638,34.72713265028018,34.72713265028018,3975900.0
GVR,2024-09-19,34.87366063614635,34.97134596005712,34.38523401659248,34.87366063614635,2640000.0
GVR,2024-09-20,35.45977257961099,35.45977257961099,34.6782899883248,34.77597531223557,2374700.0
GVR,2024-09-23,34.77597531223557,34.87366063614635,34.482919340503244,34.72713265028018,1808400.0
GVR,2024-09-24,34.580604664414025,35.45977257961099,34.580604664414025,35.31324459374483,3633500.0
GVR,2024-09-25,35.50861524156638,35.606300565477156,35.117873945923286,35.16671660787867,3793400.0
GVR,2024-09-26,35.65514322743254,36.045884523075635,35.26440193178944,35.557457903521765,3546000.0
GVR,2024-09-27,35.8016712132987,35.8016712132987,35.069031283967895,35.16671660787867,2615100.0
GVR,2024-09-30,35.26440193178944,35.26440193178944,34.77597531223557,34.92250329810173,1844800.0
GVR,2024-10-01,35.26440193178944,35.8016712132987,35.069031283967895,35.16671660787867,4110800.0
GVR,2024-10-02,35.069031283967895,35.75282855134331,35.069031283967895,35.31324459374483,2572200.0
GVR,2024-10-03,35.36208725570022,35.606300565477156,34.33639135463709,34.72713265028018,3456300.0
GVR,2024-10-04,34.92250329810173,34.92250329810173,34.092178044860155,34.092178044860155,2301700.0
GVR,2024-10-07,34.18986336877093,34.38523401659248,33.75027941117244,33.994492720949374,1552900.0
GVR,2024-10-08,33.994492720949374,34.53176200245864,33.994492720949374,34.23870603072631,1379100.0
GVR,2024-10-09,34.43407667854786,34.82481797419096,34.43407667854786,34.82481797419096,1840800.0
GVR,2024-10-10,34.97134596005712,35.31324459374483,34.82481797419096,34.82481797419096,2462700.0
GVR,2024-10-11,34.87366063614635,35.069031283967895,34.43407667854786,34.6782899883248,2128300.0
GVR,2024-10-14,35.069031283967895,35.606300565477156,34.77597531223557,35.45977257961099,4002000.0
GVR,2024-10-15,35.45977257961099,35.606300565477156,34.77597531223557,34.92250329810173,2210200.0
GVR,2024-10-16,34.87366063614635,35.26440193178944,34.77597531223557,35.26440193178944,2253700.0
GVR,2024-10-17,35.26440193178944,35.26440193178944,34.53176200245864,35.16671660787867,2683300.0
GVR,2024-10-18,35.16671660787867,35.89935653720948,34.97134596005712,35.02018862201251,4558800.0
GVR,2024-10-21,35.02018862201251,35.16671660787867,34.38523401659248,34.38523401659248,1962200.0
GVR,2024-10-22,34.482919340503244,34.53176200245864,31.99194358077851,32.96879681988625,8186400.0
GVR,2024-10-23,33.066482143797025,33.066482143797025,32.28499955251083,32.72458351010932,2834600.0
GVR,2024-10-24,32.82226883402009,33.017639481841634,31.943100918823127,32.13847156664467,3868400.0
GVR,2024-10-25,32.33384221446622,32.33384221446622,31.454674299269257,31.50351696122464,2905000.0
GVR,2024-10-28,31.552359623180024,31.943100918823127,31.35698897535848,31.747730271001576,2184400.0
GVR,2024-10-29,32.040786242733894,32.28499955251083,31.894258256867737,32.187314228600066,1808800.0
GVR,2024-10-30,32.187314228600066,32.431527538377,31.845415594912353,31.943100918823127,1420900.0
GVR,2024-10-31,32.040786242733894,32.23615689055545,31.894258256867737,32.13847156664467,1348200.0
GVR,2024-11-01,31.943100918823127,31.943100918823127,31.30814631340309,31.552359623180024,2875500.0
GVR,2024-11-04,31.747730271001576,31.747730271001576,30.72203436993845,30.819719693849223,2648300.0
GVR,2024-11-05,31.063933003626158,31.601202285135415,30.917405017759997,31.35698897535848,2156300.0
GVR,2024-11-06,31.747730271001576,33.066482143797025,31.6500449470908,32.96879681988625,4992000.0
GVR,2024-11-07,33.21301012966319,33.21301012966319,32.33384221446622,32.578055524243155,3116400.0
GVR,2024-11-08,32.62689818619854,32.82226883402009,32.089628904689285,32.13847156664467,3288000.0
GVR,2024-11-11,32.13847156664467,32.62689818619854,31.943100918823127,32.62689818619854,2607400.0
GVR,2024-11-12,32.675740848153936,32.91995415793087,32.13847156664467,32.13847156664467,2059300.0
GVR,2024-11-13,31.943100918823127,32.187314228600066,31.601202285135415,31.79657293295696,2498000.0
GVR,2024-11-14,32.043057995043405,32.043057995043405,30.909226712141873,31.05711774904207,2776900.0
GVR,2024-11-15,30.76133567524167,31.352899822842474,30.366959576841136,30.564147626041404,3097000.0
GVR,2024-11-18,30.564147626041404,31.10641476134214,29.87398945384047,30.712038662941602,2509300.0
GVR,2024-11-19,30.76133567524167,30.958523724441935,29.92328646614054,29.9725834784406,2306700.0
GVR,2024-11-20,29.9725834784406,30.859929699841807,29.57820738004007,30.366959576841136,2657000.0
GVR,2024-11-21,30.366959576841136,30.859929699841807,30.169771527640872,30.76133567524167,1857500.0
GVR,2024-11-22,30.66274165064154,30.859929699841807,30.416256589141206,30.46555360144127,1785700.0
GVR,2024-11-25,30.46555360144127,30.76133567524167,30.366959576841136,30.46555360144127,2182500.0
GVR,2024-11-26,30.564147626041404,31.155711773642206,30.564147626041404,30.859929699841807,2765200.0
GVR,2024-11-27,31.05711774904207,31.05711774904207,30.712038662941602,30.810632687541737,1369700.0
GVR,2024-11-28,30.859929699841807,31.352899822842474,30.859929699841807,30.909226712141873,2401700.0
GVR,2024-11-29,30.909226712141873,31.05711774904207,30.76133567524167,30.859929699841807,1809200.0
GVR,2024-12-02,31.05711774904207,31.25430579824234,30.909226712141873,31.007820736742005,1918400.0
GVR,2024-12-03,31.155711773642206,31.155711773642206,30.46555360144127,30.46555360144127,2569400.0
GVR,2024-12-04,30.46555360144127,30.564147626041404,29.92328646614054,29.92328646614054,2956000.0
GVR,2024-12-05,29.9725834784406,31.05711774904207,29.6768014046402,30.909226712141873,2958200.0
GVR,2024-12-06,31.05711774904207,32.33884006884381,30.909226712141873,31.599384884342804,5687900.0
GVR,2024-12-09,31.648681896642874,31.845869945843138,31.550087872042738,31.648681896642874,2153900.0
GVR,2024-12-10,31.796572933543075,31.845869945843138,31.25430579824234,31.303602810542404,1802500.0
GVR,2024-12-11,31.303602810542404,31.500790859742672,30.810632687541737,31.007820736742005,2909400.0
GVR,2024-12-12,31.155711773642206,31.74727592124301,31.155711773642206,31.20500878594227,2559700.0
GVR,2024-12-13,31.155711773642206,31.20500878594227,30.909226712141873,30.958523724441935,1142900.0
GVR,2024-12-16,30.958523724441935,31.155711773642206,30.61344463834147,30.76133567524167,1315600.0
GVR,2024-12-17,31.007820736742005,31.007820736742005,30.66274165064154,30.66274165064154,948600.0
GVR,2024-12-18,30.66274165064154,30.909226712141873,30.61344463834147,30.909226712141873,762900.0
GVR,2024-12-19,30.46555360144127,30.712038662941602,30.31766256454107,30.46555360144127,2228300.0
GVR,2024-12-20,30.564147626041404,30.76133567524167,30.416256589141206,30.46555360144127,956600.0
GVR,2024-12-23,30.859929699841807,31.007820736742005,30.268365552241004,30.416256589141206,1803400.0
GVR,2024-12-24,30.416256589141206,30.712038662941602,30.219068539940935,30.268365552241004,1861800.0
GVR,2024-12-25,30.416256589141206,31.05711774904207,30.416256589141206,30.66274165064154,2092700.0
GVR,2024-12-26,30.859929699841807,30.859929699841807,30.416256589141206,30.46555360144127,1144000.0
GVR,2024-12-27,30.46555360144127,30.76133567524167,30.268365552241004,30.268365552241004,1609600.0
GVR,2024-12-30,30.268365552241004,30.268365552241004,30.120474515340803,30.120474515340803,1070600.0
GVR,2024-12-31,30.219068539940935,30.219068539940935,29.92328646614054,29.92328646614054,1178200.0
GVR,2025-01-02,30.071177503040737,30.366959576841136,30.021880490740667,30.071177503040737,946400.0
GVR,2025-01-03,30.169771527640872,30.31766256454107,29.87398945384047,29.87398945384047,1619700.0
GVR,2025-01-06,29.87398945384047,30.169771527640872,28.986643232439267,28.986643232439267,2167100.0
GVR,2025-01-07,29.035940244739333,29.282425306239666,27.606326888037398,27.902108961837797,3885500.0
GVR,2025-01-08,27.902108961837797,28.789455183239,27.162653777336796,28.247188047938263,2445900.0
GVR,2025-01-09,28.395079084838468,28.690861158638867,28.1978910356382,28.1978910356382,1108600.0
GVR,2025-01-10,28.1978910356382,28.444376097138534,27.606326888037398,27.606326888037398,1211900.0
GVR,2025-01-13,27.754217924937596,27.85281194953773,27.211950789636866,27.704920912637533,947000.0
GVR,2025-01-14,27.704920912637533,27.951405974137867,27.359841826537064,27.359841826537064,921200.0
GVR,2025-01-15,27.754217924937596,27.85281194953773,27.4584358511372,27.803514937237665,700500.0
GVR,2025-01-16,28.099297011038065,28.345782072538398,27.902108961837797,28.049999998738,730300.0
GVR,2025-01-17,28.00070298643793,28.789455183239,28.00070298643793,28.345782072538398,1314400.0
GVR,2025-01-20,28.740158170938933,28.740158170938933,28.247188047938263,28.296485060238332,1012900.0
GVR,2025-01-21,28.444376097138534,28.59226713403873,28.00070298643793,28.00070298643793,1030100.0
GVR,2025-01-22,28.049999998738,28.1978910356382,27.606326888037398,27.606326888037398,1387800.0
GVR,2025-01-23,27.606326888037398,28.296485060238332,27.606326888037398,28.049999998738,1461800.0
GVR,2025-01-24,28.1978910356382,28.542970121738666,28.1978910356382,28.395079084838468,1613200.0
GVR,2025-02-03,28.542970121738666,29.479613355439934,28.395079084838468,28.838752195539065,2989200.0
GVR,2025-02-04,29.13453426933947,29.2331282939396,28.888049207839135,29.0852372570394,1364800.0
GVR,2025-02-05,29.13453426933947,29.331722318539736,28.888049207839135,29.035940244739333,1266300.0
GVR,2025-02-06,29.282425306239666,29.282425306239666,28.740158170938933,28.789455183239,1349500.0
GVR,2025-02-07,28.789455183239,29.52891036774,28.690861158638867,28.986643232439267,2297000.0
GVR,2025-02-10,28.986643232439267,28.986643232439267,28.395079084838468,28.395079084838468,1699500.0
GVR,2025-02-11,28.542970121738666,28.542970121738666,28.247188047938263,28.493673109438596,1079300.0
GVR,2025-02-12,28.740158170938933,28.888049207839135,28.345782072538398,28.345782072538398,998300.0
GVR,2025-02-13,28.395079084838468,29.183831281639534,28.345782072538398,29.035940244739333,2968500.0
GVR,2025-02-14,29.381019330839802,30.564147626041404,29.331722318539736,29.92328646614054,5564300.0
GVR,2025-02-17,30.021880490740667,30.810632687541737,30.021880490740667,30.120474515340803,4781800.0
GVR,2025-02-18,30.31766256454107,30.416256589141206,29.92328646614054,30.416256589141206,2969100.0
GVR,2025-02-19,30.76133567524167,31.303602810542404,30.416256589141206,31.20500878594227,6110400.0
GVR,2025-02-20,31.25430579824234,32.043057995043405,30.958523724441935,31.895166958143207,6283800.0
GVR,2025-02-21,31.895166958143207,32.043057995043405,31.303602810542404,31.944463970443273,3890300.0
GVR,2025-02-24,31.993760982743343,32.141652019643544,31.451493847442606,31.993760982743343,3295100.0
GVR,2025-02-25,32.043057995043405,32.09235500734347,31.40219683514254,31.648681896642874,2746800.0
GVR,2025-02-26,31.845869945843138,32.43743409344394,31.74727592124301,32.141652019643544,4286200.0
GVR,2025-02-27,32.09235500734347,32.240246044243676,31.451493847442606,32.240246044243676,3146500.0
GVR,2025-02-28,32.240246044243676,33.32478031484514,31.895166958143207,32.93040421644461,6477800.0
GVR,2025-03-03,33.12759226564488,33.176889277944944,32.53602811804407,32.63462214264421,2783900.0
GVR,2025-03-04,32.53602811804407,33.47267135174535,32.43743409344394,33.02899824104475,5964800.0
GVR,2025-03-05,33.12759226564488,33.12759226564488,32.53602811804407,32.53602811804407,2713400.0
GVR,2025-03-06,32.53602811804407,33.521968364045414,32.53602811804407,33.521968364045414,4939600.0
GVR,2025-03-07,33.521968364045414,33.620562388645546,33.02899824104475,33.02899824104475,3000600.0
GVR,2025-03-10,33.12759226564488,33.22618629024501,32.68391915494428,32.831810191844475,2626600.0
GVR,2025-03-11,32.53602811804407,32.97970122874468,31.845869945843138,32.93040421644461,3157200.0
GVR,2025-03-12,32.831810191844475,32.93040421644461,32.33884006884381,32.33884006884381,2208000.0
GVR,2025-03-13,32.43743409344394,33.27548330254508,32.28954305654374,32.53602811804407,4500600.0
GVR,2025-03-14,32.53602811804407,33.176889277944944,32.48673110574401,32.831810191844475,4168200.0
GVR,2025-03-17,32.88110720414454,32.97970122874468,32.388137081143874,32.58532513034414,2746500.0
GVR,2025-03-18,32.73321616724434,33.27548330254508,32.48673110574401,32.93040421644461,4240900.0
GVR,2025-03-19,32.93040421644461,34.85298769614722,32.831810191844475,34.31072056084648,8590800.0
GVR,2025-03-20,34.50790861004675,34.50790861004675,33.521968364045414,34.01493848704608,2368900.0
GVR,2025-03-21,34.01493848704608,34.803690683847144,33.86704745014588,34.06423549934614,4101100.0
GVR,2025-03-24,34.06423549934614,34.11353251164621,33.22618629024501,33.66985940094561,2533500.0
GVR,2025-03-25,33.81775043784581,34.85298769614722,33.423374339445274,34.11353251164621,4845000.0
GVR,2025-03-26,34.01493848704608,34.40931458544661,33.768453425545744,34.01493848704608,2813400.0
GVR,2025-03-27,34.06423549934614,34.655799646946946,34.01493848704608,34.45861159774668,3998000.0
GVR,2025-03-28,34.557205622346814,35.09947275764755,34.31072056084648,34.31072056084648,4680600.0
GVR,2025-03-31,34.16282952394628,34.31072056084648,31.944463970443273,31.944463970443273,9067500.0
GVR,2025-04-01,31.993760982743343,32.28954305654374,31.155711773642206,31.40219683514254,3786400.0
GVR,2025-04-02,31.500790859742672,31.845869945843138,31.25430579824234,31.451493847442606,1929900.0
GVR,2025-04-03,29.282425306239666,29.6768014046402,29.282425306239666,29.282425306239666,3332700.0
GVR,2025-04-04,27.26124780193693,27.26124780193693,27.26124780193693,27.26124780193693,1521200.0
GVR,2025-04-08,25.387961334534392,25.387961334534392,25.387961334534392,25.387961334534392,461900.0
GVR,2025-04-09,23.613268891731988,23.613268891731988,23.613268891731988,23.613268891731988,459100.0
GVR,2025-04-10,25.240070297634194,25.240070297634194,25.240070297634194,25.240070297634194,2523800.0
GVR,2025-04-11,24.155536027032724,26.423198592835796,23.514674867131856,25.634446396034726,10906200.0
GVR,2025-04-14,26.866871703536397,26.916168715836463,25.437258346834458,25.831634445234993,4547200.0
GVR,2025-04-15,25.190773285334124,25.634446396034726,24.05694200243259,24.05694200243259,6815900.0
GVR,2025-04-16,23.76115992863219,24.64850615003339,23.169595781031386,23.169595781031386,6426600.0
GVR,2025-04-17,23.02170474413119,24.05694200243259,23.02170474413119,23.85975395323232,4874600.0
GVR,2025-04-18,24.451318100833124,24.451318100833124,24.155536027032724,24.155536027032724,3253400.0
GVR,2025-04-21,24.155536027032724,24.254130051632856,23.268189805631522,23.366783830231654,2932600.0
GVR,2025-04-22,23.268189805631522,23.317486817931584,21.73998242432945,21.986467485829785,6821400.0
GVR,2025-04-23,22.52873462113052,23.268189805631522,21.394903338228982,22.824516694930917,6047400.0
GVR,2025-04-24,23.07100175643125,24.155536027032724,22.97240773183112,23.218892793331456,5767100.0
GVR,2025-04-25,23.317486817931584,23.662565904032054,23.218892793331456,23.46537785483179,3587300.0
GVR,2025-04-28,23.662565904032054,23.662565904032054,22.824516694930917,23.169595781031386,2733400.0
GVR,2025-04-29,23.169595781031386,23.662565904032054,22.97240773183112,23.366783830231654,3363300.0
GVR,2025-05-05,23.76115992863219,24.549912125433256,23.662565904032054,24.50061511313319,5954600.0
GVR,2025-05-06,24.79639718693359,24.79639718693359,23.958347977832457,23.958347977832457,4135900.0
GVR,2025-05-07,23.85975395323232,24.79639718693359,23.85975395323232,24.50061511313319,4378300.0
GVR,2025-05-08,24.79639718693359,26.176713531335462,24.747100174633527,26.176713531335462,10064000.0
GVR,2025-05-09,26.62038664203606,26.817574691236327,25.93022846983513,26.275307555935594,5807200.0
GVR,2025-05-12,26.423198592835796,27.754217924937596,26.373901580535726,27.557029875737328,8097300.0
GVR,2025-05-13,27.951405974137867,28.444376097138534,27.85281194953773,28.247188047938263,6543300.0
GVR,2025-05-14,28.296485060238332,28.296485060238332,27.4584358511372,27.606326888037398,5618500.0
GVR,2025-05-15,27.704920912637533,27.902108961837797,27.06405975273666,27.704920912637533,4592100.0
GVR,2025-05-16,27.704920912637533,27.803514937237665,27.310544814236994,27.310544814236994,2693400.0
GVR,2025-05-19,27.11335676503673,27.655623900337464,26.817574691236327,26.817574691236327,3476100.0
GVR,2025-05-20,26.817574691236327,27.606326888037398,26.62038664203606,27.310544814236994,3284000.0
GVR,2025-05-21,27.557029875737328,27.557029875737328,26.76827767893626,26.916168715836463,2845700.0
GVR,2025-05-22,26.866871703536397,27.310544814236994,26.47249560513586,26.47249560513586,3708900.0
GVR,2025-05-23,26.62038664203606,26.817574691236327,26.275307555935594,26.62038664203606,1813500.0
GVR,2025-05-26,26.817574691236327,28.444376097138534,26.127416519035393,28.444376097138534,7422100.0
GVR,2025-05-27,28.986643232439267,29.0852372570394,28.690861158638867,28.986643232439267,5066500.0
GVR,2025-05-28,29.0852372570394,29.9725834784406,28.838752195539065,29.2331282939396,5878800.0
GVR,2025-05-29,29.87398945384047,29.87398945384047,28.9373462201392,28.986643232439267,4316900.0
GVR,2025-05-30,29.0852372570394,29.0852372570394,28.1978910356382,28.296485060238332,3261500.0
GVR,2025-06-02,28.14859402333813,28.9373462201392,28.14859402333813,28.888049207839135,3274700.0
GVR,2025-06-03,28.986643232439267,29.2331282939396,28.838752195539065,29.0852372570394,3373000.0
GVR,2025-06-04,29.282425306239666,29.430316343139868,28.6415641463388,28.740158170938933,2090200.0
GVR,2025-06-05,28.789455183239,29.282425306239666,28.690861158638867,28.789455183239,2329100.0
GVR,2025-06-06,28.838752195539065,29.282425306239666,27.902108961837797,27.951405974137867,2886200.0
GVR,2025-06-09,28.049999998738,28.247188047938263,26.96546572813653,27.310544814236994,2841100.0
GVR,2025-06-10,27.507732863437262,28.099297011038065,27.359841826537064,27.754217924937596,1650100.0
GVR,2025-06-11,28.049999998738,28.049999998738,27.211950789636866,27.359841826537064,1332600.0
GVR,2025-06-12,27.606326888037398,28.395079084838468,27.606326888037398,28.14859402333813,2196400.0
GVR,2025-06-13,27.704920912637533,27.902108961837797,26.62038664203606,26.817574691236327,5880100.0
GVR,2025-06-16,26.817574691236327,27.606326888037398,26.817574691236327,27.606326888037398,1588300.0
GVR,2025-06-17,27.803514937237665,28.493673109438596,27.655623900337464,28.493673109438596,4712300.0
GVR,2025-06-18,28.59226713403873,29.035940244739333,28.345782072538398,28.59226713403873,3837000.0
GVR,2025-06-19,28.59226713403873,30.021880490740667,28.59226713403873,29.479613355439934,7173300.0
GVR,2025-06-20,29.52891036774,29.52891036774,28.690861158638867,28.789455183239,2306100.0
GVR,2025-06-23,28.444376097138534,30.366959576841136,28.049999998738,29.381019330839802,4779500.0
GVR,2025-06-24,29.775395429240334,29.775395429240334,29.035940244739333,29.2331282939396,5252900.0
GVR,2025-06-25,29.57820738004007,30.909226712141873,29.282425306239666,30.366959576841136,6556600.0
GVR,2025-06-26,30.366959576841136,30.46555360144127,29.824692441540403,30.071177503040737,1932500.0
GVR,2025-06-27,30.366959576841136,30.66274165064154,29.92328646614054,29.92328646614054,2310700.0
GVR,2025-06-30,30.120474515340803,30.514850613741338,29.726098416940268,29.87398945384047,2514100.0
GVR,2025-07-01,30.219068539940935,30.859929699841807,29.9725834784406,30.712038662941602,5348600.0
GVR,2025-07-02,30.76133567524167,31.944463970443273,30.66274165064154,30.810632687541737,4493900.0
GVR,2025-07-03,30.021880490740667,30.219068539940935,28.838752195539065,29.183831281639534,13466300.0
GVR,2025-07-04,29.183831281639534,29.479613355439934,28.690861158638867,28.888049207839135,5120900.0
GVR,2025-07-07,29.282425306239666,29.6768014046402,29.13453426933947,29.331722318539736,2774500.0
GVR,2025-07-08,30.071177503040737,30.120474515340803,29.381019330839802,29.57820738004007,4347300.0
GVR,2025-07-09,29.824692441540403,29.824692441540403,29.381019330839802,29.430316343139868,3949300.0
GVR,2025-07-10,29.479613355439934,30.219068539940935,29.331722318539736,29.6768014046402,5198000.0
GVR,2025-07-11,29.87398945384047,30.021880490740667,29.57820738004007,29.57820738004007,3296400.0
GVR,2025-07-14,29.87398945384047,30.46555360144127,29.2331282939396,30.219068539940935,5703300.0
GVR,2025-07-15,30.268365552241004,30.416256589141206,29.6768014046402,29.6768014046402,4106500.0
GVR,2025-07-16,29.775395429240334,29.87398945384047,29.430316343139868,29.430316343139868,2207500.0
GVR,2025-07-17,29.6768014046402,30.268365552241004,29.479613355439934,29.627504392340136,6703000.0
GVR,2025-07-18,30.071177503040737,30.712038662941602,29.726098416940268,29.9725834784406,6173600.0
GVR,2025-07-21,30.169771527640872,30.859929699841807,30.021880490740667,30.169771527640872,5397100.0
GVR,2025-07-22,30.071177503040737,30.268365552241004,29.6768014046402,30.021880490740667,3675700.0
GVR,2025-07-23,30.219068539940935,30.76133567524167,30.169771527640872,30.61344463834147,6951300.0
GVR,2025-07-24,31.05711774904207,31.69797890894294,30.61344463834147,31.20500878594227,6627900.0
GVR,2025-07-25,31.40219683514254,31.40219683514254,30.76133567524167,30.76133567524167,5447000.0
GVR,2025-07-28,30.859929699841807,31.500790859742672,30.61344463834147,30.958523724441935,9787300.0
GVR,2025-07-29,31.352899822842474,31.550087872042738,29.0852372570394,29.0852372570394,10015800.0
GVR,2025-07-30,29.13453426933947,29.6768014046402,28.542970121738666,29.0852372570394,4900900.0
GVR,2025-07-31,29.9725834784406,30.514850613741338,29.2331282939396,29.6768014046402,5841300.0
GVR,2025-08-01,29.87398945384047,30.071177503040737,29.183831281639534,29.282425306239666,3682100.0
GVR,2025-08-04,29.183831281639534,29.824692441540403,29.183831281639534,29.479613355439934,2427700.0
GVR,2025-08-05,29.57820738004007,30.514850613741338,28.395079084838468,29.52891036774,6630700.0
GVR,2025-08-06,29.627504392340136,29.9725834784406,29.381019330839802,29.824692441540403,4244400.0
GVR,2025-08-07,30.46555360144127,31.451493847442606,30.31766256454107,30.66274165064154,8822900.0
GVR,2025-08-08,30.810632687541737,30.909226712141873,29.92328646614054,30.169771527640872,5319600.0
GVR,2025-08-11,30.219068539940935,32.240246044243676,30.219068539940935,32.141652019643544,16616700.0
GVR,2025-08-12,32.48673110574401,32.48673110574401,31.451493847442606,31.993760982743343,5985900.0
GVR,2025-08-13,32.141652019643544,32.73321616724434,31.550087872042738,32.1909490319436,9515500.0
GVR,2025-08-14,32.240246044243676,32.33884006884381,31.451493847442606,31.648681896642874,7598600.0
GVR,2025-08-15,31.993760982743343,32.141652019643544,30.810632687541737,30.958523724441935,6847800.0
GVR,2025-08-18,30.958523724441935,31.74727592124301,30.859929699841807,31.303602810542404,4974300.0
GVR,2025-08-19,31.550087872042738,31.796572933543075,31.10641476134214,31.20500878594227,4565400.0
GVR,2025-08-20,31.40219683514254,32.388137081143874,30.712038662941602,31.74727592124301,9685600.0
GVR,2025-08-21,32.141652019643544,32.97970122874468,31.20500878594227,31.25430579824234,6947300.0
GVR,2025-08-22,31.007820736742005,31.007820736742005,29.0852372570394,29.0852372570394,9181800.0
GVR,2025-08-25,29.479613355439934,29.57820738004007,27.951405974137867,28.00070298643793,4989200.0
GVR,2025-08-26,28.099297011038065,28.838752195539065,27.85281194953773,28.789455183239,3730100.0
GVR,2025-08-27,28.986643232439267,29.183831281639534,28.59226713403873,28.740158170938933,2712000.0
GVR,2025-08-28,29.035940244739333,29.035940244739333,28.6415641463388,28.789455183239,2640700.0
GVR,2025-08-29,28.838752195539065,28.9373462201392,28.59226713403873,28.6415641463388,3348000.0
GVR,2025-09-03,28.6415641463388,29.282425306239666,28.59226713403873,28.888049207839135,2775000.0
GVR,2025-09-04,29.0852372570394,29.282425306239666,28.888049207839135,29.0852372570394,3336000.0
GVR,2025-09-05,29.381019330839802,30.366959576841136,29.282425306239666,29.381019330839802,7745200.0
GVR,2025-09-08,29.87398945384047,29.87398945384047,28.395079084838468,28.395079084838468,4659400.0
GVR,2025-09-09,28.395079084838468,28.59226713403873,28.00070298643793,28.1978910356382,2423500.0
GVR,2025-09-10,28.493673109438596,28.493673109438596,27.85281194953773,27.902108961837797,2841000.0
GVR,2025-09-11,28.1978910356382,28.395079084838468,27.606326888037398,28.345782072538398,2650300.0
GVR,2025-09-12,28.493673109438596,29.282425306239666,28.395079084838468,28.9373462201392,2261000.0
GVR,2025-09-15,29.0852372570394,29.57820738004007,28.9373462201392,29.430316343139868,2734300.0
GVR,2025-09-16,29.726098416940268,29.726098416940268,29.035940244739333,29.035940244739333,2089300.0
GVR,2025-09-17,29.0852372570394,29.183831281639534,28.493673109438596,28.493673109438596,2606000.0
GVR,2025-09-18,28.59226713403873,28.59226713403873,28.1978910356382,28.395079084838468,1614500.0
GVR,2025-09-19,28.690861158638867,28.690861158638867,28.1978910356382,28.1978910356382,1522700.0
GVR,2025-09-22,28.296485060238332,28.444376097138534,27.85281194953773,27.902108961837797,1376400.0
GVR,2025-09-23,28.296485060238332,28.296485060238332,27.704920912637533,27.704920912637533,841800.0
GVR,2025-09-24,27.754217924937596,28.1978910356382,27.606326888037398,28.1978910356382,1004700.0
GVR,2025-09-25,28.395079084838468,28.59226713403873,28.1978910356382,28.395079084838468,1186300.0
GVR,2025-09-26,28.542970121738666,28.59226713403873,28.099297011038065,28.099297011038065,1301000.0
GVR,2025-09-29,28.1978910356382,28.296485060238332,27.85281194953773,27.85281194953773,827200.0
GVR,2025-09-30,27.85281194953773,27.902108961837797,27.06405975273666,27.310544814236994,2051500.0
GVR,2025-10-01,27.359841826537064,27.606326888037398,27.359841826537064,27.4584358511372,690600.0
GVR,2025-10-02,27.507732863437262,27.655623900337464,26.76827767893626,26.916168715836463,1801100.0
GVR,2025-10-03,27.11335676503673,27.11335676503673,26.275307555935594,26.32460456823566,2383700.0
GVR,2025-10-06,26.916168715836463,27.162653777336796,26.521792617435928,27.162653777336796,2359200.0
GVR,2025-10-07,27.26124780193693,27.507732863437262,26.916168715836463,26.96546572813653,989500.0
GVR,2025-10-08,27.310544814236994,27.4584358511372,26.916168715836463,27.06405975273666,1029600.0
GVR,2025-10-09,27.11335676503673,28.14859402333813,26.76827767893626,27.606326888037398,3675400.0
GVR,2025-10-10,28.049999998738,28.099297011038065,27.606326888037398,27.655623900337464,2163700.0
GVR,2025-10-13,27.507732863437262,28.542970121738666,27.4584358511372,28.099297011038065,3580700.0
GVR,2025-10-14,28.345782072538398,28.345782072538398,27.40913883883713,27.4584358511372,2466800.0
GVR,2025-10-15,27.4584358511372,27.655623900337464,26.866871703536397,27.06405975273666,2559800.0
GVR,2025-10-16,27.211950789636866,27.310544814236994,26.718980666636195,26.817574691236327,3624800.0
GVR,2025-10-17,27.014762740436595,27.26124780193693,26.718980666636195,26.718980666636195,2038900.0
GVR,2025-10-20,26.62038664203606,26.916168715836463,24.894991211533725,24.894991211533725,3351500.0
GVR,2025-10-21,24.64850615003339,25.53585237143459,24.155536027032724,25.042882248433923,3055400.0
GVR,2025-10-22,25.338664322234326,26.127416519035393,25.190773285334124,26.127416519035393,2127900.0
GVR,2025-10-23,26.32460456823566,26.373901580535726,25.73304042063486,25.73304042063486,872300.0
GVR,2025-10-24,25.831634445234993,26.62038664203606,25.634446396034726,26.176713531335462,1636800.0
GVR,2025-10-27,26.718980666636195,27.754217924937596,26.718980666636195,27.014762740436595,3939900.0
GVR,2025-10-28,27.11335676503673,27.211950789636866,26.373901580535726,27.162653777336796,1413900.0
GVR,2025-10-29,27.359841826537064,28.1978910356382,27.06405975273666,27.704920912637533,3912600.0
GVR,2025-10-30,27.902108961837797,28.14859402333813,27.211950789636866,27.951405974137867,3349800.0
GVR,2025-10-31,27.951405974137867,29.0852372570394,27.754217924937596,28.6415641463388,7002600.0
GVR,2025-11-03,28.690861158638867,29.035940244739333,27.951405974137867,27.951405974137867,5166700.0
GVR,2025-11-04,28.099297011038065,28.542970121738666,26.96546572813653,28.345782072538398,3723200.0
GVR,2025-11-05,28.049999998738,29.0852372570394,28.049999998738,28.6415641463388,4804500.0
GVR,2025-11-06,29.2331282939396,29.479613355439934,28.296485060238332,28.296485060238332,3783400.0
GVR,2025-11-07,28.247188047938263,28.6415641463388,27.40913883883713,27.40913883883713,3195500.0
GVR,2025-11-10,27.704920912637533,28.296485060238332,27.359841826537064,27.557029875737328,2280900.0
GVR,2025-11-11,27.803514937237665,27.902108961837797,27.310544814236994,27.507732863437262,1510800.0
GVR,2025-11-12,27.704920912637533,28.099297011038065,27.557029875737328,28.049999998738,1674100.0
GVR,2025-11-13,28.2,29.1,28.2,28.5,3905600.0
GVR,2025-11-14,28.5,28.95,28.3,28.4,2269200.0
GVR,2025-11-17,28.8,29.25,28.5,29.1,4627400.0
GVR,2025-11-18,29.1,29.15,28.25,28.25,4239500.0
GVR,2025-11-19,28.35,28.7,27.65,28.0,2915700.0
GVR,2025-11-20,28.1,28.45,27.55,28.0,1872300.0
GVR,2025-11-21,27.65,27.95,27.45,27.8,1915000.0
GVR,2025-11-24,28.0,28.1,27.7,27.7,884600.0
GVR,2025-11-25,27.6,28.1,27.0,27.1,2656500.0
GVR,2025-11-26,27.15,27.8,27.15,27.5,1192000.0
GVR,2025-11-27,27.55,27.9,27.5,27.9,1797500.0
GVR,2025-11-28,27.9,27.9,27.25,27.3,2071100.0
GVR,2025-12-01,27.35,27.6,26.7,26.7,1889700.0
GVR,2025-12-02,26.4,27.8,26.4,27.75,2666600.0
GVR,2025-12-03,27.75,27.9,27.45,27.7,2066500.0
GVR,2025-12-04,27.7,28.3,27.7,27.85,2234700.0
GVR,2025-12-05,28.0,28.0,27.2,27.4,3578600.0
GVR,2025-12-08,27.45,27.55,26.8,26.95,3507000.0
GVR,2025-12-09,26.9,27.15,26.55,26.9,2669000.0
GVR,2025-12-10,26.8,27.1,26.75,26.75,1098300.0
GVR,2025-12-11,26.8,27.0,26.6,26.65,1028300.0
GVR,2025-12-12,26.7,26.8,25.1,25.3,2898000.0
GVR,2025-12-15,25.3,26.0,25.25,25.6,1872800.0
GVR,2025-12-16,25.8,26.5,25.6,26.5,1904800.0
GVR,2025-12-17,26.5,26.65,26.2,26.3,1757900.0
GVR,2025-12-18,26.3,26.65,26.2,26.55,1115700.0
GVR,2025-12-19,26.5,26.75,26.45,26.45,855000.0
GVR,2025-12-22,26.45,26.8,26.45,26.6,1127300.0
GVR,2025-12-23,26.65,26.85,26.25,26.25,1072000.0
GVR,2025-12-24,26.4,26.6,25.9,26.0,1436000.0
GVR,2025-12-25,26.0,26.25,25.65,25.65,1031900.0
GVR,2025-12-26,25.55,25.95,25.2,25.5,1426500.0
GVR,2025-12-29,25.6,26.2,25.6,26.0,1106300.0
GVR,2025-12-30,26.2,26.9,26.15,26.6,2111300.0
GVR,2025-12-31,26.6,26.8,26.2,26.2,1021300.0
GVR,2026-01-05,26.2,26.45,25.5,25.75,1408600.0
GVR,2026-01-06,25.85,27.55,25.85,27.55,4061800.0
GVR,2026-01-07,28.55,29.45,28.5,29.45,13681500.0
GVR,2026-01-08,30.9,30.9,29.6,30.05,10234200.0
GVR,2026-01-09,30.4,32.0,30.3,31.6,9394000.0
GVR,2026-01-12,32.3,32.95,31.0,32.2,8946600.0
GVR,2026-01-13,32.1,34.45,31.55,34.0,14389700.0
GVR,2026-01-14,34.3,36.35,33.7,36.35,14095400.0
GVR,2026-01-15,36.35,38.85,35.8,37.35,11037100.0
GVR,2026-01-16,37.4,38.5,35.55,35.9,8596200.0
GVR,2026-01-19,36.0,38.4,35.95,38.0,9356800.0
GVR,2026-01-20,39.2,40.65,37.6,39.0,10142500.0
GVR,2026-01-21,38.0,39.5,36.5,38.5,8356100.0
GVR,2026-01-22,39.05,40.8,38.5,39.0,7081600.0
GVR,2026-01-23,38.55,38.85,36.6,36.9,6548400.0
GVR,2026-01-26,36.65,39.35,36.65,38.65,8681600.0
GVR,2026-01-27,38.7,40.6,38.4,39.85,8227600.0
GVR,2026-01-28,41.15,42.4,38.2,38.2,13817900.0
GVR,2026-01-29,38.2,40.85,37.9,40.85,9435700.0
GVR,2026-01-30,40.85,41.8,39.65,39.85,6315900.0
GVR,2026-02-02,40.0,41.8,39.65,41.8,8064000.0
GVR,2026-02-03,42.0,43.8,41.0,42.8,9200800.0
GVR,2026-02-04,42.6,43.0,40.5,41.7,6342400.0
GVR,2026-02-05,41.7,41.7,40.0,40.0,6209000.0
GVR,2026-02-06,39.0,40.85,38.85,39.0,5838700.0
GVR,2026-02-09,39.5,39.7,38.6,38.65,2801400.0
GVR,2026-02-10,38.0,38.9,35.95,35.95,10816400.0
GVR,2026-02-11,35.95,36.8,35.2,35.3,5445000.0
GVR,2026-02-12,36.0,36.2,35.3,35.35,2433900.0
GVR,2026-02-13,35.5,36.4,35.1,36.4,3173000.0
GVR,2026-02-23,37.5,38.9,37.0,38.9,2792600.0
GVR,2026-02-24,39.55,40.3,39.05,39.45,8201000.0
GVR,2026-02-25,39.8,42.2,39.5,42.2,11972300.0
GVR,2026-02-26,42.6,42.9,40.05,40.8,6612100.0
GVR,2026-02-27,40.8,42.3,39.8,40.0,6357900.0
GVR,2026-03-02,38.8,42.8,37.5,42.8,16546200.0
GVR,2026-03-03,44.4,45.75,41.2,45.75,11766100.0
GVR,2026-03-04,46.0,46.5,42.8,43.6,8585300.0
GVR,2026-03-05,42.6,42.9,40.55,40.55,7891200.0
GVR,2026-03-06,39.65,41.1,37.75,37.75,8579500.0
GVR,2026-03-09,35.15,35.15,35.15,35.15,1767500.0
GVR,2026-03-10,35.15,36.1,32.7,33.35,14546300.0
GVR,2026-03-11,33.35,35.65,33.35,35.65,4178200.0
GVR,2026-03-12,35.7,37.85,35.1,35.8,5803200.0
GVR,2026-03-13,35.3,36.05,33.3,34.0,7857500.0
GVR,2026-03-16,33.3,34.4,32.5,33.05,4862300.0
GVR,2026-03-17,33.9,34.1,33.2,33.3,2762700.0
GVR,2026-03-18,33.05,34.5,32.95,34.0,3530400.0
GVR,2026-03-19,33.5,33.5,32.05,32.45,4199100.0
GVR,2026-03-20,32.4,32.4,30.7,30.75,4793600.0
GVR,2026-03-23,29.7,30.5,28.6,28.6,5932600.0
GVR,2026-03-24,29.3,29.85,28.6,28.7,3819500.0
GVR,2026-03-25,29.45,30.5,29.35,30.5,3946500.0
GVR,2026-03-26,30.25,30.5,29.65,30.0,2429400.0
GVR,2026-03-27,30.0,32.1,30.0,32.1,4463000.0
GVR,2026-03-30,31.2,33.4,31.15,33.1,5368600.0
GVR,2026-03-31,33.5,33.5,31.7,31.7,3647100.0
GVR,2026-04-01,32.5,33.0,32.3,32.5,3228800.0
GVR,2026-04-02,31.8,32.65,31.8,32.1,2491400.0
GVR,2026-04-03,32.1,32.9,31.5,32.05,2702000.0
GVR,2026-04-06,31.9,31.9,30.85,31.45,1823400.0
GVR,2026-04-07,31.6,31.85,30.5,31.5,1758900.0
GVR,2026-04-08,32.5,33.4,32.05,33.2,3915600.0
GVR,2026-04-09,32.7,33.0,32.35,32.8,2438700.0
GVR,2026-04-10,32.8,34.1,32.7,33.65,4553100.0
GVR,2026-04-13,33.0,34.15,32.6,32.6,3696900.0
GVR,2026-04-14,33.0,33.1,32.35,32.7,2532000.0
GVR,2026-04-15,33.1,33.15,31.9,33.0,3427600.0
GVR,2026-04-16,32.9,32.95,32.15,32.2,2608700.0
GVR,2026-04-17,32.4,34.15,32.25,33.5,7670800.0
GVR,2026-04-20,33.5,33.75,32.85,33.0,2060200.0
GVR,2026-04-21,33.0,33.2,32.45,32.65,2498000.0
GVR,2026-04-22,32.8,32.8,32.2,32.75,1974400.0
GVR,2026-04-23,32.9,33.45,32.1,32.6,2807500.0
GVR,2026-04-24,32.7,33.5,32.7,33.35,3028100.0
GVR,2026-04-28,33.3,33.4,32.3,33.0,2409800.0
GVR,2026-04-29,32.85,34.3,32.5,33.7,4047300.0
GVR,2026-05-04,34.2,36.05,33.8,36.05,8648600.0
GVR,2026-05-05,36.1,36.45,34.7,35.2,3995600.0
GVR,2026-05-06,35.3,35.95,34.9,35.8,4387700.0
GVR,2026-05-07,35.8,36.9,35.25,35.85,5267800.0
GVR,2026-05-08,35.85,36.6,34.95,35.7,3718400.0
GVR,2026-05-11,35.9,35.9,34.65,34.75,4902100.0
GVR,2026-05-12,34.8,36.45,34.2,36.3,4448700.0
GVR,2026-05-13,36.4,37.8,36.3,36.8,6025700.0
GVR,2026-05-14,37.1,37.2,36.1,36.2,2812800.0
