Symbol,Date,Open,High,Low,Close,Volume
HDB,2021-05-17,10.247971679224186,10.394604024395916,10.036169402865022,10.150216782443033,8422100.0
HDB,2021-05-18,10.150216782443033,10.166509265239892,9.93841450608387,9.970999471677588,7379900.0
HDB,2021-05-19,9.970999471677588,10.280556644817905,9.954706988880728,10.247971679224186,7096765.0
HDB,2021-05-20,10.247971679224186,10.524943886770785,10.101339334052458,10.427188989989634,9768400.0
HDB,2021-05-21,10.427188989989634,10.62269878355194,10.32943409320848,10.394604024395916,5745200.0
HDB,2021-05-24,10.394604024395916,10.459773955583351,10.296849127614763,10.34572657600534,5478200.0
HDB,2021-05-25,10.264264162021046,10.590113817958223,10.264264162021046,10.590113817958223,5954400.0
HDB,2021-05-26,10.687868714739373,10.769331128723667,10.557528852364504,10.687868714739373,4418200.0
HDB,2021-05-27,10.753038645926809,10.88337850830168,10.394604024395916,10.427188989989634,6586700.0
HDB,2021-05-28,10.49235892117707,10.753038645926809,10.394604024395916,10.704161197536234,6956000.0
HDB,2021-05-31,10.753038645926809,11.046303336270269,10.557528852364504,11.01371837067655,10124400.0
HDB,2021-06-01,11.078888301863985,11.404737957801162,11.078888301863985,11.176643198645138,5188000.0
HDB,2021-06-02,11.078888301863985,11.209228164238857,10.915963473895397,11.078888301863985,4972900.0
HDB,2021-06-03,11.258105612629432,11.795757544925774,11.176643198645138,11.665417682550903,10174500.0
HDB,2021-06-04,11.69800264814462,11.730587613738338,11.404737957801162,11.551370302972892,9489100.0
HDB,2021-06-07,11.632832716957186,11.69800264814462,11.078888301863985,11.290690578223149,6948800.0
HDB,2021-06-08,11.290690578223149,11.290690578223149,10.524943886770785,10.524943886770785,6496800.0
HDB,2021-06-09,10.524943886770785,11.03001085347341,10.101339334052458,10.88337850830168,5641300.0
HDB,2021-06-10,10.850793542707962,11.078888301863985,10.590113817958223,10.655283749145658,4044400.0
HDB,2021-06-11,10.687868714739373,11.323275543816868,10.655283749145658,11.225520647035715,6224200.0
HDB,2021-06-14,11.241813129832574,11.274398095426292,11.078888301863985,11.111473267457704,4570000.0
HDB,2021-06-15,11.111473267457704,11.600247751363469,11.078888301863985,11.323275543816868,5603100.0
HDB,2021-06-16,11.144058233051423,11.323275543816868,10.785623611520528,11.01371837067655,3846900.0
HDB,2021-06-17,10.655283749145658,11.03001085347341,10.655283749145658,10.948548439489116,4396000.0
HDB,2021-06-18,11.111473267457704,11.258105612629432,11.01371837067655,11.16035071584828,3838700.0
HDB,2021-06-21,11.062595819067129,11.095180784660844,10.915963473895397,10.964840922285974,2916200.0
HDB,2021-06-22,11.01371837067655,11.274398095426292,10.948548439489116,11.192935681441998,4849100.0
HDB,2021-06-23,11.30698306102001,11.30698306102001,11.16035071584828,11.16035071584828,3058700.0
HDB,2021-06-24,11.16035071584828,11.323275543816868,11.095180784660844,11.16035071584828,2880700.0
HDB,2021-06-25,11.225520647035715,11.502492854582314,11.16035071584828,11.502492854582314,4996600.0
HDB,2021-06-28,11.71429513094148,11.763172579332055,11.632832716957186,11.730587613738338,9548200.0
HDB,2021-06-29,11.681710165347763,11.795757544925774,11.56766278576975,11.69800264814462,4712300.0
HDB,2021-06-30,11.69800264814462,11.730587613738338,11.56766278576975,11.56766278576975,3412100.0
HDB,2021-07-01,11.502492854582314,11.877219958910068,11.502492854582314,11.877219958910068,7146400.0
HDB,2021-07-02,11.893512441706926,12.154192166456665,11.893512441706926,12.12160720086295,4656100.0
HDB,2021-07-05,12.317116994425254,12.317116994425254,11.893512441706926,12.186777132050384,5016800.0
HDB,2021-07-06,12.25194706323782,12.349701960018972,11.339568026613726,11.404737957801162,5968500.0
HDB,2021-07-07,11.56766278576975,11.893512441706926,11.274398095426292,11.893512441706926,6200500.0
HDB,2021-07-08,11.860927476113208,11.958682372894362,11.665417682550903,11.71429513094148,3761000.0
HDB,2021-07-09,11.469907888988597,11.763172579332055,11.372152992207443,11.404737957801162,3486500.0
HDB,2021-07-12,11.339568026613726,11.469907888988597,10.60640630075508,11.01371837067655,6482700.0
HDB,2021-07-13,11.111473267457704,11.144058233051423,10.687868714739373,11.062595819067129,2913100.0
HDB,2021-07-14,11.062595819067129,11.078888301863985,10.459773955583351,10.638991266348798,2836700.0
HDB,2021-07-15,10.524943886770785,10.932255956692256,10.524943886770785,10.818208577114246,2865600.0
HDB,2021-07-16,11.01371837067655,11.01371837067655,10.801916094317386,10.89967099109854,2882400.0
HDB,2021-07-19,10.704161197536234,10.704161197536234,10.166509265239892,10.394604024395916,3417800.0
HDB,2021-07-20,10.394604024395916,10.915963473895397,10.19909423083361,10.88337850830168,2367200.0
HDB,2021-07-21,10.850793542707962,10.915963473895397,10.443481472786491,10.49235892117707,2639416.0
HDB,2021-07-22,10.427188989989634,10.62269878355194,10.427188989989634,10.557528852364504,2413500.0
HDB,2021-07-23,10.524943886770785,10.818208577114246,10.508651403973928,10.541236369567645,4678800.0
HDB,2021-07-26,10.541236369567645,10.62269878355194,10.32943409320848,10.590113817958223,1469100.0
HDB,2021-07-27,10.62269878355194,10.720453680333092,10.49235892117707,10.590113817958223,3511000.0
HDB,2021-07-28,10.687868714739373,10.753038645926809,10.60640630075508,10.720453680333092,3266600.0
HDB,2021-07-29,10.850793542707962,10.89967099109854,10.753038645926809,10.88337850830168,2044800.0
HDB,2021-07-30,10.915963473895397,11.046303336270269,10.850793542707962,10.981133405082835,3336400.0
HDB,2021-08-02,10.981133405082835,11.225520647035715,10.88337850830168,11.144058233051423,3844500.0
HDB,2021-08-03,11.144058233051423,11.372152992207443,11.095180784660844,11.372152992207443,3680900.0
HDB,2021-08-04,11.404737957801162,11.502492854582314,11.339568026613726,11.42103044059802,3243000.0
HDB,2021-08-05,11.323275543816868,11.583955268566609,11.274398095426292,11.56766278576975,3369900.0
HDB,2021-08-06,11.56766278576975,11.600247751363469,11.355860509410586,11.404737957801162,2688800.0
HDB,2021-08-09,11.372152992207443,11.56766278576975,11.274398095426292,11.56766278576975,2588600.0
HDB,2021-08-10,11.69800264814462,11.730587613738338,11.486200371785456,11.583955268566609,3089700.0
HDB,2021-08-11,11.600247751363469,11.681710165347763,11.535077820176031,11.551370302972892,2101700.0
HDB,2021-08-12,11.502492854582314,11.56766278576975,11.404737957801162,11.42103044059802,2057200.0
HDB,2021-08-13,11.404737957801162,11.518785337379175,11.16035071584828,11.323275543816868,2766100.0
HDB,2021-08-16,11.323275543816868,11.649125199754044,11.274398095426292,11.649125199754044,3287100.0
HDB,2021-08-17,11.71429513094148,11.893512441706926,11.56766278576975,11.649125199754044,2284000.0
HDB,2021-08-18,11.649125199754044,11.71429513094148,11.56766278576975,11.600247751363469,1655200.0
HDB,2021-08-19,11.600247751363469,11.730587613738338,11.453615406191737,11.730587613738338,2429400.0
HDB,2021-08-20,11.43732292339488,11.632832716957186,11.078888301863985,11.241813129832574,3131500.0
HDB,2021-08-23,11.176643198645138,11.176643198645138,10.88337850830168,10.948548439489116,2670700.0
HDB,2021-08-24,10.948548439489116,11.127765750254563,10.834501059911103,10.981133405082835,2542400.0
HDB,2021-08-25,11.078888301863985,11.078888301863985,10.964840922285974,11.01371837067655,3519700.0
HDB,2021-08-26,11.09925390536006,11.364006750809015,10.936329077391472,10.936329077391472,2801300.0
HDB,2021-08-27,10.87523226690325,10.915963473895397,10.46792019698178,10.793769852918956,2571400.0
HDB,2021-08-30,10.834501059911105,10.895597870399325,10.773404249422883,10.87523226690325,2303422.0
HDB,2021-08-31,10.87523226690325,10.895597870399325,10.569748214462148,10.569748214462148,1949100.0
HDB,2021-09-01,10.549382610966074,10.712307438934662,10.427188989989634,10.447554593485707,3120000.0
HDB,2021-09-06,10.46792019698178,10.834501059911105,10.447554593485707,10.732673042430736,4075800.0
HDB,2021-09-07,10.834501059911105,10.87523226690325,10.732673042430736,10.87523226690325,1952300.0
HDB,2021-09-08,10.997425887879691,10.997425887879691,10.834501059911105,10.895597870399325,2319700.0
HDB,2021-09-09,10.834501059911105,10.895597870399325,10.63084502495037,10.753038645926809,1965900.0
HDB,2021-09-10,10.712307438934662,10.753038645926809,10.549382610966074,10.549382610966074,2605000.0
HDB,2021-09-13,10.569748214462148,10.569748214462148,10.264264162021044,10.264264162021044,3080800.0
HDB,2021-09-14,10.2235329550289,10.366092179501413,10.101339334052458,10.101339334052458,2116200.0
HDB,2021-09-15,10.101339334052458,10.182801748036752,10.060608127060311,10.080973730556384,1936900.0
HDB,2021-09-16,10.182801748036752,10.264264162021044,10.101339334052458,10.2235329550289,1698800.0
HDB,2021-09-17,10.264264162021044,10.366092179501413,10.264264162021044,10.366092179501413,3111500.0
HDB,2021-09-20,10.508651403973928,10.59011381795822,10.46792019698178,10.46792019698178,1862600.0
HDB,2021-09-21,10.447554593485707,10.447554593485707,10.304995369013193,10.40682338649356,1870000.0
HDB,2021-09-22,10.40682338649356,10.40682338649356,10.2235329550289,10.366092179501413,1509200.0
HDB,2021-09-23,10.386457782997486,10.447554593485707,10.264264162021044,10.345726576005339,1697000.0
HDB,2021-09-24,10.366092179501413,10.447554593485707,10.304995369013193,10.386457782997486,1608800.0
HDB,2021-09-27,10.427188989989634,10.569748214462148,10.386457782997486,10.386457782997486,2164500.0
HDB,2021-09-28,10.386457782997486,10.427188989989634,10.284629765517119,10.366092179501413,3032800.0
HDB,2021-09-29,10.386457782997486,10.447554593485707,10.264264162021044,10.345726576005339,2055500.0
HDB,2021-09-30,10.284629765517119,10.386457782997486,10.264264162021044,10.345726576005339,2452100.0
HDB,2021-10-01,10.325360972509266,10.366092179501413,10.101339334052458,10.12170493754853,2925550.0
HDB,2021-10-04,10.060608127060311,10.142070541044603,9.795855281611354,9.816220885107429,2358700.0
HDB,2021-10-05,9.836586488603501,10.019876920068164,9.775489678115282,9.979145713076017,1150700.0
HDB,2021-10-06,10.060608127060311,10.080973730556384,9.856952092099576,9.877317695595648,1221300.0
HDB,2021-10-07,9.938414506083868,9.938414506083868,9.795855281611354,9.816220885107429,1458700.0
HDB,2021-10-08,9.856952092099576,9.918048902587797,9.795855281611354,9.918048902587797,1393200.0
HDB,2021-10-11,9.979145713076017,10.46792019698178,9.979145713076017,10.447554593485707,3705000.0
HDB,2021-10-12,10.447554593485707,10.488285800477854,10.325360972509266,10.40682338649356,2506400.0
HDB,2021-10-13,10.46792019698178,10.63084502495037,10.40682338649356,10.46792019698178,2856800.0
HDB,2021-10-14,10.427188989989634,10.63084502495037,10.345726576005339,10.569748214462148,2589000.0
HDB,2021-10-15,10.569748214462148,10.59011381795822,10.427188989989634,10.447554593485707,2792100.0
HDB,2021-10-18,10.46792019698178,10.529017007470001,10.40682338649356,10.46792019698178,3820900.0
HDB,2021-10-19,10.508651403973928,10.529017007470001,10.304995369013193,10.366092179501413,2729900.0
HDB,2021-10-20,10.345726576005339,10.46792019698178,10.203167351532825,10.203167351532825,2493600.0
HDB,2021-10-21,10.2235329550289,10.304995369013193,10.019876920068164,10.019876920068164,2785600.0
HDB,2021-10-22,10.182801748036752,10.2235329550289,9.99951131657209,9.99951131657209,2476900.0
HDB,2021-10-25,10.142070541044603,10.142070541044603,9.958780109579942,9.979145713076017,2215300.0
HDB,2021-10-26,9.99951131657209,10.060608127060311,9.897683299091723,10.060608127060311,2018200.0
HDB,2021-10-27,10.060608127060311,10.386457782997486,10.019876920068164,10.264264162021044,3177000.0
HDB,2021-10-28,10.345726576005339,10.427188989989634,10.284629765517119,10.40682338649356,9976190.0
HDB,2021-10-29,10.40682338649356,10.40682338649356,10.284629765517119,10.284629765517119,2942400.0
HDB,2021-11-01,10.366092179501413,10.386457782997486,10.284629765517119,10.304995369013193,3126200.0
HDB,2021-11-02,10.304995369013193,10.427188989989634,10.304995369013193,10.427188989989634,5427500.0
HDB,2021-11-03,10.447554593485707,11.139985112352207,10.427188989989634,11.078888301863985,13981900.0
HDB,2021-11-04,11.139985112352207,11.16035071584828,10.977060284383617,11.017791491375766,5519100.0
HDB,2021-11-05,11.017791491375766,11.038157094871838,10.793769852918956,10.87523226690325,3229100.0
HDB,2021-11-08,10.915963473895397,11.078888301863985,10.773404249422883,10.997425887879691,5302700.0
HDB,2021-11-09,11.078888301863985,11.364006750809015,11.078888301863985,11.28254433682472,7764800.0
HDB,2021-11-10,11.323275543816868,11.526931578777603,11.302909940320793,11.404737957801162,4861000.0
HDB,2021-11-11,11.404737957801162,11.445469164793309,11.078888301863985,11.28254433682472,5559400.0
HDB,2021-11-12,11.28254433682472,11.465834768289382,11.180716319344352,11.404737957801162,4342300.0
HDB,2021-11-15,11.567662785769748,11.995340459187293,11.486200371785456,11.75095321723441,9087600.0
HDB,2021-11-16,11.791684424226558,11.893512441706925,11.364006750809015,11.364006750809015,7452700.0
HDB,2021-11-17,11.404737957801162,11.404737957801162,11.16035071584828,11.323275543816868,4455400.0
HDB,2021-11-18,11.364006750809015,11.812050027722632,11.364006750809015,11.506565975281529,7782000.0
HDB,2021-11-19,11.669490803250117,12.300824511628395,11.649125199754044,12.300824511628395,20935700.0
HDB,2021-11-22,12.545211753581277,13.156179858463481,12.545211753581277,13.156179858463481,13118100.0
HDB,2021-11-23,13.156179858463481,13.156179858463481,12.78959899553416,12.952523823502748,6020600.0
HDB,2021-11-24,12.993255030494893,13.828244773833909,12.972889426998822,13.644954342369246,11977300.0
HDB,2021-11-25,13.604223135377099,13.644954342369246,13.237642272447777,13.237642272447777,8648900.0
HDB,2021-11-26,13.359835893424217,13.522760721392807,12.769233392038087,12.769233392038087,7961100.0
HDB,2021-11-29,12.626674167565572,13.217276668951705,12.38228692561269,12.830330202526307,11772200.0
HDB,2021-11-30,13.156179858463481,13.156179858463481,12.423018132604836,12.423018132604836,8125940.0
HDB,2021-12-01,12.463749339596983,13.033986237487042,12.44338373610091,13.033986237487042,6790200.0
HDB,2021-12-02,13.196911065455629,13.237642272447777,12.830330202526307,12.830330202526307,6367200.0
HDB,2021-12-03,12.993255030494893,13.135814254967409,12.626674167565572,12.626674167565572,10023300.0
HDB,2021-12-06,12.545211753581277,12.708136581549866,11.75095321723441,11.85278123471478,9067300.0
HDB,2021-12-07,11.974974855691219,12.402652529108764,11.832415631218705,12.219362097644101,4231300.0
HDB,2021-12-08,12.300824511628395,12.708136581549866,12.076802873171587,12.341555718620542,7670700.0
HDB,2021-12-09,12.137899683659809,12.585942960573425,12.137899683659809,12.524846150085205,3666800.0
HDB,2021-12-10,12.463749339596983,12.78959899553416,12.44338373610091,12.50448054658913,4182000.0
HDB,2021-12-13,12.50448054658913,12.647039771061646,12.219362097644101,12.239727701140175,6201300.0
HDB,2021-12-14,12.219362097644101,12.423018132604836,12.056437269675515,12.056437269675515,5146500.0
HDB,2021-12-15,12.015706062683366,12.565577357077352,11.913878045202999,12.239727701140175,4866900.0
HDB,2021-12-16,12.38228692561269,12.423018132604836,12.015706062683366,12.09716847666766,4516500.0
HDB,2021-12-17,12.178630890651954,12.300824511628395,11.974974855691219,12.015706062683366,6871350.0
HDB,2021-12-20,12.015706062683366,12.219362097644101,11.85278123471478,12.056437269675515,5448500.0
HDB,2021-12-21,12.056437269675515,12.137899683659809,11.934243648699074,11.974974855691219,3182800.0
HDB,2021-12-22,12.09716847666766,12.09716847666766,11.323275543816868,11.364006750809015,10489500.0
HDB,2021-12-23,11.404737957801162,11.547297182273677,10.834501059911105,10.936329077391472,7637800.0
HDB,2021-12-24,11.180716319344352,11.68985640674619,11.078888301863985,11.68985640674619,3611775.0
HDB,2021-12-27,11.954609252195146,12.03607166617944,11.68985640674619,11.710222010242264,4797100.0
HDB,2021-12-28,11.730587613738338,12.524846150085205,11.669490803250117,12.423018132604836,8791500.0
HDB,2021-12-29,12.423018132604836,12.78959899553416,12.423018132604836,12.463749339596983,6732400.0
HDB,2021-12-30,12.463749339596983,12.687770978053791,12.38228692561269,12.463749339596983,4040700.0
HDB,2021-12-31,12.463749339596983,12.993255030494893,12.300824511628395,12.565577357077352,7449000.0
HDB,2022-01-04,12.687770978053791,12.932158220006674,12.626674167565572,12.667405374557719,6809800.0
HDB,2022-01-05,12.626674167565572,12.728502185045938,12.423018132604836,12.423018132604836,6841200.0
HDB,2022-01-06,12.26009330463625,12.647039771061646,12.198996494148028,12.423018132604836,6998000.0
HDB,2022-01-07,12.423018132604836,12.565577357077352,12.32119011512447,12.341555718620542,4097600.0
HDB,2022-01-10,12.26009330463625,12.463749339596983,12.056437269675515,12.056437269675515,5767800.0
HDB,2022-01-11,12.015706062683366,12.219362097644101,11.812050027722632,11.934243648699074,5017300.0
HDB,2022-01-12,11.893512441706925,12.708136581549866,11.812050027722632,12.606308564069497,5975800.0
HDB,2022-01-13,12.748867788542013,13.237642272447777,12.545211753581277,12.545211753581277,10634500.0
HDB,2022-01-14,12.341555718620542,12.626674167565572,12.300824511628395,12.463749339596983,2954300.0
HDB,2022-01-17,12.545211753581277,12.830330202526307,11.812050027722632,11.812050027722632,7744400.0
HDB,2022-01-18,11.913878045202999,12.178630890651954,11.608393992761897,12.03607166617944,4798700.0
HDB,2022-01-19,12.03607166617944,12.137899683659809,11.68985640674619,11.791684424226558,4156200.0
HDB,2022-01-20,11.68985640674619,11.995340459187293,11.567662785769748,11.771318820730484,4224200.0
HDB,2022-01-21,11.812050027722632,12.219362097644101,11.730587613738338,11.893512441706925,4024600.0
HDB,2022-01-24,11.893512441706925,12.137899683659809,11.68985640674619,11.812050027722632,4631300.0
HDB,2022-01-25,11.812050027722632,12.239727701140175,11.791684424226558,12.239727701140175,4307300.0
HDB,2022-01-26,12.38228692561269,12.830330202526307,12.26009330463625,12.50448054658913,8119600.0
HDB,2022-01-27,12.50448054658913,12.830330202526307,12.423018132604836,12.545211753581277,5298700.0
HDB,2022-01-28,12.585942960573425,12.748867788542013,12.524846150085205,12.585942960573425,4433000.0
HDB,2022-02-07,12.78959899553416,12.993255030494893,12.667405374557719,12.667405374557719,5636100.0
HDB,2022-02-08,12.687770978053791,12.952523823502748,12.585942960573425,12.78959899553416,8773600.0
HDB,2022-02-09,12.911792616510601,13.237642272447777,12.830330202526307,12.871061409518454,7762300.0
HDB,2022-02-10,12.748867788542013,12.891427013014527,12.606308564069497,12.830330202526307,10831800.0
HDB,2022-02-11,12.78959899553416,12.891427013014527,12.667405374557719,12.708136581549866,10692485.0
HDB,2022-02-14,12.423018132604836,12.545211753581277,11.893512441706925,11.893512441706925,15851700.0
HDB,2022-02-15,11.893512441706925,12.09716847666766,11.75095321723441,12.015706062683366,5535200.0
HDB,2022-02-16,12.137899683659809,12.158265287155881,11.85278123471478,11.913878045202999,4300300.0
HDB,2022-02-17,11.974974855691219,12.117534080163734,11.893512441706925,12.117534080163734,3130000.0
HDB,2022-02-18,11.974974855691219,12.056437269675515,11.893512441706925,12.015706062683366,3744200.0
HDB,2022-02-21,11.934243648699074,12.076802873171587,11.75095321723441,12.056437269675515,6166700.0
HDB,2022-02-22,11.873146838210852,12.076802873171587,11.791684424226558,12.03607166617944,4648000.0
HDB,2022-02-23,12.056437269675515,12.178630890651954,12.015706062683366,12.076802873171587,4830000.0
HDB,2022-02-24,12.015706062683366,12.03607166617944,11.404737957801162,11.730587613738338,14817600.0
HDB,2022-02-25,11.893512441706925,12.03607166617944,11.85278123471478,11.913878045202999,5617700.0
HDB,2022-02-28,11.934243648699074,11.954609252195146,11.669490803250117,11.730587613738338,5014300.0
HDB,2022-03-01,11.730587613738338,11.771318820730484,11.547297182273677,11.62875959625797,6802600.0
HDB,2022-03-02,11.506565975281529,11.567662785769748,11.119619508856132,11.139985112352207,11479300.0
HDB,2022-03-03,11.28254433682472,11.506565975281529,11.119619508856132,11.506565975281529,4099800.0
HDB,2022-03-04,11.608393992761897,11.608393992761897,11.404737957801162,11.404737957801162,3674300.0
HDB,2022-03-07,11.28254433682472,11.28254433682472,11.058522698367911,11.16035071584828,6996500.0
HDB,2022-03-08,11.16035071584828,11.241813129832574,11.119619508856132,11.139985112352207,4817700.0
HDB,2022-03-09,11.119619508856132,11.201081922840427,10.997425887879691,10.997425887879691,4310900.0
HDB,2022-03-10,11.221447526336501,11.221447526336501,10.977060284383617,10.977060284383617,4066000.0
HDB,2022-03-11,10.977060284383617,11.16035071584828,10.956694680887544,11.119619508856132,3126600.0
HDB,2022-03-14,11.09925390536006,11.139985112352207,10.977060284383617,11.038157094871838,2358200.0
HDB,2022-03-15,11.058522698367911,11.180716319344352,11.038157094871838,11.078888301863985,2024200.0
HDB,2022-03-16,11.16035071584828,11.16035071584828,10.997425887879691,11.058522698367911,3940400.0
HDB,2022-03-17,11.180716319344352,11.323275543816868,11.09925390536006,11.201081922840427,3335700.0
HDB,2022-03-18,11.343641147312942,11.465834768289382,11.241813129832574,11.241813129832574,2331600.0
HDB,2022-03-21,11.241813129832574,11.526931578777603,11.241813129832574,11.526931578777603,3411200.0
HDB,2022-03-22,11.588028389265823,11.608393992761897,11.465834768289382,11.526931578777603,3100400.0
HDB,2022-03-23,11.567662785769748,11.608393992761897,11.404737957801162,11.404737957801162,2676600.0
HDB,2022-03-24,11.404737957801162,11.526931578777603,11.323275543816868,11.445469164793309,2613200.0
HDB,2022-03-25,11.445469164793309,11.486200371785456,11.384372354305087,11.384372354305087,2854000.0
HDB,2022-03-28,11.28254433682472,11.486200371785456,11.119619508856132,11.16035071584828,3584183.0
HDB,2022-03-29,11.180716319344352,11.28254433682472,11.09925390536006,11.221447526336501,1870800.0
HDB,2022-03-30,11.28254433682472,11.567662785769748,11.241813129832574,11.526931578777603,5840700.0
HDB,2022-03-31,11.669490803250117,11.68985640674619,11.465834768289382,11.547297182273677,2562900.0
HDB,2022-04-01,11.445469164793309,11.995340459187293,11.404737957801162,11.995340459187293,7640400.0
HDB,2022-04-04,12.178630890651954,12.178630890651954,11.812050027722632,11.85278123471478,5171400.0
HDB,2022-04-05,11.85278123471478,12.015706062683366,11.710222010242264,11.710222010242264,2582700.0
HDB,2022-04-06,11.649125199754044,11.913878045202999,11.62875959625797,11.812050027722632,4630400.0
HDB,2022-04-07,11.873146838210852,12.015706062683366,11.771318820730484,11.771318820730484,6900400.0
HDB,2022-04-08,11.812050027722632,11.913878045202999,11.506565975281529,11.506565975281529,2482900.0
HDB,2022-04-12,11.506565975281529,11.526931578777603,11.241813129832574,11.323275543816868,3126000.0
HDB,2022-04-13,11.323275543816868,11.506565975281529,11.201081922840427,11.404737957801162,3434900.0
HDB,2022-04-14,11.404737957801162,11.445469164793309,11.119619508856132,11.119619508856132,3783800.0
HDB,2022-04-15,11.119619508856132,11.201081922840427,10.69194183543859,10.712307438934662,5895200.0
HDB,2022-04-18,10.712307438934662,10.87523226690325,10.427188989989634,10.59011381795822,3667400.0
HDB,2022-04-19,10.753038645926809,10.793769852918956,10.529017007470001,10.549382610966074,3120000.0
HDB,2022-04-20,10.549382610966074,10.671576231942515,10.46792019698178,10.488285800477854,3302100.0
HDB,2022-04-21,10.46792019698178,10.508651403973928,9.816220885107429,10.142070541044603,4749600.0
HDB,2022-04-22,10.243898558524972,10.46792019698178,10.060608127060311,10.243898558524972,3343400.0
HDB,2022-04-25,10.243898558524972,10.345726576005339,9.5311024361624,9.59219924665062,4734583.0
HDB,2022-04-26,9.368177608193811,10.019876920068164,9.24598398721737,9.979145713076017,26887900.0
HDB,2022-04-27,9.897683299091723,10.264264162021044,9.755124074619207,10.182801748036752,2541600.0
HDB,2022-04-28,10.182801748036752,10.366092179501413,10.182801748036752,10.264264162021044,2841700.0
HDB,2022-04-29,10.325360972509266,10.366092179501413,10.182801748036752,10.304995369013193,2248100.0
HDB,2022-05-04,10.284629765517119,10.304995369013193,10.101339334052458,10.101339334052458,2238600.0
HDB,2022-05-05,10.182801748036752,10.264264162021044,9.979145713076017,10.243898558524972,1473300.0
HDB,2022-05-06,9.897683299091723,10.101339334052458,9.775489678115282,9.795855281611354,2218300.0
HDB,2022-05-09,9.59219924665062,9.755124074619207,9.286715194209517,9.368177608193811,14478300.0
HDB,2022-05-10,9.205252780225225,9.856952092099576,9.123790366240929,9.795855281611354,18728700.0
HDB,2022-05-11,9.816220885107429,9.979145713076017,9.673661660634913,9.877317695595648,1473500.0
HDB,2022-05-12,9.775489678115282,9.795855281611354,9.286715194209517,9.347812004697737,2914500.0
HDB,2022-05-13,9.327446401201664,9.490371229170252,8.757209503311605,9.042327952256635,4928300.0
HDB,2022-05-16,9.327446401201664,9.347812004697737,8.96086553827234,9.164521573233076,2522800.0
HDB,2022-05-17,9.327446401201664,9.775489678115282,8.981231141768415,9.775489678115282,2515100.0
HDB,2022-05-18,9.775489678115282,9.918048902587797,9.612564850146693,9.775489678115282,2847700.0
HDB,2022-05-19,9.632930453642766,9.938414506083868,9.47000562567418,9.897683299091723,3109400.0
HDB,2022-05-20,9.897683299091723,10.060608127060311,9.775489678115282,9.918048902587797,2371500.0
HDB,2022-05-23,10.019876920068164,10.040242523564237,9.632930453642766,9.856952092099576,2385600.0
HDB,2022-05-24,9.816220885107429,10.019876920068164,9.714392867627062,10.019876920068164,2350200.0
HDB,2022-05-25,10.019876920068164,10.447554593485707,10.019876920068164,10.447554593485707,3398900.0
HDB,2022-05-26,10.304995369013193,10.508651403973928,10.304995369013193,10.40682338649356,1879100.0
HDB,2022-05-27,10.386457782997486,10.529017007470001,10.304995369013193,10.508651403973928,1672700.0
HDB,2022-05-30,10.63084502495037,10.63084502495037,10.46792019698178,10.529017007470001,2562900.0
HDB,2022-05-31,10.529017007470001,10.63084502495037,10.46792019698178,10.63084502495037,2708300.0
HDB,2022-06-01,10.63084502495037,10.773404249422883,10.427188989989634,10.65121062844644,2511800.0
HDB,2022-06-02,10.65121062844644,10.671576231942515,10.529017007470001,10.59011381795822,15276900.0
HDB,2022-06-03,10.549382610966074,10.59011381795822,10.264264162021044,10.345726576005339,16995000.0
HDB,2022-06-06,10.264264162021044,10.488285800477854,10.182801748036752,10.304995369013193,1901500.0
HDB,2022-06-07,10.304995369013193,10.40682338649356,10.101339334052458,10.304995369013193,12586700.0
HDB,2022-06-08,10.386457782997486,10.69194183543859,10.203167351532825,10.569748214462148,15823000.0
HDB,2022-06-09,10.488285800477854,10.59011381795822,10.46792019698178,10.508651403973928,1175400.0
HDB,2022-06-10,10.508651403973928,10.753038645926809,10.386457782997486,10.549382610966074,4172500.0
HDB,2022-06-13,10.182801748036752,10.427188989989634,9.979145713076017,9.99951131657209,2617000.0
HDB,2022-06-14,9.816220885107429,10.304995369013193,9.816220885107429,10.142070541044603,3039400.0
HDB,2022-06-15,10.182801748036752,10.182801748036752,9.755124074619207,9.979145713076017,3465100.0
HDB,2022-06-16,10.019876920068164,10.386457782997486,9.938414506083868,10.162436144540678,2434400.0
HDB,2022-06-17,9.938414506083868,10.080973730556384,9.734758471123135,10.019876920068164,2275000.0
HDB,2022-06-20,10.019876920068164,10.019876920068164,9.5311024361624,9.673661660634913,2234400.0
HDB,2022-06-21,9.449640022178105,9.775489678115282,9.449640022178105,9.612564850146693,11713300.0
HDB,2022-06-22,9.612564850146693,9.816220885107429,9.612564850146693,9.612564850146693,5187000.0
HDB,2022-06-23,9.612564850146693,9.65329605713884,9.47000562567418,9.571833643154546,1621600.0
HDB,2022-06-24,9.775489678115282,9.775489678115282,9.368177608193811,9.368177608193811,3240800.0
HDB,2022-06-27,9.408908815185958,9.551468039658472,9.368177608193811,9.510736832666327,1949700.0
HDB,2022-06-28,9.490371229170252,10.019876920068164,9.449640022178105,9.877317695595648,2369600.0
HDB,2022-06-29,9.612564850146693,10.060608127060311,9.612564850146693,9.938414506083868,2088900.0
HDB,2022-06-30,10.019876920068164,10.12170493754853,9.775489678115282,9.775489678115282,3837500.0
HDB,2022-07-01,9.734758471123135,9.979145713076017,9.551468039658472,9.979145713076017,2938400.0
HDB,2022-07-04,10.060608127060311,10.101339334052458,9.958780109579942,9.99951131657209,1228500.0
HDB,2022-07-05,9.958780109579942,10.162436144540678,9.958780109579942,10.080973730556384,3172900.0
HDB,2022-07-06,9.979145713076017,10.040242523564237,9.571833643154546,9.714392867627062,5510200.0
HDB,2022-07-07,9.714392867627062,9.856952092099576,9.694027264130987,9.775489678115282,1817500.0
HDB,2022-07-08,9.795855281611354,9.836586488603501,9.65329605713884,9.65329605713884,1940500.0
HDB,2022-07-11,9.551468039658472,9.632930453642766,9.327446401201664,9.327446401201664,1838800.0
HDB,2022-07-12,9.368177608193811,9.571833643154546,9.368177608193811,9.571833643154546,1603100.0
HDB,2022-07-13,9.571833643154546,9.775489678115282,9.5311024361624,9.65329605713884,1552900.0
HDB,2022-07-14,9.65329605713884,9.673661660634913,9.47000562567418,9.65329605713884,2988400.0
HDB,2022-07-15,9.65329605713884,9.755124074619207,9.59219924665062,9.612564850146693,1836300.0
HDB,2022-07-18,9.755124074619207,9.755124074619207,9.571833643154546,9.571833643154546,3150500.0
HDB,2022-07-19,9.571833643154546,9.59219924665062,9.47000562567418,9.5311024361624,8928900.0
HDB,2022-07-20,9.694027264130987,9.755124074619207,9.632930453642766,9.714392867627062,3262100.0
HDB,2022-07-21,9.775489678115282,9.938414506083868,9.775489678115282,9.795855281611354,3388400.0
HDB,2022-07-22,9.795855281611354,9.856952092099576,9.694027264130987,9.694027264130987,4885885.0
HDB,2022-07-25,9.59219924665062,9.694027264130987,9.59219924665062,9.612564850146693,6454451.0
HDB,2022-07-26,9.612564850146693,9.673661660634913,9.571833643154546,9.612564850146693,3697400.0
HDB,2022-07-27,9.612564850146693,9.734758471123135,9.551468039658472,9.734758471123135,975500.0
HDB,2022-07-28,9.836586488603501,9.979145713076017,9.755124074619207,9.938414506083868,4197300.0
HDB,2022-07-29,10.040242523564237,10.040242523564237,9.836586488603501,9.836586488603501,2587600.0
HDB,2022-08-01,9.856952092099576,10.101339334052458,9.856952092099576,10.060608127060311,5453526.0
HDB,2022-08-02,10.019876920068164,10.203167351532825,10.019876920068164,10.12170493754853,6403000.0
HDB,2022-08-03,10.101339334052458,10.142070541044603,10.019876920068164,10.12170493754853,6990613.0
HDB,2022-08-04,10.182801748036752,10.325360972509266,10.060608127060311,10.142070541044603,5014800.0
HDB,2022-08-05,10.101339334052458,10.101339334052458,9.979145713076017,10.060608127060311,8060800.0
HDB,2022-08-08,10.142070541044603,10.2235329550289,10.060608127060311,10.182801748036752,3051400.0
HDB,2022-08-09,10.182801748036752,10.264264162021044,10.142070541044603,10.243898558524972,7954200.0
HDB,2022-08-10,10.243898558524972,10.264264162021044,10.142070541044603,10.203167351532825,10044800.0
HDB,2022-08-11,10.304995369013193,10.427188989989634,10.284629765517119,10.304995369013193,6604700.0
HDB,2022-08-12,10.345726576005339,10.366092179501413,10.284629765517119,10.345726576005339,2856600.0
HDB,2022-08-15,10.427188989989634,10.712307438934662,10.366092179501413,10.712307438934662,5929100.0
HDB,2022-08-16,10.712307438934662,10.753038645926809,10.59011381795822,10.732673042430736,10283800.0
HDB,2022-08-17,10.732673042430736,10.915963473895397,10.732673042430736,10.895597870399325,6802151.0
HDB,2022-08-18,10.936329077391472,10.956694680887544,10.793769852918956,10.915963473895397,9433300.0
HDB,2022-08-19,10.753038645926809,10.87523226690325,10.69194183543859,10.69194183543859,6339223.0
HDB,2022-08-22,10.65121062844644,10.65121062844644,10.366092179501413,10.366092179501413,5272700.0
HDB,2022-08-23,10.366092179501413,10.488285800477854,10.203167351532825,10.46792019698178,2488600.0
HDB,2022-08-24,10.59011381795822,10.63084502495037,10.46792019698178,10.549382610966074,7137400.0
HDB,2022-08-25,10.46792019698178,10.773404249422883,10.46792019698178,10.773404249422883,6148451.0
HDB,2022-08-26,10.87523226690325,10.87523226690325,10.712307438934662,10.712307438934662,4123700.0
HDB,2022-08-29,10.549382610966074,10.59011381795822,10.304995369013193,10.569748214462148,4944100.0
HDB,2022-08-30,10.59011381795822,10.732673042430736,10.549382610966074,10.712307438934662,2591200.0
HDB,2022-08-31,10.65121062844644,10.87523226690325,10.59011381795822,10.87523226690325,4799618.0
HDB,2022-09-05,10.81413545641503,10.87523226690325,10.610479421454295,10.753038645926809,1831000.0
HDB,2022-09-06,10.753038645926809,10.936329077391472,10.671576231942515,10.87523226690325,7381801.0
HDB,2022-09-07,10.895597870399325,11.09925390536006,10.63084502495037,10.63084502495037,4650200.0
HDB,2022-09-08,10.997425887879691,10.997425887879691,10.386457782997486,10.386457782997486,1921700.0
HDB,2022-09-09,10.59011381795822,10.59011381795822,10.182801748036752,10.508651403973928,7112931.0
HDB,2022-09-12,10.753038645926809,10.753038645926809,10.447554593485707,10.447554593485707,1065300.0
HDB,2022-09-13,10.59011381795822,10.59011381795822,10.386457782997486,10.549382610966074,961300.0
HDB,2022-09-14,10.264264162021044,10.366092179501413,10.2235329550289,10.264264162021044,1933100.0
HDB,2022-09-15,10.508651403973928,10.508651403973928,10.203167351532825,10.243898558524972,7021027.0
HDB,2022-09-16,10.304995369013193,10.386457782997486,10.182801748036752,10.182801748036752,5587900.0
HDB,2022-09-19,10.304995369013193,10.304995369013193,9.897683299091723,9.979145713076017,5102719.0
HDB,2022-09-20,10.142070541044603,10.142070541044603,9.856952092099576,10.101339334052458,4572700.0
HDB,2022-09-21,10.162436144540678,10.162436144540678,9.918048902587797,10.060608127060311,5207200.0
HDB,2022-09-22,9.99951131657209,10.060608127060311,9.897683299091723,10.060608127060311,760800.0
HDB,2022-09-23,9.979145713076017,10.101339334052458,9.897683299091723,9.897683299091723,833900.0
HDB,2022-09-26,9.836586488603501,9.836586488603501,9.490371229170252,9.551468039658472,7302975.0
HDB,2022-09-27,9.571833643154546,9.928231704335833,9.571833643154546,9.826403686855466,2393200.0
HDB,2022-09-28,9.571833643154546,9.800946682485373,9.571833643154546,9.750032673745189,866700.0
HDB,2022-09-29,9.750032673745189,9.851860691225557,9.724575669375099,9.750032673745189,1383700.0
HDB,2022-09-30,9.444548621304088,9.877317695595648,9.444548621304088,9.750032673745189,2310500.0
HDB,2022-10-03,9.47000562567418,9.750032673745189,9.317263599453629,9.368177608193811,1385800.0
HDB,2022-10-04,9.393634612563902,9.673661660634915,9.317263599453629,9.419091616933995,3028800.0
HDB,2022-10-05,9.673661660634915,9.699118665005006,9.419091616933995,9.419091616933995,1566000.0
HDB,2022-10-06,9.34272060382372,9.673661660634915,9.164521573233076,9.240892586343351,1398600.0
HDB,2022-10-07,8.93540853390225,9.164521573233076,8.655381485831239,8.884494525162065,5919500.0
HDB,2022-10-10,8.757209503311605,8.782666507681698,8.324440429020045,8.604467477091054,3301800.0
HDB,2022-10-11,8.502639459610688,8.655381485831239,8.095327389689217,8.248069415909768,7204200.0
HDB,2022-10-12,8.298983424649952,8.655381485831239,8.171698402799494,8.553553468350872,2392400.0
HDB,2022-10-13,8.808123512051791,8.833580516421883,8.477182455240595,8.553553468350872,1504700.0
HDB,2022-10-14,8.782666507681698,8.884494525162065,8.579010472720963,8.655381485831239,4639300.0
HDB,2022-10-17,8.553553468350872,8.604467477091054,8.222612411539677,8.40081144213032,1455900.0
HDB,2022-10-18,8.629924481461147,8.629924481461147,8.40081144213032,8.553553468350872,1184300.0
HDB,2022-10-19,8.655381485831239,8.731752498941514,8.451725450870505,8.502639459610688,1558800.0
HDB,2022-10-20,8.655381485831239,8.655381485831239,7.917128359098575,8.553553468350872,2614200.0
HDB,2022-10-21,8.655381485831239,8.655381485831239,8.248069415909768,8.40081144213032,1821700.0
HDB,2022-10-24,8.40081144213032,8.451725450870505,8.018956376578942,8.120784394059308,2420500.0
HDB,2022-10-25,8.095327389689217,8.40081144213032,7.840757345988299,8.146241398429401,5794800.0
HDB,2022-10-26,8.146241398429401,8.197155407169586,7.942585363468666,8.120784394059308,1449800.0
HDB,2022-10-27,8.120784394059308,8.451725450870505,7.968042367838758,8.451725450870505,2175400.0
HDB,2022-10-28,8.477182455240595,8.553553468350872,8.298983424649952,8.40081144213032,1395000.0
HDB,2022-10-31,8.298983424649952,8.451725450870505,8.146241398429401,8.349897433390135,1607600.0
HDB,2022-11-01,8.40081144213032,8.680838490201332,8.349897433390135,8.451725450870505,3493500.0
HDB,2022-11-02,8.451725450870505,8.477182455240595,8.273526420279861,8.375354437760228,1795400.0
HDB,2022-11-03,8.197155407169586,8.375354437760228,8.146241398429401,8.146241398429401,2072200.0
HDB,2022-11-04,7.993499372208849,8.146241398429401,7.58618730228738,7.840757345988299,8989900.0
HDB,2022-11-07,7.993499372208849,7.993499372208849,7.306160254216369,7.306160254216369,5828900.0
HDB,2022-11-08,6.797020166814532,7.3825312673266446,6.797020166814532,7.3825312673266446,9658600.0
HDB,2022-11-09,7.331617258586461,7.637101311027564,7.331617258586461,7.535273293547196,6749300.0
HDB,2022-11-10,7.3825312673266446,7.509816289177104,7.077047214885543,7.433445276066829,4715600.0
HDB,2022-11-11,7.433445276066829,7.611644306657471,7.433445276066829,7.535273293547196,2205600.0
HDB,2022-11-14,7.026133206145359,7.484359284807012,7.026133206145359,7.433445276066829,7717100.0
HDB,2022-11-15,7.3825312673266446,7.433445276066829,6.949762193035083,7.127961223625726,5794800.0
HDB,2022-11-16,6.924305188664991,7.58618730228738,6.644278140593981,7.58618730228738,15377400.0
HDB,2022-11-17,7.484359284807012,7.917128359098575,7.484359284807012,7.789843337248115,8101100.0
HDB,2022-11-18,7.789843337248115,7.789843337248115,7.331617258586461,7.637101311027564,3322500.0
HDB,2022-11-21,7.789843337248115,7.789843337248115,7.458902280436921,7.535273293547196,6028700.0
HDB,2022-11-22,7.637101311027564,7.738929328507931,7.433445276066829,7.458902280436921,2630900.0
HDB,2022-11-23,7.637101311027564,7.637101311027564,7.433445276066829,7.458902280436921,1809500.0
HDB,2022-11-24,7.58618730228738,7.58618730228738,7.331617258586461,7.535273293547196,1397500.0
HDB,2022-11-25,7.611644306657471,7.611644306657471,7.509816289177104,7.611644306657471,945600.0
HDB,2022-11-28,7.637101311027564,7.917128359098575,7.637101311027564,7.866214350358391,2203900.0
HDB,2022-11-29,7.891671354728483,8.018956376578942,7.637101311027564,7.866214350358391,1864100.0
HDB,2022-11-30,7.891671354728483,8.018956376578942,7.71347232413784,7.917128359098575,2034700.0
HDB,2022-12-01,8.146241398429401,8.222612411539677,7.968042367838758,8.120784394059308,3244400.0
HDB,2022-12-02,8.197155407169586,8.40081144213032,8.197155407169586,8.40081144213032,2276600.0
HDB,2022-12-05,8.706295494571423,8.731752498941514,8.477182455240595,8.629924481461147,3911000.0
HDB,2022-12-06,8.884494525162065,8.884494525162065,8.349897433390135,8.349897433390135,5460300.0
HDB,2022-12-07,8.324440429020045,8.40081144213032,8.069870385319126,8.095327389689217,1569900.0
HDB,2022-12-08,8.298983424649952,8.528096463980779,8.248069415909768,8.40081144213032,5321800.0
HDB,2022-12-09,8.655381485831239,8.655381485831239,8.40081144213032,8.553553468350872,2878900.0
HDB,2022-12-12,8.731752498941514,8.731752498941514,8.248069415909768,8.248069415909768,4325500.0
HDB,2022-12-13,8.553553468350872,8.553553468350872,8.197155407169586,8.375354437760228,5763200.0
HDB,2022-12-14,8.477182455240595,8.477182455240595,8.349897433390135,8.375354437760228,2876800.0
HDB,2022-12-15,8.502639459610688,8.553553468350872,8.375354437760228,8.528096463980779,5372600.0
HDB,2022-12-16,8.528096463980779,8.884494525162065,8.528096463980779,8.808123512051791,6009700.0
HDB,2022-12-19,8.909951529532158,9.113607564492892,8.833580516421883,8.833580516421883,4821600.0
HDB,2022-12-20,8.859037520791974,8.909951529532158,8.324440429020045,8.477182455240595,6344800.0
HDB,2022-12-21,8.655381485831239,8.655381485831239,8.40081144213032,8.553553468350872,2318900.0
HDB,2022-12-22,8.655381485831239,8.731752498941514,8.502639459610688,8.579010472720963,2644200.0
HDB,2022-12-23,8.604467477091054,8.655381485831239,8.528096463980779,8.655381485831239,3772300.0
HDB,2022-12-26,8.655381485831239,8.757209503311605,8.222612411539677,8.273526420279861,5865400.0
HDB,2022-12-27,8.349897433390135,8.40081144213032,8.248069415909768,8.324440429020045,2247000.0
HDB,2022-12-28,8.349897433390135,8.40081144213032,8.146241398429401,8.248069415909768,1580400.0
HDB,2022-12-29,8.120784394059308,8.349897433390135,8.095327389689217,8.095327389689217,2001200.0
HDB,2022-12-30,8.095327389689217,8.120784394059308,7.968042367838758,8.120784394059308,6461800.0
HDB,2023-01-03,8.197155407169586,8.40081144213032,8.095327389689217,8.40081144213032,946300.0
HDB,2023-01-04,8.553553468350872,8.553553468350872,8.324440429020045,8.324440429020045,2554700.0
HDB,2023-01-05,8.349897433390135,8.40081144213032,8.298983424649952,8.349897433390135,2987600.0
HDB,2023-01-06,8.349897433390135,8.604467477091054,8.324440429020045,8.375354437760228,8679400.0
HDB,2023-01-09,8.451725450870505,8.579010472720963,8.426268446500412,8.528096463980779,1519200.0
HDB,2023-01-10,8.579010472720963,8.579010472720963,8.40081144213032,8.528096463980779,2218300.0
HDB,2023-01-11,8.528096463980779,8.604467477091054,8.451725450870505,8.502639459610688,4380800.0
HDB,2023-01-12,8.502639459610688,8.604467477091054,8.451725450870505,8.451725450870505,3679800.0
HDB,2023-01-13,8.553553468350872,8.629924481461147,8.451725450870505,8.477182455240595,2104100.0
HDB,2023-01-16,8.579010472720963,8.655381485831239,8.502639459610688,8.604467477091054,2829200.0
HDB,2023-01-17,8.706295494571423,8.782666507681698,8.655381485831239,8.782666507681698,1944400.0
HDB,2023-01-18,8.859037520791974,9.037236551382618,8.782666507681698,8.884494525162065,2425400.0
HDB,2023-01-19,8.960865538272342,9.062693555752709,8.859037520791974,8.909951529532158,4525600.0
HDB,2023-01-27,9.139064568862985,9.164521573233076,8.986322542642432,9.011779547012525,1546900.0
HDB,2023-01-30,9.113607564492892,9.317263599453629,9.011779547012525,9.291806595083536,4061000.0
HDB,2023-01-31,9.291806595083536,9.49546263004427,9.189978577603169,9.49546263004427,7304500.0
HDB,2023-02-01,9.520919634414362,9.928231704335833,9.520919634414362,9.673661660634915,5421700.0
HDB,2023-02-02,9.673661660634915,9.699118665005006,9.34272060382372,9.34272060382372,2513300.0
HDB,2023-02-03,9.419091616933995,9.444548621304088,9.062693555752709,9.444548621304088,10697300.0
HDB,2023-02-06,9.317263599453629,9.419091616933995,9.189978577603169,9.419091616933995,2209800.0
HDB,2023-02-07,9.419091616933995,9.47000562567418,9.164521573233076,9.164521573233076,2236800.0
HDB,2023-02-08,9.062693555752709,9.368177608193811,9.011779547012525,9.317263599453629,14223900.0
HDB,2023-02-09,9.317263599453629,9.393634612563902,9.062693555752709,9.266349590713444,2289800.0
HDB,2023-02-10,9.164521573233076,9.317263599453629,9.113607564492892,9.240892586343351,1596100.0
HDB,2023-02-13,9.164521573233076,9.189978577603169,8.884494525162065,9.189978577603169,2384400.0
HDB,2023-02-14,9.164521573233076,9.266349590713444,8.986322542642432,8.986322542642432,1486800.0
HDB,2023-02-15,8.986322542642432,9.189978577603169,8.960865538272342,9.062693555752709,1811500.0
HDB,2023-02-16,9.037236551382618,9.419091616933995,9.037236551382618,9.419091616933995,2971500.0
HDB,2023-02-17,9.291806595083536,9.393634612563902,9.21543558197326,9.393634612563902,1997300.0
HDB,2023-02-20,9.393634612563902,9.571833643154546,9.317263599453629,9.571833643154546,2806900.0
HDB,2023-02-21,9.571833643154546,9.673661660634915,9.47000562567418,9.673661660634915,3492800.0
HDB,2023-02-22,9.622747651894729,9.673661660634915,9.419091616933995,9.419091616933995,1912300.0
HDB,2023-02-23,9.34272060382372,9.34272060382372,8.960865538272342,9.189978577603169,2996200.0
HDB,2023-02-24,9.088150560122802,9.266349590713444,8.909951529532158,8.909951529532158,1578400.0
HDB,2023-02-27,8.909951529532158,8.909951529532158,8.604467477091054,8.604467477091054,7281100.0
HDB,2023-02-28,8.655381485831239,8.884494525162065,8.655381485831239,8.680838490201332,4278400.0
HDB,2023-03-01,8.680838490201332,9.062693555752709,8.477182455240595,9.011779547012525,4492500.0
HDB,2023-03-02,8.960865538272342,9.164521573233076,8.93540853390225,9.164521573233076,1880100.0
HDB,2023-03-03,9.164521573233076,9.189978577603169,8.859037520791974,9.062693555752709,1240100.0
HDB,2023-03-06,9.088150560122802,9.291806595083536,8.909951529532158,9.164521573233076,3111700.0
HDB,2023-03-07,9.113607564492892,9.47000562567418,9.113607564492892,9.419091616933995,6587700.0
HDB,2023-03-08,9.164521573233076,9.47000562567418,9.164521573233076,9.47000562567418,3426981.0
HDB,2023-03-09,9.419091616933995,9.520919634414362,9.266349590713444,9.419091616933995,1197800.0
HDB,2023-03-10,9.266349590713444,9.419091616933995,9.189978577603169,9.419091616933995,1956300.0
HDB,2023-03-13,9.266349590713444,9.47000562567418,9.21543558197326,9.393634612563902,2748900.0
HDB,2023-03-14,9.240892586343351,9.393634612563902,9.189978577603169,9.189978577603169,1783200.0
HDB,2023-03-15,9.291806595083536,9.520919634414362,9.291806595083536,9.419091616933995,2758500.0
HDB,2023-03-16,9.419091616933995,9.520919634414362,8.960865538272342,9.088150560122802,2118500.0
HDB,2023-03-17,9.266349590713444,9.419091616933995,9.113607564492892,9.419091616933995,2990200.0
HDB,2023-03-20,9.21543558197326,9.240892586343351,8.960865538272342,9.062693555752709,2908600.0
HDB,2023-03-21,9.164521573233076,9.164521573233076,8.833580516421883,8.859037520791974,5107700.0
HDB,2023-03-22,9.011779547012525,9.062693555752709,8.859037520791974,8.986322542642432,3366300.0
HDB,2023-03-23,8.986322542642432,9.037236551382618,8.909951529532158,8.986322542642432,1840000.0
HDB,2023-03-24,9.011779547012525,9.266349590713444,9.011779547012525,9.189978577603169,1377400.0
HDB,2023-03-27,9.266349590713444,9.291806595083536,9.113607564492892,9.266349590713444,1265000.0
HDB,2023-03-28,9.266349590713444,9.317263599453629,9.139064568862985,9.240892586343351,2388100.0
HDB,2023-03-29,9.266349590713444,9.34272060382372,9.189978577603169,9.21543558197326,1524856.0
HDB,2023-03-30,9.317263599453629,9.622747651894729,9.317263599453629,9.520919634414362,8521600.0
HDB,2023-03-31,9.520919634414362,9.877317695595648,9.520919634414362,9.800946682485373,6818700.0
HDB,2023-04-03,9.902774699965741,9.928231704335833,9.673661660634915,9.851860691225557,3952500.0
HDB,2023-04-04,9.775489678115282,9.826403686855466,9.699118665005006,9.750032673745189,2694600.0
HDB,2023-04-05,9.826403686855466,10.0300597218162,9.775489678115282,10.0300597218162,10575400.0
HDB,2023-04-06,10.0300597218162,10.233715756776936,9.953688708705926,10.004602717446108,6462200.0
HDB,2023-04-07,9.928231704335833,10.004602717446108,9.775489678115282,9.902774699965741,2687600.0
HDB,2023-04-10,9.928231704335833,10.055516726186292,9.928231704335833,10.0300597218162,5370900.0
HDB,2023-04-11,9.979145713076017,10.0300597218162,9.826403686855466,9.953688708705926,8561800.0
HDB,2023-04-12,9.953688708705926,10.0300597218162,9.953688708705926,10.004602717446108,3612300.0
HDB,2023-04-13,10.004602717446108,10.0300597218162,9.826403686855466,10.0300597218162,2786000.0
HDB,2023-04-14,10.055516726186292,10.055516726186292,9.928231704335833,9.928231704335833,2385600.0
HDB,2023-04-17,9.851860691225557,9.928231704335833,9.826403686855466,9.826403686855466,1407200.0
HDB,2023-04-18,9.826403686855466,9.877317695595648,9.724575669375099,9.851860691225557,6570633.0
HDB,2023-04-19,9.851860691225557,9.851860691225557,9.699118665005006,9.699118665005006,3255500.0
HDB,2023-04-20,9.699118665005006,9.826403686855466,9.673661660634915,9.775489678115282,936500.0
HDB,2023-04-21,9.775489678115282,9.775489678115282,9.571833643154546,9.571833643154546,1729100.0
HDB,2023-04-24,9.724575669375099,9.775489678115282,9.49546263004427,9.546376638784455,5824700.0
HDB,2023-04-25,9.546376638784455,9.59729064752464,9.317263599453629,9.34272060382372,2687000.0
HDB,2023-04-26,9.34272060382372,9.622747651894729,9.317263599453629,9.622747651894729,8438468.0
HDB,2023-04-27,9.622747651894729,9.699118665005006,9.49546263004427,9.673661660634915,14022725.0
HDB,2023-04-28,9.673661660634915,9.724575669375099,9.571833643154546,9.571833643154546,6956495.0
HDB,2023-05-04,9.520919634414362,9.648204656264822,9.520919634414362,9.571833643154546,8435600.0
HDB,2023-05-05,9.571833643154546,9.699118665005006,9.49546263004427,9.699118665005006,7526900.0
HDB,2023-05-08,9.724575669375099,9.877317695595648,9.699118665005006,9.775489678115282,3913900.0
HDB,2023-05-09,9.826403686855466,9.877317695595648,9.699118665005006,9.699118665005006,2358900.0
HDB,2023-05-10,9.775489678115282,9.775489678115282,9.673661660634915,9.750032673745189,9046300.0
HDB,2023-05-11,9.775489678115282,9.826403686855466,9.724575669375099,9.775489678115282,5170700.0
HDB,2023-05-12,9.877317695595648,9.877317695595648,9.775489678115282,9.877317695595648,6569700.0
HDB,2023-05-15,9.877317695595648,10.004602717446108,9.877317695595648,9.877317695595648,13269100.0
HDB,2023-05-16,9.928231704335833,9.953688708705926,9.877317695595648,9.928231704335833,17031300.0
HDB,2023-05-17,9.928231704335833,9.979145713076017,9.902774699965741,9.979145713076017,29284100.0
HDB,2023-05-18,9.979145713076017,9.979145713076017,9.851860691225557,9.877317695595648,14483200.0
HDB,2023-05-19,9.953688708705926,9.953688708705926,9.800946682485373,9.877317695595648,5313700.0
HDB,2023-05-22,9.826403686855466,9.928231704335833,9.826403686855466,9.902774699965741,8814800.0
HDB,2023-05-23,9.928231704335833,9.953688708705926,9.851860691225557,9.928231704335833,9180700.0
HDB,2023-05-24,9.928231704335833,9.979145713076017,9.877317695595648,9.928231704335833,1704900.0
HDB,2023-05-25,9.928231704335833,9.928231704335833,9.851860691225557,9.928231704335833,2669200.0
HDB,2023-05-26,9.953688708705926,9.953688708705926,9.877317695595648,9.928231704335833,1268401.0
HDB,2023-05-29,9.981897822091677,10.142896174060896,9.981897822091677,10.089230056737822,2299100.0
HDB,2023-05-30,10.142896174060896,10.142896174060896,9.981897822091677,10.089230056737822,2378900.0
HDB,2023-05-31,10.00873088075321,10.035563939414748,9.847732528783991,9.874565587445527,2583600.0
HDB,2023-06-01,9.874565587445527,9.981897822091677,9.713567235476308,9.981897822091677,5702700.0
HDB,2023-06-02,10.035563939414748,10.250228408707043,10.00873088075321,10.223395350045507,5647100.0
HDB,2023-06-05,10.303894526030117,10.35756064335319,10.169729232722432,10.223395350045507,5427301.0
HDB,2023-06-06,10.19656229138397,10.303894526030117,10.142896174060896,10.303894526030117,4078300.0
HDB,2023-06-07,10.303894526030117,10.303894526030117,10.169729232722432,10.19656229138397,2346442.0
HDB,2023-06-08,10.250228408707043,10.250228408707043,10.035563939414748,10.035563939414748,4232900.0
HDB,2023-06-09,10.00873088075321,10.062396998076286,9.874565587445527,9.928231704768601,3092200.0
HDB,2023-06-12,10.035563939414748,10.035563939414748,9.847732528783991,9.874565587445527,3293000.0
HDB,2023-06-13,9.901398646107065,9.981897822091677,9.874565587445527,9.981897822091677,3327000.0
HDB,2023-06-14,9.928231704768601,10.11606311539936,9.928231704768601,10.00873088075321,4731900.0
HDB,2023-06-15,10.00873088075321,10.035563939414748,9.928231704768601,10.00873088075321,1730300.0
HDB,2023-06-16,10.00873088075321,10.169729232722432,9.981897822091677,9.981897822091677,4510800.0
HDB,2023-06-19,9.928231704768601,9.981897822091677,9.847732528783991,9.847732528783991,14732600.0
HDB,2023-06-20,9.847732528783991,10.035563939414748,9.76723335279938,10.035563939414748,18781236.0
HDB,2023-06-21,9.955064763430139,10.00873088075321,9.874565587445527,10.00873088075321,12329700.0
HDB,2023-06-22,10.035563939414748,10.11606311539936,9.981897822091677,10.035563939414748,12257600.0
HDB,2023-06-23,10.035563939414748,10.11606311539936,9.955064763430139,10.00873088075321,7648700.0
HDB,2023-06-26,10.00873088075321,10.142896174060896,9.981897822091677,10.089230056737822,7004200.0
HDB,2023-06-27,10.062396998076286,10.089230056737822,10.00873088075321,10.035563939414748,3210100.0
HDB,2023-06-28,10.035563939414748,10.089230056737822,9.981897822091677,10.062396998076286,3999900.0
HDB,2023-06-29,10.062396998076286,10.089230056737822,9.820899470122455,9.847732528783991,19010800.0
HDB,2023-06-30,9.928231704768601,10.062396998076286,9.820899470122455,9.981897822091677,3043000.0
HDB,2023-07-03,10.00873088075321,10.062396998076286,9.901398646107065,9.901398646107065,1849600.0
HDB,2023-07-04,9.928231704768601,10.035563939414748,9.901398646107065,9.955064763430139,3323782.0
HDB,2023-07-05,10.00873088075321,10.00873088075321,9.901398646107065,9.901398646107065,9031300.0
HDB,2023-07-06,9.901398646107065,9.928231704768601,9.713567235476308,9.76723335279938,14443722.0
HDB,2023-07-07,9.76723335279938,9.874565587445527,9.740400294137844,9.847732528783991,6223700.0
HDB,2023-07-10,9.874565587445527,9.928231704768601,9.794066411460918,9.847732528783991,6132500.0
HDB,2023-07-11,9.847732528783991,9.981897822091677,9.847732528783991,9.981897822091677,5716300.0
HDB,2023-07-12,10.00873088075321,10.00873088075321,9.901398646107065,9.955064763430139,6163582.0
HDB,2023-07-13,9.955064763430139,10.00873088075321,9.901398646107065,9.981897822091677,1681400.0
HDB,2023-07-14,10.035563939414748,10.142896174060896,9.955064763430139,10.142896174060896,8791100.0
HDB,2023-07-17,10.19656229138397,10.19656229138397,10.089230056737822,10.142896174060896,9062400.0
HDB,2023-07-18,10.169729232722432,10.169729232722432,10.089230056737822,10.142896174060896,3376801.0
HDB,2023-07-19,10.43000990173934,10.43000990173934,10.30657783189627,10.399151884278574,10122801.0
HDB,2023-07-20,10.460867919200107,10.491725936660874,10.399151884278574,10.491725936660874,7114408.0
HDB,2023-07-21,10.491725936660874,10.615158006503943,10.368293866817805,10.615158006503943,16257026.0
HDB,2023-07-24,10.676874041425478,10.676874041425478,10.553441971582409,10.64601602396471,2326837.0
HDB,2023-07-25,10.584299989043174,10.676874041425478,10.522583954121641,10.615158006503943,4514118.0
HDB,2023-07-26,10.615158006503943,10.615158006503943,10.522583954121641,10.615158006503943,7830230.0
HDB,2023-07-27,10.615158006503943,10.954596198572384,10.553441971582409,10.615158006503943,7347422.0
HDB,2023-07-28,10.64601602396471,10.676874041425478,10.584299989043174,10.64601602396471,4838826.0
HDB,2023-07-31,10.615158006503943,10.73859007634701,10.615158006503943,10.707732058886245,3003942.0
HDB,2023-08-01,10.862022146190082,10.892880163650847,10.73859007634701,10.831164128729315,12032428.0
HDB,2023-08-02,10.831164128729315,10.831164128729315,10.707732058886245,10.73859007634701,1483136.0
HDB,2023-08-03,10.73859007634701,10.831164128729315,10.615158006503943,10.615158006503943,17086023.0
HDB,2023-08-04,10.64601602396471,10.707732058886245,10.584299989043174,10.584299989043174,4535685.0
HDB,2023-08-07,10.676874041425478,10.800306111268547,10.64601602396471,10.707732058886245,4429740.0
HDB,2023-08-08,10.73859007634701,10.800306111268547,10.676874041425478,10.707732058886245,3477835.0
HDB,2023-08-09,10.73859007634701,10.73859007634701,10.584299989043174,10.676874041425478,5215937.0
HDB,2023-08-10,10.707732058886245,10.769448093807778,10.584299989043174,10.615158006503943,2795137.0
HDB,2023-08-11,10.64601602396471,10.64601602396471,10.460867919200107,10.522583954121641,2731932.0
HDB,2023-08-14,10.522583954121641,10.584299989043174,10.491725936660874,10.584299989043174,2492256.0
HDB,2023-08-15,10.615158006503943,10.64601602396471,10.491725936660874,10.522583954121641,2157056.0
HDB,2023-08-16,10.553441971582409,10.615158006503943,10.491725936660874,10.584299989043174,2740044.0
HDB,2023-08-17,10.584299989043174,10.64601602396471,10.491725936660874,10.584299989043174,5359236.0
HDB,2023-08-18,10.553441971582409,10.553441971582409,9.96713963982783,9.997997657288597,6580607.0
HDB,2023-08-21,9.87456558744553,10.1831457620532,9.87456558744553,9.997997657288597,5366538.0
HDB,2023-08-22,9.997997657288597,10.121429727131666,9.781991535063227,10.121429727131666,3257045.0
HDB,2023-08-23,10.028855674749364,10.121429727131666,9.905423604906296,9.936281622367064,1948110.0
HDB,2023-08-24,9.936281622367064,10.121429727131666,9.905423604906296,9.997997657288597,7153607.0
HDB,2023-08-25,9.936281622367064,10.0905717096709,9.936281622367064,10.028855674749364,1763207.0
HDB,2023-08-28,9.96713963982783,10.059713692210133,9.96713963982783,10.059713692210133,9895027.0
HDB,2023-08-29,9.997997657288597,10.059713692210133,9.936281622367064,9.997997657288597,2955000.0
HDB,2023-08-30,10.028855674749364,10.0905717096709,9.997997657288597,10.0905717096709,2390102.0
HDB,2023-08-31,10.059713692210133,10.399151884278574,10.059713692210133,10.399151884278574,30641005.0
HDB,2023-09-05,10.43000990173934,10.584299989043174,10.337435849357037,10.553441971582409,9974507.0
HDB,2023-09-06,10.553441971582409,10.615158006503943,10.460867919200107,10.615158006503943,3689908.0
HDB,2023-09-07,10.615158006503943,10.707732058886245,10.584299989043174,10.676874041425478,4474205.0
HDB,2023-09-08,10.615158006503943,10.707732058886245,10.553441971582409,10.707732058886245,8576985.0
HDB,2023-09-11,10.769448093807778,10.800306111268547,10.553441971582409,10.553441971582409,10828122.0
HDB,2023-09-12,10.584299989043174,10.73859007634701,10.491725936660874,10.73859007634701,6726179.0
HDB,2023-09-13,10.73859007634701,10.800306111268547,10.64601602396471,10.769448093807778,24180300.0
HDB,2023-09-14,10.769448093807778,10.862022146190082,10.676874041425478,10.800306111268547,29533600.0
HDB,2023-09-15,10.831164128729315,11.108886285876219,10.800306111268547,11.108886285876219,15132500.0
HDB,2023-09-18,11.108886285876219,11.139744303336988,10.800306111268547,10.862022146190082,18341700.0
HDB,2023-09-19,10.892880163650847,10.923738181111615,10.707732058886245,10.923738181111615,27270200.0
HDB,2023-09-20,10.923738181111615,11.108886285876219,10.862022146190082,11.016312233493919,25325309.0
HDB,2023-09-21,11.016312233493919,11.016312233493919,10.831164128729315,10.831164128729315,8744500.0
HDB,2023-09-22,10.769448093807778,10.862022146190082,10.553441971582409,10.831164128729315,14117400.0
HDB,2023-09-25,10.769448093807778,10.862022146190082,10.64601602396471,10.73859007634701,20515014.0
HDB,2023-09-26,10.676874041425478,10.800306111268547,10.553441971582409,10.73859007634701,17619500.0
HDB,2023-09-27,10.64601602396471,10.73859007634701,10.553441971582409,10.73859007634701,18742000.0
HDB,2023-09-28,10.707732058886245,10.73859007634701,10.43000990173934,10.676874041425478,13970300.0
HDB,2023-09-29,10.707732058886245,10.73859007634701,10.615158006503943,10.707732058886245,11553800.0
HDB,2023-10-02,10.707732058886245,10.769448093807778,10.553441971582409,10.553441971582409,10133000.0
HDB,2023-10-03,10.553441971582409,10.553441971582409,10.337435849357037,10.553441971582409,10069400.0
HDB,2023-10-04,10.522583954121641,10.553441971582409,10.399151884278574,10.553441971582409,9778000.0
HDB,2023-10-05,10.553441971582409,10.584299989043174,10.399151884278574,10.460867919200107,9319700.0
HDB,2023-10-06,10.460867919200107,10.553441971582409,10.399151884278574,10.553441971582409,7610000.0
HDB,2023-10-09,10.522583954121641,10.584299989043174,10.43000990173934,10.522583954121641,8461500.0
HDB,2023-10-10,10.584299989043174,10.800306111268547,10.553441971582409,10.73859007634701,8604100.0
HDB,2023-10-11,10.769448093807778,10.862022146190082,10.64601602396471,10.862022146190082,8956800.0
HDB,2023-10-12,10.892880163650847,10.923738181111615,10.73859007634701,10.800306111268547,6639300.0
HDB,2023-10-13,10.769448093807778,10.862022146190082,10.676874041425478,10.862022146190082,9782000.0
HDB,2023-10-16,10.831164128729315,10.892880163650847,10.707732058886245,10.73859007634701,7670600.0
HDB,2023-10-17,10.923738181111615,10.985454216033151,10.800306111268547,10.831164128729315,9323500.0
HDB,2023-10-18,10.862022146190082,10.892880163650847,10.707732058886245,10.831164128729315,17017200.0
HDB,2023-10-19,10.800306111268547,10.831164128729315,10.707732058886245,10.800306111268547,7931200.0
HDB,2023-10-20,10.800306111268547,10.954596198572384,10.73859007634701,10.954596198572384,8989100.0
HDB,2023-10-23,10.954596198572384,10.954596198572384,10.615158006503943,10.800306111268547,8449800.0
HDB,2023-10-24,10.800306111268547,10.862022146190082,10.64601602396471,10.831164128729315,11880000.0
HDB,2023-10-25,10.831164128729315,10.862022146190082,10.676874041425478,10.800306111268547,15164200.0
HDB,2023-10-26,10.707732058886245,10.73859007634701,10.214003779513968,10.491725936660874,9618000.0
HDB,2023-10-27,10.522583954121641,10.707732058886245,10.399151884278574,10.64601602396471,17608200.0
HDB,2023-10-30,10.615158006503943,10.769448093807778,10.553441971582409,10.615158006503943,9801500.0
HDB,2023-10-31,10.769448093807778,10.769448093807778,10.491725936660874,10.615158006503943,10765700.0
HDB,2023-11-01,10.615158006503943,10.64601602396471,10.522583954121641,10.64601602396471,7576900.0
HDB,2023-11-02,10.676874041425478,10.862022146190082,10.584299989043174,10.862022146190082,16040800.0
HDB,2023-11-03,10.862022146190082,11.324892408101592,10.831164128729315,11.324892408101592,16488700.0
HDB,2023-11-06,11.324892408101592,11.355750425562357,11.170602320797755,11.263176373180055,12862600.0
HDB,2023-11-07,11.263176373180055,11.263176373180055,11.108886285876219,11.108886285876219,20906800.0
HDB,2023-11-08,11.108886285876219,11.602614565248496,11.078028268415451,11.602614565248496,11508800.0
HDB,2023-11-09,11.664330600170029,11.664330600170029,11.540898530326961,11.571756547787729,10084300.0
HDB,2023-11-10,11.540898530326961,11.633472582709263,11.355750425562357,11.633472582709263,11213800.0
HDB,2023-11-13,11.633472582709263,11.664330600170029,11.355750425562357,11.602614565248496,14662200.0
HDB,2023-11-14,11.633472582709263,11.695188617630798,11.44832447794466,11.571756547787729,11043700.0
HDB,2023-11-15,11.726046635091565,11.818620687473866,11.664330600170029,11.664330600170029,10547000.0
HDB,2023-11-16,11.756904652552333,11.756904652552333,11.571756547787729,11.695188617630798,7934600.0
HDB,2023-11-17,11.695188617630798,11.726046635091565,11.263176373180055,11.417466460483892,12140400.0
HDB,2023-11-20,11.232318355719288,11.602614565248496,11.20146033825852,11.540898530326961,15399400.0
HDB,2023-11-21,11.571756547787729,11.602614565248496,11.417466460483892,11.540898530326961,18328701.0
HDB,2023-11-22,11.571756547787729,11.602614565248496,11.386608443023125,11.479182495405427,6908400.0
HDB,2023-11-23,11.510040512866192,11.510040512866192,11.139744303336988,11.139744303336988,20774200.0
HDB,2023-11-24,11.170602320797755,11.355750425562357,11.139744303336988,11.294034390640823,10853900.0
HDB,2023-11-27,11.355750425562357,11.355750425562357,11.016312233493919,11.170602320797755,6316400.0
HDB,2023-11-28,11.170602320797755,11.20146033825852,10.985454216033151,11.139744303336988,5386700.0
HDB,2023-11-29,11.170602320797755,11.355750425562357,11.078028268415451,11.139744303336988,9091600.0
HDB,2023-11-30,11.108886285876219,11.20146033825852,11.047170250954684,11.108886285876219,6004100.0
HDB,2023-12-01,11.139744303336988,11.232318355719288,11.016312233493919,11.232318355719288,6841200.0
HDB,2023-12-04,11.263176373180055,11.479182495405427,11.170602320797755,11.417466460483892,7040300.0
HDB,2023-12-05,11.417466460483892,11.417466460483892,11.20146033825852,11.386608443023125,9533268.0
HDB,2023-12-06,11.479182495405427,11.602614565248496,11.386608443023125,11.479182495405427,8040800.0
HDB,2023-12-07,11.540898530326961,11.602614565248496,11.294034390640823,11.540898530326961,9275000.0
HDB,2023-12-08,11.540898530326961,11.602614565248496,11.479182495405427,11.571756547787729,9962100.0
HDB,2023-12-11,11.602614565248496,11.633472582709263,11.417466460483892,11.571756547787729,9058500.0
HDB,2023-12-12,11.602614565248496,11.602614565248496,11.479182495405427,11.602614565248496,7296000.0
HDB,2023-12-13,11.602614565248496,11.664330600170029,11.510040512866192,11.633472582709263,12751100.0
HDB,2023-12-14,11.633472582709263,11.726046635091565,11.571756547787729,11.664330600170029,6708900.0
HDB,2023-12-15,11.664330600170029,11.756904652552333,11.602614565248496,11.726046635091565,7306900.0
HDB,2023-12-18,11.756904652552333,11.756904652552333,11.232318355719288,11.355750425562357,37801700.0
HDB,2023-12-19,11.355750425562357,11.695188617630798,11.20146033825852,11.695188617630798,11753300.0
HDB,2023-12-20,11.695188617630798,11.695188617630798,11.355750425562357,11.602614565248496,33776000.0
HDB,2023-12-21,11.510040512866192,11.633472582709263,11.324892408101592,11.571756547787729,11404600.0
HDB,2023-12-22,11.571756547787729,11.695188617630798,11.44832447794466,11.695188617630798,10919900.0
HDB,2023-12-25,11.695188617630798,11.818620687473866,11.633472582709263,11.818620687473866,9929400.0
HDB,2023-12-26,11.849478704934633,11.849478704934633,11.695188617630798,11.849478704934633,13800500.0
HDB,2023-12-27,11.849478704934633,11.91119473985617,11.818620687473866,11.91119473985617,10506900.0
HDB,2023-12-28,11.849478704934633,11.942052757316937,11.726046635091565,11.942052757316937,12323600.0
HDB,2023-12-29,11.972910774777702,12.528355089071514,11.818620687473866,12.528355089071514,20602260.0
HDB,2024-01-02,12.34320698430691,12.497497071610747,12.158058879542306,12.281490949385375,6716700.0
HDB,2024-01-03,12.281490949385375,12.34320698430691,12.219774914463843,12.34320698430691,9186900.0
HDB,2024-01-04,12.374065001767677,12.68264517637535,12.312348966846143,12.590071123993047,11205900.0
HDB,2024-01-05,12.590071123993047,12.651787158914583,12.46663905414998,12.651787158914583,6534200.0
HDB,2024-01-08,12.68264517637535,12.80607724621842,12.620929141453816,12.68264517637535,5752500.0
HDB,2024-01-09,12.68264517637535,12.713503193836118,12.590071123993047,12.68264517637535,7758100.0
HDB,2024-01-10,12.68264517637535,12.775219228757653,12.590071123993047,12.775219228757653,6372700.0
HDB,2024-01-11,12.775219228757653,12.867793281139955,12.744361211296884,12.836935263679187,5494800.0
HDB,2024-01-12,12.836935263679187,12.89865129860072,12.651787158914583,12.89865129860072,10184300.0
HDB,2024-01-15,12.929509316061488,12.960367333522257,12.744361211296884,12.960367333522257,7362560.0
HDB,2024-01-16,12.929509316061488,12.991225350983024,12.836935263679187,12.960367333522257,15182475.0
HDB,2024-01-17,12.960367333522257,12.960367333522257,12.68264517637535,12.867793281139955,7111200.0
HDB,2024-01-18,12.867793281139955,12.89865129860072,12.775219228757653,12.836935263679187,5720600.0
HDB,2024-01-19,12.836935263679187,12.929509316061488,12.80607724621842,12.929509316061488,7277600.0
HDB,2024-01-22,12.960367333522257,13.083799403365324,12.836935263679187,13.083799403365324,14591600.0
HDB,2024-01-23,13.083799403365324,13.114657420826092,12.836935263679187,12.960367333522257,7883600.0
HDB,2024-01-24,12.960367333522257,13.052941385904557,12.867793281139955,13.052941385904557,7038900.0
HDB,2024-01-25,13.052941385904557,13.052941385904557,12.89865129860072,12.991225350983024,10419800.0
HDB,2024-01-26,12.991225350983024,13.176373455747628,12.991225350983024,13.14551543828686,15084900.0
HDB,2024-01-29,13.14551543828686,13.207231473208394,13.114657420826092,13.207231473208394,5915200.0
HDB,2024-01-30,13.23808949066916,13.546669665276834,13.207231473208394,13.484953630355301,9748600.0
HDB,2024-01-31,13.484953630355301,13.577527682737601,13.268947508129928,13.454095612894532,8954700.0
HDB,2024-02-01,13.454095612894532,13.515811647816067,13.392379577972997,13.454095612894532,6271200.0
HDB,2024-02-02,13.454095612894532,13.793533804962973,13.454095612894532,13.793533804962973,9315300.0
HDB,2024-02-05,13.793533804962973,14.009539927188342,13.70095975258067,13.978681909727575,11174100.0
HDB,2024-02-06,13.978681909727575,14.225546049413715,13.94782389226681,14.194688031952946,7738900.0
HDB,2024-02-07,14.225546049413715,14.534126224021387,14.163830014492179,14.534126224021387,5967301.0
HDB,2024-02-15,14.595842258942922,14.688416311325224,14.348978119256783,14.595842258942922,6878100.0
HDB,2024-02-16,14.564984241482156,14.595842258942922,14.318120101796016,14.37983613671755,6111700.0
HDB,2024-02-19,14.37983613671755,14.41069415417832,14.163830014492179,14.41069415417832,11570400.0
HDB,2024-02-20,14.37983613671755,14.595842258942922,14.194688031952946,14.564984241482156,7710900.0
HDB,2024-02-21,14.534126224021387,14.657558293864456,14.318120101796016,14.50326820656062,6221800.0
HDB,2024-02-22,14.50326820656062,14.50326820656062,14.132971997031412,14.132971997031412,10051400.0
HDB,2024-02-23,14.132971997031412,14.225546049413715,13.886107857345275,13.886107857345275,8391000.0
HDB,2024-02-26,13.886107857345275,14.132971997031412,13.855249839884506,14.009539927188342,6097500.0
HDB,2024-02-27,14.009539927188342,14.194688031952946,13.916965874806042,14.009539927188342,7854600.0
HDB,2024-02-28,14.009539927188342,14.318120101796016,14.009539927188342,14.318120101796016,7852001.0
HDB,2024-02-29,14.318120101796016,14.441552171639085,14.287262084335248,14.37983613671755,6724000.0
HDB,2024-03-01,14.37983613671755,14.41069415417832,14.163830014492179,14.37983613671755,6105501.0
HDB,2024-03-04,14.37983613671755,14.41069415417832,14.256404066874483,14.37983613671755,6618000.0
HDB,2024-03-05,14.37983613671755,14.50326820656062,14.194688031952946,14.50326820656062,8575800.0
HDB,2024-03-06,14.41069415417832,14.50326820656062,14.163830014492179,14.472410189099852,9588501.0
HDB,2024-03-07,14.256404066874483,14.441552171639085,14.256404066874483,14.287262084335248,6537400.0
HDB,2024-03-08,14.287262084335248,14.287262084335248,14.040397944649111,14.194688031952946,7031400.0
HDB,2024-03-11,14.194688031952946,14.287262084335248,14.040397944649111,14.256404066874483,9062300.0
HDB,2024-03-12,14.225546049413715,14.225546049413715,13.855249839884506,14.163830014492179,7417000.0
HDB,2024-03-13,14.163830014492179,14.318120101796016,13.94782389226681,14.256404066874483,8644700.0
HDB,2024-03-14,14.287262084335248,14.287262084335248,14.040397944649111,14.163830014492179,8217520.0
HDB,2024-03-15,14.071255962109879,14.256404066874483,13.978681909727575,14.194688031952946,6210801.0
HDB,2024-03-18,14.194688031952946,14.225546049413715,13.762675787502205,13.762675787502205,9695201.0
HDB,2024-03-19,13.762675787502205,13.793533804962973,13.299805525590696,13.793533804962973,8977800.0
HDB,2024-03-20,13.824391822423738,14.071255962109879,13.454095612894532,13.94782389226681,6798300.0
HDB,2024-03-21,13.978681909727575,14.750132346246756,13.916965874806042,14.750132346246756,15329000.0
HDB,2024-03-22,14.750132346246756,14.780990363707526,14.595842258942922,14.688416311325224,6675900.0
HDB,2024-03-25,14.688416311325224,14.688416311325224,14.41069415417832,14.534126224021387,13200100.0
HDB,2024-03-26,14.50326820656062,14.93528045101136,14.441552171639085,14.93528045101136,12651000.0
HDB,2024-03-27,14.996996485932897,15.120428555775966,14.780990363707526,14.904422433550593,6020400.0
HDB,2024-03-28,14.811848381168293,14.96613846847213,14.811848381168293,14.96613846847213,5404000.0
HDB,2024-03-29,14.996996485932897,14.996996485932897,14.688416311325224,14.873564416089827,8004100.0
HDB,2024-04-01,14.873564416089827,14.904422433550593,14.595842258942922,14.811848381168293,6987100.0
HDB,2024-04-02,14.626700276403689,14.780990363707526,14.50326820656062,14.750132346246756,5775100.0
HDB,2024-04-03,14.71927432878599,14.750132346246756,14.41069415417832,14.441552171639085,8622300.0
HDB,2024-04-04,14.441552171639085,14.688416311325224,14.41069415417832,14.41069415417832,6108000.0
HDB,2024-04-05,14.37983613671755,14.626700276403689,14.318120101796016,14.41069415417832,6532400.0
HDB,2024-04-08,14.41069415417832,14.811848381168293,14.37983613671755,14.750132346246756,18267300.0
HDB,2024-04-09,14.750132346246756,14.84270639862906,14.626700276403689,14.780990363707526,10042400.0
HDB,2024-04-10,14.811848381168293,14.84270639862906,14.564984241482156,14.780990363707526,10765700.0
HDB,2024-04-11,14.626700276403689,14.811848381168293,14.50326820656062,14.811848381168293,5729900.0
HDB,2024-04-12,14.811848381168293,15.05871252085443,14.595842258942922,14.996996485932897,8521700.0
HDB,2024-04-15,14.96613846847213,15.027854503393664,14.37983613671755,14.50326820656062,14655029.0
HDB,2024-04-16,14.50326820656062,14.595842258942922,14.194688031952946,14.50326820656062,16256650.0
HDB,2024-04-17,14.534126224021387,14.534126224021387,13.824391822423738,14.194688031952946,16282901.0
HDB,2024-04-19,14.009539927188342,14.040397944649111,13.515811647816067,13.731817770041438,18051500.0
HDB,2024-04-22,13.762675787502205,13.978681909727575,13.70095975258067,13.824391822423738,10672200.0
HDB,2024-04-23,13.70095975258067,13.855249839884506,13.330663543051465,13.70095975258067,8736200.0
HDB,2024-04-24,13.762675787502205,13.94782389226681,13.70095975258067,13.824391822423738,16280200.0
HDB,2024-04-25,13.824391822423738,13.978681909727575,13.731817770041438,13.886107857345275,13437500.0
HDB,2024-04-26,13.886107857345275,14.564984241482156,13.793533804962973,14.564984241482156,13636900.0
HDB,2024-05-02,14.564984241482156,14.595842258942922,14.41069415417832,14.595842258942922,6123700.0
HDB,2024-05-03,14.595842258942922,15.089570538315197,14.595842258942922,15.089570538315197,11642400.0
HDB,2024-05-06,15.120428555775966,15.120428555775966,14.71927432878599,14.996996485932897,12282801.0
HDB,2024-05-07,15.05871252085443,15.05871252085443,14.71927432878599,14.996996485932897,16545500.0
HDB,2024-05-08,14.96613846847213,14.996996485932897,14.71927432878599,14.873564416089827,14005125.0
HDB,2024-05-09,14.873564416089827,14.93528045101136,14.534126224021387,14.626700276403689,7899800.0
HDB,2024-05-10,14.657558293864456,14.688416311325224,14.441552171639085,14.626700276403689,8273500.0
HDB,2024-05-13,14.626700276403689,14.657558293864456,14.348978119256783,14.348978119256783,7028400.0
HDB,2024-05-14,14.37983613671755,14.626700276403689,14.37983613671755,14.37983613671755,10556900.0
HDB,2024-05-15,14.41069415417832,14.564984241482156,14.37983613671755,14.50326820656062,7508600.0
HDB,2024-05-16,14.564984241482156,14.96613846847213,14.534126224021387,14.93528045101136,11158200.0
HDB,2024-05-17,14.96613846847213,15.151286573236733,14.84270639862906,14.996996485932897,17292100.0
HDB,2024-05-20,15.027854503393664,15.490724765305174,15.027854503393664,15.336434678001337,27094100.0
HDB,2024-05-21,15.336434678001337,15.367292695462103,15.05871252085443,15.243860625619034,8034700.0
HDB,2024-05-22,15.274718643079801,15.274718643079801,15.027854503393664,15.027854503393664,5713600.0
HDB,2024-05-23,15.05871252085443,15.243860625619034,14.811848381168293,15.243860625619034,7823600.0
HDB,2024-05-24,15.120428555775966,15.274718643079801,14.811848381168293,14.93528045101136,7296000.0
HDB,2024-05-27,14.93528045101136,14.996996485932897,14.626700276403689,14.688416311325224,16142300.0
HDB,2024-05-28,14.750132346246756,14.904422433550593,14.534126224021387,14.904422433550593,7911400.0
HDB,2024-05-29,14.904422433550593,14.904422433550593,14.472410189099852,14.472410189099852,22622600.0
HDB,2024-05-30,14.37983613671755,14.41069415417832,14.071255962109879,14.256404066874483,8706000.0
HDB,2024-05-31,14.287262084335248,14.37983613671755,14.256404066874483,14.348978119256783,4346800.0
HDB,2024-06-03,14.41069415417832,14.811848381168293,14.37983613671755,14.811848381168293,6683600.0
HDB,2024-06-04,14.873564416089827,14.904422433550593,14.688416311325224,14.780990363707526,5278200.0
HDB,2024-06-05,14.811848381168293,14.904422433550593,14.626700276403689,14.626700276403689,5965400.0
HDB,2024-06-06,14.626700276403689,14.780990363707526,14.50326820656062,14.626700276403689,9759100.0
HDB,2024-06-07,14.657558293864456,14.71927432878599,14.534126224021387,14.626700276403689,5688000.0
HDB,2024-06-10,14.657558293864456,14.750132346246756,14.595842258942922,14.750132346246756,6560900.0
HDB,2024-06-11,14.780990363707526,14.811848381168293,14.50326820656062,14.534126224021387,11081300.0
HDB,2024-06-12,14.564984241482156,14.811848381168293,14.441552171639085,14.811848381168293,8027000.0
HDB,2024-06-13,14.93528045101136,14.96613846847213,14.750132346246756,14.873564416089827,14022300.0
HDB,2024-06-14,14.93528045101136,14.96613846847213,14.780990363707526,14.780990363707526,11762600.0
HDB,2024-06-17,14.780990363707526,14.811848381168293,14.37983613671755,14.534126224021387,11874900.0
HDB,2024-06-18,14.564984241482156,14.657558293864456,14.50326820656062,14.626700276403689,8453600.0
HDB,2024-06-19,14.657558293864456,14.657558293864456,14.37983613671755,14.626700276403689,13111675.0
HDB,2024-06-20,14.595842258942922,14.657558293864456,14.37983613671755,14.564984241482156,12129900.0
HDB,2024-06-21,14.564984241482156,14.564984241482156,14.287262084335248,14.287262084335248,14017200.0
HDB,2024-06-24,14.287262084335248,14.348978119256783,13.793533804962973,13.793533804962973,17807500.0
HDB,2024-06-25,13.793533804962973,14.009539927188342,13.762675787502205,13.94782389226681,19725900.0
HDB,2024-06-26,13.94782389226681,14.009539927188342,13.886107857345275,14.009539927188342,11148900.0
HDB,2024-06-27,14.009539927188342,14.348978119256783,13.886107857345275,14.163830014492179,9455800.0
HDB,2024-06-28,14.163830014492179,14.194688031952946,14.009539927188342,14.194688031952946,7278900.0
HDB,2024-07-01,14.194688031952946,14.287262084335248,14.071255962109879,14.256404066874483,5484400.0
HDB,2024-07-02,14.287262084335248,14.93528045101136,14.287262084335248,14.873564416089827,17583500.0
HDB,2024-07-03,14.93528045101136,15.120428555775966,14.93528045101136,15.120428555775966,13400600.0
HDB,2024-07-04,15.1821445906975,15.1821445906975,14.996996485932897,15.151286573236733,15454900.0
HDB,2024-07-05,15.1821445906975,15.1821445906975,14.93528045101136,15.05871252085443,8580700.0
HDB,2024-07-08,15.120428555775966,15.120428555775966,14.93528045101136,15.05871252085443,26682500.0
HDB,2024-07-09,14.996996485932897,15.614156835148242,14.996996485932897,15.583298817687474,38378800.0
HDB,2024-07-10,15.583298817687474,15.675872870069774,15.30557666054057,15.39815071292287,8593300.0
HDB,2024-07-11,15.39815071292287,15.675872870069774,15.39815071292287,15.614156835148242,32798000.0
HDB,2024-07-12,15.710540519700826,15.742668414424141,15.38926157246768,15.517773151360938,10486900.0
HDB,2024-07-15,15.549901046084253,15.710540519700826,15.485645256637625,15.678412624977511,31128236.0
HDB,2024-07-16,15.710540519700826,15.935435782764028,15.646284730254198,15.903307888040713,12721900.0
HDB,2024-07-17,15.935435782764028,16.3209705194438,15.806924203870771,16.192458940550544,18945100.0
HDB,2024-07-18,16.22458683527386,16.256714729997174,15.806924203870771,16.128203151103918,37765736.0
HDB,2024-07-19,16.160331045827228,16.192458940550544,15.871179993317398,16.03181946693397,7612800.0
HDB,2024-07-22,15.967563677487343,16.256714729997174,15.806924203870771,16.256714729997174,12887300.0
HDB,2024-07-23,16.28884262472049,16.3209705194438,15.935435782764028,16.0960752563806,8620200.0
HDB,2024-07-24,15.967563677487343,16.128203151103918,15.806924203870771,16.0960752563806,9061801.0
HDB,2024-07-25,16.03181946693397,16.0960752563806,15.839052098594083,16.0960752563806,5506500.0
HDB,2024-07-26,16.0960752563806,16.256714729997174,16.03181946693397,16.128203151103918,7766500.0
HDB,2024-07-29,16.160331045827228,16.22458683527386,16.0960752563806,16.22458683527386,5021800.0
HDB,2024-07-30,16.22458683527386,16.256714729997174,16.0960752563806,16.256714729997174,15972000.0
HDB,2024-07-31,16.3209705194438,16.899272624463467,16.28884262472049,16.899272624463467,10109800.0
HDB,2024-08-01,16.93140051918678,17.15629578224998,16.51373788778369,16.57799367723032,8271100.0
HDB,2024-08-02,16.44948209833706,16.770761045570207,15.999691572210656,16.770761045570207,10346000.0
HDB,2024-08-05,16.51373788778369,16.706505256123577,15.614156835530883,15.742668414424141,15579400.0
HDB,2024-08-06,16.063947361657288,16.256714729997174,15.646284730254198,15.967563677487343,14030900.0
HDB,2024-08-07,15.999691572210656,16.063947361657288,15.582028940807568,15.967563677487343,6365600.0
HDB,2024-08-08,15.774796309147456,16.38522630889043,15.774796309147456,16.03181946693397,27971800.0
HDB,2024-08-09,16.256714729997174,16.481609993060374,16.0960752563806,16.38522630889043,11779300.0
HDB,2024-08-12,16.44948209833706,16.706505256123577,16.192458940550544,16.417354203613748,24728100.0
HDB,2024-08-13,16.481609993060374,16.770761045570207,16.3209705194438,16.674377361400264,22969200.0
HDB,2024-08-14,16.835016835016837,16.835016835016837,16.545865782507004,16.642249466676947,14791000.0
HDB,2024-08-15,16.642249466676947,17.22055157169661,16.642249466676947,16.80288894029352,12588900.0
HDB,2024-08-16,16.963528413910094,17.381191045313184,16.674377361400264,17.381191045313184,14492200.0
HDB,2024-08-19,17.445446834759814,17.606086308376383,17.252679466419927,17.34906315058987,14068701.0
HDB,2024-08-20,17.316935255866554,17.445446834759814,17.15629578224998,17.22055157169661,7072200.0
HDB,2024-08-21,17.22055157169661,17.509702624206444,17.15629578224998,17.4133189400365,8567601.0
HDB,2024-08-22,17.4133189400365,17.477574729483127,17.188423676973297,17.4133189400365,5621115.0
HDB,2024-08-23,17.4133189400365,17.445446834759814,17.252679466419927,17.4133189400365,11284600.0
HDB,2024-08-26,17.445446834759814,17.477574729483127,17.252679466419927,17.4133189400365,7114700.0
HDB,2024-08-27,17.445446834759814,17.477574729483127,17.316935255866554,17.4133189400365,5245000.0
HDB,2024-08-28,17.477574729483127,17.509702624206444,17.316935255866554,17.381191045313184,6799200.0
HDB,2024-08-29,17.4133189400365,17.766725781992957,17.381191045313184,17.573958413653074,8551500.0
HDB,2024-08-30,17.6382142030997,17.798853676716273,17.541830518929757,17.798853676716273,14693000.0
HDB,2024-09-04,17.6382142030997,17.670342097823013,17.252679466419927,17.4133189400365,8647300.0
HDB,2024-09-05,17.477574729483127,17.477574729483127,17.15629578224998,17.316935255866554,6420700.0
HDB,2024-09-06,17.316935255866554,17.34906315058987,17.15629578224998,17.188423676973297,7900000.0
HDB,2024-09-09,17.22055157169661,17.22055157169661,16.80288894029352,17.027784203356724,6316000.0
HDB,2024-09-10,17.092039992803354,17.092039992803354,16.770761045570207,16.899272624463467,6282900.0
HDB,2024-09-11,16.899272624463467,16.963528413910094,16.674377361400264,16.93140051918678,7974700.0
HDB,2024-09-12,16.995656308633407,16.995656308633407,16.80288894029352,16.835016835016837,5829301.0
HDB,2024-09-13,16.899272624463467,17.027784203356724,16.80288894029352,16.963528413910094,5532600.0
HDB,2024-09-16,16.963528413910094,16.963528413910094,16.738633150846894,16.835016835016837,7480802.0
HDB,2024-09-17,16.86714472974015,17.092039992803354,16.706505256123577,17.092039992803354,7725301.0
HDB,2024-09-18,17.059912098080037,17.188423676973297,16.995656308633407,17.15629578224998,8261600.0
HDB,2024-09-19,17.15629578224998,17.28480736114324,17.092039992803354,17.252679466419927,11910300.0
HDB,2024-09-20,17.28480736114324,17.477574729483127,17.252679466419927,17.381191045313184,11717200.0
HDB,2024-09-23,17.4133189400365,17.445446834759814,17.22055157169661,17.34906315058987,10342800.0
HDB,2024-09-24,17.34906315058987,17.381191045313184,17.22055157169661,17.34906315058987,11197900.0
HDB,2024-09-25,17.4133189400365,17.573958413653074,17.34906315058987,17.509702624206444,11737901.0
HDB,2024-09-26,17.509702624206444,18.248644202842677,17.477574729483127,18.18438841339605,19688500.0
HDB,2024-09-27,18.248644202842677,18.377155781735937,18.05587683450279,18.18438841339605,10545600.0
HDB,2024-09-30,18.248644202842677,18.248644202842677,17.830981571439587,18.12013262394942,9394402.0
HDB,2024-10-01,18.12013262394942,18.152260518672733,17.895237360886217,17.99162104505616,10733000.0
HDB,2024-10-02,17.92736525560953,17.99162104505616,17.6382142030997,17.70246999254633,9025400.0
HDB,2024-10-03,17.734597887269643,17.99162104505616,17.670342097823013,17.766725781992957,9384500.0
HDB,2024-10-04,17.798853676716273,17.798853676716273,17.541830518929757,17.541830518929757,8692200.0
HDB,2024-10-07,17.541830518929757,17.541830518929757,17.15629578224998,17.252679466419927,9450800.0
HDB,2024-10-08,17.28480736114324,17.670342097823013,17.124167887526667,17.477574729483127,12827500.0
HDB,2024-10-09,17.509702624206444,17.509702624206444,17.28480736114324,17.34906315058987,17614500.0
HDB,2024-10-10,17.4133189400365,17.70246999254633,17.4133189400365,17.6382142030997,13513400.0
HDB,2024-10-11,17.6382142030997,17.6382142030997,17.4133189400365,17.573958413653074,7401900.0
HDB,2024-10-14,17.606086308376383,17.6382142030997,17.34906315058987,17.34906315058987,13341200.0
HDB,2024-10-15,17.381191045313184,17.477574729483127,17.316935255866554,17.445446834759814,8009200.0
HDB,2024-10-16,17.381191045313184,17.381191045313184,17.124167887526667,17.381191045313184,18242301.0
HDB,2024-10-17,17.34906315058987,17.34906315058987,17.092039992803354,17.092039992803354,15779100.0
HDB,2024-10-18,17.15629578224998,17.34906315058987,17.124167887526667,17.34906315058987,10437200.0
HDB,2024-10-21,17.34906315058987,17.381191045313184,17.252679466419927,17.316935255866554,7179000.0
HDB,2024-10-22,17.316935255866554,17.34906315058987,17.15629578224998,17.34906315058987,11372800.0
HDB,2024-10-23,17.34906315058987,17.34906315058987,17.092039992803354,17.316935255866554,7162200.0
HDB,2024-10-24,17.316935255866554,17.316935255866554,17.092039992803354,17.28480736114324,7014800.0
HDB,2024-10-25,17.28480736114324,17.28480736114324,17.124167887526667,17.28480736114324,5776300.0
HDB,2024-10-28,17.252679466419927,17.28480736114324,17.027784203356724,17.124167887526667,10410300.0
HDB,2024-10-29,17.188423676973297,17.606086308376383,17.15629578224998,17.541830518929757,8199200.0
HDB,2024-10-30,17.541830518929757,17.573958413653074,17.381191045313184,17.477574729483127,7533500.0
HDB,2024-10-31,17.477574729483127,17.477574729483127,17.28480736114324,17.28480736114324,9060800.0
HDB,2024-11-01,17.28480736114324,17.316935255866554,17.059912098080037,17.059912098080037,10033200.0
HDB,2024-11-04,17.092039992803354,17.092039992803354,16.738633150846894,16.738633150846894,8069502.0
HDB,2024-11-05,16.706505256123577,16.86714472974015,16.642249466676947,16.738633150846894,5680302.0
HDB,2024-11-06,16.738633150846894,16.963528413910094,16.738633150846894,16.963528413910094,11369600.0
HDB,2024-11-07,16.995656308633407,17.027784203356724,16.835016835016837,16.86714472974015,9855400.0
HDB,2024-11-08,16.86714472974015,16.86714472974015,16.642249466676947,16.86714472974015,10173500.0
HDB,2024-11-11,16.86714472974015,16.86714472974015,16.28884262472049,16.417354203613748,10756301.0
HDB,2024-11-12,16.256714729997174,16.642249466676947,16.256714729997174,16.57799367723032,7744900.0
HDB,2024-11-13,16.51373788778369,16.674377361400264,16.38522630889043,16.481609993060374,7335200.0
HDB,2024-11-14,16.481609993060374,16.481609993060374,16.192458940550544,16.22458683527386,7753800.0
HDB,2024-11-15,16.22458683527386,16.22458683527386,15.806924203870771,15.871179993317398,17884400.0
HDB,2024-11-18,15.839052098594083,15.999691572210656,15.582028940807568,15.774796309147456,17886601.0
HDB,2024-11-19,15.806924203870771,15.967563677487343,15.710540519700826,15.839052098594083,17007100.0
HDB,2024-11-20,15.806924203870771,15.967563677487343,15.614156835530883,15.839052098594083,11221000.0
HDB,2024-11-21,15.839052098594083,15.935435782764028,15.678412624977511,15.935435782764028,8102200.0
HDB,2024-11-22,15.935435782764028,15.999691572210656,15.839052098594083,15.871179993317398,9649300.0
HDB,2024-11-25,15.871179993317398,15.935435782764028,15.839052098594083,15.871179993317398,9307100.0
HDB,2024-11-26,15.871179993317398,16.192458940550544,15.839052098594083,16.0960752563806,10038600.0
HDB,2024-11-27,16.0960752563806,16.28884262472049,16.063947361657288,16.160331045827228,8710500.0
HDB,2024-11-28,16.192458940550544,16.417354203613748,16.03181946693397,16.256714729997174,9450300.0
HDB,2024-11-29,16.28884262472049,16.38522630889043,16.160331045827228,16.28884262472049,6061800.0
HDB,2024-12-02,16.3209705194438,16.38522630889043,16.22458683527386,16.3209705194438,7362800.0
HDB,2024-12-03,16.642249466676947,16.80288894029352,16.44948209833706,16.738633150846894,16135100.0
HDB,2024-12-04,16.738633150846894,16.80288894029352,16.57799367723032,16.642249466676947,9855700.0
HDB,2024-12-05,16.674377361400264,17.15629578224998,16.642249466676947,17.15629578224998,11629400.0
HDB,2024-12-06,17.188423676973297,17.28480736114324,17.059912098080037,17.252679466419927,7606400.0
HDB,2024-12-09,17.28480736114324,17.4133189400365,17.15629578224998,17.34906315058987,13551701.0
HDB,2024-12-10,17.34906315058987,17.99162104505616,17.316935255866554,17.99162104505616,24217400.0
HDB,2024-12-11,18.197239571285376,18.27434651862133,17.965918729277508,18.197239571285376,21154101.0
HDB,2024-12-12,18.23579304495335,18.467113886961215,18.23579304495335,18.428560413293237,13940700.0
HDB,2024-12-13,18.467113886961215,18.505667360629193,18.004472202945486,18.27434651862133,14719700.0
HDB,2024-12-16,18.23579304495335,18.312899992289307,18.12013262394942,18.312899992289307,9619900.0
HDB,2024-12-17,18.390006939625263,18.428560413293237,18.23579304495335,18.351453465957285,13498000.0
HDB,2024-12-18,18.351453465957285,18.505667360629193,18.23579304495335,18.351453465957285,11671500.0
HDB,2024-12-19,18.197239571285376,18.197239571285376,17.888811781941552,18.12013262394942,13927500.0
HDB,2024-12-20,18.12013262394942,18.197239571285376,17.850258308273574,18.043025676613464,9081200.0
HDB,2024-12-23,18.12013262394942,18.12013262394942,17.92736525560953,18.043025676613464,8928702.0
HDB,2024-12-24,18.043025676613464,18.043025676613464,17.77315136093762,18.043025676613464,8419600.0
HDB,2024-12-25,18.081579150281442,18.467113886961215,18.043025676613464,18.428560413293237,11611000.0
HDB,2024-12-26,18.428560413293237,18.621327781633124,18.27434651862133,18.621327781633124,14838400.0
HDB,2024-12-27,18.621327781633124,19.238183360320765,18.58277430796515,19.238183360320765,17836100.0
HDB,2024-12-30,19.238183360320765,20.549001465032,18.814095149973014,20.549001465032,15699201.0
HDB,2024-12-31,20.31768062302414,20.31768062302414,19.46950420232863,19.66227157066852,10844500.0
HDB,2025-01-02,19.62371809700054,19.66227157066852,18.85264862364099,19.3538437813247,16145700.0
HDB,2025-01-03,19.276736833988743,19.276736833988743,18.69843472896908,18.85264862364099,9552300.0
HDB,2025-01-06,18.85264862364099,18.968309044644926,18.621327781633124,18.89120209730897,6427500.0
HDB,2025-01-07,18.929755570976948,18.929755570976948,18.58277430796515,18.69843472896908,10497500.0
HDB,2025-01-08,18.6598812553011,18.69843472896908,17.92736525560953,17.965918729277508,20550600.0
HDB,2025-01-09,17.8117048346056,17.965918729277508,17.19484925591796,17.233402729585936,18643901.0
HDB,2025-01-10,17.19484925591796,17.233402729585936,16.655100624566277,16.655100624566277,16354300.0
HDB,2025-01-13,16.346672835222453,16.847867992906163,16.346672835222453,16.73220757190223,16868100.0
HDB,2025-01-14,16.770761045570207,16.809314519238185,16.2695658878865,16.308119361554475,13857900.0
HDB,2025-01-15,16.308119361554475,16.69365409823425,16.308119361554475,16.69365409823425,13305900.0
HDB,2025-01-16,16.73220757190223,16.847867992906163,16.539440203562343,16.73220757190223,15013888.0
HDB,2025-01-17,16.655100624566277,17.34906315058987,16.500886729894365,17.34906315058987,17844000.0
HDB,2025-01-20,17.34906315058987,17.8117048346056,16.963528413910094,17.734597887269643,31864540.0
HDB,2025-01-21,17.92736525560953,18.004472202945486,17.233402729585936,17.4647235715938,27713600.0
HDB,2025-01-22,17.50327704526178,17.50327704526178,16.963528413910094,16.963528413910094,35405000.0
HDB,2025-01-23,16.924974940242116,17.696044413601665,16.886421466574138,17.271956203253914,25261100.0
HDB,2025-01-24,17.310509676921892,17.850258308273574,17.310509676921892,17.4647235715938,12368800.0
HDB,2025-02-03,17.34906315058987,17.38761662425785,17.04063536124605,17.271956203253914,9427900.0
HDB,2025-02-04,17.310509676921892,17.580383992597735,17.271956203253914,17.426170097925826,10032000.0
HDB,2025-02-05,17.426170097925826,17.580383992597735,17.38761662425785,17.426170097925826,9051800.0
HDB,2025-02-06,17.50327704526178,17.77315136093762,17.4647235715938,17.696044413601665,15639500.0
HDB,2025-02-07,17.8117048346056,17.8117048346056,17.618937466265713,17.657490939933687,10223300.0
HDB,2025-02-10,17.34906315058987,17.618937466265713,17.34906315058987,17.426170097925826,9924100.0
HDB,2025-02-11,17.541830518929757,17.618937466265713,17.34906315058987,17.38761662425785,13045100.0
HDB,2025-02-12,17.50327704526178,17.580383992597735,17.38761662425785,17.38761662425785,10631901.0
HDB,2025-02-13,17.38761662425785,17.50327704526178,17.34906315058987,17.50327704526178,9663600.0
HDB,2025-02-14,17.618937466265713,17.657490939933687,17.541830518929757,17.618937466265713,8793600.0
HDB,2025-02-17,17.696044413601665,17.696044413601665,17.426170097925826,17.4647235715938,10554401.0
HDB,2025-02-18,17.4647235715938,17.580383992597735,17.426170097925826,17.50327704526178,8806800.0
HDB,2025-02-19,17.50327704526178,17.618937466265713,17.426170097925826,17.580383992597735,9981600.0
HDB,2025-02-20,17.618937466265713,17.657490939933687,17.541830518929757,17.618937466265713,11942400.0
HDB,2025-02-21,17.618937466265713,17.888811781941552,17.580383992597735,17.77315136093762,12362000.0
HDB,2025-02-24,17.734597887269643,18.12013262394942,17.657490939933687,18.081579150281442,18335400.0
HDB,2025-02-25,18.12013262394942,18.12013262394942,17.77315136093762,17.888811781941552,16171200.0
HDB,2025-02-26,17.92736525560953,17.965918729277508,17.77315136093762,17.77315136093762,9790401.0
HDB,2025-02-27,17.77315136093762,17.888811781941552,17.618937466265713,17.888811781941552,9859500.0
HDB,2025-02-28,17.850258308273574,17.888811781941552,17.580383992597735,17.77315136093762,12530100.0
HDB,2025-03-03,17.77315136093762,17.8117048346056,17.618937466265713,17.734597887269643,9926400.0
HDB,2025-03-04,17.657490939933687,17.734597887269643,17.541830518929757,17.696044413601665,10016700.0
HDB,2025-03-05,17.657490939933687,17.965918729277508,17.657490939933687,17.657490939933687,9704300.0
HDB,2025-03-06,17.657490939933687,17.77315136093762,17.618937466265713,17.77315136093762,13750600.0
HDB,2025-03-07,17.77315136093762,18.197239571285376,17.734597887269643,18.043025676613464,25702000.0
HDB,2025-03-10,18.158686097617398,18.428560413293237,18.12013262394942,18.27434651862133,15852300.0
HDB,2025-03-11,18.12013262394942,18.351453465957285,17.965918729277508,18.351453465957285,9382000.0
HDB,2025-03-12,18.428560413293237,18.467113886961215,18.158686097617398,18.23579304495335,9524200.0
HDB,2025-03-13,18.27434651862133,18.27434651862133,17.8117048346056,17.850258308273574,13362800.0
HDB,2025-03-14,17.850258308273574,18.004472202945486,17.77315136093762,17.888811781941552,7318200.0
HDB,2025-03-17,17.92736525560953,18.158686097617398,17.850258308273574,18.043025676613464,8389500.0
HDB,2025-03-18,18.081579150281442,18.12013262394942,17.888811781941552,17.92736525560953,8446200.0
HDB,2025-03-19,17.888811781941552,18.004472202945486,17.734597887269643,17.77315136093762,13142500.0
HDB,2025-03-20,17.92736525560953,18.158686097617398,17.696044413601665,17.8117048346056,11489000.0
HDB,2025-03-21,17.8117048346056,17.850258308273574,17.696044413601665,17.734597887269643,9147900.0
HDB,2025-03-24,17.734597887269643,17.77315136093762,17.38761662425785,17.4647235715938,13150300.0
HDB,2025-03-25,17.50327704526178,17.696044413601665,17.4647235715938,17.541830518929757,27334001.0
HDB,2025-03-26,17.580383992597735,17.77315136093762,17.426170097925826,17.541830518929757,18824900.0
HDB,2025-03-27,17.50327704526178,17.541830518929757,17.34906315058987,17.4647235715938,12982700.0
HDB,2025-03-28,17.426170097925826,17.4647235715938,17.15629578224998,17.15629578224998,14135000.0
HDB,2025-03-31,17.04063536124605,17.117742308582002,16.963528413910094,17.04063536124605,8375200.0
HDB,2025-04-01,17.117742308582002,17.310509676921892,17.002081887578072,17.310509676921892,15831100.0
HDB,2025-04-02,17.310509676921892,17.50327704526178,17.19484925591796,17.310509676921892,41877497.0
HDB,2025-04-03,16.809314519238185,16.924974940242116,16.11535199321459,16.11535199321459,33162100.0
HDB,2025-04-04,15.03585473051122,16.2695658878865,15.03585473051122,16.038245045878636,39537900.0
HDB,2025-04-08,15.729817256534814,15.884031151206726,14.920194309507288,14.920194309507288,29668000.0
HDB,2025-04-09,13.917803994139874,15.15151515151515,13.879250520471896,14.033464415143804,35984500.0
HDB,2025-04-10,14.997301256843242,14.997301256843242,14.997301256843242,14.997301256843242,18087022.0
HDB,2025-04-11,15.961138098542678,16.038245045878636,15.344282519855039,15.961138098542678,18471700.0
HDB,2025-04-14,16.42377978255841,16.42377978255841,16.153905466882566,16.192458940550544,19061609.0
HDB,2025-04-15,15.999691572210656,16.231012414218522,15.80692420387077,15.845477677538748,16033100.0
HDB,2025-04-16,15.884031151206726,16.076798519546614,15.768370730202792,15.9225846248747,13342400.0
HDB,2025-04-17,15.884031151206726,15.961138098542678,15.691263782866837,15.961138098542678,14662000.0
HDB,2025-04-18,16.038245045878636,16.153905466882566,16.038245045878636,16.038245045878636,12349300.0
HDB,2025-04-21,16.038245045878636,16.11535199321459,15.729817256534814,15.729817256534814,15358364.0
HDB,2025-04-22,15.65271030919886,15.729817256534814,14.765980414835376,15.65271030919886,18462100.0
HDB,2025-04-23,15.80692420387077,15.999691572210656,15.691263782866837,15.691263782866837,12573536.0
HDB,2025-04-24,16.038245045878636,16.38522630889043,15.961138098542678,16.38522630889043,17363600.0
HDB,2025-04-25,16.38522630889043,16.42377978255841,16.11535199321459,16.38522630889043,14568501.0
HDB,2025-04-28,16.500886729894365,16.57799367723032,16.2695658878865,16.57799367723032,9385900.0
HDB,2025-04-29,16.539440203562343,16.6165471508983,16.346672835222453,16.539440203562343,12936900.0
HDB,2025-05-05,16.57799367723032,16.6165471508983,16.308119361554475,16.346672835222453,13251700.0
HDB,2025-05-06,16.38522630889043,16.57799367723032,16.308119361554475,16.38522630889043,7788000.0
HDB,2025-05-07,16.308119361554475,16.42377978255841,16.11535199321459,16.153905466882566,11767700.0
HDB,2025-05-08,16.192458940550544,16.500886729894365,16.153905466882566,16.38522630889043,11827200.0
HDB,2025-05-09,16.38522630889043,16.42377978255841,16.2695658878865,16.346672835222453,10651636.0
HDB,2025-05-12,16.308119361554475,16.57799367723032,16.308119361554475,16.57799367723032,11769300.0
HDB,2025-05-13,16.655100624566277,17.04063536124605,16.655100624566277,16.809314519238185,15957000.0
HDB,2025-05-14,16.847867992906163,17.15629578224998,16.847867992906163,17.117742308582002,13823800.0
HDB,2025-05-15,17.079188834914024,17.271956203253914,16.924974940242116,17.15629578224998,12695400.0
HDB,2025-05-16,17.15629578224998,17.19484925591796,16.924974940242116,16.924974940242116,9310700.0
HDB,2025-05-19,16.847867992906163,17.19484925591796,16.69365409823425,16.963528413910094,19745500.0
HDB,2025-05-20,16.963528413910094,17.271956203253914,16.963528413910094,17.19484925591796,15236500.0
HDB,2025-05-21,17.19484925591796,17.50327704526178,17.117742308582002,17.271956203253914,18895100.0
HDB,2025-05-22,17.117742308582002,17.233402729585936,17.002081887578072,17.002081887578072,17093400.0
HDB,2025-05-23,17.04063536124605,17.15629578224998,16.963528413910094,17.04063536124605,15051002.0
HDB,2025-05-26,17.117742308582002,17.426170097925826,17.079188834914024,17.426170097925826,22364700.0
HDB,2025-05-27,17.426170097925826,17.541830518929757,17.34906315058987,17.426170097925826,9757700.0
HDB,2025-05-28,17.4647235715938,17.50327704526178,17.15629578224998,17.15629578224998,13490500.0
HDB,2025-05-29,17.19484925591796,17.38761662425785,17.002081887578072,17.002081887578072,13724800.0
HDB,2025-05-30,17.04063536124605,17.079188834914024,16.73220757190223,16.73220757190223,29909000.0
HDB,2025-06-02,16.6165471508983,16.770761045570207,16.500886729894365,16.655100624566277,10689301.0
HDB,2025-06-03,16.69365409823425,17.002081887578072,16.655100624566277,16.847867992906163,21717600.0
HDB,2025-06-04,16.924974940242116,16.963528413910094,16.770761045570207,16.847867992906163,7838500.0
HDB,2025-06-05,16.847867992906163,16.886421466574138,16.6165471508983,16.69365409823425,11646700.0
HDB,2025-06-06,16.6165471508983,16.809314519238185,16.539440203562343,16.809314519238185,10159901.0
HDB,2025-06-09,16.809314519238185,16.809314519238185,16.539440203562343,16.539440203562343,7740200.0
HDB,2025-06-10,16.57799367723032,16.770761045570207,16.500886729894365,16.57799367723032,8468902.0
HDB,2025-06-11,16.6165471508983,16.6165471508983,16.462333256226387,16.500886729894365,8491201.0
HDB,2025-06-12,16.57799367723032,16.809314519238185,16.539440203562343,16.770761045570207,10074000.0
HDB,2025-06-13,16.655100624566277,16.770761045570207,16.462333256226387,16.655100624566277,12407900.0
HDB,2025-06-16,16.6165471508983,16.847867992906163,16.539440203562343,16.770761045570207,11085600.0
HDB,2025-06-17,16.847867992906163,16.924974940242116,16.73220757190223,16.886421466574138,13083600.0
HDB,2025-06-18,16.886421466574138,17.04063536124605,16.809314519238185,16.924974940242116,17248000.0
HDB,2025-06-19,16.963528413910094,17.079188834914024,16.847867992906163,16.963528413910094,8180401.0
HDB,2025-06-20,17.002081887578072,17.233402729585936,16.924974940242116,17.079188834914024,18097904.0
HDB,2025-06-23,16.963528413910094,17.04063536124605,16.847867992906163,16.924974940242116,14879600.0
HDB,2025-06-24,17.04063536124605,17.117742308582002,16.886421466574138,16.924974940242116,25304002.0
HDB,2025-06-25,16.963528413910094,17.002081887578072,16.809314519238185,16.809314519238185,11739900.0
HDB,2025-06-26,16.847867992906163,16.886421466574138,16.655100624566277,16.73220757190223,59590802.0
HDB,2025-06-27,16.770761045570207,16.886421466574138,16.655100624566277,16.809314519238185,10137100.0
HDB,2025-06-30,16.809314519238185,16.886421466574138,16.770761045570207,16.809314519238185,8362700.0
HDB,2025-07-01,16.847867992906163,17.19484925591796,16.809314519238185,17.04063536124605,39957800.0
HDB,2025-07-02,17.079188834914024,17.34906315058987,17.002081887578072,17.19484925591796,19351900.0
HDB,2025-07-03,17.19484925591796,17.541830518929757,17.117742308582002,17.38761662425785,22733700.0
HDB,2025-07-04,17.4647235715938,17.580383992597735,17.271956203253914,17.38761662425785,13207400.0
HDB,2025-07-07,17.4647235715938,17.965918729277508,17.426170097925826,17.965918729277508,27588700.0
HDB,2025-07-08,18.043025676613464,18.158686097617398,17.92736525560953,18.12013262394942,17331201.0
HDB,2025-07-09,18.197239571285376,19.045415991980878,18.12013262394942,18.6598812553011,39764001.0
HDB,2025-07-10,18.775541676305036,18.814095149973014,18.54422083429717,18.775541676305036,18394701.0
HDB,2025-07-11,18.775541676305036,18.85264862364099,18.467113886961215,18.85264862364099,19947300.0
HDB,2025-07-14,18.89120209730897,18.89120209730897,18.54422083429717,18.814095149973014,17079301.0
HDB,2025-07-15,18.814095149973014,19.083969465648856,18.621327781633124,18.621327781633124,43604600.0
HDB,2025-07-16,18.621327781633124,18.736988202637058,18.58277430796515,18.69843472896908,14327500.0
HDB,2025-07-17,18.775541676305036,18.85264862364099,18.621327781633124,18.775541676305036,21370100.0
HDB,2025-07-18,18.85264862364099,18.89120209730897,18.58277430796515,18.814095149973014,20748500.0
HDB,2025-07-21,18.89120209730897,19.0068625183129,18.736988202637058,18.89120209730897,21034900.0
HDB,2025-07-22,18.89120209730897,19.62371809700054,18.775541676305036,19.62371809700054,33332100.0
HDB,2025-07-23,19.816485465340428,20.587554938699977,19.77793199167245,20.43334104402807,35693700.0
HDB,2025-07-24,20.934536201711776,21.859819569743237,20.70321535970391,21.281517464723574,74251800.0
HDB,2025-07-25,21.281517464723574,21.898373043411212,21.127303570051662,21.78271262240728,26496300.0
HDB,2025-07-28,21.859819569743237,22.55378209576683,21.512838306731435,21.93692651707919,26536700.0
HDB,2025-07-29,21.898373043411212,21.898373043411212,20.43334104402807,20.43334104402807,37832000.0
HDB,2025-07-30,20.43334104402807,20.664661886035933,19.855038939008406,20.549001465032,21088700.0
HDB,2025-07-31,20.934536201711776,21.32007093839155,20.009252833680314,20.39478757036009,33174601.0
HDB,2025-08-01,20.39478757036009,20.934536201711776,20.356234096692113,20.81887578070784,23544500.0
HDB,2025-08-04,20.85742925437582,21.58994525406739,20.741768833371886,21.58994525406739,22838600.0
HDB,2025-08-05,22.129693885419076,22.438121674762897,20.81887578070784,21.512838306731435,36137600.0
HDB,2025-08-06,21.975479990747168,22.052586938083124,21.58994525406739,21.78271262240728,17689500.0
HDB,2025-08-07,22.129693885419076,22.129693885419076,21.551391780399413,21.975479990747168,32444102.0
HDB,2025-08-08,22.052586938083124,22.129693885419076,21.512838306731435,21.62849872773537,25735221.0
HDB,2025-08-11,21.859819569743237,21.859819569743237,21.512838306731435,21.512838306731435,29644001.0
HDB,2025-08-12,21.58994525406739,22.322461253758963,21.512838306731435,22.283907780090985,31359401.0
HDB,2025-08-13,22.66944251677076,22.70799599043874,21.93692651707919,22.322461253758963,30234700.0
HDB,2025-08-14,23.054977253450534,23.864600200478062,22.515228622098853,23.864600200478062,66657400.0
HDB,2025-08-15,24.404348831829747,24.442902305497725,23.44051199013031,23.90315367414604,37673400.0
HDB,2025-08-18,24.057367568817952,24.057367568817952,23.13208420078649,23.517618937466267,28646584.0
HDB,2025-08-19,23.826046726810084,25.136864831521322,23.633279358470197,25.059757884185366,38696300.0
HDB,2025-08-20,25.136864831521322,25.252525252525253,23.864600200478062,24.55856272650166,31215301.0
HDB,2025-08-21,24.674223147505593,26.177808620556714,24.674223147505593,25.63805998920503,38941000.0
HDB,2025-08-22,25.63805998920503,25.63805998920503,24.288688410825817,24.944097463181436,30878400.0
HDB,2025-08-25,25.368185673529187,25.368185673529187,23.556172411134245,24.134474516153908,23609800.0
HDB,2025-08-26,24.134474516153908,24.905543989513454,23.864600200478062,24.905543989513454,13202401.0
HDB,2025-08-27,25.368185673529187,25.445292620865143,24.712776621173568,25.02120441051739,17014600.0
HDB,2025-08-28,25.059757884185366,25.09831135785334,24.481455779165703,25.059757884185366,23349100.0
HDB,2025-08-29,25.368185673529187,26.06214819955278,25.213971778857278,25.79227388387694,29429100.0
HDB,2025-09-03,25.830827357544916,25.86938083121289,25.445292620865143,25.5223995682011,15109600.0
HDB,2025-09-04,25.560953041869073,25.599506515537055,25.09831135785334,25.560953041869073,21081901.0
HDB,2025-09-05,25.830827357544916,25.86938083121289,24.597116200169637,24.905543989513454,23178800.0
HDB,2025-09-08,24.597116200169637,24.635669673837615,23.517618937466267,23.826046726810084,31177200.0
HDB,2025-09-09,23.671832832138175,24.327241884493795,23.556172411134245,24.327241884493795,16258200.0
HDB,2025-09-10,24.365795358161773,24.404348831829747,23.864600200478062,24.365795358161773,14970749.0
HDB,2025-09-11,24.057367568817952,24.365795358161773,23.517618937466267,24.288688410825817,13244200.0
HDB,2025-09-12,24.288688410825817,24.327241884493795,23.941707147814018,24.288688410825817,12652000.0
HDB,2025-09-15,24.288688410825817,24.365795358161773,23.941707147814018,24.09592104248593,17266701.0
HDB,2025-09-16,24.21158146348986,24.327241884493795,23.826046726810084,24.134474516153908,18396800.0
HDB,2025-09-17,24.057367568817952,24.09592104248593,23.826046726810084,23.826046726810084,9467800.0
HDB,2025-09-18,23.864600200478062,23.864600200478062,23.286298095458402,23.671832832138175,14096801.0
HDB,2025-09-19,23.594725884802223,23.594725884802223,23.13208420078649,23.286298095458402,15895376.0
HDB,2025-09-22,23.286298095458402,23.286298095458402,22.36101472742694,22.36101472742694,20494800.0
HDB,2025-09-23,22.39956820109492,22.59233556943481,22.129693885419076,22.129693885419076,12092100.0
HDB,2025-09-24,22.206800832755032,23.671832832138175,21.78271262240728,23.671832832138175,25056700.0
HDB,2025-09-25,24.288688410825817,24.365795358161773,23.826046726810084,23.90315367414604,16075600.0
HDB,2025-09-26,23.90315367414604,23.941707147814018,23.247744621790424,23.247744621790424,12495800.0
HDB,2025-09-29,23.247744621790424,23.980260621481996,22.977870306114582,23.826046726810084,13706000.0
HDB,2025-09-30,23.671832832138175,23.90315367414604,23.247744621790424,23.90315367414604,14956400.0
HDB,2025-10-01,23.90315367414604,23.980260621481996,23.671832832138175,23.826046726810084,10748200.0
HDB,2025-10-02,23.90315367414604,24.134474516153908,23.594725884802223,23.78749325314211,14170800.0
HDB,2025-10-03,23.74893977947413,23.78749325314211,23.286298095458402,23.286298095458402,9573800.0
HDB,2025-10-06,23.517618937466267,24.52000925283368,23.401958516462336,24.288688410825817,34774200.0
HDB,2025-10-07,24.481455779165703,24.481455779165703,24.018814095149974,24.134474516153908,21193000.0
HDB,2025-10-08,24.442902305497725,24.442902305497725,23.90315367414604,24.25013493715784,19751400.0
HDB,2025-10-09,24.25013493715784,24.55856272650166,24.057367568817952,24.404348831829747,18846800.0
HDB,2025-10-10,24.597116200169637,24.635669673837615,24.442902305497725,24.55856272650166,15290501.0
HDB,2025-10-13,24.25013493715784,25.175418305189297,24.173027989821886,25.175418305189297,38899300.0
HDB,2025-10-14,25.368185673529187,25.79227388387694,24.75133009484155,25.175418305189297,36016101.0
HDB,2025-10-15,25.136864831521322,25.90793430488087,25.059757884185366,25.5223995682011,31173401.0
HDB,2025-10-16,25.63805998920503,25.75372041020896,25.368185673529187,25.75372041020896,27738979.0
HDB,2025-10-17,25.86938083121289,25.86938083121289,25.059757884185366,25.059757884185366,21529000.0
HDB,2025-10-20,24.674223147505593,24.828437042177505,23.32485156912638,23.32485156912638,38820800.0
HDB,2025-10-21,23.44051199013031,24.944097463181436,23.44051199013031,24.944097463181436,31997900.0
HDB,2025-10-22,25.059757884185366,25.09831135785334,24.442902305497725,25.059757884185366,18939900.0
HDB,2025-10-23,25.02120441051739,26.40912946256458,24.98265093684941,25.445292620865143,49594900.0
HDB,2025-10-24,25.252525252525253,25.483846094533117,24.674223147505593,25.213971778857278,19718100.0
HDB,2025-10-27,25.406739147197165,25.406739147197165,23.980260621481996,23.980260621481996,23858400.0
HDB,2025-10-28,23.556172411134245,24.828437042177505,23.556172411134245,24.828437042177505,20882423.0
HDB,2025-10-29,25.02120441051739,26.29346904156065,24.944097463181436,25.75372041020896,34743500.0
HDB,2025-10-30,25.79227388387694,26.486236409900535,25.599506515537055,25.75372041020896,23784200.0
HDB,2025-10-31,25.86938083121289,25.86938083121289,24.674223147505593,24.674223147505593,25068800.0
HDB,2025-11-03,24.674223147505593,24.75133009484155,23.517618937466267,23.556172411134245,26640100.0
HDB,2025-11-04,23.556172411134245,23.980260621481996,22.55378209576683,23.980260621481996,34543800.0
HDB,2025-11-05,23.980260621481996,24.52000925283368,23.74893977947413,23.941707147814018,9484600.0
HDB,2025-11-06,23.980260621481996,23.980260621481996,23.17063767445447,23.209191148122446,13672600.0
HDB,2025-11-07,23.093530727118512,23.247744621790424,22.55378209576683,23.13208420078649,22688600.0
HDB,2025-11-10,23.054977253450534,23.17063767445447,22.59233556943481,22.823656411442673,16970500.0
HDB,2025-11-11,22.823656411442673,22.900763358778626,22.39956820109492,22.823656411442673,16087100.0
HDB,2025-11-12,22.900763358778626,23.209191148122446,22.59233556943481,23.13208420078649,18585301.0
HDB,2025-11-13,23.13208420078649,23.247744621790424,22.900763358778626,23.093530727118512,12081700.0
HDB,2025-11-14,23.01642377978256,23.13208420078649,22.746549464106717,23.01642377978256,28290200.0
HDB,2025-11-17,23.13208420078649,23.517618937466267,22.977870306114582,23.17063767445447,18147901.0
HDB,2025-11-18,23.247744621790424,23.517618937466267,23.13208420078649,23.47906546379829,20233401.0
HDB,2025-11-19,23.517618937466267,24.288688410825817,23.13208420078649,24.134474516153908,25036700.0
HDB,2025-11-20,24.21158146348986,24.597116200169637,24.057367568817952,24.52000925283368,24074900.0
HDB,2025-11-21,24.404348831829747,24.55856272650166,23.90315367414604,24.057367568817952,48698700.0
HDB,2025-11-24,24.134474516153908,24.674223147505593,23.941707147814018,23.980260621481996,17902700.0
HDB,2025-11-25,24.09592104248593,24.75133009484155,24.09592104248593,24.52000925283368,57307300.0
HDB,2025-11-26,24.52000925283368,24.905543989513454,24.365795358161773,24.905543989513454,14640700.0
HDB,2025-11-27,25.02120441051739,25.02120441051739,24.365795358161773,24.674223147505593,12702600.0
HDB,2025-11-28,24.597116200169637,24.674223147505593,24.25013493715784,24.674223147505593,14440801.0
HDB,2025-12-01,24.712776621173568,24.712776621173568,24.25013493715784,24.288688410825817,7633801.0
HDB,2025-12-02,24.288688410825817,24.674223147505593,23.864600200478062,24.674223147505593,16531800.0
HDB,2025-12-03,24.674223147505593,25.059757884185366,24.481455779165703,24.86699051584548,19599900.0
HDB,2025-12-04,25.29107872619323,25.5223995682011,24.98265093684941,25.406739147197165,15130300.0
HDB,2025-12-05,25.445292620865143,25.445292620865143,25.02120441051739,25.406739147197165,9205900.0
HDB,2025-12-08,25.32963219986121,25.406739147197165,24.98265093684941,25.252525252525253,10114700.0
HDB,2025-12-09,25.175418305189297,25.175418305189297,24.288688410825817,24.288688410825817,22892400.0
HDB,2025-12-10,24.905543989513454,25.445292620865143,24.365795358161773,24.789883568509524,25674400.0
HDB,2025-12-11,24.828437042177505,24.86699051584548,24.365795358161773,24.481455779165703,7041800.0
HDB,2025-12-12,24.52000925283368,24.597116200169637,23.286298095458402,23.286298095458402,17587400.0
HDB,2025-12-15,23.32485156912638,23.44051199013031,23.054977253450534,23.13208420078649,15992700.0
HDB,2025-12-16,23.17063767445447,24.75133009484155,23.01642377978256,24.75133009484155,22023100.0
HDB,2025-12-17,24.674223147505593,25.09831135785334,24.442902305497725,24.75133009484155,31970800.0
HDB,2025-12-18,25.0,26.0,24.75,25.6,32969300.0
HDB,2025-12-19,25.6,26.0,25.45,25.95,21301200.0
HDB,2025-12-22,26.0,27.1,25.75,27.0,42072300.0
HDB,2025-12-23,27.0,28.0,26.95,27.5,37484500.0
HDB,2025-12-24,27.55,28.0,27.4,27.85,25185800.0
HDB,2025-12-25,27.7,27.9,26.95,27.55,21678500.0
HDB,2025-12-26,27.0,28.0,26.8,27.6,21542400.0
HDB,2025-12-29,27.7,27.7,27.15,27.6,14634000.0
HDB,2025-12-30,27.6,27.95,27.0,27.95,29146900.0
HDB,2025-12-31,27.8,29.7,27.75,29.7,66939500.0
HDB,2026-01-05,29.5,29.5,28.0,28.95,27357900.0
HDB,2026-01-06,28.8,29.05,28.1,29.05,17845600.0
HDB,2026-01-07,29.05,29.55,28.35,29.1,23080000.0
HDB,2026-01-08,29.15,29.2,28.5,28.8,17601200.0
HDB,2026-01-09,28.85,29.1,27.5,27.9,29852300.0
HDB,2026-01-12,27.7,28.35,27.25,28.2,23631100.0
HDB,2026-01-13,28.2,28.45,28.0,28.45,16194800.0
HDB,2026-01-14,28.5,28.5,27.55,27.65,21961000.0
HDB,2026-01-15,27.5,29.55,26.8,29.55,32989100.0
HDB,2026-01-16,29.5,29.5,28.45,28.45,15902500.0
HDB,2026-01-19,28.5,29.0,28.2,28.75,16574300.0
HDB,2026-01-20,29.0,29.8,28.75,28.95,19555100.0
HDB,2026-01-21,28.65,30.0,28.3,29.05,24503900.0
HDB,2026-01-22,29.1,29.75,29.05,29.2,18695900.0
HDB,2026-01-23,29.25,29.6,28.65,29.6,16077900.0
HDB,2026-01-26,29.4,29.4,28.3,28.35,11703400.0
HDB,2026-01-27,28.35,29.0,27.8,29.0,15743500.0
HDB,2026-01-28,28.5,28.85,28.35,28.5,24360600.0
HDB,2026-01-29,28.55,28.6,27.8,27.85,13587000.0
HDB,2026-01-30,27.9,28.4,27.8,28.3,15990600.0
HDB,2026-02-02,28.0,28.25,27.25,27.8,16113700.0
HDB,2026-02-03,27.9,28.0,27.35,27.55,20463600.0
HDB,2026-02-04,27.55,27.6,27.2,27.55,13382500.0
HDB,2026-02-05,27.55,27.9,27.25,27.55,17052600.0
HDB,2026-02-06,27.2,27.5,26.5,26.5,27190700.0
HDB,2026-02-09,26.75,26.8,26.25,26.8,13142300.0
HDB,2026-02-10,26.85,26.9,26.0,26.8,12368700.0
HDB,2026-02-11,26.75,27.95,26.65,27.8,29253800.0
HDB,2026-02-12,27.85,28.0,27.65,27.85,9614300.0
HDB,2026-02-13,27.75,28.2,27.7,28.2,14478600.0
HDB,2026-02-23,28.3,28.5,28.05,28.2,10138800.0
HDB,2026-02-24,28.1,28.5,27.75,28.5,22582600.0
HDB,2026-02-25,28.5,28.85,28.2,28.45,18493700.0
HDB,2026-02-26,28.5,28.55,27.95,28.4,14130400.0
HDB,2026-02-27,28.4,28.4,27.95,27.95,13120700.0
HDB,2026-03-02,27.3,27.65,26.95,26.95,23024400.0
HDB,2026-03-03,27.0,27.1,26.3,26.5,19337900.0
HDB,2026-03-04,26.4,26.6,25.7,26.35,17900500.0
HDB,2026-03-05,26.5,26.6,25.95,25.95,18266100.0
HDB,2026-03-06,25.9,26.2,25.6,25.9,11697700.0
HDB,2026-03-09,24.1,25.5,24.1,24.1,28176000.0
HDB,2026-03-10,25.0,25.75,24.6,25.15,24488200.0
HDB,2026-03-11,25.15,26.0,24.95,25.75,14822800.0
HDB,2026-03-12,25.3,25.75,25.1,25.7,11637800.0
HDB,2026-03-13,25.3,25.75,25.2,25.6,8896300.0
HDB,2026-03-16,25.5,25.65,25.2,25.6,6905100.0
HDB,2026-03-17,25.7,26.2,25.65,25.7,11718400.0
HDB,2026-03-18,25.7,26.0,25.25,25.7,9744800.0
HDB,2026-03-19,25.5,25.7,25.25,25.65,13069900.0
HDB,2026-03-20,25.5,25.5,24.9,25.0,12201400.0
HDB,2026-03-23,24.75,24.75,23.8,24.3,24481200.0
HDB,2026-03-24,24.5,24.9,24.25,24.3,13461800.0
HDB,2026-03-25,24.5,25.0,24.5,24.9,11108800.0
HDB,2026-03-26,24.95,25.0,24.5,24.55,9142400.0
HDB,2026-03-27,24.6,25.35,24.55,25.3,14613100.0
HDB,2026-03-30,24.8,25.3,24.55,25.2,14532900.0
HDB,2026-03-31,25.1,25.5,25.0,25.45,17460200.0
HDB,2026-04-01,25.8,26.0,25.6,25.6,13765700.0
HDB,2026-04-02,25.6,25.65,25.25,25.6,13794100.0
HDB,2026-04-03,25.65,25.7,25.15,25.6,13990500.0
HDB,2026-04-06,25.5,25.7,25.25,25.6,13406100.0
HDB,2026-04-07,25.55,25.55,25.05,25.1,14276900.0
HDB,2026-04-08,25.7,26.5,25.55,26.35,23664600.0
HDB,2026-04-09,26.25,26.25,25.9,26.05,9923000.0
HDB,2026-04-10,26.35,26.7,26.15,26.15,10812000.0
HDB,2026-04-13,26.0,26.15,25.75,25.9,9426200.0
HDB,2026-04-14,26.15,26.45,26.05,26.1,11232700.0
HDB,2026-04-15,26.4,26.5,26.15,26.35,11295700.0
HDB,2026-04-16,26.35,26.4,26.1,26.1,7878000.0
HDB,2026-04-17,26.3,26.5,26.05,26.2,12053200.0
HDB,2026-04-20,26.2,26.95,26.2,26.9,19167600.0
HDB,2026-04-21,27.0,27.1,26.65,26.7,9480200.0
HDB,2026-04-22,26.6,26.7,26.25,26.55,11107400.0
HDB,2026-04-23,26.5,26.95,26.35,26.6,10532500.0
HDB,2026-04-24,26.65,27.0,26.5,26.9,14997400.0
HDB,2026-04-28,26.7,26.95,26.6,26.6,7827300.0
HDB,2026-04-29,26.55,26.6,26.2,26.6,10196800.0
HDB,2026-05-04,26.6,26.75,26.45,26.5,6985200.0
HDB,2026-05-05,26.4,26.5,26.0,26.4,10206900.0
HDB,2026-05-06,26.45,26.75,26.35,26.6,13555700.0
HDB,2026-05-07,26.65,27.8,26.65,27.5,29836500.0
HDB,2026-05-08,27.5,27.6,27.25,27.35,10899600.0
HDB,2026-05-11,27.35,27.5,26.9,26.9,11526600.0
HDB,2026-05-12,26.9,27.45,26.8,27.35,12280300.0
HDB,2026-05-13,27.4,27.8,27.25,27.7,16286000.0
HDB,2026-05-14,27.75,28.1,27.6,27.8,13977800.0
