Symbol,Date,Open,High,Low,Close,Volume
HPG,2021-05-17,25.417878818623688,25.831850786353716,25.086701244439666,25.624864802488702,37144200.0
HPG,2021-05-18,25.87324798312672,26.370014344402755,25.87324798312672,26.245822754083743,39146300.0
HPG,2021-05-19,26.49420593472176,27.611930247592834,26.287219950856745,27.363547066954816,30407500.0
HPG,2021-05-20,27.40494426372782,27.611930247592834,27.1151638863168,27.57053305081983,26057100.0
HPG,2021-05-21,27.363547066954816,27.48773865727383,27.073766689543802,27.1565610830898,24851900.0
HPG,2021-05-24,27.1565610830898,27.363547066954816,26.908177902451786,27.073766689543802,26221200.0
HPG,2021-05-25,27.032369492770794,28.067299412095863,26.990972295997793,27.901710625003854,26852700.0
HPG,2021-05-26,27.901710625003854,28.067299412095863,27.818916231457848,28.067299412095863,17724000.0
HPG,2021-05-27,28.025902215322862,28.067299412095863,27.40494426372782,27.653327444365836,21556200.0
HPG,2021-05-28,27.777519034684843,27.86031342823085,27.40494426372782,27.777519034684843,30769400.0
HPG,2021-05-31,29.673147022641547,29.673147022641547,29.166394986201745,29.673147022641547,61128600.0
HPG,2021-06-01,30.742956877347787,31.700155168400737,30.40512218638792,31.249708913787586,33513400.0
HPG,2021-06-02,30.968180004654364,31.249708913787586,29.842064368121477,30.40512218638792,40052100.0
HPG,2021-06-03,30.40512218638792,30.742956877347787,29.842064368121477,30.574039531867854,37829300.0
HPG,2021-06-04,30.686651095521142,31.137097350134294,30.574039531867854,30.686651095521142,32089200.0
HPG,2021-06-07,30.742956877347787,30.968180004654364,29.279006549855033,29.673147022641547,35006300.0
HPG,2021-06-08,29.447923895334966,29.785758586294833,28.15289091332215,28.15289091332215,40374602.0
HPG,2021-06-09,28.096585131495505,28.941171858895167,27.589833095055706,28.32180825880208,41341800.0
HPG,2021-06-10,28.26550247697544,29.616841240814903,28.15289091332215,29.05378342254846,29312900.0
HPG,2021-06-11,29.33531233168168,29.95467593177477,29.05378342254846,29.89837014994812,29154100.0
HPG,2021-06-14,30.1235932772547,30.574039531867854,29.72945280446819,30.179899059081343,29137500.0
HPG,2021-06-15,29.842064368121477,30.179899059081343,29.673147022641547,29.95467593177477,21828700.0
HPG,2021-06-16,29.72945280446819,29.842064368121477,28.997477640721815,29.166394986201745,29764200.0
HPG,2021-06-17,28.659642949761945,29.22270076802839,28.659642949761945,28.941171858895167,20442600.0
HPG,2021-06-18,29.22270076802839,30.01098171360141,28.941171858895167,29.33531233168168,29982700.0
HPG,2021-06-21,29.279006549855033,29.560535458988255,28.828560295241882,28.828560295241882,22690800.0
HPG,2021-06-22,28.997477640721815,29.50422967716161,28.828560295241882,29.110089204375104,19376100.0
HPG,2021-06-23,29.05378342254846,29.22270076802839,28.772254513415238,28.941171858895167,18659200.0
HPG,2021-06-24,28.941171858895167,29.110089204375104,28.43441982245537,28.490725604282016,20374200.0
HPG,2021-06-25,28.54703138610866,28.828560295241882,28.040279349668857,28.54703138610866,26965200.0
HPG,2021-06-28,28.884866077068523,29.560535458988255,28.6033371679353,29.50422967716161,41900700.0
HPG,2021-06-29,29.560535458988255,29.616841240814903,29.110089204375104,29.166394986201745,19889315.0
HPG,2021-06-30,29.22270076802839,29.391618113508326,28.941171858895167,28.997477640721815,20825765.0
HPG,2021-07-01,29.110089204375104,29.785758586294833,29.05378342254846,29.72945280446819,40857600.0
HPG,2021-07-02,29.842064368121477,30.067287495428054,29.391618113508326,29.447923895334966,30798700.0
HPG,2021-07-05,29.447923895334966,29.447923895334966,28.6033371679353,28.828560295241882,41347900.0
HPG,2021-07-06,28.772254513415238,29.391618113508326,27.026775276789262,27.026775276789262,48416300.0
HPG,2021-07-07,27.589833095055706,28.096585131495505,26.942316604049296,28.096585131495505,42616300.0
HPG,2021-07-08,28.096585131495505,28.209196695148794,27.36460996774913,27.589833095055706,31196500.0
HPG,2021-07-09,27.308304185922484,27.64613887688235,25.90065964025638,26.632634804002752,47352600.0
HPG,2021-07-12,26.29480011304289,26.407411676696174,24.77454400372349,25.309448931076613,76226700.0
HPG,2021-07-13,25.619130731123157,25.90065964025638,25.084225803770032,25.619130731123157,27351600.0
HPG,2021-07-14,25.84435385842973,25.90065964025638,24.971614240116747,25.337601821989935,28740700.0
HPG,2021-07-15,25.112378694683358,26.379258785782856,25.112378694683358,26.182188549389597,29417550.0
HPG,2021-07-16,26.29480011304289,26.717093476742722,26.182188549389597,26.322953003956208,22411860.0
HPG,2021-07-19,25.70358940386312,25.84435385842973,24.77454400372349,24.94346134920342,39741100.0
HPG,2021-07-20,25.337601821989935,26.632634804002752,25.02792002194339,26.632634804002752,41540600.0
HPG,2021-07-21,26.74524636765604,26.914163713135974,26.238494331216245,26.322953003956208,21335700.0
HPG,2021-07-22,26.29480011304289,26.857857931309333,26.069576985736308,26.57632902217611,21494600.0
HPG,2021-07-23,26.35110589486953,26.46371745852282,25.788048076603086,25.788048076603086,30605400.0
HPG,2021-07-26,25.619130731123157,25.956965422083023,25.14053158559668,25.6754365129498,24369795.0
HPG,2021-07-27,25.90065964025638,26.35110589486953,25.731742294776446,26.013271203909667,18206300.0
HPG,2021-07-28,26.069576985736308,26.520023240349467,26.013271203909667,26.29480011304289,21215200.0
HPG,2021-07-29,26.4355645676095,26.857857931309333,26.35110589486953,26.520023240349467,32868300.0
HPG,2021-07-30,26.520023240349467,26.801552149482685,26.520023240349467,26.632634804002752,23592200.0
HPG,2021-08-02,26.520023240349467,26.970469494962618,26.407411676696174,26.60448191308943,24807000.0
HPG,2021-08-03,26.632634804002752,26.829705040396007,26.322953003956208,26.60448191308943,28897300.0
HPG,2021-08-04,26.773399258569363,27.026775276789262,26.60448191308943,26.74524636765604,24583156.0
HPG,2021-08-05,26.717093476742722,27.589833095055706,26.660787694916074,27.477221531402417,30432100.0
HPG,2021-08-06,27.36460996774913,27.64613887688235,27.195692622269195,27.25199840409584,20202170.0
HPG,2021-08-09,27.083081058615907,27.983973567842217,26.998622385875944,27.983973567842217,30639600.0
HPG,2021-08-10,28.209196695148794,28.43441982245537,27.64613887688235,27.815056222362283,26294000.0
HPG,2021-08-11,28.040279349668857,28.040279349668857,27.561680204142384,27.561680204142384,21980955.0
HPG,2021-08-12,27.53352731322906,27.589833095055706,27.25199840409584,27.25199840409584,23567600.0
HPG,2021-08-13,27.25199840409584,27.420915749575773,26.857857931309333,27.39276285866245,26244500.0
HPG,2021-08-16,27.589833095055706,27.871362004188928,27.561680204142384,27.843209113275606,23822700.0
HPG,2021-08-17,27.955820676928894,28.659642949761945,27.927667786015572,28.378114040628724,46646400.0
HPG,2021-08-18,28.43441982245537,28.659642949761945,28.096585131495505,28.378114040628724,25313600.0
HPG,2021-08-19,28.490725604282016,28.884866077068523,28.378114040628724,28.659642949761945,28518100.0
HPG,2021-08-20,28.6033371679353,28.715948731588593,27.139386840442555,27.589833095055706,53703768.0
HPG,2021-08-23,27.589833095055706,27.589833095055706,26.74524636765604,26.74524636765604,34461400.0
HPG,2021-08-24,26.801552149482685,27.167539731355873,26.74524636765604,26.88601082222265,22095400.0
HPG,2021-08-25,26.998622385875944,27.308304185922484,26.688940585829396,27.25199840409584,16402800.0
HPG,2021-08-26,27.36460996774913,27.36460996774913,26.773399258569363,26.857857931309333,18251216.0
HPG,2021-08-27,26.74524636765604,26.942316604049296,26.322953003956208,26.801552149482685,26398000.0
HPG,2021-08-30,27.026775276789262,27.449068640489095,26.829705040396007,27.420915749575773,18151178.0
HPG,2021-08-31,27.589833095055706,27.983973567842217,27.477221531402417,27.758750440535636,25922600.0
HPG,2021-09-01,27.589833095055706,27.899514895102246,27.53352731322906,27.702444658708995,15066500.0
HPG,2021-09-06,27.871362004188928,28.941171858895167,27.815056222362283,28.828560295241882,48933900.0
HPG,2021-09-07,29.05378342254846,29.279006549855033,28.490725604282016,28.54703138610866,32476800.0
HPG,2021-09-08,28.54703138610866,29.22270076802839,28.378114040628724,28.884866077068523,33240000.0
HPG,2021-09-09,29.05378342254846,29.50422967716161,28.997477640721815,29.22270076802839,37783355.0
HPG,2021-09-10,29.279006549855033,29.391618113508326,28.941171858895167,28.997477640721815,18639900.0
HPG,2021-09-13,28.997477640721815,28.997477640721815,28.54703138610866,28.6033371679353,28239200.0
HPG,2021-09-14,28.6033371679353,28.715948731588593,28.26550247697544,28.32180825880208,23211100.0
HPG,2021-09-15,28.209196695148794,29.279006549855033,28.096585131495505,29.05378342254846,29045780.0
HPG,2021-09-16,29.279006549855033,29.447923895334966,28.884866077068523,28.884866077068523,18782000.0
HPG,2021-09-17,28.941171858895167,29.279006549855033,28.884866077068523,29.166394986201745,27077850.0
HPG,2021-09-20,29.50422967716161,29.50422967716161,28.659642949761945,28.884866077068523,32328300.0
HPG,2021-09-21,28.490725604282016,28.828560295241882,28.26550247697544,28.6033371679353,28847000.0
HPG,2021-09-22,28.6033371679353,28.772254513415238,28.490725604282016,28.659642949761945,14803800.0
HPG,2021-09-23,28.884866077068523,29.22270076802839,28.659642949761945,28.715948731588593,17856610.0
HPG,2021-09-24,28.715948731588593,29.110089204375104,28.54703138610866,28.6033371679353,16604400.0
HPG,2021-09-27,28.941171858895167,29.279006549855033,28.6033371679353,28.6033371679353,29089400.0
HPG,2021-09-28,28.490725604282016,29.673147022641547,28.490725604282016,29.616841240814903,36221100.0
HPG,2021-09-29,29.673147022641547,30.179899059081343,29.616841240814903,30.01098171360141,35258800.0
HPG,2021-09-30,30.23620484090799,30.23620484090799,29.72945280446819,29.785758586294833,24564400.0
HPG,2021-10-01,29.785758586294833,30.23620484090799,29.673147022641547,30.067287495428054,39394655.0
HPG,2021-10-04,30.348816404561276,31.47493204109416,30.348816404561276,31.249708913787586,45462500.0
HPG,2021-10-05,31.249708913787586,31.47493204109416,31.02448578648101,31.137097350134294,27529200.0
HPG,2021-10-06,31.418626259267516,31.700155168400737,31.19340313196094,31.587543604747452,28730100.0
HPG,2021-10-07,31.756460950227382,31.92537829570732,31.249708913787586,31.30601469561423,27676700.0
HPG,2021-10-08,31.418626259267516,31.643849386574097,31.080791568307653,31.362320477440875,23093600.0
HPG,2021-10-11,31.587543604747452,32.26321298666718,31.362320477440875,32.20690720484054,26816150.0
HPG,2021-10-12,32.26321298666718,32.43213033214712,31.98168407753396,32.09429564118725,19229600.0
HPG,2021-10-13,32.09429564118725,32.31951876849383,31.81276673205403,31.98168407753396,16587650.0
HPG,2021-10-14,31.98168407753396,32.31951876849383,31.92537829570732,31.98168407753396,20559700.0
HPG,2021-10-15,32.26321298666718,32.48843611397376,32.09429564118725,32.26321298666718,19335000.0
HPG,2021-10-18,32.43213033214712,32.88257658676027,32.37582455032047,32.60104767762705,21470900.0
HPG,2021-10-19,32.43213033214712,32.657353459453695,32.150601423013896,32.20690720484054,25800100.0
HPG,2021-10-20,32.31951876849383,32.37582455032047,31.418626259267516,32.03798985936061,34660900.0
HPG,2021-10-21,32.20690720484054,32.769965023106984,31.869072513880674,32.20690720484054,39982300.0
HPG,2021-10-22,32.31951876849383,32.5447418958004,31.92537829570732,31.92537829570732,20015900.0
HPG,2021-10-25,31.81276673205403,31.92537829570732,31.02448578648101,31.02448578648101,41605900.0
HPG,2021-10-26,30.855568441001072,31.700155168400737,30.51773375004121,31.700155168400737,28438800.0
HPG,2021-10-27,31.700155168400737,32.60104767762705,31.700155168400737,32.60104767762705,29716000.0
HPG,2021-10-28,32.60104767762705,32.769965023106984,32.26321298666718,32.657353459453695,21962800.0
HPG,2021-10-29,32.657353459453695,32.71365924128034,32.150601423013896,32.150601423013896,24382800.0
HPG,2021-11-01,32.150601423013896,32.150601423013896,31.362320477440875,31.362320477440875,45918500.0
HPG,2021-11-02,31.249708913787586,31.756460950227382,31.080791568307653,31.249708913787586,25669500.0
HPG,2021-11-03,31.643849386574097,31.700155168400737,31.137097350134294,31.30601469561423,30277100.0
HPG,2021-11-04,31.30601469561423,32.03798985936061,31.30601469561423,31.700155168400737,15764100.0
HPG,2021-11-05,31.700155168400737,32.09429564118725,31.362320477440875,31.869072513880674,19413400.0
HPG,2021-11-08,32.03798985936061,32.09429564118725,31.643849386574097,31.98168407753396,21540400.0
HPG,2021-11-09,31.98168407753396,32.43213033214712,31.756460950227382,31.81276673205403,24670700.0
HPG,2021-11-10,31.81276673205403,31.869072513880674,31.080791568307653,31.137097350134294,43516600.0
HPG,2021-11-11,30.968180004654364,31.137097350134294,30.179899059081343,30.40512218638792,54612800.0
HPG,2021-11-12,30.348816404561276,30.855568441001072,30.292510622734632,30.742956877347787,23576100.0
HPG,2021-11-15,30.686651095521142,30.742956877347787,30.01098171360141,30.179899059081343,33644000.0
HPG,2021-11-16,30.01098171360141,30.179899059081343,29.279006549855033,29.279006549855033,40977000.0
HPG,2021-11-17,29.279006549855033,29.616841240814903,28.941171858895167,28.941171858895167,31900008.0
HPG,2021-11-18,28.941171858895167,28.941171858895167,27.927667786015572,28.124738022408827,60992800.0
HPG,2021-11-19,27.927667786015572,27.983973567842217,26.970469494962618,27.026775276789262,48807200.0
HPG,2021-11-22,27.139386840442555,27.702444658708995,27.026775276789262,27.39276285866245,23464100.0
HPG,2021-11-23,27.53352731322906,28.040279349668857,27.36460996774913,27.899514895102246,17302000.0
HPG,2021-11-24,27.871362004188928,27.983973567842217,27.308304185922484,27.39276285866245,27186800.0
HPG,2021-11-25,27.420915749575773,27.78690333144896,27.420915749575773,27.730597549622317,26458600.0
HPG,2021-11-26,27.758750440535636,28.124738022408827,27.589833095055706,27.617985985969028,26729700.0
HPG,2021-11-29,27.139386840442555,27.53352731322906,27.139386840442555,27.25199840409584,22004500.0
HPG,2021-11-30,27.561680204142384,28.124738022408827,27.308304185922484,27.561680204142384,22925500.0
HPG,2021-12-01,27.871362004188928,27.871362004188928,27.53352731322906,27.589833095055706,14195900.0
HPG,2021-12-02,27.702444658708995,27.730597549622317,27.36460996774913,27.36460996774913,16337600.0
HPG,2021-12-03,27.477221531402417,27.674291767795673,26.857857931309333,26.857857931309333,21922500.0
HPG,2021-12-06,26.74524636765604,26.998622385875944,25.619130731123157,25.759895185689768,34693900.0
HPG,2021-12-07,26.15403565847628,26.801552149482685,25.90065964025638,26.801552149482685,22527400.0
HPG,2021-12-08,26.970469494962618,26.970469494962618,26.49187034943614,26.57632902217611,12338800.0
HPG,2021-12-09,26.407411676696174,26.632634804002752,26.35110589486953,26.520023240349467,12655200.0
HPG,2021-12-10,26.49187034943614,26.57632902217611,26.125882767562953,26.182188549389597,20637400.0
HPG,2021-12-13,26.21034144030292,26.548176131262785,26.069576985736308,26.21034144030292,17123018.0
HPG,2021-12-14,26.21034144030292,27.64613887688235,26.013271203909667,26.857857931309333,37752268.0
HPG,2021-12-15,27.026775276789262,27.36460996774913,26.857857931309333,26.914163713135974,11387795.0
HPG,2021-12-16,27.083081058615907,27.083081058615907,26.632634804002752,26.74524636765604,11815000.0
HPG,2021-12-17,26.660787694916074,26.773399258569363,26.238494331216245,26.29480011304289,22962000.0
HPG,2021-12-20,26.29480011304289,26.660787694916074,26.182188549389597,26.407411676696174,12524100.0
HPG,2021-12-21,26.407411676696174,26.4355645676095,25.956965422083023,25.956965422083023,17916800.0
HPG,2021-12-22,26.069576985736308,26.182188549389597,25.39390760381658,25.39390760381658,27593800.0
HPG,2021-12-23,25.39390760381658,25.39390760381658,24.830849785550136,25.309448931076613,28754900.0
HPG,2021-12-24,25.506519167469865,26.266647222129563,25.478366276556546,25.928812531169697,23464700.0
HPG,2021-12-27,26.21034144030292,26.238494331216245,25.647283622036475,25.84435385842973,12180400.0
HPG,2021-12-28,25.84435385842973,26.29480011304289,25.6754365129498,25.788048076603086,13456300.0
HPG,2021-12-29,25.788048076603086,26.069576985736308,25.619130731123157,25.788048076603086,17659745.0
HPG,2021-12-30,26.069576985736308,26.069576985736308,25.731742294776446,25.731742294776446,11755870.0
HPG,2021-12-31,25.90065964025638,26.266647222129563,25.816200967516412,26.125882767562953,15133250.0
HPG,2022-01-04,26.35110589486953,26.57632902217611,26.238494331216245,26.322953003956208,20100700.0
HPG,2022-01-05,26.407411676696174,26.660787694916074,26.35110589486953,26.35110589486953,19546400.0
HPG,2022-01-06,26.182188549389597,26.29480011304289,25.956965422083023,25.956965422083023,17586300.0
HPG,2022-01-07,25.956965422083023,26.013271203909667,25.70358940386312,25.788048076603086,16335300.0
HPG,2022-01-10,25.816200967516412,26.266647222129563,25.619130731123157,25.70358940386312,20227500.0
HPG,2022-01-11,25.928812531169697,25.928812531169697,25.39390760381658,25.39390760381658,13272100.0
HPG,2022-01-12,25.450213385643224,26.041424094822986,25.422060494729898,26.013271203909667,14686700.0
HPG,2022-01-13,26.069576985736308,26.632634804002752,26.013271203909667,26.29480011304289,25577800.0
HPG,2022-01-14,26.182188549389597,26.379258785782856,26.013271203909667,26.041424094822986,9687900.0
HPG,2022-01-17,26.041424094822986,26.182188549389597,25.168684476510002,25.168684476510002,25731200.0
HPG,2022-01-18,25.056072912856713,25.478366276556546,24.211486185457048,24.77454400372349,21441900.0
HPG,2022-01-19,24.99976713103007,25.084225803770032,24.464862203676947,24.49301509459027,18118700.0
HPG,2022-01-20,24.6619324400702,24.88715556737678,24.38040353093698,24.77454400372349,15085400.0
HPG,2022-01-21,24.77454400372349,25.02792002194339,24.267791967283692,24.38040353093698,16377300.0
HPG,2022-01-24,24.267791967283692,24.324097749110337,22.91645320344423,22.91645320344423,32655200.0
HPG,2022-01-25,22.803841639790942,24.38040353093698,22.63492429431101,24.35225064002366,19765200.0
HPG,2022-01-26,24.49301509459027,25.02792002194339,24.464862203676947,24.464862203676947,15205400.0
HPG,2022-01-27,24.324097749110337,24.49301509459027,23.648428367190604,23.73288703993057,14740800.0
HPG,2022-01-28,23.789192821757215,24.09887462180376,23.479511021710675,23.761039930843896,15861700.0
HPG,2022-02-07,24.09887462180376,24.60562665824356,23.535816803537315,24.23963907637037,16723600.0
HPG,2022-02-08,24.211486185457048,25.647283622036475,24.211486185457048,25.647283622036475,29017700.0
HPG,2022-02-09,25.788048076603086,27.195692622269195,25.731742294776446,26.632634804002752,41215200.0
HPG,2022-02-10,26.688940585829396,26.970469494962618,26.29480011304289,26.46371745852282,25237300.0
HPG,2022-02-11,26.238494331216245,26.74524636765604,26.069576985736308,26.548176131262785,18225600.0
HPG,2022-02-14,26.182188549389597,26.74524636765604,25.98511831299634,26.013271203909667,18596700.0
HPG,2022-02-15,26.013271203909667,26.21034144030292,25.56282494929651,25.90065964025638,15872100.0
HPG,2022-02-16,25.956965422083023,26.182188549389597,25.6754365129498,25.90065964025638,9841500.0
HPG,2022-02-17,25.90065964025638,26.322953003956208,25.90065964025638,26.182188549389597,12373600.0
HPG,2022-02-18,26.013271203909667,26.829705040396007,25.928812531169697,26.49187034943614,23135500.0
HPG,2022-02-21,26.520023240349467,26.74524636765604,26.21034144030292,26.266647222129563,12177300.0
HPG,2022-02-22,26.069576985736308,26.238494331216245,25.731742294776446,26.125882767562953,21134900.0
HPG,2022-02-23,26.266647222129563,26.57632902217611,26.041424094822986,26.29480011304289,12981100.0
HPG,2022-02-24,26.322953003956208,26.379258785782856,25.39390760381658,25.90065964025638,22602500.0
HPG,2022-02-25,25.956965422083023,26.097729876649634,25.84435385842973,25.84435385842973,15399020.0
HPG,2022-02-28,25.928812531169697,26.914163713135974,25.928812531169697,26.57632902217611,35728100.0
HPG,2022-03-01,26.857857931309333,27.083081058615907,26.379258785782856,26.407411676696174,23374000.0
HPG,2022-03-02,26.46371745852282,26.660787694916074,26.238494331216245,26.407411676696174,19896100.0
HPG,2022-03-03,26.801552149482685,28.209196695148794,26.632634804002752,28.209196695148794,77844000.0
HPG,2022-03-04,28.715948731588593,28.884866077068523,28.040279349668857,28.040279349668857,33608900.0
HPG,2022-03-07,28.26550247697544,29.560535458988255,28.15289091332215,28.772254513415238,39010500.0
HPG,2022-03-08,28.490725604282016,28.828560295241882,27.843209113275606,27.843209113275606,41898600.0
HPG,2022-03-09,28.15289091332215,28.32180825880208,27.50537442231574,28.068432240582183,36395200.0
HPG,2022-03-10,28.15289091332215,28.209196695148794,27.64613887688235,27.674291767795673,27750600.0
HPG,2022-03-11,27.702444658708995,27.758750440535636,26.379258785782856,26.801552149482685,44368200.0
HPG,2022-03-14,26.632634804002752,27.139386840442555,25.788048076603086,25.788048076603086,36313800.0
HPG,2022-03-15,25.872506749343056,26.29480011304289,25.590977840209835,25.98511831299634,20864200.0
HPG,2022-03-16,26.407411676696174,26.548176131262785,26.013271203909667,26.013271203909667,11438800.0
HPG,2022-03-17,26.238494331216245,26.29480011304289,25.84435385842973,25.872506749343056,15172700.0
HPG,2022-03-18,26.013271203909667,26.379258785782856,25.928812531169697,26.182188549389597,18336600.0
HPG,2022-03-21,26.29480011304289,26.57632902217611,26.125882767562953,26.379258785782856,19333200.0
HPG,2022-03-22,26.407411676696174,26.4355645676095,26.069576985736308,26.407411676696174,23789600.0
HPG,2022-03-23,26.57632902217611,26.717093476742722,26.35110589486953,26.35110589486953,19299200.0
HPG,2022-03-24,26.46371745852282,26.46371745852282,26.097729876649634,26.125882767562953,15613373.0
HPG,2022-03-25,26.21034144030292,26.4355645676095,26.013271203909667,26.125882767562953,14699800.0
HPG,2022-03-28,25.956965422083023,26.379258785782856,25.788048076603086,25.84435385842973,21064841.0
HPG,2022-03-29,26.013271203909667,26.041424094822986,25.788048076603086,25.816200967516412,14440873.0
HPG,2022-03-30,25.788048076603086,26.125882767562953,25.56282494929651,25.619130731123157,16070400.0
HPG,2022-03-31,25.70358940386312,25.872506749343056,25.224990258336643,25.39390760381658,19047300.0
HPG,2022-04-01,25.337601821989935,25.90065964025638,25.056072912856713,25.731742294776446,22150925.0
HPG,2022-04-04,25.90065964025638,26.069576985736308,25.759895185689768,25.816200967516412,13712380.0
HPG,2022-04-05,25.90065964025638,26.125882767562953,25.872506749343056,25.956965422083023,12124200.0
HPG,2022-04-06,25.90065964025638,26.998622385875944,25.90065964025638,26.60448191308943,29707400.0
HPG,2022-04-07,26.74524636765604,26.801552149482685,26.21034144030292,26.21034144030292,14512900.0
HPG,2022-04-08,26.322953003956208,26.49187034943614,26.097729876649634,26.125882767562953,14017800.0
HPG,2022-04-12,26.182188549389597,26.182188549389597,25.365754712903254,25.39390760381658,18533500.0
HPG,2022-04-13,25.506519167469865,25.590977840209835,25.168684476510002,25.450213385643224,14367600.0
HPG,2022-04-14,25.506519167469865,25.647283622036475,25.281296040163287,25.281296040163287,13418800.0
HPG,2022-04-15,25.281296040163287,25.337601821989935,24.859002676463458,24.88715556737678,18398500.0
HPG,2022-04-18,24.80269689463681,25.084225803770032,24.014415949063793,24.014415949063793,23436000.0
HPG,2022-04-19,24.211486185457048,24.718238221896847,24.155180403630403,24.38040353093698,19239800.0
HPG,2022-04-20,24.49301509459027,24.77454400372349,24.267791967283692,24.324097749110337,13442500.0
HPG,2022-04-21,24.211486185457048,24.830849785550136,23.70473414901725,24.408556421850303,17812100.0
HPG,2022-04-22,24.77454400372349,24.80269689463681,23.84549860358386,24.6619324400702,12698000.0
HPG,2022-04-25,24.6619324400702,24.6619324400702,22.94460609435755,22.94460609435755,30341441.0
HPG,2022-04-26,22.606771403397683,23.310593676230738,22.297089603351143,23.197982112577453,23450100.0
HPG,2022-04-27,23.197982112577453,24.155180403630403,23.14167633075081,23.929957276323826,19530500.0
HPG,2022-04-28,23.929957276323826,24.464862203676947,23.929957276323826,24.267791967283692,13634800.0
HPG,2022-04-29,24.155180403630403,24.436709312763625,24.12702751271708,24.38040353093698,13547800.0
HPG,2022-05-04,24.38040353093698,24.38040353093698,23.648428367190604,23.648428367190604,16730300.0
HPG,2022-05-05,23.98626305815047,23.98626305815047,23.366899458057382,23.676581258103926,15878100.0
HPG,2022-05-06,23.310593676230738,24.211486185457048,23.310593676230738,23.535816803537315,15210600.0
HPG,2022-05-09,23.366899458057382,23.59212258536396,22.4941598397444,22.4941598397444,26383600.0
HPG,2022-05-10,22.2407838215245,23.14167633075081,21.790337566911344,23.14167633075081,19840000.0
HPG,2022-05-11,23.08537054892416,23.254287894404094,22.83199453070426,22.888300312530905,9971700.0
HPG,2022-05-12,22.860147421617587,22.888300312530905,21.536961548691444,21.536961548691444,28149600.0
HPG,2022-05-13,21.4806557668648,21.705878894171374,20.129317003025335,20.2137756757653,43297700.0
HPG,2022-05-16,20.86129216677171,21.11466818499161,20.43899880307188,20.43899880307188,29525700.0
HPG,2022-05-17,20.382693021245238,21.508808657778122,20.270081457591946,21.508808657778122,23540100.0
HPG,2022-05-18,21.62142022143141,21.790337566911344,21.311738421384867,21.508808657778122,17845900.0
HPG,2022-05-19,21.002056621338323,21.452502875951478,20.748680603118423,21.33989131229819,16876000.0
HPG,2022-05-20,21.227279748644904,21.283585530471544,20.973903730425,21.199126857731578,13929400.0
HPG,2022-05-23,21.36804420321151,21.508808657778122,20.43899880307188,20.69237482129178,10555700.0
HPG,2022-05-24,20.69237482129178,20.83313927585839,19.25657738471235,19.650717857498858,43221300.0
HPG,2022-05-25,19.425494730192284,19.678870748412184,18.609060893705937,19.397341839278962,39492041.0
HPG,2022-05-26,19.707023639325506,20.044858330285372,19.453647621105603,19.707023639325506,16225800.0
HPG,2022-05-27,19.707023639325506,20.2137756757653,19.594412075672214,19.960399657545405,17617900.0
HPG,2022-05-30,19.988552548458724,20.185622784851983,19.875940984805435,19.960399657545405,15594300.0
HPG,2022-05-31,19.90409387571876,19.90409387571876,19.425494730192284,19.538106293845573,19445200.0
HPG,2022-06-01,19.425494730192284,19.594412075672214,19.03135425740577,19.341036057452317,21670600.0
HPG,2022-06-02,19.143965821059062,19.31288316653899,18.609060893705937,18.665366675532585,25920400.0
HPG,2022-06-03,18.749825348272548,19.143965821059062,18.72167245735923,18.806131130099196,15010900.0
HPG,2022-06-06,19.228424493799025,19.284730275625673,18.637213784619263,18.749825348272548,17769400.0
HPG,2022-06-07,18.749825348272548,18.89058980283916,18.383837766399363,18.693519566445907,19546400.0
HPG,2022-06-08,18.749825348272548,18.834284021012518,18.440143548226008,18.524602220965974,24841800.0
HPG,2022-06-09,18.524602220965974,19.453647621105603,18.440143548226008,19.03135425740577,27419900.0
HPG,2022-06-10,19.03135425740577,19.284730275625673,18.918742693752485,18.918742693752485,15372600.0
HPG,2022-06-13,18.58090800279262,18.86243691192584,17.848932839046242,17.905238620872886,21236000.0
HPG,2022-06-14,17.736321275392953,17.764474166306275,17.004346111646576,17.060651893473224,28458400.0
HPG,2022-06-15,16.948040329819936,17.398486584433087,16.24421805698688,16.55389985703342,31367400.0
HPG,2022-06-16,16.976193220733254,17.651862602652987,16.835428766166643,17.45479236625973,33577900.0
HPG,2022-06-17,17.446208041751234,17.48340677958013,16.330245906884418,17.260214352606766,30237200.0
HPG,2022-06-20,16.925425712146723,17.11141940129119,16.069854742082164,16.069854742082164,37428900.0
HPG,2022-06-21,15.883861052937693,15.995457266424374,15.251482509846497,15.47467493681986,40935100.0
HPG,2022-06-22,15.511873674648754,16.367444644713313,15.511873674648754,15.995457266424374,21522500.0
HPG,2022-06-23,15.995457266424374,16.25584843122663,15.995457266424374,16.218649693397737,6926200.0
HPG,2022-06-24,16.25584843122663,16.73943202300225,16.14425221773995,16.218649693397737,14244100.0
HPG,2022-06-27,16.367444644713313,17.0370219256334,15.883861052937693,17.0370219256334,20739600.0
HPG,2022-06-28,16.99982318780451,16.99982318780451,16.553438333857784,16.73943202300225,17838300.0
HPG,2022-06-29,16.590637071686675,17.22301561477787,16.441842120371103,16.925425712146723,22114300.0
HPG,2022-06-30,17.0370219256334,17.409009303922343,16.590637071686675,16.590637071686675,19950600.0
HPG,2022-07-01,16.590637071686675,16.81382949866004,16.03265600425327,16.66503454734446,15805000.0
HPG,2022-07-04,16.851028236488933,16.851028236488933,16.367444644713313,16.367444644713313,12603200.0
HPG,2022-07-05,16.441842120371103,16.62783580951557,16.18145095556884,16.293047169055523,15593400.0
HPG,2022-07-06,16.14425221773995,16.553438333857784,15.8466623151088,15.95825852859548,18233600.0
HPG,2022-07-07,15.95825852859548,16.18145095556884,15.921059790766584,16.18145095556884,13328000.0
HPG,2022-07-08,16.367444644713313,16.776630760831146,16.367444644713313,16.702233285173357,19504900.0
HPG,2022-07-11,16.66503454734446,16.851028236488933,16.330245906884418,16.404643382542208,14976400.0
HPG,2022-07-12,16.404643382542208,16.73943202300225,16.330245906884418,16.590637071686675,12291500.0
HPG,2022-07-13,16.51623959602889,16.962624449975614,16.479040858199994,16.590637071686675,17855700.0
HPG,2022-07-14,16.51623959602889,16.66503454734446,16.441842120371103,16.51623959602889,12520300.0
HPG,2022-07-15,16.62783580951557,17.48340677958013,16.62783580951557,17.260214352606766,48006900.0
HPG,2022-07-18,17.260214352606766,17.334611828264556,16.73943202300225,16.81382949866004,20172000.0
HPG,2022-07-19,16.73943202300225,16.81382949866004,16.441842120371103,16.479040858199994,16276900.0
HPG,2022-07-20,16.62783580951557,16.925425712146723,16.590637071686675,16.62783580951557,17744000.0
HPG,2022-07-21,16.62783580951557,17.11141940129119,16.590637071686675,16.888226974317828,23043400.0
HPG,2022-07-22,16.888226974317828,16.962624449975614,16.51623959602889,16.51623959602889,16642200.0
HPG,2022-07-25,16.51623959602889,16.590637071686675,16.218649693397737,16.293047169055523,20867100.0
HPG,2022-07-26,16.218649693397737,16.367444644713313,16.069854742082164,16.107053479911055,26422200.0
HPG,2022-07-27,15.95825852859548,15.995457266424374,15.660668625964329,15.809463577279905,28715987.0
HPG,2022-07-28,15.995457266424374,16.14425221773995,15.809463577279905,15.921059790766584,23510500.0
HPG,2022-07-29,16.069854742082164,16.330245906884418,15.995457266424374,15.995457266424374,20687600.0
HPG,2022-08-01,16.14425221773995,16.99982318780451,16.069854742082164,16.962624449975614,38143900.0
HPG,2022-08-02,17.0370219256334,17.22301561477787,16.888226974317828,17.0370219256334,27729900.0
HPG,2022-08-03,16.888226974317828,17.743797944382386,16.81382949866004,17.6694004687246,58946000.0
HPG,2022-08-04,17.78099668221128,17.818195420040173,17.48340677958013,17.59500299306681,30121900.0
HPG,2022-08-05,17.409009303922343,17.59500299306681,17.22301561477787,17.334611828264556,42536671.0
HPG,2022-08-08,17.409009303922343,17.78099668221128,17.334611828264556,17.55780425523792,30365700.0
HPG,2022-08-09,17.78099668221128,18.078586584842434,17.59500299306681,17.929791633526857,51496300.0
HPG,2022-08-10,17.855394157869068,18.15298406050022,17.706599206553495,17.706599206553495,30124400.0
HPG,2022-08-11,17.892592895697963,17.96699037135575,17.334611828264556,17.409009303922343,34705700.0
HPG,2022-08-12,17.334611828264556,17.892592895697963,17.29741309043566,17.818195420040173,33967300.0
HPG,2022-08-15,17.929791633526857,18.004189109184644,17.706599206553495,17.855394157869068,33213400.0
HPG,2022-08-16,17.855394157869068,18.376176487473582,17.855394157869068,18.2645802739869,66960300.0
HPG,2022-08-17,18.301779011815796,18.338977749644688,17.96699037135575,18.078586584842434,27796741.0
HPG,2022-08-18,17.929791633526857,18.11578532267133,17.892592895697963,17.96699037135575,23768100.0
HPG,2022-08-19,17.929791633526857,18.04138784701354,17.59500299306681,17.6694004687246,32257200.0
HPG,2022-08-22,17.59500299306681,17.6694004687246,17.22301561477787,17.371810566093448,24098700.0
HPG,2022-08-23,17.18581687694898,17.59500299306681,17.18581687694898,17.59500299306681,16687400.0
HPG,2022-08-24,17.59500299306681,17.6694004687246,17.48340677958013,17.48340677958013,12225400.0
HPG,2022-08-25,17.6694004687246,17.892592895697963,17.55780425523792,17.743797944382386,18559100.0
HPG,2022-08-26,17.855394157869068,17.855394157869068,17.48340677958013,17.48340677958013,16469800.0
HPG,2022-08-29,17.148618139120085,17.29741309043566,16.851028236488933,17.11141940129119,32793800.0
HPG,2022-08-30,17.18581687694898,17.334611828264556,17.074220663462295,17.148618139120085,15413700.0
HPG,2022-08-31,17.11141940129119,17.22301561477787,16.925425712146723,17.11141940129119,15857200.0
HPG,2022-09-05,17.148618139120085,17.929791633526857,17.148618139120085,17.78099668221128,26282100.0
HPG,2022-09-06,17.855394157869068,18.004189109184644,17.520605517409024,17.520605517409024,15532900.0
HPG,2022-09-07,17.520605517409024,17.706599206553495,17.11141940129119,17.11141940129119,25495500.0
HPG,2022-09-08,17.260214352606766,17.446208041751234,17.0370219256334,17.18581687694898,20565500.0
HPG,2022-09-09,17.371810566093448,17.706599206553495,17.18581687694898,17.706599206553495,26518100.0
HPG,2022-09-12,17.78099668221128,18.078586584842434,17.706599206553495,17.706599206553495,26490900.0
HPG,2022-09-13,17.6694004687246,17.855394157869068,17.48340677958013,17.632201730895705,17390100.0
HPG,2022-09-14,17.29741309043566,17.706599206553495,17.29741309043566,17.632201730895705,29192300.0
HPG,2022-09-15,17.78099668221128,17.78099668221128,17.446208041751234,17.55780425523792,13730400.0
HPG,2022-09-16,17.409009303922343,17.55780425523792,17.11141940129119,17.11141940129119,27510700.0
HPG,2022-09-19,17.18581687694898,17.29741309043566,16.702233285173357,16.851028236488933,27479100.0
HPG,2022-09-20,16.962624449975614,17.11141940129119,16.81382949866004,17.11141940129119,13011000.0
HPG,2022-09-21,17.0370219256334,17.074220663462295,16.888226974317828,17.0370219256334,10096300.0
HPG,2022-09-22,16.888226974317828,17.18581687694898,16.851028236488933,17.11141940129119,12159400.0
HPG,2022-09-23,17.148618139120085,17.260214352606766,16.888226974317828,16.888226974317828,15367100.0
HPG,2022-09-26,16.702233285173357,16.81382949866004,16.25584843122663,16.66503454734446,26407400.0
HPG,2022-09-27,16.702233285173357,16.73943202300225,16.441842120371103,16.66503454734446,9591600.0
HPG,2022-09-28,16.51623959602889,16.702233285173357,16.069854742082164,16.218649693397737,14067800.0
HPG,2022-09-29,16.479040858199994,16.590637071686675,16.107053479911055,16.107053479911055,10331300.0
HPG,2022-09-30,15.995457266424374,16.107053479911055,15.400277461162071,15.77226483945101,23369500.0
HPG,2022-10-03,15.77226483945101,15.77226483945101,14.693501442413087,14.693501442413087,34133600.0
HPG,2022-10-04,14.953892607215346,15.065488820702027,13.875129210177422,14.023924161493,32115400.0
HPG,2022-10-05,14.284315326295255,14.395911539781938,14.023924161493,14.284315326295255,25667500.0
HPG,2022-10-06,14.358712801953043,14.358712801953043,13.391545618401802,13.391545618401802,37610800.0
HPG,2022-10-07,13.131154453599542,13.242750667086227,12.684769599652817,13.093955715770651,37232300.0
HPG,2022-10-10,12.870763288797287,13.837930472348528,12.796365813139499,13.651936783204059,25181300.0
HPG,2022-10-11,13.689135521032952,13.689135521032952,12.907962026626182,13.019558240112863,26759700.0
HPG,2022-10-12,13.242750667086227,13.912327948006315,13.019558240112863,13.912327948006315,28996700.0
HPG,2022-10-13,13.986725423664105,14.581905228926408,13.800731734519635,14.507507753268618,24463100.0
HPG,2022-10-14,14.693501442413087,14.805097655899768,14.358712801953043,14.470309015439724,23588600.0
HPG,2022-10-17,14.321514064124148,14.395911539781938,14.06112289932189,14.321514064124148,22831850.0
HPG,2022-10-18,14.507507753268618,14.656302704584194,13.912327948006315,14.023924161493,28506600.0
HPG,2022-10-19,14.023924161493,14.023924161493,13.651936783204059,13.689135521032952,20235600.0
HPG,2022-10-20,13.651936783204059,13.837930472348528,13.428744356230697,13.46594309405959,26033000.0
HPG,2022-10-21,13.614738045375166,13.614738045375166,12.573173386166134,12.573173386166134,45155900.0
HPG,2022-10-24,12.647570861823924,12.684769599652817,12.052391056561621,12.201186007877196,28145800.0
HPG,2022-10-25,12.201186007877196,13.019558240112863,11.94079484307494,12.721968337481712,31189500.0
HPG,2022-10-26,12.647570861823924,12.945160764455073,12.535974648337243,12.573173386166134,12022500.0
HPG,2022-10-27,12.61037212399503,13.093955715770651,12.573173386166134,12.945160764455073,21366800.0
HPG,2022-10-28,12.945160764455073,13.131154453599542,12.498775910508348,12.498775910508348,31404900.0
HPG,2022-10-31,11.64320494044379,11.903596105246045,11.64320494044379,11.64320494044379,66353200.0
HPG,2022-11-01,11.717602416101576,11.903596105246045,11.010826397352593,11.159621348668168,81552300.0
HPG,2022-11-02,11.159621348668168,11.680403678272683,11.159621348668168,11.420012513470425,40121700.0
HPG,2022-11-03,11.345615037812637,11.494409989128213,11.234018824325956,11.308416299983742,20629700.0
HPG,2022-11-04,11.159621348668168,11.271217562154849,10.787633970379229,10.89923018386591,43889600.0
HPG,2022-11-07,10.824832708208124,11.010826397352593,10.192454165116926,10.192454165116926,39953100.0
HPG,2022-11-08,9.7460693111702,10.192454165116926,9.671671835512413,9.783268048999094,46273800.0
HPG,2022-11-09,9.820466786827987,10.118056689459138,9.634473097683518,9.671671835512413,32786100.0
HPG,2022-11-10,9.448479408539049,9.522876884196837,9.002094554592322,9.002094554592322,79819500.0
HPG,2022-11-11,9.150889505907898,9.411280670710156,8.927697078934534,9.150889505907898,63839100.0
HPG,2022-11-14,9.039293292421217,9.26248571939458,8.816100865447853,9.07649203025011,60270100.0
HPG,2022-11-15,8.927697078934534,9.336883195052367,8.927697078934534,9.299684457223472,44416800.0
HPG,2022-11-16,9.150889505907898,9.932063000314669,8.77890212761896,9.932063000314669,55883300.0
HPG,2022-11-17,10.341249116432502,10.60164028123476,10.266851640774714,10.60164028123476,33938100.0
HPG,2022-11-18,10.862031446037017,11.308416299983742,10.60164028123476,11.234018824325956,99658800.0
HPG,2022-11-21,11.308416299983742,11.345615037812637,10.973627659523698,11.122422610839273,31604900.0
HPG,2022-11-22,10.89923018386591,11.494409989128213,10.750435232550334,11.010826397352593,43346700.0
HPG,2022-11-23,10.936428921694803,11.048025135181486,10.266851640774714,10.266851640774714,30383500.0
HPG,2022-11-24,10.192454165116926,10.713236494721441,10.118056689459138,10.676037756892548,31115600.0
HPG,2022-11-25,10.862031446037017,11.382813775641532,10.676037756892548,11.382813775641532,26533900.0
HPG,2022-11-28,11.606006202614894,12.163987270048304,11.606006202614894,12.163987270048304,58921900.0
HPG,2022-11-29,12.349980959192774,12.982359502283968,12.163987270048304,12.945160764455073,65780600.0
HPG,2022-11-30,13.056756977941758,13.689135521032952,12.796365813139499,13.689135521032952,57899300.0
HPG,2022-12-01,13.94952668583521,14.619103966755299,13.391545618401802,13.540340569717376,66872501.0
HPG,2022-12-02,13.391545618401802,14.470309015439724,13.242750667086227,14.470309015439724,45683100.0
HPG,2022-12-05,14.730700180241982,15.177085034188707,14.507507753268618,14.879495131557556,50173800.0
HPG,2022-12-06,14.805097655899768,14.842296393728663,13.837930472348528,13.837930472348528,66581300.0
HPG,2022-12-07,13.391545618401802,14.24711658846636,13.168353191428437,13.577539307546271,34739700.0
HPG,2022-12-08,14.06112289932189,14.395911539781938,13.76353299669074,14.06112289932189,30963600.0
HPG,2022-12-09,14.06112289932189,14.470309015439724,13.76353299669074,14.284315326295255,34844800.0
HPG,2022-12-12,14.284315326295255,14.544706491097513,13.837930472348528,13.837930472348528,35832500.0
HPG,2022-12-13,13.837930472348528,14.135520374979679,13.577539307546271,14.135520374979679,24634000.0
HPG,2022-12-14,14.395911539781938,14.581905228926408,14.135520374979679,14.284315326295255,34450300.0
HPG,2022-12-15,14.209917850637469,14.619103966755299,14.209917850637469,14.395911539781938,21206100.0
HPG,2022-12-16,14.284315326295255,15.214283772017602,14.098321637150784,15.177085034188707,55383800.0
HPG,2022-12-19,15.325879985504285,15.809463577279905,14.879495131557556,14.879495131557556,50135200.0
HPG,2022-12-20,14.730700180241982,14.953892607215346,13.94952668583521,14.135520374979679,45814800.0
HPG,2022-12-21,14.43311027761083,14.470309015439724,13.46594309405959,14.06112289932189,27787200.0
HPG,2022-12-22,14.209917850637469,14.581905228926408,13.912327948006315,14.06112289932189,19345200.0
HPG,2022-12-23,14.023924161493,14.06112289932189,13.46594309405959,13.651936783204059,27380080.0
HPG,2022-12-26,13.614738045375166,13.614738045375166,12.721968337481712,12.721968337481712,36845000.0
HPG,2022-12-27,12.721968337481712,13.577539307546271,12.721968337481712,13.577539307546271,24390000.0
HPG,2022-12-28,13.689135521032952,13.76353299669074,13.354346880572907,13.540340569717376,15786200.0
HPG,2022-12-29,13.614738045375166,13.76353299669074,13.27994940491512,13.391545618401802,17469800.0
HPG,2022-12-30,13.46594309405959,13.726334258861845,13.317148142744013,13.391545618401802,15167800.0
HPG,2023-01-03,13.614738045375166,14.321514064124148,13.540340569717376,14.321514064124148,27990600.0
HPG,2023-01-04,14.470309015439724,14.730700180241982,14.358712801953043,14.43311027761083,20476000.0
HPG,2023-01-05,14.43311027761083,14.879495131557556,14.24711658846636,14.730700180241982,21722200.0
HPG,2023-01-06,14.656302704584194,14.953892607215346,14.284315326295255,14.43311027761083,19905100.0
HPG,2023-01-09,14.730700180241982,14.953892607215346,14.507507753268618,14.581905228926408,16185000.0
HPG,2023-01-10,14.581905228926408,14.953892607215346,14.284315326295255,14.730700180241982,27271100.0
HPG,2023-01-11,14.879495131557556,15.28868124767539,14.805097655899768,15.028290082873133,25709300.0
HPG,2023-01-12,14.953892607215346,15.065488820702027,14.805097655899768,14.916693869386451,23196900.0
HPG,2023-01-13,15.065488820702027,15.139886296359816,14.805097655899768,14.842296393728663,20972700.0
HPG,2023-01-16,14.879495131557556,15.363078723333176,14.842296393728663,15.065488820702027,24891420.0
HPG,2023-01-17,15.214283772017602,16.107053479911055,15.214283772017602,16.107053479911055,42049700.0
HPG,2023-01-18,16.367444644713313,16.404643382542208,16.03265600425327,16.14425221773995,26450200.0
HPG,2023-01-19,16.069854742082164,16.25584843122663,15.511873674648754,15.735066101622115,45480200.0
HPG,2023-01-27,15.623469888135435,16.03265600425327,15.511873674648754,15.995457266424374,26574400.0
HPG,2023-01-30,16.14425221773995,16.51623959602889,15.883861052937693,16.18145095556884,42541300.0
HPG,2023-01-31,16.293047169055523,16.441842120371103,16.14425221773995,16.441842120371103,28400900.0
HPG,2023-02-01,16.51623959602889,16.851028236488933,15.623469888135435,15.697867363793224,51905400.0
HPG,2023-02-02,15.77226483945101,16.14425221773995,15.697867363793224,15.8466623151088,25682600.0
HPG,2023-02-03,15.95825852859548,16.03265600425327,15.623469888135435,15.697867363793224,21016300.0
HPG,2023-02-06,15.697867363793224,15.735066101622115,15.28868124767539,15.735066101622115,23062300.0
HPG,2023-02-07,15.735066101622115,15.77226483945101,14.656302704584194,14.693501442413087,43379400.0
HPG,2023-02-08,14.693501442413087,15.697867363793224,14.693501442413087,15.511873674648754,33812500.0
HPG,2023-02-09,15.623469888135435,15.809463577279905,15.325879985504285,15.325879985504285,16442900.0
HPG,2023-02-10,15.400277461162071,15.47467493681986,14.991091345044238,15.251482509846497,15992000.0
HPG,2023-02-13,15.177085034188707,15.177085034188707,14.693501442413087,15.028290082873133,18841800.0
HPG,2023-02-14,15.10268755853092,15.549072412477646,15.065488820702027,15.325879985504285,17294600.0
HPG,2023-02-15,15.325879985504285,15.660668625964329,15.065488820702027,15.47467493681986,20076200.0
HPG,2023-02-16,15.58627115030654,15.921059790766584,15.325879985504285,15.8466623151088,23914900.0
HPG,2023-02-17,15.8466623151088,15.883861052937693,15.623469888135435,15.623469888135435,13693700.0
HPG,2023-02-20,15.623469888135435,16.293047169055523,15.623469888135435,16.293047169055523,25741700.0
HPG,2023-02-21,16.404643382542208,16.590637071686675,16.069854742082164,16.069854742082164,21439100.0
HPG,2023-02-22,15.921059790766584,16.441842120371103,15.77226483945101,15.77226483945101,34304400.0
HPG,2023-02-23,15.735066101622115,15.995457266424374,15.177085034188707,15.995457266424374,33590000.0
HPG,2023-02-24,15.995457266424374,15.995457266424374,15.363078723333176,15.47467493681986,15160800.0
HPG,2023-02-27,15.177085034188707,15.28868124767539,14.842296393728663,14.953892607215346,31386100.0
HPG,2023-02-28,15.214283772017602,15.251482509846497,14.805097655899768,14.879495131557556,16329800.0
HPG,2023-03-01,14.879495131557556,15.549072412477646,14.730700180241982,15.549072412477646,19455400.0
HPG,2023-03-02,15.623469888135435,15.697867363793224,15.325879985504285,15.325879985504285,9633300.0
HPG,2023-03-03,15.47467493681986,15.697867363793224,15.139886296359816,15.139886296359816,21612500.0
HPG,2023-03-06,15.363078723333176,15.511873674648754,15.177085034188707,15.177085034188707,11739800.0
HPG,2023-03-07,15.325879985504285,15.883861052937693,15.28868124767539,15.697867363793224,29581700.0
HPG,2023-03-08,15.549072412477646,15.77226483945101,15.47467493681986,15.77226483945101,16210400.0
HPG,2023-03-09,15.77226483945101,16.03265600425327,15.77226483945101,15.77226483945101,23570600.0
HPG,2023-03-10,15.735066101622115,15.95825852859548,15.623469888135435,15.8466623151088,22508300.0
HPG,2023-03-13,15.660668625964329,15.921059790766584,15.549072412477646,15.697867363793224,21069900.0
HPG,2023-03-14,15.660668625964329,15.697867363793224,15.028290082873133,15.10268755853092,30915700.0
HPG,2023-03-15,15.47467493681986,15.8466623151088,15.325879985504285,15.8466623151088,27456500.0
HPG,2023-03-16,15.623469888135435,15.697867363793224,15.251482509846497,15.511873674648754,30247400.0
HPG,2023-03-17,15.660668625964329,15.660668625964329,15.177085034188707,15.177085034188707,34214400.0
HPG,2023-03-20,15.177085034188707,15.325879985504285,14.879495131557556,14.879495131557556,22988900.0
HPG,2023-03-21,15.028290082873133,15.28868124767539,14.767898918070877,15.214283772017602,19836400.0
HPG,2023-03-22,15.28868124767539,15.325879985504285,14.991091345044238,15.10268755853092,12937700.0
HPG,2023-03-23,15.028290082873133,15.177085034188707,14.916693869386451,15.177085034188707,14219700.0
HPG,2023-03-24,15.214283772017602,15.251482509846497,15.10268755853092,15.177085034188707,15349600.0
HPG,2023-03-27,15.177085034188707,15.549072412477646,15.139886296359816,15.47467493681986,20583800.0
HPG,2023-03-28,15.549072412477646,15.623469888135435,15.400277461162071,15.400277461162071,12501100.0
HPG,2023-03-29,15.400277461162071,15.697867363793224,15.400277461162071,15.47467493681986,18258840.0
HPG,2023-03-30,15.623469888135435,15.735066101622115,15.437476198990966,15.47467493681986,21101100.0
HPG,2023-03-31,15.47467493681986,15.549072412477646,15.139886296359816,15.47467493681986,23770300.0
HPG,2023-04-03,15.660668625964329,15.697867363793224,15.511873674648754,15.623469888135435,21370500.0
HPG,2023-04-04,15.735066101622115,15.77226483945101,15.58627115030654,15.697867363793224,19864400.0
HPG,2023-04-05,15.697867363793224,15.995457266424374,15.58627115030654,15.995457266424374,25522700.0
HPG,2023-04-06,16.03265600425327,16.293047169055523,15.921059790766584,15.995457266424374,27888900.0
HPG,2023-04-07,15.995457266424374,16.069854742082164,15.697867363793224,15.77226483945101,18563008.0
HPG,2023-04-10,15.809463577279905,15.883861052937693,15.325879985504285,15.400277461162071,26845700.0
HPG,2023-04-11,15.400277461162071,15.511873674648754,15.325879985504285,15.47467493681986,14666216.0
HPG,2023-04-12,15.549072412477646,15.549072412477646,15.363078723333176,15.437476198990966,10788200.0
HPG,2023-04-13,15.47467493681986,15.47467493681986,15.139886296359816,15.214283772017602,15077808.0
HPG,2023-04-14,15.28868124767539,15.511873674648754,15.251482509846497,15.363078723333176,13807900.0
HPG,2023-04-17,15.325879985504285,15.549072412477646,15.325879985504285,15.511873674648754,9275500.0
HPG,2023-04-18,15.549072412477646,15.623469888135435,15.47467493681986,15.58627115030654,11571700.0
HPG,2023-04-19,15.660668625964329,15.660668625964329,15.47467493681986,15.47467493681986,10479100.0
HPG,2023-04-20,15.47467493681986,15.549072412477646,15.437476198990966,15.47467493681986,6641700.0
HPG,2023-04-21,15.47467493681986,15.511873674648754,15.400277461162071,15.400277461162071,13415658.0
HPG,2023-04-24,15.400277461162071,15.47467493681986,15.28868124767539,15.363078723333176,16360500.0
HPG,2023-04-25,15.47467493681986,15.809463577279905,15.400277461162071,15.660668625964329,21036200.0
HPG,2023-04-26,15.660668625964329,16.367444644713313,15.549072412477646,16.367444644713313,43339656.0
HPG,2023-04-27,16.367444644713313,16.367444644713313,16.069854742082164,16.14425221773995,19201300.0
HPG,2023-04-28,16.14425221773995,16.218649693397737,15.921059790766584,16.107053479911055,16691600.0
HPG,2023-05-04,15.95825852859548,16.069854742082164,15.77226483945101,15.8466623151088,16642400.0
HPG,2023-05-05,15.8466623151088,16.14425221773995,15.77226483945101,15.95825852859548,12826300.0
HPG,2023-05-08,16.03265600425327,16.18145095556884,15.95825852859548,16.069854742082164,11448600.0
HPG,2023-05-09,16.069854742082164,16.479040858199994,16.069854742082164,16.218649693397737,22413800.0
HPG,2023-05-10,16.218649693397737,16.293047169055523,16.107053479911055,16.14425221773995,8834008.0
HPG,2023-05-11,16.218649693397737,16.330245906884418,16.069854742082164,16.18145095556884,13740100.0
HPG,2023-05-12,16.18145095556884,16.73943202300225,16.069854742082164,16.62783580951557,45200300.0
HPG,2023-05-15,16.702233285173357,16.81382949866004,16.441842120371103,16.441842120371103,17873101.0
HPG,2023-05-16,16.441842120371103,16.590637071686675,16.293047169055523,16.367444644713313,18504800.0
HPG,2023-05-17,16.367444644713313,16.441842120371103,16.18145095556884,16.218649693397737,29314700.0
HPG,2023-05-18,16.293047169055523,16.51623959602889,16.218649693397737,16.330245906884418,18640700.0
HPG,2023-05-19,16.367444644713313,16.441842120371103,16.107053479911055,16.218649693397737,12964435.0
HPG,2023-05-22,16.218649693397737,16.441842120371103,16.18145095556884,16.293047169055523,14917401.0
HPG,2023-05-23,16.330245906884418,16.404643382542208,16.069854742082164,16.14425221773995,13893100.0
HPG,2023-05-24,16.293047169055523,16.293047169055523,15.8466623151088,15.8466623151088,20320100.0
HPG,2023-05-25,15.8466623151088,15.95825852859548,15.77226483945101,15.77226483945101,13531500.0
HPG,2023-05-26,15.8466623151088,15.921059790766584,15.511873674648754,15.697867363793224,16088200.0
HPG,2023-05-29,15.8466623151088,15.95825852859548,15.77226483945101,15.95825852859548,11091800.0
HPG,2023-05-30,15.995457266424374,16.069854742082164,15.809463577279905,15.883861052937693,13457900.0
HPG,2023-05-31,15.921059790766584,15.95825852859548,15.735066101622115,15.77226483945101,13565700.0
HPG,2023-06-01,15.735066101622115,15.921059790766584,15.660668625964329,15.921059790766584,10836200.0
HPG,2023-06-02,15.995457266424374,16.218649693397737,15.95825852859548,16.069854742082164,19016500.0
HPG,2023-06-05,16.218649693397737,16.404643382542208,16.069854742082164,16.107053479911055,20094300.0
HPG,2023-06-06,16.14425221773995,16.25584843122663,16.03265600425327,16.18145095556884,11799901.0
HPG,2023-06-07,16.367444644713313,16.962624449975614,16.367444644713313,16.81382949866004,55514600.0
HPG,2023-06-08,16.888226974317828,17.22301561477787,16.888226974317828,16.962624449975614,42733900.0
HPG,2023-06-09,16.962624449975614,17.0370219256334,16.73943202300225,17.0370219256334,24255300.0
HPG,2023-06-12,17.18581687694898,17.22301561477787,16.73943202300225,17.074220663462295,22219201.0
HPG,2023-06-13,17.11141940129119,17.446208041751234,17.0370219256334,17.409009303922343,37149400.0
HPG,2023-06-14,17.446208041751234,17.446208041751234,17.18581687694898,17.18581687694898,25675800.0
HPG,2023-06-15,17.11141940129119,17.29741309043566,17.11141940129119,17.22301561477787,17698300.0
HPG,2023-06-16,17.29741309043566,17.706599206553495,17.22301561477787,17.446208041751234,33073500.0
HPG,2023-06-19,17.446208041751234,17.48340677958013,17.334611828264556,17.371810566093448,13360900.0
HPG,2023-06-20,17.371810566093448,17.59500299306681,17.334611828264556,17.59500299306681,14608300.0
HPG,2023-06-21,17.632201730895705,18.338977749644688,17.48340677958013,18.301779011815796,37992000.0
HPG,2023-06-22,18.376176487473582,18.562170176618054,18.11578532267133,18.487772700960267,23036300.0
HPG,2023-06-23,18.487772700960267,19.00855503056478,18.413375225302477,18.896958817078097,29639240.0
HPG,2023-06-26,18.896958817078097,18.971356292735884,18.376176487473582,18.74816386576252,20399201.0
HPG,2023-06-27,18.859760079249206,19.19454871970925,18.673766390104735,19.19454871970925,20048100.0
HPG,2023-06-28,19.343343671024826,19.864126000629337,19.268946195367036,19.78972852497155,32468901.0
HPG,2023-06-29,19.826927262800442,19.864126000629337,19.19454871970925,19.19454871970925,39472700.0
HPG,2023-06-30,19.12015124405146,19.4921386223404,19.082952506222565,19.454939884511504,32968600.0
HPG,2023-07-03,19.4921386223404,19.67813231148487,19.268946195367036,19.4921386223404,17327101.0
HPG,2023-07-04,19.454939884511504,19.529337360169293,19.268946195367036,19.529337360169293,21728200.0
HPG,2023-07-05,19.640933573655975,20.236113378918276,19.529337360169293,20.05011968977381,33534000.0
HPG,2023-07-06,20.012920951944913,20.198914641089385,19.715331049313765,20.087318427602703,28121301.0
HPG,2023-07-07,20.012920951944913,20.422107068062747,19.715331049313765,20.422107068062747,25229200.0
HPG,2023-07-10,20.422107068062747,20.794094446351686,20.34770959240496,20.608100757207215,24267702.0
HPG,2023-07-11,20.682498232865004,20.868491922009476,20.27331211674717,20.310510854576066,24220101.0
HPG,2023-07-12,20.310510854576066,20.422107068062747,19.826927262800442,20.087318427602703,27758201.0
HPG,2023-07-13,20.459305805891642,20.459305805891642,20.012920951944913,20.124517165431598,14212701.0
HPG,2023-07-14,20.198914641089385,20.459305805891642,20.124517165431598,20.459305805891642,17078400.0
HPG,2023-07-17,20.608100757207215,20.64529949503611,20.236113378918276,20.310510854576066,12593900.0
HPG,2023-07-18,20.310510854576066,20.34770959240496,20.124517165431598,20.236113378918276,12492500.0
HPG,2023-07-19,20.16171590326049,20.608100757207215,20.124517165431598,20.384908330233852,15378301.0
HPG,2023-07-20,20.310510854576066,20.980088135496157,20.310510854576066,20.980088135496157,31095334.0
HPG,2023-07-21,21.091684348982838,21.12888308681173,20.90569065983837,21.12888308681173,18455977.0
HPG,2023-07-24,21.166081824640624,21.27767803812731,20.83129318418058,21.017286873325048,17447926.0
HPG,2023-07-25,21.017286873325048,21.091684348982838,20.83129318418058,21.017286873325048,20225274.0
HPG,2023-07-26,21.017286873325048,21.166081824640624,20.942889397667262,21.12888308681173,23078668.0
HPG,2023-07-27,21.12888308681173,21.352075513785095,20.90569065983837,21.12888308681173,21315975.0
HPG,2023-07-28,21.12888308681173,21.27767803812731,20.942889397667262,21.054485611153943,23039306.0
HPG,2023-07-31,20.980088135496157,21.017286873325048,20.34770959240496,20.980088135496157,46549545.0
HPG,2023-08-01,20.90569065983837,20.90569065983837,20.459305805891642,20.459305805891642,28163521.0
HPG,2023-08-02,20.384908330233852,20.7196969706939,20.27331211674717,20.459305805891642,18524135.0
HPG,2023-08-03,20.34770959240496,20.459305805891642,19.715331049313765,19.975722214116022,58359718.0
HPG,2023-08-04,19.938523476287127,20.459305805891642,19.938523476287127,20.34770959240496,22170814.0
HPG,2023-08-07,20.496504543720537,20.64529949503611,20.310510854576066,20.496504543720537,23770019.0
HPG,2023-08-08,20.53370328154943,20.75689570852279,20.198914641089385,20.236113378918276,25958519.0
HPG,2023-08-09,20.236113378918276,20.7196969706939,20.124517165431598,20.682498232865004,42762954.0
HPG,2023-08-10,20.75689570852279,20.75689570852279,20.310510854576066,20.34770959240496,17064830.0
HPG,2023-08-11,20.384908330233852,20.64529949503611,20.198914641089385,20.608100757207215,23577117.0
HPG,2023-08-14,20.682498232865004,21.091684348982838,20.570902019378323,20.942889397667262,45175526.0
HPG,2023-08-15,20.942889397667262,21.017286873325048,20.7196969706939,20.794094446351686,18301649.0
HPG,2023-08-16,20.794094446351686,20.83129318418058,20.570902019378323,20.794094446351686,14994629.0
HPG,2023-08-17,20.83129318418058,21.352075513785095,20.83129318418058,20.90569065983837,47261778.0
HPG,2023-08-18,20.75689570852279,20.83129318418058,19.4921386223404,19.715331049313765,46397415.0
HPG,2023-08-21,19.67813231148487,19.752529787142656,19.268946195367036,19.4921386223404,31481379.0
HPG,2023-08-22,19.4921386223404,19.603734835827083,18.673766390104735,19.454939884511504,37542816.0
HPG,2023-08-23,19.603734835827083,19.67813231148487,19.082952506222565,19.082952506222565,21853330.0
HPG,2023-08-24,19.082952506222565,19.56653609799819,19.045753768393674,19.56653609799819,16636913.0
HPG,2023-08-25,19.4921386223404,19.640933573655975,19.30614493319593,19.30614493319593,21878713.0
HPG,2023-08-28,19.343343671024826,19.975722214116022,19.343343671024826,19.975722214116022,23121805.0
HPG,2023-08-29,20.012920951944913,20.198914641089385,19.864126000629337,20.087318427602703,18000604.0
HPG,2023-08-30,20.087318427602703,20.27331211674717,19.901324738458232,20.236113378918276,20440601.0
HPG,2023-08-31,20.384908330233852,20.75689570852279,20.310510854576066,20.53370328154943,25934105.0
HPG,2023-09-05,20.682498232865004,20.794094446351686,20.27331211674717,20.682498232865004,24602611.0
HPG,2023-09-06,20.64529949503611,21.575267940758458,20.384908330233852,21.575267940758458,52984608.0
HPG,2023-09-07,21.575267940758458,21.79846036773182,21.20328056246952,21.3148767759562,33992812.0
HPG,2023-09-08,21.20328056246952,21.68686415424514,21.12888308681173,21.389274251613987,35945480.0
HPG,2023-09-11,21.575267940758458,21.612466678587353,20.64529949503611,20.83129318418058,47697600.0
HPG,2023-09-12,20.83129318418058,21.389274251613987,20.608100757207215,21.389274251613987,22795529.0
HPG,2023-09-13,21.426472989442882,21.872857843389607,21.017286873325048,21.12888308681173,49263400.0
HPG,2023-09-14,21.12888308681173,21.240479300298414,20.64529949503611,20.682498232865004,36127400.0
HPG,2023-09-15,20.75689570852279,20.90569065983837,20.53370328154943,20.53370328154943,25750600.0
HPG,2023-09-18,20.53370328154943,20.90569065983837,20.236113378918276,20.53370328154943,21241200.0
HPG,2023-09-19,20.83129318418058,20.942889397667262,20.459305805891642,20.942889397667262,22032900.0
HPG,2023-09-20,20.942889397667262,21.240479300298414,20.868491922009476,21.12888308681173,26862700.0
HPG,2023-09-21,21.12888308681173,21.649665416416248,20.942889397667262,21.12888308681173,42961200.0
HPG,2023-09-22,20.64529949503611,20.794094446351686,19.901324738458232,20.310510854576066,51375500.0
HPG,2023-09-25,20.087318427602703,20.459305805891642,19.12015124405146,19.343343671024826,36873300.0
HPG,2023-09-26,19.231747457538145,19.938523476287127,19.231747457538145,19.4921386223404,31033600.0
HPG,2023-09-27,19.454939884511504,19.864126000629337,19.454939884511504,19.715331049313765,22287101.0
HPG,2023-09-28,19.78972852497155,19.975722214116022,19.4921386223404,19.78972852497155,17462600.0
HPG,2023-09-29,19.938523476287127,19.975722214116022,19.529337360169293,19.56653609799819,16242100.0
HPG,2023-10-02,19.56653609799819,19.67813231148487,19.343343671024826,19.4921386223404,11880051.0
HPG,2023-10-03,19.417741146682612,19.417741146682612,18.376176487473582,18.450573963131372,40668000.0
HPG,2023-10-04,18.227381536158006,18.971356292735884,17.855394157869068,18.785362603591416,21145200.0
HPG,2023-10-05,18.896958817078097,18.971356292735884,18.487772700960267,18.52497143878916,10524150.0
HPG,2023-10-06,18.487772700960267,18.82256134142031,18.338977749644688,18.562170176618054,20850000.0
HPG,2023-10-09,18.562170176618054,19.045753768393674,18.562170176618054,18.971356292735884,11637850.0
HPG,2023-10-10,19.12015124405146,19.529337360169293,19.045753768393674,19.343343671024826,20145700.0
HPG,2023-10-11,19.454939884511504,19.529337360169293,19.19454871970925,19.4921386223404,13818200.0
HPG,2023-10-12,19.56653609799819,19.56653609799819,19.045753768393674,19.19454871970925,23114300.0
HPG,2023-10-13,19.045753768393674,19.157349981880355,18.63656765227584,19.157349981880355,20448000.0
HPG,2023-10-16,19.157349981880355,19.19454871970925,18.599368914446945,18.599368914446945,16265000.0
HPG,2023-10-17,18.74816386576252,18.934157554906992,18.450573963131372,18.450573963131372,15321500.0
HPG,2023-10-18,18.450573963131372,18.562170176618054,17.260214352606766,17.855394157869068,31519100.0
HPG,2023-10-19,17.929791633526857,18.004189109184644,17.446208041751234,17.632201730895705,20934100.0
HPG,2023-10-20,17.632201730895705,18.11578532267133,17.371810566093448,18.11578532267133,16576100.0
HPG,2023-10-23,18.11578532267133,18.11578532267133,17.632201730895705,17.855394157869068,11978700.0
HPG,2023-10-24,17.892592895697963,18.15298406050022,17.59500299306681,17.855394157869068,9913100.0
HPG,2023-10-25,17.892592895697963,18.301779011815796,17.892592895697963,17.892592895697963,12062100.0
HPG,2023-10-26,17.706599206553495,17.743797944382386,16.81382949866004,16.962624449975614,31110601.0
HPG,2023-10-27,17.29741309043566,17.48340677958013,16.99982318780451,17.371810566093448,21751200.0
HPG,2023-10-30,17.371810566093448,17.6694004687246,17.11141940129119,17.11141940129119,16203500.0
HPG,2023-10-31,17.48340677958013,17.48340677958013,17.0370219256334,17.11141940129119,20972000.0
HPG,2023-11-01,17.11141940129119,17.818195420040173,17.074220663462295,17.818195420040173,35559800.0
HPG,2023-11-02,18.004189109184644,19.045753768393674,17.929791633526857,18.785362603591416,27571800.0
HPG,2023-11-03,18.896958817078097,18.971356292735884,18.413375225302477,18.673766390104735,20498300.0
HPG,2023-11-06,18.859760079249206,19.268946195367036,18.74816386576252,19.157349981880355,47070500.0
HPG,2023-11-07,19.19454871970925,19.4921386223404,18.934157554906992,19.19454871970925,19881700.0
HPG,2023-11-08,19.19454871970925,20.05011968977381,19.045753768393674,20.05011968977381,35518700.0
HPG,2023-11-09,20.05011968977381,20.384908330233852,19.78972852497155,19.864126000629337,31361600.0
HPG,2023-11-10,19.640933573655975,20.16171590326049,19.603734835827083,19.715331049313765,29080100.0
HPG,2023-11-13,19.715331049313765,20.53370328154943,19.715331049313765,20.236113378918276,44047300.0
HPG,2023-11-14,20.384908330233852,20.459305805891642,19.864126000629337,20.087318427602703,24170000.0
HPG,2023-11-15,20.496504543720537,20.682498232865004,20.087318427602703,20.087318427602703,34793000.0
HPG,2023-11-16,19.975722214116022,20.236113378918276,19.938523476287127,20.236113378918276,16331000.0
HPG,2023-11-17,20.236113378918276,20.384908330233852,19.56653609799819,19.715331049313765,43368900.0
HPG,2023-11-20,19.417741146682612,20.012920951944913,19.417741146682612,19.826927262800442,18250000.0
HPG,2023-11-21,20.087318427602703,20.459305805891642,20.05011968977381,20.124517165431598,26772700.0
HPG,2023-11-22,20.087318427602703,20.236113378918276,20.012920951944913,20.236113378918276,17945500.0
HPG,2023-11-23,20.310510854576066,20.34770959240496,19.231747457538145,19.231747457538145,21804500.0
HPG,2023-11-24,19.343343671024826,19.640933573655975,19.00855503056478,19.640933573655975,26228500.0
HPG,2023-11-27,19.715331049313765,19.901324738458232,19.4921386223404,19.56653609799819,16724600.0
HPG,2023-11-28,19.640933573655975,19.864126000629337,19.380542408853717,19.864126000629337,19323600.0
HPG,2023-11-29,19.864126000629337,20.16171590326049,19.826927262800442,20.087318427602703,23003000.0
HPG,2023-11-30,20.16171590326049,20.236113378918276,19.752529787142656,19.752529787142656,21381100.0
HPG,2023-12-01,19.938523476287127,20.16171590326049,19.67813231148487,20.012920951944913,17483301.0
HPG,2023-12-04,20.236113378918276,20.64529949503611,20.124517165431598,20.459305805891642,42381800.0
HPG,2023-12-05,20.459305805891642,20.496504543720537,20.198914641089385,20.27331211674717,22656100.0
HPG,2023-12-06,20.27331211674717,20.53370328154943,20.236113378918276,20.53370328154943,18648100.0
HPG,2023-12-07,20.570902019378323,20.75689570852279,20.05011968977381,20.53370328154943,50275900.0
HPG,2023-12-08,20.682498232865004,21.017286873325048,20.459305805891642,20.608100757207215,52783700.0
HPG,2023-12-11,20.608100757207215,20.682498232865004,20.310510854576066,20.459305805891642,17990400.0
HPG,2023-12-12,20.459305805891642,20.980088135496157,20.459305805891642,20.794094446351686,32231800.0
HPG,2023-12-13,20.90569065983837,20.980088135496157,20.310510854576066,20.34770959240496,33557700.0
HPG,2023-12-14,20.496504543720537,20.496504543720537,20.124517165431598,20.124517165431598,32333500.0
HPG,2023-12-15,20.16171590326049,20.236113378918276,19.901324738458232,19.938523476287127,36181700.0
HPG,2023-12-18,20.012920951944913,20.087318427602703,19.78972852497155,19.78972852497155,15457800.0
HPG,2023-12-19,19.78972852497155,20.236113378918276,19.752529787142656,20.236113378918276,21348200.0
HPG,2023-12-20,20.236113378918276,20.34770959240496,20.16171590326049,20.236113378918276,17987600.0
HPG,2023-12-21,20.16171590326049,20.310510854576066,20.05011968977381,20.236113378918276,15202400.0
HPG,2023-12-22,20.236113378918276,20.34770959240496,20.124517165431598,20.124517165431598,17526100.0
HPG,2023-12-25,20.198914641089385,20.53370328154943,20.198914641089385,20.422107068062747,22195500.0
HPG,2023-12-26,20.384908330233852,20.75689570852279,20.384908330233852,20.682498232865004,33842900.0
HPG,2023-12-27,20.7196969706939,20.83129318418058,20.64529949503611,20.64529949503611,20976900.0
HPG,2023-12-28,20.64529949503611,20.980088135496157,20.570902019378323,20.794094446351686,32506200.0
HPG,2023-12-29,20.794094446351686,20.90569065983837,20.682498232865004,20.794094446351686,22675010.0
HPG,2024-01-02,20.90569065983837,20.942889397667262,20.422107068062747,20.422107068062747,22187200.0
HPG,2024-01-03,20.384908330233852,20.682498232865004,20.384908330233852,20.682498232865004,18575400.0
HPG,2024-01-04,20.682498232865004,20.90569065983837,20.608100757207215,20.64529949503611,39592700.0
HPG,2024-01-05,20.64529949503611,20.75689570852279,20.496504543720537,20.682498232865004,17387400.0
HPG,2024-01-08,20.794094446351686,21.017286873325048,20.7196969706939,20.7196969706939,32914400.0
HPG,2024-01-09,20.75689570852279,20.794094446351686,20.459305805891642,20.608100757207215,29840900.0
HPG,2024-01-10,20.608100757207215,20.64529949503611,20.27331211674717,20.34770959240496,32696500.0
HPG,2024-01-11,20.422107068062747,20.570902019378323,20.384908330233852,20.459305805891642,15339900.0
HPG,2024-01-12,20.34770959240496,20.422107068062747,20.124517165431598,20.198914641089385,28841500.0
HPG,2024-01-15,20.236113378918276,20.422107068062747,20.16171590326049,20.16171590326049,12620150.0
HPG,2024-01-16,20.16171590326049,20.682498232865004,20.124517165431598,20.682498232865004,20767200.0
HPG,2024-01-17,20.7196969706939,20.794094446351686,20.570902019378323,20.570902019378323,23596200.0
HPG,2024-01-18,20.608100757207215,20.7196969706939,20.53370328154943,20.570902019378323,13034000.0
HPG,2024-01-19,20.64529949503611,20.75689570852279,20.53370328154943,20.682498232865004,15006900.0
HPG,2024-01-22,20.83129318418058,21.3148767759562,20.7196969706939,21.054485611153943,66771300.0
HPG,2024-01-23,21.166081824640624,21.20328056246952,21.017286873325048,21.091684348982838,25318300.0
HPG,2024-01-24,21.054485611153943,21.20328056246952,21.017286873325048,21.017286873325048,16418900.0
HPG,2024-01-25,21.017286873325048,21.12888308681173,20.83129318418058,21.017286873325048,15727000.0
HPG,2024-01-26,21.12888308681173,21.20328056246952,21.017286873325048,21.091684348982838,21640300.0
HPG,2024-01-29,21.091684348982838,21.12888308681173,20.83129318418058,20.83129318418058,21859000.0
HPG,2024-01-30,20.83129318418058,20.90569065983837,20.7196969706939,20.83129318418058,17621200.0
HPG,2024-01-31,20.794094446351686,20.90569065983837,20.64529949503611,20.64529949503611,25296900.0
HPG,2024-02-01,20.64529949503611,20.90569065983837,20.608100757207215,20.7196969706939,10636100.0
HPG,2024-02-02,20.608100757207215,20.90569065983837,20.608100757207215,20.75689570852279,15092200.0
HPG,2024-02-05,20.75689570852279,21.054485611153943,20.75689570852279,20.83129318418058,16271201.0
HPG,2024-02-06,20.942889397667262,21.017286873325048,20.83129318418058,20.868491922009476,15315500.0
HPG,2024-02-07,20.868491922009476,21.054485611153943,20.868491922009476,20.942889397667262,13808300.0
HPG,2024-02-15,21.054485611153943,21.500870465100668,21.017286873325048,21.352075513785095,37489800.0
HPG,2024-02-16,21.389274251613987,21.426472989442882,21.27767803812731,21.27767803812731,17567800.0
HPG,2024-02-19,21.3148767759562,21.872857843389607,21.166081824640624,21.724062892074034,47187940.0
HPG,2024-02-20,21.724062892074034,21.835659105560715,21.612466678587353,21.724062892074034,21739700.0
HPG,2024-02-21,21.649665416416248,21.68686415424514,21.352075513785095,21.426472989442882,32837600.0
HPG,2024-02-22,21.352075513785095,21.426472989442882,21.240479300298414,21.240479300298414,22608301.0
HPG,2024-02-23,21.240479300298414,21.463671727271777,21.12888308681173,21.12888308681173,28538800.0
HPG,2024-02-26,21.12888308681173,21.426472989442882,21.054485611153943,21.426472989442882,20376700.0
HPG,2024-02-27,21.500870465100668,22.65403133779638,21.426472989442882,22.579633862138593,87561100.0
HPG,2024-02-28,22.616832599967484,23.026018716085318,22.430838910823017,22.765627551283064,37000002.0
HPG,2024-02-29,22.877223764769745,23.174813667400894,22.691230075625274,23.063217453914213,34075500.0
HPG,2024-03-01,23.21201240522979,23.21201240522979,22.802826289111955,22.95162124042753,27438700.0
HPG,2024-03-04,23.063217453914213,23.360807356545365,22.84002502694085,22.91442250259864,28969076.0
HPG,2024-03-05,22.91442250259864,23.28640988088758,22.84002502694085,23.174813667400894,30224001.0
HPG,2024-03-06,23.137614929572003,23.174813667400894,22.691230075625274,22.91442250259864,31501502.0
HPG,2024-03-07,22.84002502694085,23.32360861871647,22.765627551283064,23.063217453914213,33396039.0
HPG,2024-03-08,23.063217453914213,23.100416191743108,22.505236386480806,22.542435124309698,49537200.0
HPG,2024-03-11,22.542435124309698,22.765627551283064,22.17044774602076,22.244845221678545,30950100.0
HPG,2024-03-12,22.207646483849654,22.616832599967484,22.17044774602076,22.46803764865191,30690400.0
HPG,2024-03-13,22.46803764865191,22.95162124042753,22.393640172994125,22.91442250259864,29606000.0
HPG,2024-03-14,22.988819978256426,22.988819978256426,22.505236386480806,22.579633862138593,31392900.0
HPG,2024-03-15,22.579633862138593,22.84002502694085,22.319242697336335,22.393640172994125,35823700.0
HPG,2024-03-18,22.430838910823017,22.46803764865191,21.575267940758458,22.021652794705187,50215700.0
HPG,2024-03-19,21.947255319047397,22.765627551283064,21.872857843389607,22.17044774602076,27118100.0
HPG,2024-03-20,22.207646483849654,22.393640172994125,22.133249008191868,22.319242697336335,13375700.0
HPG,2024-03-21,22.579633862138593,22.72842881345417,22.393640172994125,22.505236386480806,20967600.0
HPG,2024-03-22,22.579633862138593,22.84002502694085,22.46803764865191,22.72842881345417,37701300.0
HPG,2024-03-25,22.72842881345417,23.026018716085318,22.35644143516523,22.46803764865191,22880600.0
HPG,2024-03-26,22.46803764865191,22.72842881345417,22.393640172994125,22.72842881345417,12175700.0
HPG,2024-03-27,22.988819978256426,23.137614929572003,22.765627551283064,22.765627551283064,25724600.0
HPG,2024-03-28,22.95162124042753,22.95162124042753,22.65403133779638,22.72842881345417,20145700.0
HPG,2024-03-29,22.765627551283064,22.765627551283064,22.505236386480806,22.505236386480806,17762200.0
HPG,2024-04-01,22.46803764865191,22.579633862138593,22.28204395950744,22.393640172994125,21419400.0
HPG,2024-04-02,22.244845221678545,22.616832599967484,22.17044774602076,22.616832599967484,28467100.0
HPG,2024-04-03,22.579633862138593,22.65403133779638,22.28204395950744,22.28204395950744,21639800.0
HPG,2024-04-04,22.28204395950744,22.35644143516523,21.98445405687629,22.021652794705187,27732300.0
HPG,2024-04-05,21.9100565812185,22.133249008191868,21.76126162990293,21.9100565812185,24098800.0
HPG,2024-04-08,21.9100565812185,22.17044774602076,21.79846036773182,22.021652794705187,16788800.0
HPG,2024-04-09,22.021652794705187,22.244845221678545,21.98445405687629,22.244845221678545,10238000.0
HPG,2024-04-10,22.28204395950744,22.393640172994125,22.058851532534078,22.058851532534078,11134400.0
HPG,2024-04-11,21.9100565812185,22.430838910823017,21.9100565812185,22.244845221678545,19476200.0
HPG,2024-04-12,22.319242697336335,22.393640172994125,22.207646483849654,22.28204395950744,14006900.0
HPG,2024-04-15,22.207646483849654,22.28204395950744,20.90569065983837,21.20328056246952,31127300.0
HPG,2024-04-16,21.20328056246952,21.240479300298414,20.7196969706939,21.091684348982838,33612272.0
HPG,2024-04-17,21.20328056246952,21.240479300298414,20.75689570852279,20.83129318418058,16265300.0
HPG,2024-04-19,20.682498232865004,21.091684348982838,20.459305805891642,20.682498232865004,26326500.0
HPG,2024-04-22,20.980088135496157,20.980088135496157,20.7196969706939,20.83129318418058,12410900.0
HPG,2024-04-23,20.83129318418058,20.868491922009476,20.422107068062747,20.53370328154943,18547900.0
HPG,2024-04-24,20.75689570852279,21.538069202929563,20.64529949503611,21.426472989442882,23432001.0
HPG,2024-04-25,21.352075513785095,21.352075513785095,21.054485611153943,21.240479300298414,11424400.0
HPG,2024-04-26,21.054485611153943,21.240479300298414,20.868491922009476,21.12888308681173,18910000.0
HPG,2024-05-02,21.12888308681173,21.12888308681173,20.868491922009476,21.091684348982838,7463100.0
HPG,2024-05-03,21.091684348982838,21.649665416416248,21.091684348982838,21.3148767759562,16754800.0
HPG,2024-05-06,21.463671727271777,21.835659105560715,21.426472989442882,21.79846036773182,29599900.0
HPG,2024-05-07,21.872857843389607,22.46803764865191,21.76126162990293,22.430838910823017,31399200.0
HPG,2024-05-08,22.430838910823017,23.063217453914213,22.133249008191868,22.84002502694085,34770500.0
HPG,2024-05-09,22.988819978256426,22.988819978256426,22.35644143516523,22.65403133779638,19442715.0
HPG,2024-05-10,22.765627551283064,22.802826289111955,22.28204395950744,22.65403133779638,19161936.0
HPG,2024-05-13,22.72842881345417,22.802826289111955,22.393640172994125,22.46803764865191,13171595.0
HPG,2024-05-14,22.616832599967484,22.84002502694085,22.393640172994125,22.46803764865191,16274084.0
HPG,2024-05-15,22.505236386480806,23.32360861871647,22.505236386480806,23.21201240522979,45635336.0
HPG,2024-05-16,23.50960230786094,23.695595997005412,23.398006094374256,23.50960230786094,27705927.0
HPG,2024-05-17,23.50960230786094,23.50960230786094,23.174813667400894,23.50960230786094,29140985.0
HPG,2024-05-20,23.546801045689833,23.91878842397877,23.50960230786094,23.80719221049209,46797106.0
HPG,2024-05-21,23.80719221049209,23.80719221049209,23.398006094374256,23.695595997005412,20883641.0
HPG,2024-05-22,23.695595997005412,23.7699934726632,23.174813667400894,23.28640988088758,40508723.0
HPG,2024-05-23,23.610038899998955,24.141980850952137,23.40544584194004,24.141980850952137,39455295.0
HPG,2024-05-24,23.978306404505005,24.141980850952137,23.32360861871647,23.650957511610738,30353772.0
HPG,2024-05-27,23.650957511610738,23.978306404505005,23.44636445355182,23.650957511610738,17344232.0
HPG,2024-05-28,23.732794734834304,23.896469181281436,23.56912028838717,23.855550569669653,17736772.0
HPG,2024-05-29,23.814631958057873,23.93738779289322,23.40544584194004,23.40544584194004,24119540.0
HPG,2024-05-30,23.32360861871647,23.364527230328257,22.91442250259864,23.119015560657555,27449780.0
HPG,2024-05-31,23.241771395492904,23.56912028838717,22.955341114210423,23.40544584194004,17796997.0
HPG,2024-06-03,23.56912028838717,23.814631958057873,23.56912028838717,23.732794734834304,20654619.0
HPG,2024-06-04,23.732794734834304,24.387492520622835,23.732794734834304,23.978306404505005,44847351.0
HPG,2024-06-05,23.978306404505005,24.141980850952137,23.814631958057873,23.93738779289322,19195959.0
HPG,2024-06-06,23.93738779289322,24.264736685787486,23.650957511610738,23.978306404505005,27536775.0
HPG,2024-06-07,24.01922501611679,24.060143627728568,23.814631958057873,23.978306404505005,16383053.0
HPG,2024-06-10,24.060143627728568,24.101062239340354,23.855550569669653,23.978306404505005,20655107.0
HPG,2024-06-11,24.060143627728568,24.264736685787486,23.773713346446087,23.814631958057873,28986575.0
HPG,2024-06-12,23.732794734834304,24.223818074175703,23.732794734834304,24.223818074175703,24902100.0
HPG,2024-06-13,24.264736685787486,24.30565529739927,23.978306404505005,24.141980850952137,22548700.0
HPG,2024-06-14,24.141980850952137,24.510248355458184,23.814631958057873,23.814631958057873,43195900.0
HPG,2024-06-17,23.814631958057873,24.510248355458184,23.732794734834304,24.101062239340354,34436100.0
HPG,2024-06-18,24.141980850952137,24.30565529739927,24.060143627728568,24.060143627728568,20193100.0
HPG,2024-06-19,24.141980850952137,24.18289946256392,23.93738779289322,24.01922501611679,19834502.0
HPG,2024-06-20,23.93738779289322,24.060143627728568,23.69187612322252,24.01922501611679,27913363.0
HPG,2024-06-21,24.01922501611679,24.01922501611679,23.732794734834304,23.773713346446087,15503499.0
HPG,2024-06-24,23.732794734834304,23.814631958057873,23.119015560657555,23.487283065163602,38366667.0
HPG,2024-06-25,23.40544584194004,23.773713346446087,23.32360861871647,23.487283065163602,17801134.0
HPG,2024-06-26,23.52820167677539,23.896469181281436,23.40544584194004,23.650957511610738,20279162.0
HPG,2024-06-27,23.732794734834304,23.773713346446087,23.487283065163602,23.610038899998955,10080698.0
HPG,2024-06-28,23.52820167677539,23.650957511610738,23.159934172269338,23.159934172269338,23362342.0
HPG,2024-07-01,23.159934172269338,23.32360861871647,22.955341114210423,23.20085278388112,13725538.0
HPG,2024-07-02,23.20085278388112,23.610038899998955,23.119015560657555,23.487283065163602,21378622.0
HPG,2024-07-03,23.732794734834304,23.814631958057873,23.487283065163602,23.52820167677539,19520980.0
HPG,2024-07-04,23.610038899998955,23.773713346446087,23.40544584194004,23.487283065163602,9373180.0
HPG,2024-07-05,23.487283065163602,23.69187612322252,23.40544584194004,23.44636445355182,15620615.0
HPG,2024-07-08,23.487283065163602,23.773713346446087,23.44636445355182,23.56912028838717,19549369.0
HPG,2024-07-09,23.56912028838717,23.896469181281436,23.52820167677539,23.732794734834304,22824391.0
HPG,2024-07-10,23.814631958057873,24.141980850952137,23.69187612322252,23.69187612322252,31339963.0
HPG,2024-07-11,23.855550569669653,23.93738779289322,23.610038899998955,23.610038899998955,14788177.0
HPG,2024-07-12,23.650957511610738,23.69187612322252,23.282690007104687,23.32360861871647,18403524.0
HPG,2024-07-15,23.364527230328257,23.52820167677539,23.078096949045772,23.282690007104687,16511707.0
HPG,2024-07-16,23.32360861871647,23.44636445355182,23.241771395492904,23.282690007104687,12840623.0
HPG,2024-07-17,23.364527230328257,23.40544584194004,22.587073609704373,23.078096949045772,26071115.0
HPG,2024-07-18,23.078096949045772,23.282690007104687,22.955341114210423,23.241771395492904,20987442.0
HPG,2024-07-19,23.241771395492904,23.241771395492904,23.078096949045772,23.078096949045772,15130279.0
HPG,2024-07-22,22.996259725822206,23.078096949045772,22.70982944453972,22.955341114210423,20109400.0
HPG,2024-07-23,22.955341114210423,23.078096949045772,22.750748056151505,22.750748056151505,15840901.0
HPG,2024-07-24,22.70982944453972,22.873503890986854,22.17788749358654,22.66891083292794,19263100.0
HPG,2024-07-25,22.587073609704373,22.627992221316156,22.341561940033674,22.382480551645457,13419700.0
HPG,2024-07-26,22.382480551645457,22.627992221316156,22.382480551645457,22.464317774869023,8866900.0
HPG,2024-07-29,22.627992221316156,22.996259725822206,22.587073609704373,22.83258527937507,16736740.0
HPG,2024-07-30,22.91442250259864,23.078096949045772,22.83258527937507,22.83258527937507,15612800.0
HPG,2024-07-31,22.83258527937507,22.83258527937507,22.17788749358654,22.259724716810105,24578900.0
HPG,2024-08-01,22.505236386480806,22.627992221316156,21.76870137746871,21.85053860069227,31450400.0
HPG,2024-08-02,21.80961998908049,22.341561940033674,21.68686415424514,22.300643328421888,17642000.0
HPG,2024-08-05,21.93237582391584,21.973294435527624,21.114003591680174,21.236759426515523,46010000.0
HPG,2024-08-06,21.318596649739092,21.645945542633356,21.15492220329196,21.523189707798007,20427400.0
HPG,2024-08-07,21.645945542633356,21.645945542633356,21.236759426515523,21.318596649739092,16249700.0
HPG,2024-08-08,21.236759426515523,21.359515261350875,20.90941053362126,20.95032914523304,21915800.0
HPG,2024-08-09,21.19584081490374,21.359515261350875,21.032166368456608,21.318596649739092,13383201.0
HPG,2024-08-12,21.318596649739092,21.359515261350875,21.032166368456608,21.15492220329196,13266000.0
HPG,2024-08-13,21.19584081490374,21.236759426515523,20.622980252338774,20.786654698785906,27064600.0
HPG,2024-08-14,20.868491922009476,21.032166368456608,20.70481747556234,20.82757331039769,14953422.0
HPG,2024-08-15,20.82757331039769,20.82757331039769,20.622980252338774,20.622980252338774,17264458.0
HPG,2024-08-16,20.622980252338774,21.032166368456608,20.459305805891642,20.95032914523304,36501948.0
HPG,2024-08-19,21.114003591680174,21.56410831940979,21.032166368456608,21.15492220329196,24830544.0
HPG,2024-08-20,21.277678038127306,21.44135248457444,21.114003591680174,21.114003591680174,20447937.0
HPG,2024-08-21,21.15492220329196,21.482271096186224,21.114003591680174,21.400433872962655,25310619.0
HPG,2024-08-22,21.44135248457444,21.482271096186224,21.032166368456608,21.07308498006839,24750054.0
HPG,2024-08-23,21.07308498006839,21.318596649739092,20.786654698785906,21.318596649739092,23974352.0
HPG,2024-08-26,21.400433872962655,21.605026931021573,21.236759426515523,21.277678038127306,21739740.0
HPG,2024-08-27,21.277678038127306,21.318596649739092,21.032166368456608,21.07308498006839,14121527.0
HPG,2024-08-28,21.15492220329196,21.236759426515523,20.991247756844825,21.032166368456608,18829317.0
HPG,2024-08-29,21.114003591680174,21.236759426515523,20.95032914523304,20.95032914523304,16483474.0
HPG,2024-08-30,21.032166368456608,21.07308498006839,20.868491922009476,20.868491922009476,18554700.0
HPG,2024-09-04,20.70481747556234,20.82757331039769,20.541143029115208,20.663898863950557,19117528.0
HPG,2024-09-05,20.745736087174127,20.745736087174127,20.459305805891642,20.500224417503425,23093648.0
HPG,2024-09-06,20.500224417503425,20.786654698785906,20.254712747832723,20.786654698785906,24006400.0
HPG,2024-09-09,20.786654698785906,21.44135248457444,20.70481747556234,20.95032914523304,33705800.0
HPG,2024-09-10,21.07308498006839,21.15492220329196,20.58206164072699,20.58206164072699,15019243.0
HPG,2024-09-11,20.58206164072699,20.90941053362126,20.500224417503425,20.745736087174127,14822739.0
HPG,2024-09-12,20.786654698785906,20.90941053362126,20.541143029115208,20.541143029115208,9035828.0
HPG,2024-09-13,20.58206164072699,20.70481747556234,20.459305805891642,20.459305805891642,12460214.0
HPG,2024-09-16,20.459305805891642,20.663898863950557,20.336549971056293,20.336549971056293,14733600.0
HPG,2024-09-17,20.377468582668072,20.663898863950557,20.29563135944451,20.663898863950557,13250409.0
HPG,2024-09-18,20.663898863950557,20.745736087174127,20.541143029115208,20.541143029115208,15748523.0
HPG,2024-09-19,20.70481747556234,20.868491922009476,20.622980252338774,20.663898863950557,13854311.0
HPG,2024-09-20,20.868491922009476,21.318596649739092,20.82757331039769,20.991247756844825,55737814.0
HPG,2024-09-23,21.114003591680174,21.359515261350875,21.032166368456608,21.032166368456608,18756600.0
HPG,2024-09-24,21.032166368456608,21.15492220329196,20.991247756844825,21.15492220329196,15408007.0
HPG,2024-09-25,21.359515261350875,21.605026931021573,21.318596649739092,21.44135248457444,41289216.0
HPG,2024-09-26,21.523189707798007,21.645945542633356,21.318596649739092,21.318596649739092,26321128.0
HPG,2024-09-27,21.400433872962655,21.523189707798007,21.19584081490374,21.318596649739092,31021600.0
HPG,2024-09-30,21.44135248457444,21.76870137746871,21.400433872962655,21.56410831940979,37965219.0
HPG,2024-10-01,21.93237582391584,22.096050270362973,21.80961998908049,21.891457212304058,38139200.0
HPG,2024-10-02,21.85053860069227,21.85053860069227,21.523189707798007,21.523189707798007,21285700.0
HPG,2024-10-03,21.645945542633356,21.80961998908049,21.359515261350875,21.44135248457444,26798500.0
HPG,2024-10-04,21.44135248457444,21.68686415424514,21.359515261350875,21.44135248457444,17555300.0
HPG,2024-10-07,21.605026931021573,21.68686415424514,21.44135248457444,21.605026931021573,12466400.0
HPG,2024-10-08,21.605026931021573,22.17788749358654,21.56410831940979,22.05513165875119,38318987.0
HPG,2024-10-09,22.218806105198322,22.505236386480806,22.136968881974756,22.505236386480806,45841749.0
HPG,2024-10-10,22.587073609704373,22.66891083292794,22.300643328421888,22.300643328421888,23887145.0
HPG,2024-10-11,22.382480551645457,22.464317774869023,22.096050270362973,22.341561940033674,19451868.0
HPG,2024-10-14,22.382480551645457,22.464317774869023,22.136968881974756,22.136968881974756,18323700.0
HPG,2024-10-15,22.423399163257237,22.464317774869023,22.218806105198322,22.218806105198322,20160927.0
HPG,2024-10-16,22.218806105198322,22.341561940033674,22.17788749358654,22.17788749358654,11933300.0
HPG,2024-10-17,22.218806105198322,22.300643328421888,21.891457212304058,22.300643328421888,20662033.0
HPG,2024-10-18,22.300643328421888,22.341561940033674,22.05513165875119,22.05513165875119,16643613.0
HPG,2024-10-21,22.05513165875119,22.136968881974756,21.85053860069227,21.891457212304058,13914500.0
HPG,2024-10-22,21.80961998908049,21.973294435527624,21.68686415424514,21.80961998908049,18335001.0
HPG,2024-10-23,21.80961998908049,21.85053860069227,21.56410831940979,21.645945542633356,14454700.0
HPG,2024-10-24,21.68686415424514,21.85053860069227,21.56410831940979,21.645945542633356,16224900.0
HPG,2024-10-25,21.76870137746871,21.80961998908049,21.645945542633356,21.645945542633356,11172600.0
HPG,2024-10-28,21.68686415424514,22.05513165875119,21.68686415424514,21.891457212304058,11933000.0
HPG,2024-10-29,21.93237582391584,22.218806105198322,21.85053860069227,22.136968881974756,16678100.0
HPG,2024-10-30,22.136968881974756,22.17788749358654,21.93237582391584,22.096050270362973,11066500.0
HPG,2024-10-31,22.136968881974756,22.136968881974756,21.93237582391584,22.014213047139403,14550100.0
HPG,2024-11-01,21.93237582391584,21.973294435527624,21.645945542633356,21.727782765856922,13351405.0
HPG,2024-11-04,21.727782765856922,21.727782765856922,21.400433872962655,21.523189707798007,20123400.0
HPG,2024-11-05,21.523189707798007,21.727782765856922,21.44135248457444,21.68686415424514,8490315.0
HPG,2024-11-06,21.80961998908049,22.218806105198322,21.727782765856922,22.05513165875119,22375500.0
HPG,2024-11-07,22.17788749358654,22.341561940033674,22.05513165875119,22.05513165875119,16181001.0
HPG,2024-11-08,22.259724716810105,22.505236386480806,22.096050270362973,22.096050270362973,24762901.0
HPG,2024-11-11,22.136968881974756,22.66891083292794,22.05513165875119,22.66891083292794,42528700.0
HPG,2024-11-12,22.70982944453972,22.83258527937507,22.341561940033674,22.505236386480806,23983201.0
HPG,2024-11-13,22.259724716810105,22.423399163257237,21.973294435527624,22.136968881974756,24632300.0
HPG,2024-11-14,22.136968881974756,22.17788749358654,21.523189707798007,21.523189707798007,26964300.0
HPG,2024-11-15,21.523189707798007,21.56410831940979,21.19584081490374,21.19584081490374,28054300.0
HPG,2024-11-18,21.277678038127306,21.318596649739092,20.868491922009476,21.114003591680174,22084400.0
HPG,2024-11-19,21.15492220329196,21.277678038127306,20.82757331039769,20.82757331039769,16292800.0
HPG,2024-11-20,20.786654698785906,21.277678038127306,20.663898863950557,20.95032914523304,23710500.0
HPG,2024-11-21,20.991247756844825,21.236759426515523,20.90941053362126,21.15492220329196,18112600.0
HPG,2024-11-22,21.19584081490374,21.482271096186224,21.15492220329196,21.359515261350875,18451400.0
HPG,2024-11-25,21.359515261350875,21.523189707798007,21.318596649739092,21.523189707798007,18869401.0
HPG,2024-11-26,21.523189707798007,21.68686415424514,21.44135248457444,21.56410831940979,14565700.0
HPG,2024-11-27,21.56410831940979,21.645945542633356,21.359515261350875,21.523189707798007,14661600.0
HPG,2024-11-28,21.645945542633356,21.891457212304058,21.523189707798007,21.605026931021573,16436002.0
HPG,2024-11-29,21.645945542633356,21.891457212304058,21.523189707798007,21.891457212304058,21016000.0
HPG,2024-12-02,22.05513165875119,22.218806105198322,21.891457212304058,22.014213047139403,20478407.0
HPG,2024-12-03,21.973294435527624,22.096050270362973,21.76870137746871,22.096050270362973,19844800.0
HPG,2024-12-04,21.973294435527624,21.973294435527624,21.80961998908049,21.85053860069227,12898500.0
HPG,2024-12-05,21.85053860069227,22.79166666776329,21.605026931021573,22.79166666776329,49146701.0
HPG,2024-12-06,22.79166666776329,22.83258527937507,22.505236386480806,22.587073609704373,25678301.0
HPG,2024-12-09,22.627992221316156,22.83258527937507,22.505236386480806,22.627992221316156,16348731.0
HPG,2024-12-10,22.66891083292794,23.078096949045772,22.587073609704373,22.83258527937507,34226323.0
HPG,2024-12-11,22.83258527937507,23.037178337433986,22.587073609704373,22.70982944453972,17571559.0
HPG,2024-12-12,22.70982944453972,22.83258527937507,22.382480551645457,22.505236386480806,21420145.0
HPG,2024-12-13,22.341561940033674,22.423399163257237,22.17788749358654,22.259724716810105,18575489.0
HPG,2024-12-16,22.259724716810105,22.382480551645457,21.973294435527624,22.096050270362973,19567782.0
HPG,2024-12-17,22.096050270362973,22.17788749358654,21.973294435527624,22.096050270362973,13820439.0
HPG,2024-12-18,22.096050270362973,22.382480551645457,22.05513165875119,22.382480551645457,16439097.0
HPG,2024-12-19,22.096050270362973,22.218806105198322,21.93237582391584,21.973294435527624,35259336.0
HPG,2024-12-20,21.973294435527624,22.05513165875119,21.85053860069227,21.85053860069227,13990933.0
HPG,2024-12-23,21.891457212304058,22.136968881974756,21.891457212304058,22.096050270362973,13408866.0
HPG,2024-12-24,22.014213047139403,22.014213047139403,21.76870137746871,21.85053860069227,14495426.0
HPG,2024-12-25,21.891457212304058,22.218806105198322,21.891457212304058,22.218806105198322,19634326.0
HPG,2024-12-26,22.218806105198322,22.259724716810105,21.973294435527624,22.096050270362973,10485039.0
HPG,2024-12-27,22.096050270362973,22.096050270362973,21.93237582391584,21.973294435527624,15379238.0
HPG,2024-12-30,21.93237582391584,21.973294435527624,21.80961998908049,21.891457212304058,15140790.0
HPG,2024-12-31,21.891457212304058,21.891457212304058,21.76870137746871,21.80961998908049,11113438.0
HPG,2025-01-02,21.85053860069227,22.136968881974756,21.85053860069227,22.096050270362973,20279243.0
HPG,2025-01-03,22.014213047139403,22.096050270362973,21.76870137746871,21.76870137746871,13540125.0
HPG,2025-01-06,21.76870137746871,21.85053860069227,21.318596649739092,21.318596649739092,15250533.0
HPG,2025-01-07,21.400433872962655,21.605026931021573,21.318596649739092,21.318596649739092,15263754.0
HPG,2025-01-08,21.318596649739092,21.482271096186224,21.236759426515523,21.482271096186224,12957634.0
HPG,2025-01-09,21.523189707798007,21.523189707798007,21.19584081490374,21.277678038127306,9718937.0
HPG,2025-01-10,21.277678038127306,21.359515261350875,20.90941053362126,20.90941053362126,14273636.0
HPG,2025-01-13,20.90941053362126,21.318596649739092,20.82757331039769,21.19584081490374,14206048.0
HPG,2025-01-14,21.236759426515523,21.277678038127306,21.114003591680174,21.15492220329196,7870725.0
HPG,2025-01-15,21.277678038127306,21.482271096186224,21.19584081490374,21.44135248457444,11851636.0
HPG,2025-01-16,21.523189707798007,21.645945542633356,21.318596649739092,21.523189707798007,11633728.0
HPG,2025-01-17,21.523189707798007,21.68686415424514,21.359515261350875,21.68686415424514,18046028.0
HPG,2025-01-20,21.68686415424514,21.891457212304058,21.645945542633356,21.645945542633356,10576258.0
HPG,2025-01-21,21.76870137746871,21.76870137746871,21.44135248457444,21.523189707798007,13008662.0
HPG,2025-01-22,21.605026931021573,21.605026931021573,21.400433872962655,21.400433872962655,11088022.0
HPG,2025-01-23,21.44135248457444,21.891457212304058,21.400433872962655,21.80961998908049,16188220.0
HPG,2025-01-24,21.80961998908049,21.80961998908049,21.645945542633356,21.727782765856922,10796320.0
HPG,2025-02-03,21.68686415424514,21.76870137746871,21.482271096186224,21.605026931021573,18136000.0
HPG,2025-02-04,21.68686415424514,22.096050270362973,21.645945542633356,21.973294435527624,18528200.0
HPG,2025-02-05,21.973294435527624,22.096050270362973,21.891457212304058,21.93237582391584,16028803.0
HPG,2025-02-06,21.93237582391584,22.05513165875119,21.891457212304058,21.93237582391584,13565008.0
HPG,2025-02-07,21.93237582391584,21.93237582391584,21.76870137746871,21.80961998908049,14287715.0
HPG,2025-02-10,21.68686415424514,21.68686415424514,20.786654698785906,20.786654698785906,61151520.0
HPG,2025-02-11,20.82757331039769,21.359515261350875,20.82757331039769,21.359515261350875,32437010.0
HPG,2025-02-12,21.44135248457444,21.44135248457444,21.15492220329196,21.15492220329196,16386311.0
HPG,2025-02-13,21.236759426515523,21.277678038127306,21.15492220329196,21.19584081490374,12700108.0
HPG,2025-02-14,21.359515261350875,21.523189707798007,21.277678038127306,21.359515261350875,18580680.0
HPG,2025-02-17,21.400433872962655,21.482271096186224,21.318596649739092,21.400433872962655,18769406.0
HPG,2025-02-18,21.56410831940979,21.76870137746871,21.523189707798007,21.727782765856922,25031113.0
HPG,2025-02-19,21.76870137746871,21.76870137746871,21.605026931021573,21.68686415424514,13863015.0
HPG,2025-02-20,21.727782765856922,21.76870137746871,21.68686415424514,21.727782765856922,11910417.0
HPG,2025-02-21,21.727782765856922,21.76870137746871,21.605026931021573,21.645945542633356,13143809.0
HPG,2025-02-24,23.159934172269338,23.159934172269338,22.54615499809259,22.66891083292794,74091112.0
HPG,2025-02-25,22.587073609704373,22.66891083292794,22.259724716810105,22.505236386480806,33168804.0
HPG,2025-02-26,22.587073609704373,22.873503890986854,22.54615499809259,22.70982944453972,32319608.0
HPG,2025-02-27,22.750748056151505,23.282690007104687,22.587073609704373,23.282690007104687,52685805.0
HPG,2025-02-28,23.241771395492904,23.241771395492904,22.873503890986854,22.91442250259864,25182609.0
HPG,2025-03-03,22.955341114210423,23.119015560657555,22.91442250259864,22.955341114210423,22228701.0
HPG,2025-03-04,22.955341114210423,22.955341114210423,22.627992221316156,22.79166666776329,27704100.0
HPG,2025-03-05,22.79166666776329,22.83258527937507,22.54615499809259,22.54615499809259,30385500.0
HPG,2025-03-06,22.587073609704373,22.873503890986854,22.587073609704373,22.873503890986854,37159607.0
HPG,2025-03-07,22.91442250259864,22.996259725822206,22.70982944453972,22.955341114210423,33131214.0
HPG,2025-03-10,22.996259725822206,23.078096949045772,22.873503890986854,22.873503890986854,23863523.0
HPG,2025-03-11,22.587073609704373,23.037178337433986,22.587073609704373,23.037178337433986,26088505.0
HPG,2025-03-12,23.078096949045772,23.078096949045772,22.750748056151505,22.750748056151505,20820604.0
HPG,2025-03-13,22.79166666776329,22.955341114210423,22.66891083292794,22.66891083292794,24829403.0
HPG,2025-03-14,22.66891083292794,22.79166666776329,22.54615499809259,22.54615499809259,19079904.0
HPG,2025-03-17,22.83258527937507,23.037178337433986,22.70982944453972,22.79166666776329,19739705.0
HPG,2025-03-18,22.83258527937507,22.955341114210423,22.587073609704373,22.587073609704373,18741791.0
HPG,2025-03-19,22.587073609704373,22.587073609704373,22.17788749358654,22.300643328421888,38755807.0
HPG,2025-03-20,22.341561940033674,22.464317774869023,22.136968881974756,22.218806105198322,25022514.0
HPG,2025-03-21,22.17788749358654,22.300643328421888,22.136968881974756,22.218806105198322,22219412.0
HPG,2025-03-24,22.218806105198322,22.300643328421888,22.014213047139403,22.218806105198322,19489800.0
HPG,2025-03-25,22.300643328421888,22.423399163257237,22.17788749358654,22.259724716810105,32161000.0
HPG,2025-03-26,22.259724716810105,22.873503890986854,22.218806105198322,22.54615499809259,44230000.0
HPG,2025-03-27,22.66891083292794,22.66891083292794,22.464317774869023,22.505236386480806,21572700.0
HPG,2025-03-28,22.464317774869023,22.505236386480806,22.17788749358654,22.218806105198322,17472400.0
HPG,2025-03-31,22.136968881974756,22.17788749358654,21.891457212304058,21.891457212304058,27439500.0
HPG,2025-04-01,21.93237582391584,22.136968881974756,21.891457212304058,22.096050270362973,14420607.0
HPG,2025-04-02,22.218806105198322,22.423399163257237,22.17788749358654,22.300643328421888,16872403.0
HPG,2025-04-03,21.114003591680174,21.645945542633356,20.745736087174127,20.745736087174127,81437802.0
HPG,2025-04-04,19.31358468076171,20.336549971056293,19.31358468076171,20.131956912997378,73385603.0
HPG,2025-04-08,19.231747457538145,19.640933573655975,18.74072411819674,18.74072411819674,36625305.0
HPG,2025-04-09,17.431328546619678,18.249700778855345,17.431328546619678,17.431328546619678,77553004.0
HPG,2025-04-10,18.617968283361392,18.617968283361392,18.617968283361392,18.617968283361392,3475609.0
HPG,2025-04-11,19.804608020103107,19.886445243326676,19.231747457538145,19.886445243326676,76877400.0
HPG,2025-04-14,20.29563135944451,21.07308498006839,20.254712747832723,20.745736087174127,55212280.0
HPG,2025-04-15,20.58206164072699,21.400433872962655,20.500224417503425,21.15492220329196,50746800.0
HPG,2025-04-16,21.19584081490374,21.277678038127306,20.500224417503425,20.868491922009476,26086501.0
HPG,2025-04-17,20.622980252338774,20.95032914523304,20.29563135944451,20.868491922009476,24691000.0
HPG,2025-04-18,20.991247756844825,21.07308498006839,20.82757331039769,20.82757331039769,21081700.0
HPG,2025-04-21,20.82757331039769,20.82757331039769,20.41838719427986,20.41838719427986,19076200.0
HPG,2025-04-22,20.29563135944451,20.541143029115208,19.149910234314575,20.500224417503425,47747000.0
HPG,2025-04-23,20.868491922009476,21.032166368456608,20.745736087174127,20.90941053362126,22435700.0
HPG,2025-04-24,21.032166368456608,21.032166368456608,20.622980252338774,20.95032914523304,21600060.0
HPG,2025-04-25,20.82757331039769,21.032166368456608,20.663898863950557,21.032166368456608,29534000.0
HPG,2025-04-28,21.032166368456608,21.032166368456608,20.745736087174127,20.991247756844825,13684060.0
HPG,2025-04-29,20.991247756844825,21.032166368456608,20.786654698785906,20.868491922009476,27916600.0
HPG,2025-05-05,20.991247756844825,21.07308498006839,20.745736087174127,21.032166368456608,12919300.0
HPG,2025-05-06,21.07308498006839,21.318596649739092,20.82757331039769,20.82757331039769,21167300.0
HPG,2025-05-07,20.745736087174127,20.868491922009476,20.745736087174127,20.786654698785906,11835800.0
HPG,2025-05-08,20.786654698785906,21.15492220329196,20.70481747556234,21.032166368456608,20560200.0
HPG,2025-05-09,21.032166368456608,21.07308498006839,20.868491922009476,20.991247756844825,11008000.0
HPG,2025-05-12,20.90941053362126,21.07308498006839,20.254712747832723,20.786654698785906,65862901.0
HPG,2025-05-13,20.95032914523304,21.277678038127306,20.95032914523304,21.114003591680174,21284600.0
HPG,2025-05-14,21.19584081490374,21.727782765856922,21.15492220329196,21.400433872962655,44844101.0
HPG,2025-05-15,21.44135248457444,21.44135248457444,21.15492220329196,21.400433872962655,22616701.0
HPG,2025-05-16,21.400433872962655,21.44135248457444,21.114003591680174,21.114003591680174,18779200.0
HPG,2025-05-19,21.07308498006839,21.236759426515523,20.90941053362126,20.991247756844825,16158700.0
HPG,2025-05-20,20.95032914523304,21.114003591680174,20.95032914523304,20.991247756844825,20752523.0
HPG,2025-05-21,21.07308498006839,21.359515261350875,20.991247756844825,21.07308498006839,21313500.0
HPG,2025-05-22,21.07308498006839,21.236759426515523,20.90941053362126,20.991247756844825,26535702.0
HPG,2025-05-23,21.07308498006839,21.15492220329196,20.90941053362126,20.95032914523304,11096000.0
HPG,2025-05-26,20.991247756844825,20.991247756844825,20.500224417503425,20.90941053362126,27433800.0
HPG,2025-05-27,20.90941053362126,21.400433872962655,20.90941053362126,20.90941053362126,26892800.0
HPG,2025-05-28,21.07308498006839,21.19584081490374,20.90941053362126,20.95032914523304,15604800.0
HPG,2025-05-29,21.032166368456608,21.114003591680174,20.868491922009476,20.90941053362126,16530300.0
HPG,2025-05-30,20.991247756844825,21.80961998908049,20.991247756844825,21.07308498006839,64975400.0
HPG,2025-06-02,20.95032914523304,20.991247756844825,20.745736087174127,20.90941053362126,22333200.0
HPG,2025-06-03,21.114003591680174,21.44135248457444,21.07308498006839,21.277678038127306,31538500.0
HPG,2025-06-04,21.359515261350875,21.605026931021573,21.236759426515523,21.236759426515523,25985700.0
HPG,2025-06-05,21.277678038127306,21.318596649739092,21.032166368456608,21.07308498006839,19487300.0
HPG,2025-06-06,21.318596649739092,21.68686415424514,21.19584081490374,21.318596649739092,42244000.0
HPG,2025-06-09,21.359515261350875,21.605026931021573,21.236759426515523,21.523189707798007,25242900.0
HPG,2025-06-10,21.68686415424514,21.973294435527624,21.44135248457444,21.44135248457444,32718924.0
HPG,2025-06-11,21.523189707798007,21.56410831940979,21.277678038127306,21.359515261350875,17178100.0
HPG,2025-06-12,21.400433872962655,22.17788749358654,21.400433872962655,21.93237582391584,55525923.0
HPG,2025-06-13,21.76870137746871,21.891457212304058,21.523189707798007,21.605026931021573,38771923.0
HPG,2025-06-16,21.56410831940979,22.096050270362973,21.56410831940979,21.891457212304058,31985397.0
HPG,2025-06-17,22.014213047139403,22.17788749358654,21.891457212304058,21.973294435527624,26721800.0
HPG,2025-06-18,22.014213047139403,22.259724716810105,21.93237582391584,22.218806105198322,33253200.0
HPG,2025-06-19,22.218806105198322,22.259724716810105,21.93237582391584,22.014213047139403,23408200.0
HPG,2025-06-20,22.096050270362973,22.17788749358654,21.973294435527624,22.096050270362973,23936403.0
HPG,2025-06-23,21.973294435527624,22.096050270362973,21.76870137746871,21.973294435527624,24710800.0
HPG,2025-06-24,22.136968881974756,22.259724716810105,22.05513165875119,22.096050270362973,27870000.0
HPG,2025-06-25,22.17788749358654,22.464317774869023,22.05513165875119,22.259724716810105,45638801.0
HPG,2025-06-26,22.636175943638513,22.73438061150679,22.34156194003367,22.39066427396781,41471000.0
HPG,2025-06-27,22.537971275770232,22.537971275770232,22.34156194003367,22.43976660790195,18552600.0
HPG,2025-06-30,22.48886894183609,22.537971275770232,22.29245960609953,22.29245960609953,19935300.0
HPG,2025-07-01,22.34156194003367,22.48886894183609,22.194254938231254,22.24335727216539,22227201.0
HPG,2025-07-02,22.24335727216539,22.48886894183609,22.145152604297113,22.48886894183609,26752100.0
HPG,2025-07-03,22.587073609704373,23.22540395084819,22.587073609704373,22.685278277572653,48016961.0
HPG,2025-07-04,22.73438061150679,22.83258527937507,22.685278277572653,22.83258527937507,21431100.0
HPG,2025-07-07,23.27450628478233,23.27450628478233,22.979892281177488,23.176301616914053,36284600.0
HPG,2025-07-08,23.22540395084819,24.35475763133341,23.127199282979912,24.25655296346513,77477101.0
HPG,2025-07-09,24.35475763133341,24.64937163493825,24.158348295596852,24.30565529739927,46729600.0
HPG,2025-07-10,24.40385996526755,24.74757630280653,24.10924596166271,24.69847396887239,86011300.0
HPG,2025-07-11,24.79667863674067,25.77872531542347,24.600269301004108,25.533213645752767,65610300.0
HPG,2025-07-14,25.729622981489328,25.975134651160026,25.091292640345507,25.28770197608207,49689701.0
HPG,2025-07-15,25.33680431001621,25.533213645752767,25.042190306411367,25.042190306411367,48157000.0
HPG,2025-07-16,24.993087972477227,25.729622981489328,24.943985638543086,25.631418313621047,42744200.0
HPG,2025-07-17,25.729622981489328,25.87692998329175,25.435008977884486,25.533213645752767,57398600.0
HPG,2025-07-18,25.533213645752767,25.631418313621047,25.28770197608207,25.435008977884486,40934600.0
HPG,2025-07-21,25.926032317225886,26.515260324435566,25.631418313621047,25.729622981489328,57302600.0
HPG,2025-07-22,25.680520647555188,25.975134651160026,25.533213645752767,25.975134651160026,32181400.0
HPG,2025-07-23,26.073339319028307,26.466157990501426,25.926032317225886,25.926032317225886,43353000.0
HPG,2025-07-24,25.926032317225886,25.975134651160026,25.435008977884486,25.533213645752767,52134401.0
HPG,2025-07-25,25.533213645752767,25.82782764935761,25.435008977884486,25.582315979686907,51247400.0
HPG,2025-07-28,25.631418313621047,26.36795332263315,25.533213645752767,25.87692998329175,100967800.0
HPG,2025-07-29,25.975134651160026,26.122441652962447,24.89488330460895,24.89488330460895,82733300.0
HPG,2025-07-30,25.140394974279648,25.28770197608207,24.64937163493825,24.943985638543086,51586000.0
HPG,2025-07-31,24.993087972477227,25.140394974279648,24.30565529739927,24.502064633135827,86732509.0
HPG,2025-08-01,24.40385996526755,24.84578097067481,24.35475763133341,24.69847396887239,51200605.0
HPG,2025-08-04,24.64937163493825,24.993087972477227,24.502064633135827,24.84578097067481,39243103.0
HPG,2025-08-05,24.993087972477227,26.564362658369706,24.993087972477227,25.926032317225886,216259124.0
HPG,2025-08-06,26.269748654764868,27.202692999513523,26.171543986896584,26.613464992303847,96234211.0
HPG,2025-08-07,26.85897666197455,28.037432676393905,26.515260324435566,27.988330342459765,141136306.0
HPG,2025-08-08,28.086535010328046,28.135637344262182,27.104488331645246,27.497307003118365,121062502.0
HPG,2025-08-11,27.644614004920783,27.939228008525625,27.300897667381808,27.644614004920783,67690904.0
HPG,2025-08-12,27.841023340657348,28.577558349669445,27.644614004920783,27.988330342459765,84330902.0
HPG,2025-08-13,28.037432676393905,28.086535010328046,27.350000001315948,27.595511670986646,79795002.0
HPG,2025-08-14,27.693716338854923,27.939228008525625,27.497307003118365,27.693716338854923,78844900.0
HPG,2025-08-15,27.939228008525625,28.282944346064603,27.350000001315948,27.497307003118365,108659803.0
HPG,2025-08-18,27.791921006723204,28.282944346064603,27.693716338854923,27.890125674591484,69044601.0
HPG,2025-08-19,28.086535010328046,28.184739678196323,27.595511670986646,27.644614004920783,63121902.0
HPG,2025-08-20,27.693716338854923,27.742818672789063,26.564362658369706,26.908078995908685,104787032.0
HPG,2025-08-21,26.957181329842825,27.300897667381808,26.809874328040408,26.908078995908685,70790702.0
HPG,2025-08-22,26.466157990501426,26.613464992303847,25.533213645752767,25.533213645752767,136206200.0
HPG,2025-08-25,26.024236985094166,26.269748654764868,25.38590664395035,25.484111311818626,68457101.0
HPG,2025-08-26,25.631418313621047,26.711669660172124,25.631418313621047,26.711669660172124,52038200.0
HPG,2025-08-27,26.760771994106268,26.760771994106268,26.269748654764868,26.269748654764868,90102500.0
HPG,2025-08-28,26.466157990501426,27.006283663776966,26.36795332263315,26.613464992303847,63206300.0
HPG,2025-08-29,26.711669660172124,27.350000001315948,26.564362658369706,27.006283663776966,87128601.0
HPG,2025-09-03,26.908078995908685,28.479353681801165,26.760771994106268,27.644614004920783,123875300.0
HPG,2025-09-04,27.939228008525625,29.36319569261568,27.841023340657348,29.314093358681543,142448900.0
HPG,2025-09-05,29.461400360483964,29.559605028352244,28.282944346064603,28.282944346064603,105349300.0
HPG,2025-09-08,28.184739678196323,29.215888690813262,28.135637344262182,28.381149013932884,141768400.0
HPG,2025-09-09,28.675763017537722,28.724865351471863,27.693716338854923,28.332046679998747,77385600.0
HPG,2025-09-10,28.332046679998747,28.675763017537722,27.890125674591484,28.332046679998747,52962101.0
HPG,2025-09-11,28.184739678196323,28.675763017537722,27.497307003118365,28.626660683603582,74820410.0
HPG,2025-09-12,28.675763017537722,29.559605028352244,28.626660683603582,29.461400360483964,108883212.0
HPG,2025-09-15,29.706912030154662,30.296140037364342,29.559605028352244,29.805116698022943,96216503.0
HPG,2025-09-16,30.001526033759504,30.001526033759504,29.215888690813262,29.412298026549824,68587103.0
HPG,2025-09-17,29.36319569261568,29.706912030154662,28.675763017537722,28.675763017537722,135116611.0
HPG,2025-09-18,28.823070019340143,28.872172353274284,28.086535010328046,28.626660683603582,75817002.0
HPG,2025-09-19,28.773967685406003,28.872172353274284,28.282944346064603,28.724865351471863,49864800.0
HPG,2025-09-22,28.724865351471863,28.724865351471863,27.791921006723204,27.890125674591484,66373806.0
HPG,2025-09-23,28.037432676393905,28.332046679998747,27.939228008525625,28.135637344262182,27900000.0
HPG,2025-09-24,28.135637344262182,28.528456015735305,27.742818672789063,28.528456015735305,30898905.0
HPG,2025-09-25,28.626660683603582,28.773967685406003,28.233842012130463,28.282944346064603,38565408.0
HPG,2025-09-26,28.332046679998747,28.675763017537722,28.037432676393905,28.037432676393905,39348911.0
HPG,2025-09-29,28.037432676393905,28.381149013932884,27.890125674591484,28.086535010328046,43531200.0
HPG,2025-09-30,28.037432676393905,28.086535010328046,27.399102335250085,27.644614004920783,56593804.0
HPG,2025-10-01,27.791921006723204,27.988330342459765,27.595511670986646,27.791921006723204,29948510.0
HPG,2025-10-02,27.841023340657348,28.135637344262182,27.546409337052506,27.595511670986646,33265300.0
HPG,2025-10-03,27.595511670986646,27.595511670986646,26.85897666197455,27.153590665579383,60723507.0
HPG,2025-10-06,27.595511670986646,28.675763017537722,27.595511670986646,28.675763017537722,74194504.0
HPG,2025-10-07,28.675763017537722,28.823070019340143,28.479353681801165,28.479353681801165,44330615.0
HPG,2025-10-08,28.724865351471863,28.872172353274284,28.233842012130463,28.675763017537722,62153010.0
HPG,2025-10-09,28.872172353274284,28.872172353274284,28.332046679998747,28.430251347867024,44251704.0
HPG,2025-10-10,28.479353681801165,29.215888690813262,28.381149013932884,29.068581689010845,68443310.0
HPG,2025-10-13,28.528456015735305,28.724865351471863,28.332046679998747,28.479353681801165,88237715.0
HPG,2025-10-14,28.528456015735305,28.724865351471863,27.791921006723204,27.841023340657348,87550908.0
HPG,2025-10-15,27.890125674591484,28.184739678196323,27.693716338854923,27.742818672789063,40185913.0
HPG,2025-10-16,27.742818672789063,28.282944346064603,27.497307003118365,27.742818672789063,47415309.0
HPG,2025-10-17,27.791921006723204,28.135637344262182,27.497307003118365,27.497307003118365,47488213.0
HPG,2025-10-20,27.399102335250085,27.742818672789063,25.582315979686907,25.582315979686907,103183114.0
HPG,2025-10-21,25.82782764935761,26.515260324435566,25.533213645752767,26.31885098869901,76553809.0
HPG,2025-10-22,26.417055656567285,26.417055656567285,25.680520647555188,26.220646320830728,38988811.0
HPG,2025-10-23,26.269748654764868,26.515260324435566,26.024236985094166,26.024236985094166,23523403.0
HPG,2025-10-24,26.024236985094166,26.220646320830728,25.631418313621047,25.926032317225886,30807702.0
HPG,2025-10-27,26.269748654764868,26.36795332263315,25.77872531542347,25.77872531542347,28103328.0
HPG,2025-10-28,25.87692998329175,26.31885098869901,25.680520647555188,26.31885098869901,28732128.0
HPG,2025-10-29,26.417055656567285,27.055385997711106,26.417055656567285,26.760771994106268,44173956.0
HPG,2025-10-30,26.908078995908685,26.908078995908685,26.417055656567285,26.417055656567285,24323686.0
HPG,2025-10-31,26.417055656567285,26.613464992303847,26.220646320830728,26.220646320830728,20881221.0
HPG,2025-11-03,26.269748654764868,26.417055656567285,25.582315979686907,25.582315979686907,30456766.0
HPG,2025-11-04,25.680520647555188,26.36795332263315,25.484111311818626,26.269748654764868,38730314.0
HPG,2025-11-05,25.975134651160026,26.269748654764868,25.77872531542347,25.82782764935761,24325384.0
HPG,2025-11-06,25.87692998329175,26.024236985094166,25.631418313621047,25.631418313621047,21467663.0
HPG,2025-11-07,25.680520647555188,26.073339319028307,25.533213645752767,25.582315979686907,57218252.0
HPG,2025-11-10,25.729622981489328,26.269748654764868,25.631418313621047,25.975134651160026,48947921.0
HPG,2025-11-11,26.122441652962447,26.417055656567285,25.975134651160026,26.122441652962447,33450148.0
HPG,2025-11-12,26.171543986896584,26.613464992303847,26.171543986896584,26.515260324435566,35221924.0
HPG,2025-11-13,26.515260324435566,26.564362658369706,26.073339319028307,26.073339319028307,20097527.0
HPG,2025-11-14,26.024236985094166,26.466157990501426,26.024236985094166,26.417055656567285,30032214.0
HPG,2025-11-17,26.564362658369706,26.85897666197455,26.564362658369706,26.809874328040408,32583436.0
HPG,2025-11-18,26.760771994106268,27.104488331645246,26.662567326237983,27.006283663776966,40858352.0
HPG,2025-11-19,27.006283663776966,27.841023340657348,26.957181329842825,27.104488331645246,58520747.0
HPG,2025-11-20,27.202692999513523,27.300897667381808,26.662567326237983,26.760771994106268,23530503.0
HPG,2025-11-21,26.662567326237983,26.957181329842825,26.417055656567285,26.908078995908685,23327991.0
HPG,2025-11-24,26.908078995908685,27.055385997711106,26.613464992303847,26.613464992303847,16712830.0
HPG,2025-11-25,26.662567326237983,26.85897666197455,26.417055656567285,26.417055656567285,28022245.0
HPG,2025-11-26,26.466157990501426,26.711669660172124,26.36795332263315,26.613464992303847,28477230.0
HPG,2025-11-27,26.711669660172124,26.809874328040408,26.417055656567285,26.417055656567285,18957259.0
HPG,2025-11-28,26.417055656567285,26.564362658369706,26.073339319028307,26.073339319028307,27919387.0
HPG,2025-12-01,26.171543986896584,26.269748654764868,26.024236985094166,26.024236985094166,27022808.0
HPG,2025-12-02,26.073339319028307,26.171543986896584,25.729622981489328,26.024236985094166,27653228.0
HPG,2025-12-03,26.122441652962447,26.36795332263315,25.975134651160026,26.31885098869901,23457633.0
HPG,2025-12-04,26.466157990501426,26.957181329842825,26.417055656567285,26.809874328040408,35161224.0
HPG,2025-12-05,26.85897666197455,26.85897666197455,26.515260324435566,26.515260324435566,17992124.0
HPG,2025-12-08,26.417055656567285,26.613464992303847,26.269748654764868,26.269748654764868,24323432.0
HPG,2025-12-09,26.220646320830728,26.417055656567285,25.926032317225886,25.926032317225886,41041824.0
HPG,2025-12-10,26.171543986896584,26.515260324435566,26.122441652962447,26.171543986896584,34451024.0
HPG,2025-12-11,26.220646320830728,26.417055656567285,26.024236985094166,26.073339319028307,17412222.0
HPG,2025-12-12,26.122441652962447,26.220646320830728,25.533213645752767,25.533213645752767,51826221.0
HPG,2025-12-15,25.77872531542347,25.926032317225886,25.582315979686907,25.77872531542347,26126421.0
HPG,2025-12-16,25.87692998329175,26.466157990501426,25.77872531542347,26.220646320830728,30325917.0
HPG,2025-12-17,26.220646320830728,26.220646320830728,25.926032317225886,25.926032317225886,21629624.0
HPG,2025-12-18,25.926032317225886,26.073339319028307,25.77872531542347,25.926032317225886,19993921.0
HPG,2025-12-19,25.926032317225886,26.220646320830728,25.926032317225886,26.220646320830728,34703622.0
HPG,2025-12-22,26.220646320830728,26.613464992303847,26.122441652962447,26.417055656567285,58500924.0
HPG,2025-12-23,26.564362658369706,26.711669660172124,26.171543986896584,26.269748654764868,31343526.0
HPG,2025-12-24,26.36795332263315,26.36795332263315,26.024236985094166,26.073339319028307,37316921.0
HPG,2025-12-25,26.073339319028307,26.171543986896584,25.77872531542347,25.77872531542347,41030021.0
HPG,2025-12-26,26.613464992303847,27.202692999513523,26.171543986896584,26.417055656567285,95925021.0
HPG,2025-12-29,26.515260324435566,26.515260324435566,26.171543986896584,26.220646320830728,18140221.0
HPG,2025-12-30,26.220646320830728,26.36795332263315,26.024236985094166,26.024236985094166,24718822.0
HPG,2025-12-31,25.975134651160026,26.122441652962447,25.87692998329175,25.926032317225886,21849720.0
HPG,2026-01-05,25.926032317225886,26.073339319028307,25.23859964214793,25.484111311818626,59427911.0
HPG,2026-01-06,25.533213645752767,25.729622981489328,24.89488330460895,25.484111311818626,50166628.0
HPG,2026-01-07,25.484111311818626,26.269748654764868,25.484111311818626,26.122441652962447,38547802.0
HPG,2026-01-08,26.220646320830728,26.31885098869901,25.926032317225886,25.926032317225886,42020610.0
HPG,2026-01-09,26.31885098869901,26.31885098869901,25.729622981489328,25.729622981489328,35089308.0
HPG,2026-01-12,25.87692998329175,27.104488331645246,25.87692998329175,27.006283663776966,83534907.0
HPG,2026-01-13,27.251795333447664,27.399102335250085,26.515260324435566,26.760771994106268,45786400.0
HPG,2026-01-14,26.957181329842825,27.104488331645246,26.515260324435566,26.760771994106268,54408300.0
HPG,2026-01-15,26.760771994106268,27.399102335250085,26.760771994106268,27.104488331645246,61937700.0
HPG,2026-01-16,27.300897667381808,27.742818672789063,26.809874328040408,27.104488331645246,66297000.0
HPG,2026-01-19,27.399102335250085,27.693716338854923,27.153590665579383,27.202692999513523,40615943.0
HPG,2026-01-20,27.350000001315948,27.448204669184225,26.613464992303847,26.760771994106268,45816113.0
HPG,2026-01-21,26.662567326237983,26.760771994106268,26.171543986896584,26.31885098869901,37738300.0
HPG,2026-01-22,26.417055656567285,26.809874328040408,26.36795332263315,26.36795332263315,27832603.0
HPG,2026-01-23,26.613464992303847,26.662567326237983,26.269748654764868,26.269748654764868,24713606.0
HPG,2026-01-26,26.269748654764868,26.31885098869901,25.680520647555188,25.82782764935761,34101333.0
HPG,2026-01-27,25.87692998329175,26.073339319028307,25.729622981489328,25.975134651160026,21200203.0
HPG,2026-01-28,26.073339319028307,26.613464992303847,26.073339319028307,26.220646320830728,32922700.0
HPG,2026-01-29,26.31885098869901,26.613464992303847,26.31885098869901,26.613464992303847,28533700.0
HPG,2026-01-30,26.809874328040408,27.006283663776966,26.269748654764868,26.31885098869901,56258412.0
HPG,2026-02-02,26.31885098869901,26.31885098869901,25.77872531542347,26.073339319028307,44209300.0
HPG,2026-02-03,26.171543986896584,26.613464992303847,26.171543986896584,26.269748654764868,32549509.0
HPG,2026-02-04,26.36795332263315,28.086535010328046,26.36795332263315,27.791921006723204,145888100.0
HPG,2026-02-05,27.791921006723204,27.841023340657348,27.055385997711106,27.055385997711106,32967103.0
HPG,2026-02-06,26.85897666197455,27.595511670986646,26.31885098869901,26.31885098869901,70087000.0
HPG,2026-02-09,26.564362658369706,26.809874328040408,26.220646320830728,26.269748654764868,31135474.0
HPG,2026-02-10,26.417055656567285,26.466157990501426,25.926032317225886,26.073339319028307,32885525.0
HPG,2026-02-11,26.171543986896584,26.613464992303847,26.024236985094166,26.36795332263315,32195246.0
HPG,2026-02-12,26.515260324435566,26.613464992303847,26.269748654764868,26.417055656567285,14687076.0
HPG,2026-02-13,26.417055656567285,26.662567326237983,26.31885098869901,26.36795332263315,24069800.0
HPG,2026-02-23,26.613464992303847,27.006283663776966,26.613464992303847,27.006283663776966,36416530.0
HPG,2026-02-24,27.006283663776966,27.890125674591484,26.85897666197455,27.791921006723204,100024300.0
HPG,2026-02-25,27.890125674591484,29.166786356879122,27.890125674591484,28.773967685406003,136559328.0
HPG,2026-02-26,28.970377021142564,29.019479355076705,28.282944346064603,28.872172353274284,55496824.0
HPG,2026-02-27,28.823070019340143,28.872172353274284,28.282944346064603,28.282944346064603,50056520.0
HPG,2026-03-02,27.693716338854923,28.724865351471863,27.546409337052506,27.988330342459765,86907017.0
HPG,2026-03-03,28.282944346064603,28.332046679998747,27.104488331645246,27.202692999513523,69544100.0
HPG,2026-03-04,27.104488331645246,27.350000001315948,26.31885098869901,27.202692999513523,68275500.0
HPG,2026-03-05,27.448204669184225,27.644614004920783,26.613464992303847,26.760771994106268,47999016.0
HPG,2026-03-06,26.515260324435566,27.104488331645246,26.36795332263315,26.760771994106268,44456500.0
HPG,2026-03-09,25.042190306411367,25.680520647555188,24.89488330460895,24.89488330460895,122481919.0
HPG,2026-03-10,26.31885098869901,26.613464992303847,25.680520647555188,26.613464992303847,92711673.0
HPG,2026-03-11,26.662567326237983,27.153590665579383,26.466157990501426,26.908078995908685,50013893.0
HPG,2026-03-12,26.515260324435566,26.662567326237983,26.171543986896584,26.31885098869901,44115942.0
HPG,2026-03-13,26.220646320830728,26.711669660172124,26.024236985094166,26.171543986896584,29266528.0
HPG,2026-03-16,26.171543986896584,26.466157990501426,26.073339319028307,26.269748654764868,20037437.0
HPG,2026-03-17,26.515260324435566,26.85897666197455,26.417055656567285,26.417055656567285,24416342.0
HPG,2026-03-18,26.417055656567285,26.662567326237983,26.171543986896584,26.31885098869901,23108541.0
HPG,2026-03-19,26.024236985094166,26.36795332263315,25.87692998329175,26.220646320830728,37387318.0
HPG,2026-03-20,26.024236985094166,26.073339319028307,25.435008977884486,25.435008977884486,63694818.0
HPG,2026-03-23,25.189497308213788,25.729622981489328,24.79667863674067,25.042190306411367,44362900.0
HPG,2026-03-24,25.533213645752767,25.82782764935761,25.38590664395035,25.484111311818626,28463800.0
HPG,2026-03-25,25.82782764935761,25.926032317225886,25.631418313621047,25.87692998329175,22968105.0
HPG,2026-03-26,25.82782764935761,25.87692998329175,25.435008977884486,25.435008977884486,18964200.0
HPG,2026-03-27,25.484111311818626,26.220646320830728,25.38590664395035,26.024236985094166,26863728.0
HPG,2026-03-30,25.680520647555188,26.613464992303847,25.484111311818626,26.417055656567285,46986100.0
HPG,2026-03-31,26.564362658369706,26.760771994106268,26.31885098869901,26.417055656567285,25692678.0
HPG,2026-04-01,26.85897666197455,26.957181329842825,26.613464992303847,26.662567326237983,37323713.0
HPG,2026-04-02,26.515260324435566,27.006283663776966,26.269748654764868,26.85897666197455,50005700.0
HPG,2026-04-03,26.85897666197455,26.908078995908685,26.122441652962447,26.171543986896584,32811800.0
HPG,2026-04-06,26.171543986896584,26.613464992303847,26.122441652962447,26.36795332263315,39698100.0
HPG,2026-04-07,26.31885098869901,26.613464992303847,26.269748654764868,26.31885098869901,14703102.0
HPG,2026-04-08,27.006283663776966,27.546409337052506,26.908078995908685,27.497307003118365,87800600.0
HPG,2026-04-09,27.399102335250085,28.086535010328046,27.153590665579383,27.742818672789063,52046101.0
HPG,2026-04-10,28.086535010328046,28.086535010328046,27.497307003118365,27.497307003118365,35988400.0
HPG,2026-04-13,27.350000001315948,27.644614004920783,27.300897667381808,27.300897667381808,23805200.0
HPG,2026-04-14,27.595511670986646,28.282944346064603,27.448204669184225,28.037432676393905,62301600.0
HPG,2026-04-15,28.184739678196323,28.233842012130463,27.546409337052506,27.546409337052506,30103200.0
HPG,2026-04-16,27.546409337052506,27.693716338854923,27.251795333447664,27.448204669184225,27972100.0
HPG,2026-04-17,27.448204669184225,27.742818672789063,27.399102335250085,27.497307003118365,21399500.0
HPG,2026-04-20,27.644614004920783,27.939228008525625,27.546409337052506,27.939228008525625,26603700.0
HPG,2026-04-21,28.626660683603582,28.921274687208424,27.988330342459765,28.037432676393905,100065300.0
HPG,2026-04-22,28.037432676393905,28.184739678196323,27.546409337052506,27.693716338854923,27787600.0
HPG,2026-04-23,27.693716338854923,27.841023340657348,27.104488331645246,27.300897667381808,41133900.0
HPG,2026-04-24,27.399102335250085,27.448204669184225,27.006283663776966,27.399102335250085,23934000.0
HPG,2026-04-28,27.300897667381808,27.497307003118365,27.202692999513523,27.251795333447664,14071500.0
HPG,2026-04-29,27.153590665579383,27.399102335250085,27.104488331645246,27.251795333447664,17239200.0
HPG,2026-05-04,27.251795333447664,27.448204669184225,26.908078995908685,27.104488331645246,32609780.0
HPG,2026-05-05,27.153590665579383,27.202692999513523,26.711669660172124,26.809874328040408,37239900.0
HPG,2026-05-06,26.908078995908685,27.300897667381808,26.809874328040408,27.104488331645246,27872000.0
HPG,2026-05-07,27.300897667381808,27.399102335250085,27.104488331645246,27.251795333447664,27354300.0
HPG,2026-05-08,27.251795333447664,27.399102335250085,27.055385997711106,27.350000001315948,20778200.0
HPG,2026-05-11,27.5,27.5,27.0,27.0,23658100.0
HPG,2026-05-12,27.0,27.2,26.85,26.9,19170900.0
HPG,2026-05-13,26.95,27.25,26.8,27.1,21544700.0
HPG,2026-05-14,27.3,27.4,27.05,27.05,14047100.0
