Symbol,Date,Open,High,Low,Close,Volume
LPB,2021-05-17,9.61742492314126,9.637974976395835,9.288624071068055,9.370824284086357,21240000.0
LPB,2021-05-18,9.247523964558903,9.596874869886685,9.185873804795179,9.453024497104657,20104900.0
LPB,2021-05-19,9.453024497104657,9.740725242668711,9.453024497104657,9.679075082904987,14558700.0
LPB,2021-05-20,9.699625136159561,9.720175189414137,9.576324816632109,9.658525029650411,13817500.0
LPB,2021-05-21,9.679075082904987,9.822925455687013,9.596874869886685,9.658525029650411,16550800.0
LPB,2021-05-24,9.658525029650411,9.761275295923287,9.596874869886685,9.61742492314126,14589000.0
LPB,2021-05-25,9.658525029650411,9.946225775214465,9.576324816632109,9.822925455687013,17939400.0
LPB,2021-05-26,9.843475508941589,10.439427053324273,9.843475508941589,10.439427053324273,27082700.0
LPB,2021-05-27,10.644927585870027,11.014828544452383,10.439427053324273,10.76822790539748,31002700.0
LPB,2021-05-28,11.014828544452383,11.508029822562191,10.829878065161205,11.508029822562191,35668800.0
LPB,2021-05-31,11.9190308876537,12.30948189949063,11.713530355107945,12.30948189949063,24262200.0
LPB,2021-06-01,13.110933976419068,13.110933976419068,11.9190308876537,12.165631526708603,21800700.0
LPB,2021-06-02,11.9190308876537,13.008183710146191,11.836830674635397,13.008183710146191,31740800.0
LPB,2021-06-03,13.912386053347507,13.912386053347507,13.357534615473972,13.912386053347507,20773800.0
LPB,2021-06-04,13.850735893583781,13.974036213111232,13.563035148019726,13.727435574056328,13580700.0
LPB,2021-06-07,13.15203408292822,13.357534615473972,12.782133124345863,12.905433443873314,28688600.0
LPB,2021-06-08,12.987633656891617,13.27533440245567,12.021781153926575,12.021781153926575,28910200.0
LPB,2021-06-09,12.021781153926575,12.84378328410959,11.302529290016437,12.84378328410959,23183200.0
LPB,2021-06-10,12.782133124345863,13.15203408292822,12.638282751563835,12.823233230855013,10840000.0
LPB,2021-06-11,12.782133124345863,13.131484029673643,12.494432378781807,12.84378328410959,17172800.0
LPB,2021-06-14,12.84378328410959,12.88488339061874,12.53553248529096,12.61773269830926,9392700.0
LPB,2021-06-15,12.53553248529096,12.53553248529096,11.9190308876537,11.9190308876537,17043200.0
LPB,2021-06-16,11.96013099416285,12.288931846236054,11.405279556289315,11.508029822562191,14709500.0
LPB,2021-06-17,11.179228970488985,12.124531420199451,11.179228970488985,12.124531420199451,11374400.0
LPB,2021-06-18,12.330031952745205,12.412232165763506,11.754630461617095,12.165631526708603,7086000.0
LPB,2021-06-21,11.9190308876537,12.124531420199451,11.713530355107945,11.836830674635397,8147000.0
LPB,2021-06-22,11.96013099416285,12.165631526708603,11.754630461617095,12.083431313690301,8060200.0
LPB,2021-06-23,12.083431313690301,12.124531420199451,11.836830674635397,11.836830674635397,4375400.0
LPB,2021-06-24,12.124531420199451,12.453332272272657,12.001231100672,12.103981366944875,12671500.0
LPB,2021-06-25,12.26838179298148,12.26838179298148,12.001231100672,12.124531420199451,24356300.0
LPB,2021-06-28,12.247831739726903,12.453332272272657,12.124531420199451,12.391682112508931,9861000.0
LPB,2021-06-29,12.432782219018081,12.741033017836711,12.412232165763506,12.53553248529096,18873100.0
LPB,2021-06-30,12.494432378781807,12.53553248529096,12.206731633217753,12.30948189949063,13007900.0
LPB,2021-07-01,12.30948189949063,12.412232165763506,12.083431313690301,12.288931846236054,5910700.0
LPB,2021-07-02,12.412232165763506,12.494432378781807,12.247831739726903,12.247831739726903,8457500.0
LPB,2021-07-05,12.391682112508931,12.412232165763506,12.042331207181151,12.371132059254357,11147200.0
LPB,2021-07-06,12.658832804818411,13.028733763400767,11.508029822562191,11.508029822562191,13416200.0
LPB,2021-07-07,11.9190308876537,12.30948189949063,11.46692971605304,12.30948189949063,10237100.0
LPB,2021-07-08,12.53553248529096,12.53553248529096,12.083431313690301,12.288931846236054,8467100.0
LPB,2021-07-09,12.124531420199451,12.494432378781807,11.508029822562191,11.877930781144547,6966600.0
LPB,2021-07-12,11.631330142089643,11.754630461617095,11.055928650961533,11.508029822562191,16217900.0
LPB,2021-07-13,11.508029822562191,11.631330142089643,10.973728437943233,11.302529290016437,7478500.0
LPB,2021-07-14,11.302529290016437,11.302529290016437,10.686027692379177,11.138128863979835,7974500.0
LPB,2021-07-15,11.097028757470685,11.38472950303474,10.932628331434083,11.38472950303474,4560300.0
LPB,2021-07-16,11.425829609543891,11.446379662798465,11.199779023743561,11.281979236761863,5817000.0
LPB,2021-07-19,10.686027692379177,11.097028757470685,10.501077213088,10.501077213088,9224000.0
LPB,2021-07-20,10.521627266342575,10.583277426106301,9.88457561545074,10.521627266342575,10192000.0
LPB,2021-07-21,11.047708629659708,11.231837106820702,10.702467734982841,10.771515913918213,6078300.0
LPB,2021-07-22,10.932628331434085,10.932628331434085,10.679451675337717,10.817548033208464,3985000.0
LPB,2021-07-23,10.63341955604747,11.3239013454012,10.63341955604747,10.863580152498713,7177800.0
LPB,2021-07-26,10.656435615692592,10.840564092853588,10.3802428999511,10.54135531746697,4138300.0
LPB,2021-07-27,10.656435615692592,10.79453197356334,10.610403496402345,10.79453197356334,4485600.0
LPB,2021-07-28,10.679451675337717,10.817548033208464,10.587387436757218,10.817548033208464,6118100.0
LPB,2021-07-29,10.817548033208464,11.047708629659708,10.79453197356334,11.047708629659708,6785200.0
LPB,2021-07-30,11.11675680859508,11.738190419013439,11.11675680859508,11.738190419013439,15222800.0
LPB,2021-08-02,11.646126180432942,11.738190419013439,11.277869226110951,11.508029822562195,6934200.0
LPB,2021-08-03,11.508029822562195,11.69215829972319,11.277869226110951,11.53104588220732,7998600.0
LPB,2021-08-04,11.577078001497567,11.715174359368314,11.438981643626823,11.577078001497567,11432500.0
LPB,2021-08-05,11.600094061142693,11.968351015464682,11.508029822562195,11.968351015464682,11393500.0
LPB,2021-08-06,12.014383134754933,12.014383134754933,11.69215829972319,11.807238597948812,9667500.0
LPB,2021-08-09,11.600094061142693,11.853270717239061,11.53104588220732,11.807238597948812,10024900.0
LPB,2021-08-10,11.968351015464682,11.968351015464682,11.623110120787818,11.784222538303688,11609500.0
LPB,2021-08-11,11.807238597948812,11.922318896174433,11.600094061142693,11.600094061142693,11208400.0
LPB,2021-08-12,11.600094061142693,11.669142240078067,11.392949524336572,11.392949524336572,9802900.0
LPB,2021-08-13,11.392949524336572,11.508029822562195,11.070724689304832,11.508029822562195,9822000.0
LPB,2021-08-16,11.554061941852444,11.715174359368314,11.415965583981698,11.600094061142693,13133400.0
LPB,2021-08-17,11.738190419013439,12.198511611915926,11.669142240078067,12.06041525404518,24026000.0
LPB,2021-08-18,12.014383134754933,12.037399194400056,11.784222538303688,11.922318896174433,10159800.0
LPB,2021-08-19,11.968351015464682,11.968351015464682,11.69215829972319,11.738190419013439,8124200.0
LPB,2021-08-20,11.600094061142693,11.715174359368314,10.95564439107921,11.047708629659708,19257900.0
LPB,2021-08-23,10.863580152498713,11.001676510369458,10.403258959596226,10.403258959596226,13607000.0
LPB,2021-08-24,10.449291078886473,10.679451675337717,10.403258959596226,10.610403496402345,7413200.0
LPB,2021-08-25,10.725483794627966,10.725483794627966,10.495323198176722,10.702467734982841,3359100.0
LPB,2021-08-26,10.725483794627966,10.74849985427309,10.403258959596226,10.472307138531598,5066300.0
LPB,2021-08-27,10.357226840305975,10.426275019241348,9.988969885983986,10.035002005274235,8801100.0
LPB,2021-08-30,10.265162601725478,10.725483794627966,10.127066243854731,10.725483794627966,6705000.0
LPB,2021-08-31,10.886596212143836,10.932628331434085,10.610403496402345,10.610403496402345,4951900.0
LPB,2021-09-01,10.449291078886473,10.679451675337717,10.426275019241348,10.472307138531598,5679300.0
LPB,2021-09-06,10.495323198176722,10.63341955604747,10.357226840305975,10.518339257821847,8047100.0
LPB,2021-09-07,10.587387436757218,10.817548033208464,10.54135531746697,10.63341955604747,7120200.0
LPB,2021-09-08,10.74849985427309,10.817548033208464,10.564371377112094,10.725483794627966,4906800.0
LPB,2021-09-09,10.702467734982841,10.74849985427309,10.587387436757218,10.725483794627966,4274400.0
LPB,2021-09-10,10.725483794627966,10.74849985427309,10.54135531746697,10.63341955604747,5163100.0
LPB,2021-09-13,10.495323198176722,10.587387436757218,10.311194721015726,10.403258959596226,4368400.0
LPB,2021-09-14,10.357226840305975,10.3802428999511,10.150082303499856,10.150082303499856,5261300.0
LPB,2021-09-15,10.127066243854731,10.3802428999511,10.035002005274235,10.17309836314498,3810300.0
LPB,2021-09-16,10.196114422790105,10.311194721015726,10.150082303499856,10.17309836314498,2952100.0
LPB,2021-09-17,10.17309836314498,10.403258959596226,10.17309836314498,10.311194721015726,5075300.0
LPB,2021-09-20,10.472307138531598,10.90961227178896,10.472307138531598,10.79453197356334,10883800.0
LPB,2021-09-21,10.564371377112094,10.679451675337717,10.426275019241348,10.518339257821847,5310000.0
LPB,2021-09-22,10.518339257821847,10.54135531746697,10.3802428999511,10.403258959596226,3726000.0
LPB,2021-09-23,10.403258959596226,10.54135531746697,10.265162601725478,10.311194721015726,5548900.0
LPB,2021-09-24,10.426275019241348,10.495323198176722,10.311194721015726,10.33421078066085,3050900.0
LPB,2021-09-27,10.495323198176722,10.495323198176722,10.127066243854731,10.150082303499856,3866200.0
LPB,2021-09-28,10.127066243854731,10.21913048243523,9.896905647403488,10.17309836314498,3875200.0
LPB,2021-09-29,10.081034124564482,10.104050184209607,9.942937766693737,9.988969885983986,3268200.0
LPB,2021-09-30,10.01198594562911,10.05801806491936,9.96595382633886,9.96595382633886,2826700.0
LPB,2021-10-01,9.942937766693737,9.942937766693737,9.620712931661995,9.620712931661995,7807800.0
LPB,2021-10-04,9.436584454501,9.827857468468116,9.275472036985128,9.459600514146125,7818500.0
LPB,2021-10-05,9.48261657379125,9.735793229887616,9.459600514146125,9.666745050952244,4554800.0
LPB,2021-10-06,9.75880928953274,9.850873528113238,9.689761110597368,9.75880928953274,2776300.0
LPB,2021-10-07,9.689761110597368,9.804841408822991,9.64372899130712,9.666745050952244,4126200.0
LPB,2021-10-08,9.666745050952244,9.75880928953274,9.620712931661995,9.666745050952244,2722300.0
LPB,2021-10-11,9.712777170242493,10.01198594562911,9.712777170242493,10.01198594562911,7261000.0
LPB,2021-10-12,10.081034124564482,10.196114422790105,9.988969885983986,10.01198594562911,5343000.0
LPB,2021-10-13,10.01198594562911,10.081034124564482,9.896905647403488,10.035002005274235,3655900.0
LPB,2021-10-14,10.05801806491936,10.05801806491936,9.96595382633886,9.96595382633886,3605000.0
LPB,2021-10-15,9.96595382633886,10.288178661370603,9.942937766693737,10.127066243854731,6373500.0
LPB,2021-10-18,10.127066243854731,10.242146542080354,9.896905647403488,9.942937766693737,4875000.0
LPB,2021-10-19,9.873889587758363,9.942937766693737,9.75880928953274,9.804841408822991,4007000.0
LPB,2021-10-20,9.712777170242493,9.804841408822991,9.620712931661995,9.735793229887616,3861900.0
LPB,2021-10-21,9.75880928953274,9.873889587758363,9.666745050952244,9.666745050952244,3715000.0
LPB,2021-10-22,9.712777170242493,9.735793229887616,9.574680812371746,9.597696872016872,3904900.0
LPB,2021-10-25,9.597696872016872,9.64372899130712,9.505632633436372,9.505632633436372,3707000.0
LPB,2021-10-26,9.505632633436372,9.850873528113238,9.48261657379125,9.574680812371746,4357100.0
LPB,2021-10-27,9.712777170242493,9.735793229887616,9.597696872016872,9.666745050952244,6030184.0
LPB,2021-10-28,9.804841408822991,9.804841408822991,9.666745050952244,9.712777170242493,4792600.0
LPB,2021-10-29,9.712777170242493,9.896905647403488,9.574680812371746,9.574680812371746,10945500.0
LPB,2021-11-01,9.850873528113238,10.01198594562911,9.712777170242493,9.735793229887616,10719400.0
LPB,2021-11-02,9.666745050952244,9.896905647403488,9.666745050952244,9.850873528113238,10862300.0
LPB,2021-11-03,9.942937766693737,10.518339257821847,9.896905647403488,10.518339257821847,21593500.0
LPB,2021-11-04,10.679451675337717,10.95564439107921,10.449291078886473,10.587387436757218,17493200.0
LPB,2021-11-05,10.587387436757218,10.771515913918213,10.3802428999511,10.610403496402345,10098800.0
LPB,2021-11-08,10.771515913918213,10.95564439107921,10.587387436757218,10.771515913918213,18192200.0
LPB,2021-11-09,10.95564439107921,11.024692570014583,10.74849985427309,10.817548033208464,10634200.0
LPB,2021-11-10,10.90961227178896,10.90961227178896,10.587387436757218,10.63341955604747,8371200.0
LPB,2021-11-11,10.63341955604747,10.679451675337717,10.21913048243523,10.33421078066085,12497200.0
LPB,2021-11-12,10.265162601725478,10.610403496402345,10.242146542080354,10.54135531746697,7882100.0
LPB,2021-11-15,10.771515913918213,10.771515913918213,10.472307138531598,10.495323198176722,7721600.0
LPB,2021-11-16,10.449291078886473,10.90961227178896,10.357226840305975,10.63341955604747,20513088.0
LPB,2021-11-17,10.702467734982841,10.74849985427309,10.54135531746697,10.587387436757218,8433500.0
LPB,2021-11-18,10.495323198176722,10.587387436757218,10.3802428999511,10.403258959596226,9466100.0
LPB,2021-11-19,10.426275019241348,10.771515913918213,10.196114422790105,10.449291078886473,15396200.0
LPB,2021-11-22,10.679451675337717,11.093740748949957,10.656435615692592,10.79453197356334,17589100.0
LPB,2021-11-23,10.95564439107921,10.95564439107921,10.587387436757218,10.610403496402345,8453000.0
LPB,2021-11-24,10.63341955604747,11.277869226110951,10.54135531746697,11.277869226110951,44928600.0
LPB,2021-11-25,11.53104588220732,11.554061941852444,11.024692570014583,11.254853166465827,25034500.0
LPB,2021-11-26,11.277869226110951,11.300885285756076,10.95564439107921,11.001676510369458,16976300.0
LPB,2021-11-29,10.610403496402345,10.863580152498713,10.472307138531598,10.610403496402345,17050200.0
LPB,2021-11-30,10.771515913918213,10.771515913918213,10.288178661370603,10.311194721015726,18116300.0
LPB,2021-12-01,10.311194721015726,10.495323198176722,10.288178661370603,10.472307138531598,12453900.0
LPB,2021-12-02,10.54135531746697,10.54135531746697,10.311194721015726,10.311194721015726,6665400.0
LPB,2021-12-03,10.3802428999511,10.449291078886473,9.919921707048612,9.919921707048612,11216500.0
LPB,2021-12-06,9.827857468468116,9.96595382633886,9.298488096630253,9.344520215920502,12547300.0
LPB,2021-12-07,9.48261657379125,9.666745050952244,9.413568394855876,9.64372899130712,6372600.0
LPB,2021-12-08,9.712777170242493,9.896905647403488,9.620712931661995,9.735793229887616,5544700.0
LPB,2021-12-09,9.64372899130712,9.827857468468116,9.64372899130712,9.75880928953274,3847900.0
LPB,2021-12-10,9.850873528113238,10.035002005274235,9.75880928953274,9.827857468468116,5361800.0
LPB,2021-12-13,9.896905647403488,10.17309836314498,9.873889587758363,10.05801806491936,7306200.0
LPB,2021-12-14,10.265162601725478,10.495323198176722,10.127066243854731,10.403258959596226,8524200.0
LPB,2021-12-15,10.449291078886473,10.495323198176722,10.265162601725478,10.357226840305975,5941100.0
LPB,2021-12-16,10.357226840305975,10.472307138531598,10.196114422790105,10.21913048243523,4534800.0
LPB,2021-12-17,10.17309836314498,10.196114422790105,10.035002005274235,10.035002005274235,8567100.0
LPB,2021-12-20,10.035002005274235,10.081034124564482,9.896905647403488,9.942937766693737,5571900.0
LPB,2021-12-21,9.942937766693737,9.942937766693737,9.804841408822991,9.804841408822991,6236800.0
LPB,2021-12-22,9.896905647403488,9.919921707048612,9.64372899130712,9.64372899130712,8131500.0
LPB,2021-12-23,9.64372899130712,9.735793229887616,9.413568394855876,9.505632633436372,6841200.0
LPB,2021-12-24,9.505632633436372,10.035002005274235,9.505632633436372,9.988969885983986,4930300.0
LPB,2021-12-27,9.988969885983986,10.196114422790105,9.896905647403488,9.919921707048612,3190100.0
LPB,2021-12-28,9.942937766693737,10.035002005274235,9.804841408822991,9.988969885983986,6028100.0
LPB,2021-12-29,10.127066243854731,10.403258959596226,10.035002005274235,10.242146542080354,10817600.0
LPB,2021-12-30,10.21913048243523,10.3802428999511,10.196114422790105,10.21913048243523,3523500.0
LPB,2021-12-31,10.357226840305975,10.587387436757218,10.242146542080354,10.265162601725478,10197000.0
LPB,2022-01-04,10.495323198176722,10.54135531746697,10.288178661370603,10.33421078066085,8692500.0
LPB,2022-01-05,10.403258959596226,10.403258959596226,10.17309836314498,10.21913048243523,8087000.0
LPB,2022-01-06,10.150082303499856,10.150082303499856,9.942937766693737,9.988969885983986,11432400.0
LPB,2022-01-07,9.988969885983986,10.265162601725478,9.919921707048612,10.21913048243523,8123300.0
LPB,2022-01-10,10.357226840305975,10.357226840305975,9.942937766693737,9.942937766693737,6118600.0
LPB,2022-01-11,10.035002005274235,10.05801806491936,9.75880928953274,9.896905647403488,5765800.0
LPB,2022-01-12,9.781825349177865,10.242146542080354,9.64372899130712,10.081034124564482,7205000.0
LPB,2022-01-13,10.21913048243523,10.54135531746697,10.127066243854731,10.127066243854731,14626200.0
LPB,2022-01-14,10.081034124564482,10.17309836314498,9.942937766693737,10.035002005274235,3869400.0
LPB,2022-01-17,10.127066243854731,10.403258959596226,9.896905647403488,9.896905647403488,10663300.0
LPB,2022-01-18,9.804841408822991,9.988969885983986,9.666745050952244,9.735793229887616,6917700.0
LPB,2022-01-19,9.896905647403488,9.896905647403488,9.712777170242493,9.75880928953274,2855700.0
LPB,2022-01-20,9.75880928953274,9.919921707048612,9.597696872016872,9.804841408822991,4502200.0
LPB,2022-01-21,9.896905647403488,10.265162601725478,9.873889587758363,9.988969885983986,7274500.0
LPB,2022-01-24,10.21913048243523,10.21913048243523,9.896905647403488,9.896905647403488,8791500.0
LPB,2022-01-25,10.104050184209607,10.587387436757218,10.05801806491936,10.587387436757218,22097300.0
LPB,2022-01-26,10.95564439107921,11.3239013454012,10.90961227178896,11.3239013454012,34453500.0
LPB,2022-01-27,11.3239013454012,11.968351015464682,11.047708629659708,11.277869226110951,20330100.0
LPB,2022-01-28,11.231837106820702,11.508029822562195,11.070724689304832,11.508029822562195,15631000.0
LPB,2022-02-07,11.738190419013439,11.738190419013439,11.392949524336572,11.438981643626823,12113900.0
LPB,2022-02-08,11.277869226110951,11.69215829972319,11.185804987530453,11.461997703271946,13010600.0
LPB,2022-02-09,11.508029822562195,11.69215829972319,11.277869226110951,11.3239013454012,13848000.0
LPB,2022-02-10,11.3239013454012,11.738190419013439,11.300885285756076,11.508029822562195,13515200.0
LPB,2022-02-11,11.508029822562195,12.06041525404518,11.508029822562195,11.922318896174433,26682500.0
LPB,2022-02-14,11.738190419013439,11.945334955819558,11.093740748949957,11.093740748949957,17781600.0
LPB,2022-02-15,11.185804987530453,11.415965583981698,10.817548033208464,11.3239013454012,14274400.0
LPB,2022-02-16,11.369933464691448,11.392949524336572,11.024692570014583,11.185804987530453,13127100.0
LPB,2022-02-17,11.185804987530453,11.415965583981698,11.047708629659708,11.185804987530453,9547000.0
LPB,2022-02-18,11.093740748949957,11.277869226110951,10.656435615692592,10.863580152498713,29116400.0
LPB,2022-02-21,10.702467734982841,11.047708629659708,10.63341955604747,10.886596212143836,11657900.0
LPB,2022-02-22,10.725483794627966,11.001676510369458,10.679451675337717,10.886596212143836,7821500.0
LPB,2022-02-23,10.886596212143836,11.093740748949957,10.863580152498713,10.863580152498713,9124600.0
LPB,2022-02-24,10.863580152498713,10.90961227178896,10.311194721015726,10.495323198176722,14808300.0
LPB,2022-02-25,10.702467734982841,10.817548033208464,10.587387436757218,10.610403496402345,7163000.0
LPB,2022-02-28,10.564371377112094,10.679451675337717,10.403258959596226,10.426275019241348,10963900.0
LPB,2022-03-01,10.426275019241348,10.495323198176722,10.21913048243523,10.242146542080354,13034000.0
LPB,2022-03-02,10.17309836314498,10.33421078066085,9.896905647403488,9.896905647403488,16800900.0
LPB,2022-03-03,10.21913048243523,10.426275019241348,10.05801806491936,10.242146542080354,10765100.0
LPB,2022-03-04,10.265162601725478,10.403258959596226,10.242146542080354,10.288178661370603,5572300.0
LPB,2022-03-07,10.127066243854731,10.21913048243523,9.96595382633886,10.127066243854731,8071300.0
LPB,2022-03-08,10.035002005274235,10.265162601725478,9.988969885983986,10.127066243854731,9385900.0
LPB,2022-03-09,10.104050184209607,10.17309836314498,9.919921707048612,10.127066243854731,7936600.0
LPB,2022-03-10,10.242146542080354,10.357226840305975,10.196114422790105,10.242146542080354,4360200.0
LPB,2022-03-11,10.242146542080354,10.265162601725478,10.104050184209607,10.196114422790105,6001400.0
LPB,2022-03-14,10.127066243854731,10.127066243854731,9.988969885983986,10.05801806491936,5351000.0
LPB,2022-03-15,10.05801806491936,10.196114422790105,10.035002005274235,10.150082303499856,3407600.0
LPB,2022-03-16,10.150082303499856,10.54135531746697,10.150082303499856,10.196114422790105,56679241.0
LPB,2022-03-17,10.357226840305975,10.357226840305975,10.196114422790105,10.288178661370603,7697600.0
LPB,2022-03-18,10.288178661370603,10.33421078066085,10.21913048243523,10.242146542080354,2982600.0
LPB,2022-03-21,10.311194721015726,10.357226840305975,10.242146542080354,10.311194721015726,23792614.0
LPB,2022-03-22,10.357226840305975,10.771515913918213,10.357226840305975,10.54135531746697,13902400.0
LPB,2022-03-23,10.564371377112094,10.587387436757218,10.426275019241348,10.449291078886473,5957300.0
LPB,2022-03-24,10.449291078886473,10.518339257821847,10.357226840305975,10.3802428999511,5088600.0
LPB,2022-03-25,10.403258959596226,10.426275019241348,10.265162601725478,10.265162601725478,5287700.0
LPB,2022-03-28,10.265162601725478,10.33421078066085,9.96595382633886,10.05801806491936,7555500.0
LPB,2022-03-29,10.104050184209607,10.196114422790105,10.035002005274235,10.150082303499856,4224600.0
LPB,2022-03-30,10.035002005274235,10.357226840305975,10.01198594562911,10.081034124564482,6029800.0
LPB,2022-03-31,10.104050184209607,10.196114422790105,9.96595382633886,9.96595382633886,4306800.0
LPB,2022-04-01,9.988969885983986,10.17309836314498,9.919921707048612,10.104050184209607,5921100.0
LPB,2022-04-04,10.150082303499856,10.311194721015726,10.081034124564482,10.081034124564482,11614200.0
LPB,2022-04-05,10.436005873385946,10.63963525628128,10.436005873385946,10.48691321910978,10617600.0
LPB,2022-04-06,10.48691321910978,10.63963525628128,10.385098527662112,10.614181583419366,4450700.0
LPB,2022-04-07,10.614181583419366,10.63963525628128,10.308737509076362,10.359644854800196,5003300.0
LPB,2022-04-08,10.385098527662112,10.436005873385946,10.181469144766778,10.232376490490612,4062000.0
LPB,2022-04-12,10.283283836214444,10.283283836214444,9.926932416147608,9.952386089009526,3655500.0
LPB,2022-04-13,10.028747107595276,10.206922817628694,9.799664051838024,10.181469144766778,4526400.0
LPB,2022-04-14,10.257830163352528,10.257830163352528,10.028747107595276,10.07965445331911,2014300.0
LPB,2022-04-15,10.130561799042942,10.15601547190486,9.876025070423774,10.054200780457192,3335300.0
LPB,2022-04-18,9.90147874328569,9.977839761871442,9.366951613185435,9.41785895890927,6881000.0
LPB,2022-04-19,9.265136921737767,9.621488341804604,8.781517137361345,8.781517137361345,5853400.0
LPB,2022-04-20,8.552434081604094,8.756063464499428,8.17062898867534,8.17062898867534,9014600.0
LPB,2022-04-21,8.017906951503837,8.628795100189844,7.610648185713166,8.297897352984924,9642700.0
LPB,2022-04-22,8.552434081604094,8.628795100189844,8.196082661537256,8.501526735880258,5278700.0
LPB,2022-04-25,8.552434081604094,8.73060979163751,7.916092260056169,7.916092260056169,6577400.0
LPB,2022-04-26,7.890638587194252,8.297897352984924,7.483379821403581,8.24699000726109,5818100.0
LPB,2022-04-27,8.272443680123006,8.323351025846842,8.119721642951504,8.272443680123006,2605100.0
LPB,2022-04-28,8.323351025846842,8.425165717294508,8.119721642951504,8.221536334399172,3467400.0
LPB,2022-04-29,8.24699000726109,8.603341427327926,8.17062898867534,8.348804698708756,7824100.0
LPB,2022-05-04,8.552434081604094,8.73060979163751,8.399712044432592,8.552434081604094,7561200.0
LPB,2022-05-05,8.65424877305176,8.73060979163751,8.24699000726109,8.374258371570674,4281000.0
LPB,2022-05-06,8.196082661537256,8.297897352984924,7.99245327864192,7.99245327864192,6605000.0
LPB,2022-05-09,7.941545932918086,7.99245327864192,7.457926148541665,7.457926148541665,9804700.0
LPB,2022-05-10,6.999760037027159,7.636101858575083,6.999760037027159,7.585194512851249,4678600.0
LPB,2022-05-11,7.636101858575083,7.687009204298916,7.432472475679747,7.585194512851249,3443400.0
LPB,2022-05-12,7.432472475679747,7.585194512851249,7.07612105561291,7.07612105561291,5456900.0
LPB,2022-05-13,7.07612105561291,7.127028401336744,6.592501271236488,6.592501271236488,11020700.0
LPB,2022-05-16,7.050667382750993,7.050667382750993,6.668862289822239,6.668862289822239,4560500.0
LPB,2022-05-17,6.719769635546073,7.127028401336744,6.668862289822239,7.127028401336744,4776800.0
LPB,2022-05-18,7.279750438508246,7.610648185713166,7.177935747060578,7.534287167127416,7999600.0
LPB,2022-05-19,7.254296765646329,7.73791655002275,7.254296765646329,7.407018802817831,5344400.0
LPB,2022-05-20,7.534287167127416,7.559740839989332,7.356111457093996,7.432472475679747,3227100.0
LPB,2022-05-23,7.559740839989332,7.585194512851249,7.279750438508246,7.33065778423208,4162100.0
LPB,2022-05-24,7.33065778423208,7.432472475679747,7.07612105561291,7.432472475679747,3754100.0
LPB,2022-05-25,7.508833494265498,7.763370222884667,7.432472475679747,7.73791655002275,4975500.0
LPB,2022-05-26,7.839731241470418,7.890638587194252,7.661555531437,7.73791655002275,3913200.0
LPB,2022-05-27,7.73791655002275,7.788823895746585,7.636101858575083,7.661555531437,5036700.0
LPB,2022-05-30,7.687009204298916,7.890638587194252,7.661555531437,7.788823895746585,5591800.0
LPB,2022-05-31,7.73791655002275,7.763370222884667,7.585194512851249,7.636101858575083,5467700.0
LPB,2022-06-01,7.636101858575083,7.73791655002275,7.559740839989332,7.610648185713166,4783700.0
LPB,2022-06-02,7.610648185713166,7.73791655002275,7.432472475679747,7.432472475679747,6846500.0
LPB,2022-06-03,7.432472475679747,7.483379821403581,7.254296765646329,7.33065778423208,2777200.0
LPB,2022-06-06,7.381565129955914,7.534287167127416,7.254296765646329,7.33065778423208,4173800.0
LPB,2022-06-07,7.279750438508246,7.356111457093996,7.07612105561291,7.228843092784412,2825000.0
LPB,2022-06-08,7.254296765646329,7.712462877160834,7.254296765646329,7.712462877160834,5601400.0
LPB,2022-06-09,7.73791655002275,7.788823895746585,7.661555531437,7.763370222884667,4667400.0
LPB,2022-06-10,7.687009204298916,7.814277568608501,7.585194512851249,7.585194512851249,4137900.0
LPB,2022-06-13,7.381565129955914,7.381565129955914,7.07612105561291,7.07612105561291,5766300.0
LPB,2022-06-14,6.872491672717574,7.152482074198661,6.617954944098405,6.694315962684156,13236300.0
LPB,2022-06-15,6.872491672717574,6.872491672717574,6.2870571968934845,6.312510869755402,13462200.0
LPB,2022-06-16,6.465232906926903,6.465232906926903,5.905252103964731,6.41432556120307,13563100.0
LPB,2022-06-17,6.108881486860066,6.261603524031568,5.981613122550482,6.108881486860066,8862400.0
LPB,2022-06-20,6.108881486860066,6.261603524031568,6.007066795412399,6.007066795412399,4711900.0
LPB,2022-06-21,6.057974141136232,6.2870571968934845,5.905252103964731,6.057974141136232,4990300.0
LPB,2022-06-22,6.261603524031568,6.465232906926903,6.1597888325839,6.465232906926903,6676400.0
LPB,2022-06-23,6.516140252650738,6.872491672717574,6.363418215479236,6.872491672717574,7136500.0
LPB,2022-06-24,6.847037999855657,6.897945345579492,6.719769635546073,6.719769635546073,4427300.0
LPB,2022-06-27,6.719769635546073,6.872491672717574,6.363418215479236,6.41432556120307,12848700.0
LPB,2022-06-28,6.490686579788821,6.847037999855657,6.057974141136232,6.821584326993741,18979400.0
LPB,2022-06-29,6.719769635546073,7.1015747284748265,6.719769635546073,6.872491672717574,5963300.0
LPB,2022-06-30,6.872491672717574,6.923399018441408,6.643408616960323,6.643408616960323,6704600.0
LPB,2022-07-01,6.567047598374572,6.796130654131824,6.2870571968934845,6.643408616960323,11487600.0
LPB,2022-07-04,6.74522330840799,6.923399018441408,6.694315962684156,6.923399018441408,9278300.0
LPB,2022-07-05,6.948852691303325,7.177935747060578,6.897945345579492,6.923399018441408,10507500.0
LPB,2022-07-06,6.74522330840799,6.948852691303325,6.617954944098405,6.643408616960323,6968600.0
LPB,2022-07-07,6.592501271236488,6.821584326993741,6.567047598374572,6.694315962684156,3853000.0
LPB,2022-07-08,6.770676981269907,6.897945345579492,6.694315962684156,6.74522330840799,5735500.0
LPB,2022-07-11,6.719769635546073,6.770676981269907,6.567047598374572,6.617954944098405,10312700.0
LPB,2022-07-12,6.617954944098405,6.821584326993741,6.592501271236488,6.821584326993741,3665000.0
LPB,2022-07-13,6.821584326993741,7.177935747060578,6.821584326993741,7.050667382750993,10236200.0
LPB,2022-07-14,6.923399018441408,7.2033894199224955,6.923399018441408,7.1015747284748265,6453300.0
LPB,2022-07-15,7.127028401336744,7.279750438508246,7.1015747284748265,7.127028401336744,6349100.0
LPB,2022-07-18,7.177935747060578,7.305204111370163,7.1015747284748265,7.177935747060578,6430900.0
LPB,2022-07-19,7.127028401336744,7.177935747060578,6.948852691303325,7.07612105561291,4784800.0
LPB,2022-07-20,7.152482074198661,7.228843092784412,7.127028401336744,7.2033894199224955,4711100.0
LPB,2022-07-21,7.279750438508246,7.585194512851249,7.254296765646329,7.457926148541665,12060100.0
LPB,2022-07-22,7.585194512851249,7.661555531437,7.33065778423208,7.33065778423208,11043100.0
LPB,2022-07-25,7.33065778423208,7.457926148541665,7.279750438508246,7.432472475679747,5452800.0
LPB,2022-07-26,7.432472475679747,7.534287167127416,7.33065778423208,7.483379821403581,6335400.0
LPB,2022-07-27,7.432472475679747,7.788823895746585,7.407018802817831,7.788823895746585,14349400.0
LPB,2022-07-28,7.99245327864192,8.068814297227672,7.814277568608501,7.941545932918086,12371600.0
LPB,2022-07-29,7.99245327864192,7.99245327864192,7.712462877160834,7.73791655002275,6500700.0
LPB,2022-08-01,7.865184914332335,8.094267970089588,7.73791655002275,8.017906951503837,8339600.0
LPB,2022-08-02,8.043360624365754,8.145175315813422,7.941545932918086,8.094267970089588,10353100.0
LPB,2022-08-03,8.043360624365754,8.145175315813422,7.941545932918086,8.145175315813422,8114900.0
LPB,2022-08-04,8.145175315813422,8.24699000726109,8.068814297227672,8.17062898867534,6686800.0
LPB,2022-08-05,8.196082661537256,8.196082661537256,8.017906951503837,8.196082661537256,5021500.0
LPB,2022-08-08,8.221536334399172,8.221536334399172,8.094267970089588,8.119721642951504,4639000.0
LPB,2022-08-09,8.145175315813422,8.17062898867534,7.865184914332335,7.916092260056169,9016800.0
LPB,2022-08-10,7.916092260056169,7.99245327864192,7.814277568608501,7.814277568608501,4936000.0
LPB,2022-08-11,7.916092260056169,8.017906951503837,7.73791655002275,7.814277568608501,5184700.0
LPB,2022-08-12,7.814277568608501,7.966999605780003,7.788823895746585,7.941545932918086,3455900.0
LPB,2022-08-15,7.99245327864192,8.323351025846842,7.99245327864192,8.221536334399172,9577400.0
LPB,2022-08-16,8.221536334399172,8.24699000726109,8.119721642951504,8.17062898867534,3369800.0
LPB,2022-08-17,8.119721642951504,8.196082661537256,8.068814297227672,8.068814297227672,4095700.0
LPB,2022-08-18,8.043360624365754,8.094267970089588,7.941545932918086,7.966999605780003,4386400.0
LPB,2022-08-19,7.99245327864192,8.043360624365754,7.890638587194252,7.916092260056169,3608000.0
LPB,2022-08-22,7.890638587194252,7.966999605780003,7.788823895746585,7.890638587194252,3273300.0
LPB,2022-08-23,7.839731241470418,8.043360624365754,7.839731241470418,8.043360624365754,4009700.0
LPB,2022-08-24,8.043360624365754,8.094267970089588,7.99245327864192,8.017906951503837,4453700.0
LPB,2022-08-25,8.094267970089588,8.196082661537256,8.043360624365754,8.119721642951504,7445200.0
LPB,2022-08-26,8.196082661537256,8.196082661537256,8.017906951503837,8.043360624365754,4268100.0
LPB,2022-08-29,7.890638587194252,7.941545932918086,7.687009204298916,7.890638587194252,5042300.0
LPB,2022-08-30,7.99245327864192,8.094267970089588,7.890638587194252,8.017906951503837,4842100.0
LPB,2022-08-31,8.017906951503837,8.043360624365754,7.916092260056169,8.043360624365754,3677500.0
LPB,2022-09-05,8.017906951503837,8.145175315813422,7.941545932918086,8.017906951503837,4790100.0
LPB,2022-09-06,7.99245327864192,8.17062898867534,7.966999605780003,8.094267970089588,4900600.0
LPB,2022-09-07,8.094267970089588,8.145175315813422,7.916092260056169,7.916092260056169,8207300.0
LPB,2022-09-08,7.941545932918086,7.966999605780003,7.432472475679747,7.483379821403581,5870600.0
LPB,2022-09-09,7.559740839989332,7.585194512851249,7.2033894199224955,7.483379821403581,7768800.0
LPB,2022-09-12,7.585194512851249,7.585194512851249,7.508833494265498,7.534287167127416,2109200.0
LPB,2022-09-13,7.534287167127416,7.610648185713166,7.457926148541665,7.585194512851249,2571300.0
LPB,2022-09-14,7.356111457093996,7.636101858575083,7.356111457093996,7.585194512851249,2648500.0
LPB,2022-09-15,7.610648185713166,7.636101858575083,7.508833494265498,7.534287167127416,1279300.0
LPB,2022-09-16,7.508833494265498,7.534287167127416,7.228843092784412,7.228843092784412,3046800.0
LPB,2022-09-19,7.228843092784412,7.279750438508246,6.948852691303325,6.948852691303325,3669200.0
LPB,2022-09-20,7.050667382750993,7.2033894199224955,6.923399018441408,7.177935747060578,2627300.0
LPB,2022-09-21,7.177935747060578,7.2033894199224955,7.07612105561291,7.127028401336744,1253800.0
LPB,2022-09-22,7.07612105561291,7.2033894199224955,6.999760037027159,7.152482074198661,2829800.0
LPB,2022-09-23,7.177935747060578,7.228843092784412,7.025213709889076,7.025213709889076,1932700.0
LPB,2022-09-26,6.617954944098405,6.923399018441408,6.617954944098405,6.694315962684156,3367800.0
LPB,2022-09-27,6.719769635546073,6.847037999855657,6.668862289822239,6.821584326993741,2128400.0
LPB,2022-09-28,6.719769635546073,6.847037999855657,6.617954944098405,6.617954944098405,1673500.0
LPB,2022-09-29,6.770676981269907,6.796130654131824,6.567047598374572,6.567047598374572,6896600.0
LPB,2022-09-30,6.516140252650738,6.617954944098405,6.185242505445817,6.567047598374572,5441100.0
LPB,2022-10-03,6.541593925512654,6.719769635546073,6.108881486860066,6.134335159721983,4776600.0
LPB,2022-10-04,6.2870571968934845,6.41432556120307,5.956159449688564,5.956159449688564,6107200.0
LPB,2022-10-05,6.108881486860066,6.185242505445817,5.981613122550482,6.108881486860066,6876900.0
LPB,2022-10-06,6.134335159721983,6.134335159721983,5.701622721069395,5.701622721069395,4695500.0
LPB,2022-10-07,5.599808029621728,5.599808029621728,5.31981762814064,5.31981762814064,12488300.0
LPB,2022-10-10,4.953284738929037,5.294363955278724,4.948194004356654,5.16709559096914,18027300.0
LPB,2022-10-11,5.090734572383389,5.141641918107222,4.805653436329918,4.805653436329918,11257000.0
LPB,2022-10-12,4.805653436329918,5.141641918107222,4.780199763468002,5.141641918107222,8597100.0
LPB,2022-10-13,5.192549263831056,5.268910282416807,5.090734572383389,5.192549263831056,6657200.0
LPB,2022-10-14,5.4470859924502255,5.548900683897894,5.31981762814064,5.49799333817406,15064575.0
LPB,2022-10-17,5.4470859924502255,5.650715375345561,5.3961786467263915,5.599808029621728,7519500.0
LPB,2022-10-18,5.727076393931312,5.803437412517063,5.574354356759811,5.599808029621728,11801300.0
LPB,2022-10-19,5.650715375345561,5.701622721069395,5.49799333817406,5.548900683897894,7055500.0
LPB,2022-10-20,5.548900683897894,5.574354356759811,5.3961786467263915,5.4725396653121425,5524447.0
LPB,2022-10-21,5.548900683897894,5.548900683897894,5.090734572383389,5.116188245245306,10995000.0
LPB,2022-10-24,5.141641918107222,5.24345660955489,4.759836825178469,4.759836825178469,11520500.0
LPB,2022-10-25,4.785290498040386,5.090734572383389,4.6325684608688835,5.090734572383389,20156600.0
LPB,2022-10-26,5.192549263831056,5.31981762814064,5.116188245245306,5.268910282416807,9849600.0
LPB,2022-10-27,5.31981762814064,5.625261702483645,5.31981762814064,5.625261702483645,16895900.0
LPB,2022-10-28,5.777983739655146,5.905252103964731,5.676169048207479,5.75253006679323,16674500.0
LPB,2022-10-31,5.75253006679323,5.981613122550482,5.676169048207479,5.981613122550482,15043200.0
LPB,2022-11-01,6.108881486860066,6.236149851169651,6.007066795412399,6.108881486860066,9141900.0
LPB,2022-11-02,6.057974141136232,6.1597888325839,5.879798431102814,5.905252103964731,11318100.0
LPB,2022-11-03,5.75253006679323,6.032520468274315,5.75253006679323,5.956159449688564,9681400.0
LPB,2022-11-04,5.905252103964731,6.007066795412399,5.574354356759811,5.803437412517063,17050100.0
LPB,2022-11-07,5.75253006679323,5.905252103964731,5.421632319588309,5.421632319588309,10423000.0
LPB,2022-11-08,5.3961786467263915,5.777983739655146,5.294363955278724,5.75253006679323,10736200.0
LPB,2022-11-09,5.82889108537898,6.032520468274315,5.75253006679323,5.803437412517063,8858300.0
LPB,2022-11-10,5.676169048207479,5.803437412517063,5.421632319588309,5.421632319588309,15743400.0
LPB,2022-11-11,5.599808029621728,5.701622721069395,5.421632319588309,5.4470859924502255,9660700.0
LPB,2022-11-14,5.294363955278724,5.3961786467263915,5.075462368666239,5.24345660955489,12370800.0
LPB,2022-11-15,5.192549263831056,5.192549263831056,4.876923720343286,4.876923720343286,28489600.0
LPB,2022-11-16,4.561298176855517,5.218002936692973,4.5358445039936,5.218002936692973,20692200.0
LPB,2022-11-17,5.532355796537646,5.579190554603573,5.444540625164034,5.579190554603573,8241000.0
LPB,2022-11-18,5.649442691702465,5.883616482032101,5.374288488065143,5.854344758240896,30788000.0
LPB,2022-11-21,5.854344758240896,5.94215992961451,5.690423105010152,5.707986139284874,10351669.0
LPB,2022-11-22,5.678714415493669,6.088518548570533,5.655297036460706,5.8309273792079335,13894700.0
LPB,2022-11-23,5.848490413482655,6.000703377196919,5.74896655259256,5.74896655259256,9124800.0
LPB,2022-11-24,5.825073034449692,5.883616482032101,5.590899244120056,5.848490413482655,8990400.0
LPB,2022-11-25,6.000703377196919,6.234877167526554,5.883616482032101,6.234877167526554,44267362.0
LPB,2022-11-28,6.439779234064986,6.644681300603417,6.351964062691373,6.644681300603417,41719215.0
LPB,2022-11-29,6.673953024394622,6.761768195768235,6.381235786482577,6.703224748185826,41930456.0
LPB,2022-11-30,6.703224748185826,6.878855090933053,6.556866129229803,6.703224748185826,52722963.0
LPB,2022-12-01,6.820311643350644,7.142300605053893,6.615409576812214,6.673953024394622,23137500.0
LPB,2022-12-02,6.673953024394622,7.113028881262689,6.5275944054386,7.113028881262689,25447500.0
LPB,2022-12-05,7.435017842965938,7.610648185713165,7.142300605053893,7.610648185713165,58987588.0
LPB,2022-12-06,7.698463357086779,8.020452318790028,7.522833014339551,7.63991990950437,72089600.0
LPB,2022-12-07,7.610648185713165,7.786278528460392,7.405746119174734,7.522833014339551,28876000.0
LPB,2022-12-08,7.63991990950437,8.020452318790028,7.610648185713165,7.9911805949988235,19920900.0
LPB,2022-12-09,8.020452318790028,8.371713004284482,7.5521047381307564,8.020452318790028,25942200.0
LPB,2022-12-12,7.9033654236252096,8.020452318790028,7.493561290548348,7.8155502522515965,18530200.0
LPB,2022-12-13,7.63991990950437,7.9033654236252096,7.493561290548348,7.844821976042801,12880200.0
LPB,2022-12-14,7.961908871207619,7.961908871207619,7.698463357086779,7.7277350808779826,14328300.0
LPB,2022-12-15,7.58137646192196,7.9033654236252096,7.58137646192196,7.7277350808779826,9560100.0
LPB,2022-12-16,7.610648185713165,8.108267490163641,7.58137646192196,7.7277350808779826,20835000.0
LPB,2022-12-19,7.757006804669188,7.9033654236252096,7.698463357086779,7.698463357086779,29309924.0
LPB,2022-12-20,7.610648185713165,7.7277350808779826,7.2008440526363025,7.2886592240099155,41019381.0
LPB,2022-12-21,7.405746119174734,7.493561290548348,7.142300605053893,7.405746119174734,12595960.0
LPB,2022-12-22,7.522833014339551,7.757006804669188,7.4642895667571425,7.7277350808779826,21138900.0
LPB,2022-12-23,7.610648185713165,7.669191633295574,7.493561290548348,7.610648185713165,53599152.0
LPB,2022-12-26,7.58137646192196,7.63991990950437,7.083757157471484,7.083757157471484,12565070.0
LPB,2022-12-27,7.083757157471484,7.317930947801121,6.966670262306667,7.317930947801121,7763600.0
LPB,2022-12-28,7.317930947801121,7.8155502522515965,7.2886592240099155,7.8155502522515965,76725792.0
LPB,2022-12-29,7.844821976042801,8.020452318790028,7.669191633295574,7.669191633295574,15783269.0
LPB,2022-12-30,7.669191633295574,7.961908871207619,7.63991990950437,7.669191633295574,11317100.0
LPB,2023-01-03,7.669191633295574,7.9911805949988235,7.669191633295574,7.9911805949988235,9006500.0
LPB,2023-01-04,7.9911805949988235,8.078995766372437,7.9033654236252096,7.9033654236252096,9473900.0
LPB,2023-01-05,7.961908871207619,7.9911805949988235,7.844821976042801,7.932637147416415,5956900.0
LPB,2023-01-06,7.961908871207619,8.459528175658095,7.932637147416415,8.459528175658095,46730900.0
LPB,2023-01-09,8.576615070822914,8.635158518405323,8.342441280493277,8.342441280493277,7789800.0
LPB,2023-01-10,8.342441280493277,8.547343347031708,8.342441280493277,8.459528175658095,46640920.0
LPB,2023-01-11,8.576615070822914,8.75224541357014,8.459528175658095,8.459528175658095,11392900.0
LPB,2023-01-12,8.547343347031708,8.547343347031708,8.400984728075686,8.4887998994493,73820800.0
LPB,2023-01-13,8.547343347031708,8.693701965987731,8.4887998994493,8.576615070822914,11181500.0
LPB,2023-01-16,8.605886794614117,8.605886794614117,8.43025645186689,8.576615070822914,7952500.0
LPB,2023-01-17,8.576615070822914,8.840060584943753,8.576615070822914,8.722973689778936,11586200.0
LPB,2023-01-18,8.781517137361345,8.898604032526162,8.693701965987731,8.75224541357014,6730400.0
LPB,2023-01-19,8.781517137361345,8.840060584943753,8.693701965987731,8.75224541357014,9987900.0
LPB,2023-01-27,8.810788861152549,8.898604032526162,8.664430242196527,8.781517137361345,12626300.0
LPB,2023-01-30,8.781517137361345,8.781517137361345,8.4887998994493,8.4887998994493,14032600.0
LPB,2023-01-31,8.400984728075686,8.722973689778936,8.371713004284482,8.664430242196527,9960300.0
LPB,2023-02-01,8.664430242196527,8.75224541357014,8.078995766372437,8.078995766372437,38381648.0
LPB,2023-02-02,8.137539213954845,8.196082661537254,7.932637147416415,7.9911805949988235,11112300.0
LPB,2023-02-03,8.108267490163641,8.137539213954845,8.020452318790028,8.137539213954845,7719200.0
LPB,2023-02-06,8.078995766372437,8.196082661537254,7.932637147416415,8.137539213954845,5701600.0
LPB,2023-02-07,8.196082661537254,8.313169556702073,7.932637147416415,7.932637147416415,9159600.0
LPB,2023-02-08,7.9911805949988235,8.313169556702073,7.932637147416415,8.137539213954845,9402200.0
LPB,2023-02-09,8.108267490163641,8.342441280493277,8.078995766372437,8.137539213954845,7096800.0
LPB,2023-02-10,8.16681093774605,8.4887998994493,8.078995766372437,8.22535438532846,11981643.0
LPB,2023-02-13,8.196082661537254,8.371713004284482,8.020452318790028,8.108267490163641,8966500.0
LPB,2023-02-14,8.196082661537254,8.196082661537254,7.961908871207619,8.020452318790028,4852300.0
LPB,2023-02-15,8.020452318790028,8.196082661537254,7.932637147416415,8.049724042581232,6462400.0
LPB,2023-02-16,8.108267490163641,8.196082661537254,8.108267490163641,8.196082661537254,6568900.0
LPB,2023-02-17,8.196082661537254,8.664430242196527,8.196082661537254,8.4887998994493,19286900.0
LPB,2023-02-20,8.4887998994493,8.781517137361345,8.4887998994493,8.781517137361345,10621600.0
LPB,2023-02-21,8.810788861152549,8.840060584943753,8.576615070822914,8.605886794614117,9267600.0
LPB,2023-02-22,8.459528175658095,8.664430242196527,8.254626109119664,8.254626109119664,9985800.0
LPB,2023-02-23,8.254626109119664,8.459528175658095,8.108267490163641,8.283897832910869,10575000.0
LPB,2023-02-24,8.342441280493277,8.43025645186689,8.254626109119664,8.254626109119664,7948200.0
LPB,2023-02-27,8.137539213954845,8.254626109119664,8.078995766372437,8.078995766372437,6575300.0
LPB,2023-02-28,8.108267490163641,8.22535438532846,8.108267490163641,8.16681093774605,5371700.0
LPB,2023-03-01,8.137539213954845,8.4887998994493,8.078995766372437,8.371713004284482,10359700.0
LPB,2023-03-02,8.4887998994493,8.664430242196527,8.283897832910869,8.43025645186689,8320400.0
LPB,2023-03-03,8.4887998994493,8.576615070822914,8.283897832910869,8.283897832910869,7618200.0
LPB,2023-03-06,8.400984728075686,8.547343347031708,8.342441280493277,8.342441280493277,8653100.0
LPB,2023-03-07,8.518071623240505,8.547343347031708,8.342441280493277,8.400984728075686,9857600.0
LPB,2023-03-08,8.342441280493277,8.576615070822914,8.342441280493277,8.576615070822914,8415700.0
LPB,2023-03-09,8.635158518405323,8.869332308734958,8.605886794614117,8.664430242196527,20925500.0
LPB,2023-03-10,8.664430242196527,8.75224541357014,8.605886794614117,8.635158518405323,9182400.0
LPB,2023-03-13,8.635158518405323,8.840060584943753,8.605886794614117,8.635158518405323,14830700.0
LPB,2023-03-14,8.664430242196527,8.781517137361345,8.576615070822914,8.576615070822914,16572600.0
LPB,2023-03-15,8.75224541357014,8.927875756317366,8.664430242196527,8.781517137361345,17937800.0
LPB,2023-03-16,8.75224541357014,8.810788861152549,8.693701965987731,8.693701965987731,11574700.0
LPB,2023-03-17,8.722973689778936,8.810788861152549,8.693701965987731,8.722973689778936,13369200.0
LPB,2023-03-20,8.693701965987731,8.722973689778936,8.459528175658095,8.459528175658095,18008400.0
LPB,2023-03-21,8.605886794614117,8.664430242196527,8.459528175658095,8.605886794614117,5744700.0
LPB,2023-03-22,8.635158518405323,8.722973689778936,8.605886794614117,8.664430242196527,7644700.0
LPB,2023-03-23,8.605886794614117,8.75224541357014,8.605886794614117,8.75224541357014,23944400.0
LPB,2023-03-24,8.781517137361345,9.191321270438207,8.781517137361345,9.07423437527339,18066200.0
LPB,2023-03-27,9.07423437527339,9.103506099064594,9.015690927690981,9.044962651482184,6758000.0
LPB,2023-03-28,9.103506099064594,9.162049546647003,8.957147480108572,8.957147480108572,11966000.0
LPB,2023-03-29,8.986419203899775,9.044962651482184,8.927875756317366,8.986419203899775,6755700.0
LPB,2023-03-30,9.07423437527339,9.103506099064594,8.957147480108572,8.986419203899775,6796800.0
LPB,2023-03-31,8.986419203899775,9.015690927690981,8.898604032526162,9.015690927690981,6236700.0
LPB,2023-04-03,9.103506099064594,9.249864718020616,9.015690927690981,9.07423437527339,9609600.0
LPB,2023-04-04,9.07423437527339,9.27913644181182,9.044962651482184,9.220592994229412,35680400.0
LPB,2023-04-05,9.191321270438207,9.220592994229412,9.07423437527339,9.103506099064594,5095200.0
LPB,2023-04-06,9.103506099064594,9.162049546647003,8.810788861152549,8.810788861152549,12634600.0
LPB,2023-04-07,8.840060584943753,8.869332308734958,8.605886794614117,8.664430242196527,11848500.0
LPB,2023-04-10,8.75224541357014,8.781517137361345,8.547343347031708,8.547343347031708,8882400.0
LPB,2023-04-11,8.547343347031708,8.693701965987731,8.518071623240505,8.693701965987731,5476300.0
LPB,2023-04-12,8.75224541357014,8.840060584943753,8.693701965987731,8.693701965987731,25337000.0
LPB,2023-04-13,8.722973689778936,8.781517137361345,8.635158518405323,8.635158518405323,21459277.0
LPB,2023-04-14,8.664430242196527,9.015690927690981,8.664430242196527,8.664430242196527,31823539.0
LPB,2023-04-17,8.75224541357014,8.781517137361345,8.283897832910869,8.371713004284482,12463000.0
LPB,2023-04-18,8.43025645186689,8.459528175658095,8.108267490163641,8.196082661537254,14188300.0
LPB,2023-04-19,8.313169556702073,8.313169556702073,7.9911805949988235,8.020452318790028,9880900.0
LPB,2023-04-20,7.9911805949988235,8.137539213954845,7.9911805949988235,8.108267490163641,4502100.0
LPB,2023-04-21,8.137539213954845,8.22535438532846,7.9911805949988235,7.9911805949988235,9759925.0
LPB,2023-04-24,8.078995766372437,8.108267490163641,7.786278528460392,7.844821976042801,7780400.0
LPB,2023-04-25,7.874093699834005,7.9033654236252096,7.669191633295574,7.669191633295574,8634500.0
LPB,2023-04-26,7.610648185713165,8.196082661537254,7.610648185713165,8.196082661537254,7897300.0
LPB,2023-04-27,8.137539213954845,8.371713004284482,8.049724042581232,8.313169556702073,8395500.0
LPB,2023-04-28,8.313169556702073,8.313169556702073,8.196082661537254,8.196082661537254,5012900.0
LPB,2023-05-04,8.137539213954845,8.137539213954845,7.9911805949988235,7.9911805949988235,4953500.0
LPB,2023-05-05,7.9911805949988235,8.137539213954845,7.932637147416415,8.020452318790028,23773178.0
LPB,2023-05-08,8.020452318790028,8.137539213954845,7.9911805949988235,7.9911805949988235,5158500.0
LPB,2023-05-09,8.020452318790028,8.254626109119664,8.020452318790028,8.196082661537254,13721494.0
LPB,2023-05-10,8.254626109119664,8.283897832910869,8.108267490163641,8.22535438532846,9614700.0
LPB,2023-05-11,8.254626109119664,8.283897832910869,7.669191633295574,8.108267490163641,23946900.0
LPB,2023-05-12,8.137539213954845,8.16681093774605,8.020452318790028,8.137539213954845,7921400.0
LPB,2023-05-15,8.196082661537254,8.283897832910869,8.108267490163641,8.108267490163641,9893100.0
LPB,2023-05-16,8.108267490163641,8.16681093774605,8.049724042581232,8.137539213954845,6908500.0
LPB,2023-05-17,8.16681093774605,8.196082661537254,8.049724042581232,8.078995766372437,7009900.0
LPB,2023-05-18,8.108267490163641,8.22535438532846,8.049724042581232,8.196082661537254,8384500.0
LPB,2023-05-19,8.313169556702073,8.313169556702073,8.108267490163641,8.196082661537254,6278600.0
LPB,2023-05-22,8.22535438532846,8.371713004284482,8.196082661537254,8.313169556702073,9246600.0
LPB,2023-05-23,8.342441280493277,8.371713004284482,8.22535438532846,8.22535438532846,5893300.0
LPB,2023-05-24,8.283897832910869,8.283897832910869,8.137539213954845,8.137539213954845,5540600.0
LPB,2023-05-25,8.137539213954845,8.22535438532846,8.108267490163641,8.16681093774605,4977300.0
LPB,2023-05-26,8.196082661537254,8.313169556702073,8.108267490163641,8.283897832910869,10680400.0
LPB,2023-05-29,8.313169556702073,8.43025645186689,8.283897832910869,8.43025645186689,8732700.0
LPB,2023-05-30,8.4887998994493,8.4887998994493,8.371713004284482,8.4887998994493,9048100.0
LPB,2023-05-31,8.518071623240505,8.576615070822914,8.43025645186689,8.4887998994493,8761300.0
LPB,2023-06-01,8.518071623240505,8.605886794614117,8.459528175658095,8.605886794614117,6585300.0
LPB,2023-06-02,8.664430242196527,8.869332308734958,8.664430242196527,8.781517137361345,13310500.0
LPB,2023-06-05,8.898604032526162,8.957147480108572,8.810788861152549,8.957147480108572,16443400.0
LPB,2023-06-06,8.957147480108572,9.015690927690981,8.840060584943753,8.986419203899775,11338600.0
LPB,2023-06-07,9.015690927690981,9.015690927690981,8.781517137361345,8.781517137361345,8160200.0
LPB,2023-06-08,8.781517137361345,8.840060584943753,8.547343347031708,8.576615070822914,8973600.0
LPB,2023-06-09,8.576615070822914,8.869332308734958,8.518071623240505,8.869332308734958,7863900.0
LPB,2023-06-12,8.898604032526162,8.898604032526162,8.722973689778936,8.898604032526162,8049900.0
LPB,2023-06-13,8.898604032526162,8.927875756317366,8.75224541357014,8.75224541357014,3759200.0
LPB,2023-06-14,8.75224541357014,8.840060584943753,8.693701965987731,8.693701965987731,3990700.0
LPB,2023-06-15,8.693701965987731,8.693701965987731,8.547343347031708,8.576615070822914,5170400.0
LPB,2023-06-16,8.693701965987731,8.781517137361345,8.576615070822914,8.635158518405323,4819700.0
LPB,2023-06-19,8.664430242196527,8.75224541357014,8.605886794614117,8.605886794614117,5289700.0
LPB,2023-06-20,8.635158518405323,8.781517137361345,8.635158518405323,8.693701965987731,3830800.0
LPB,2023-06-21,8.781517137361345,8.957147480108572,8.693701965987731,8.810788861152549,10855600.0
LPB,2023-06-22,8.869332308734958,8.986419203899775,8.869332308734958,8.898604032526162,11207100.0
LPB,2023-06-23,8.957147480108572,9.220592994229412,8.927875756317366,8.986419203899775,17006400.0
LPB,2023-06-26,8.986419203899775,9.103506099064594,8.781517137361345,8.957147480108572,5635300.0
LPB,2023-06-27,8.986419203899775,9.07423437527339,8.927875756317366,8.927875756317366,4684300.0
LPB,2023-06-28,8.957147480108572,9.07423437527339,8.927875756317366,8.957147480108572,6129400.0
LPB,2023-06-29,9.044962651482184,9.044962651482184,8.869332308734958,8.869332308734958,20885300.0
LPB,2023-06-30,8.869332308734958,8.927875756317366,8.840060584943753,8.869332308734958,18043600.0
LPB,2023-07-03,8.898604032526162,9.07423437527339,8.898604032526162,8.957147480108572,6834200.0
LPB,2023-07-04,9.015690927690981,9.07423437527339,8.898604032526162,9.044962651482184,5855500.0
LPB,2023-07-05,9.103506099064594,9.249864718020616,9.044962651482184,9.103506099064594,11586400.0
LPB,2023-07-06,9.132777822855799,9.249864718020616,8.986419203899775,9.07423437527339,6332400.0
LPB,2023-07-07,9.044962651482184,9.425495060767844,9.044962651482184,9.425495060767844,13480600.0
LPB,2023-07-10,9.454766784559046,9.776755746262296,9.425495060767844,9.542581955932661,19535200.0
LPB,2023-07-11,9.571853679723866,9.776755746262296,9.48403850835025,9.48403850835025,14039500.0
LPB,2023-07-12,9.454766784559046,9.806027470053502,9.191321270438207,9.191321270438207,14082566.0
LPB,2023-07-13,9.366951613185433,9.513310232141457,9.337679889394229,9.366951613185433,8066400.0
LPB,2023-07-14,9.48403850835025,9.513310232141457,9.132777822855799,9.162049546647003,13121300.0
LPB,2023-07-17,9.162049546647003,9.542581955932661,9.162049546647003,9.366951613185433,9935800.0
LPB,2023-07-18,9.39622333697664,9.60112540351507,9.366951613185433,9.454766784559046,9243300.0
LPB,2023-07-19,9.454766784559046,9.776755746262296,9.454766784559046,9.542581955932661,10905400.0
LPB,2023-07-20,9.571853679723866,9.630397127306274,9.454766784559046,9.513310232141457,4604600.0
LPB,2023-07-21,9.425495060767844,9.60112540351507,9.425495060767844,9.513310232141457,5166100.0
LPB,2023-07-24,9.513310232141457,9.71821229867989,9.48403850835025,9.571853679723866,9879000.0
LPB,2023-07-25,9.571853679723866,9.776755746262296,9.571853679723866,9.659668851097479,8229006.0
LPB,2023-07-26,9.659668851097479,9.688940574888683,9.571853679723866,9.571853679723866,3767500.0
LPB,2023-07-27,9.60112540351507,9.776755746262296,9.542581955932661,9.659668851097479,9148000.0
LPB,2023-07-28,9.630397127306274,9.747484022471092,9.542581955932661,9.542581955932661,6111300.0
LPB,2023-07-31,9.60112540351507,9.71821229867989,9.571853679723866,9.571853679723866,5357400.0
LPB,2023-08-01,9.60112540351507,9.806027470053502,9.60112540351507,9.659668851097479,9401900.0
LPB,2023-08-02,9.688940574888683,9.952386089009524,9.659668851097479,9.806027470053502,9798900.0
LPB,2023-08-03,9.835299193844707,10.010929536591933,9.835299193844707,9.92311436521832,8092100.0
LPB,2023-08-04,9.952386089009524,10.098744707965546,9.92311436521832,10.098744707965546,5056100.0
LPB,2023-08-07,10.128016431756752,10.801266078954454,10.128016431756752,10.801266078954454,20374600.0
LPB,2023-08-08,10.918352974119271,11.328157107196136,10.918352974119271,11.123255040657703,12254800.0
LPB,2023-08-09,11.24034193582252,11.24034193582252,11.006168145492886,11.064711593075293,4068400.0
LPB,2023-08-10,11.123255040657703,11.123255040657703,10.830537802745658,10.889081250328069,3757400.0
LPB,2023-08-11,10.830537802745658,10.947624697910475,10.771994355163248,10.889081250328069,4534100.0
LPB,2023-08-14,10.889081250328069,11.093983316866497,10.889081250328069,11.03543986928409,4371200.0
LPB,2023-08-15,11.03543986928409,11.093983316866497,11.006168145492886,11.064711593075293,4106600.0
LPB,2023-08-16,11.064711593075293,11.24034193582252,11.006168145492886,11.093983316866497,7086800.0
LPB,2023-08-17,11.093983316866497,11.29888538340493,11.093983316866497,11.152526764448908,9223700.0
LPB,2023-08-18,11.123255040657703,11.474515726152157,10.537820564833613,10.684179183789636,16207500.0
LPB,2023-08-21,10.771994355163248,11.415972278569749,10.771994355163248,11.357428830987338,27646400.0
LPB,2023-08-22,11.944918835435747,11.944918835435747,11.002890536111162,11.568107515705913,9434700.0
LPB,2023-08-23,11.756513175570829,11.794194307543814,11.53042638373293,11.568107515705913,3753500.0
LPB,2023-08-24,11.568107515705913,11.982599967408731,11.568107515705913,11.794194307543814,6591700.0
LPB,2023-08-25,11.831875439516796,12.057962231354697,11.756513175570829,11.831875439516796,6079400.0
LPB,2023-08-28,11.869556571489781,12.057962231354697,11.831875439516796,11.907237703462764,4751400.0
LPB,2023-08-29,11.982599967408731,12.057962231354697,11.907237703462764,11.944918835435747,7736400.0
LPB,2023-08-30,12.020281099381714,12.133324495300666,11.982599967408731,11.982599967408731,4373000.0
LPB,2023-08-31,12.057962231354697,12.133324495300666,11.907237703462764,12.095643363327682,5683300.0
LPB,2023-09-05,12.133324495300666,12.246367891219615,12.057962231354697,12.133324495300666,4490300.0
LPB,2023-09-06,12.133324495300666,12.246367891219615,12.095643363327682,12.171005627273647,3169700.0
LPB,2023-09-07,12.246367891219615,12.2840490231926,12.133324495300666,12.171005627273647,5600900.0
LPB,2023-09-08,12.133324495300666,12.20868675924663,12.095643363327682,12.133324495300666,2237800.0
LPB,2023-09-11,12.133324495300666,12.2840490231926,12.095643363327682,12.20868675924663,14491100.0
LPB,2023-09-12,12.20868675924663,12.359411287138563,12.171005627273647,12.2840490231926,3049000.0
LPB,2023-09-13,12.359411287138563,12.397092419111548,12.246367891219615,12.2840490231926,2769100.0
LPB,2023-09-14,12.2840490231926,12.359411287138563,11.982599967408731,12.057962231354697,2022600.0
LPB,2023-09-15,12.057962231354697,12.472454683057515,11.869556571489781,11.869556571489781,5330300.0
LPB,2023-09-18,11.869556571489781,11.907237703462764,11.605788647678896,11.605788647678896,1741100.0
LPB,2023-09-19,11.643469779651879,11.718832043597848,11.379701855840995,11.492745251759946,5220200.0
LPB,2023-09-20,11.681150911624863,11.681150911624863,11.492745251759946,11.605788647678896,2321500.0
LPB,2023-09-21,11.53042638373293,11.605788647678896,11.30433959189503,11.30433959189503,3286600.0
LPB,2023-09-22,11.153615064003096,11.228977327949062,10.588398084408345,10.852166008219228,4979701.0
LPB,2023-09-25,10.852166008219228,10.852166008219228,10.249267896651492,10.249267896651492,3680100.0
LPB,2023-09-26,10.249267896651492,10.362311292570443,9.947818840867624,9.947818840867624,2884200.0
LPB,2023-09-27,9.947818840867624,10.09854336875956,9.797094312975691,9.985499972840609,2821600.0
LPB,2023-09-28,10.023181104813593,10.249267896651492,10.023181104813593,10.249267896651492,2691900.0
LPB,2023-09-29,10.32463016059746,10.626079216381328,10.32463016059746,10.43767355651641,2573600.0
LPB,2023-10-02,10.43767355651641,10.513035820462376,10.286949028624477,10.286949028624477,1523300.0
LPB,2023-10-03,10.286949028624477,10.286949028624477,9.872456576921659,9.910137708894641,2998600.0
LPB,2023-10-04,9.797094312975691,10.32463016059746,9.797094312975691,10.173905632705527,1933500.0
LPB,2023-10-05,10.173905632705527,10.32463016059746,10.173905632705527,10.249267896651492,2011700.0
LPB,2023-10-06,10.32463016059746,10.399992424543427,10.249267896651492,10.362311292570443,5452000.0
LPB,2023-10-09,10.399992424543427,10.626079216381328,10.362311292570443,10.626079216381328,2952100.0
LPB,2023-10-10,10.626079216381328,10.701441480327293,10.588398084408345,10.66376034835431,3986200.0
LPB,2023-10-11,10.701441480327293,10.739122612300278,10.626079216381328,10.701441480327293,1906200.0
LPB,2023-10-12,10.701441480327293,10.814484876246244,10.701441480327293,10.701441480327293,3575000.0
LPB,2023-10-13,10.626079216381328,10.776803744273261,10.588398084408345,10.701441480327293,1862800.0
LPB,2023-10-16,10.701441480327293,10.739122612300278,10.55071695243536,10.66376034835431,2765200.0
LPB,2023-10-17,10.626079216381328,10.814484876246244,10.55071695243536,10.55071695243536,2376600.0
LPB,2023-10-18,10.55071695243536,10.776803744273261,10.475354688489393,10.55071695243536,4057000.0
LPB,2023-10-19,10.55071695243536,10.776803744273261,10.55071695243536,10.588398084408345,2768200.0
LPB,2023-10-20,10.588398084408345,10.965209404138179,10.588398084408345,10.965209404138179,4017400.0
LPB,2023-10-23,11.002890536111162,11.228977327949062,10.927528272165194,11.078252800057127,2634600.0
LPB,2023-10-24,11.078252800057127,11.228977327949062,11.040571668084144,11.115933932030112,2520600.0
LPB,2023-10-25,11.115933932030112,11.379701855840995,11.115933932030112,11.191296195976077,2432300.0
LPB,2023-10-26,11.040571668084144,11.191296195976077,10.475354688489393,10.776803744273261,6745700.0
LPB,2023-10-27,10.852166008219228,11.53042638373293,10.852166008219228,11.53042638373293,6479100.0
LPB,2023-10-30,11.568107515705913,11.756513175570829,10.889847140192211,10.889847140192211,1800600.0
LPB,2023-10-31,10.927528272165194,11.379701855840995,10.927528272165194,11.040571668084144,3721500.0
LPB,2023-11-01,11.078252800057127,11.379701855840995,11.078252800057127,11.379701855840995,1942900.0
LPB,2023-11-02,11.41738298781398,11.643469779651879,11.379701855840995,11.605788647678896,2067500.0
LPB,2023-11-03,11.681150911624863,11.718832043597848,11.455064119786963,11.492745251759946,3457500.0
LPB,2023-11-06,11.605788647678896,11.831875439516796,11.492745251759946,11.605788647678896,4501100.0
LPB,2023-11-07,11.605788647678896,11.831875439516796,11.568107515705913,11.681150911624863,1846800.0
LPB,2023-11-08,11.681150911624863,11.869556571489781,11.605788647678896,11.869556571489781,2287100.0
LPB,2023-11-09,11.907237703462764,11.982599967408731,11.756513175570829,11.831875439516796,2176700.0
LPB,2023-11-10,11.718832043597848,11.794194307543814,11.53042638373293,11.53042638373293,2608500.0
LPB,2023-11-13,11.605788647678896,11.643469779651879,11.53042638373293,11.53042638373293,1446800.0
LPB,2023-11-14,11.605788647678896,12.057962231354697,11.605788647678896,11.831875439516796,5239900.0
LPB,2023-11-15,11.982599967408731,12.020281099381714,11.794194307543814,11.831875439516796,2356400.0
LPB,2023-11-16,11.831875439516796,11.831875439516796,11.718832043597848,11.794194307543814,1400700.0
LPB,2023-11-17,11.756513175570829,11.907237703462764,11.568107515705913,11.568107515705913,2559000.0
LPB,2023-11-20,11.492745251759946,11.718832043597848,11.455064119786963,11.568107515705913,1903600.0
LPB,2023-11-21,11.643469779651879,11.756513175570829,11.605788647678896,11.756513175570829,2415000.0
LPB,2023-11-22,11.756513175570829,11.794194307543814,11.643469779651879,11.643469779651879,1704900.0
LPB,2023-11-23,11.681150911624863,11.756513175570829,11.30433959189503,11.30433959189503,2604800.0
LPB,2023-11-24,11.379701855840995,11.568107515705913,11.342020723868012,11.41738298781398,1621100.0
LPB,2023-11-27,11.41738298781398,11.53042638373293,11.153615064003096,11.153615064003096,1611300.0
LPB,2023-11-28,11.153615064003096,11.30433959189503,10.927528272165194,11.30433959189503,1715000.0
LPB,2023-11-29,11.30433959189503,11.718832043597848,11.30433959189503,11.455064119786963,5215000.0
LPB,2023-11-30,11.492745251759946,11.756513175570829,11.455064119786963,11.53042638373293,4610200.0
LPB,2023-12-01,11.568107515705913,11.681150911624863,11.455064119786963,11.53042638373293,1229300.0
LPB,2023-12-04,11.605788647678896,11.643469779651879,11.492745251759946,11.53042638373293,3448500.0
LPB,2023-12-05,11.568107515705913,11.643469779651879,11.455064119786963,11.568107515705913,3224300.0
LPB,2023-12-06,11.568107515705913,12.057962231354697,11.568107515705913,11.869556571489781,10785300.0
LPB,2023-12-07,11.907237703462764,12.133324495300666,11.907237703462764,12.057962231354697,10721700.0
LPB,2023-12-08,12.095643363327682,12.434773551084533,12.057962231354697,12.321730155165582,9430300.0
LPB,2023-12-11,12.359411287138563,12.472454683057515,12.171005627273647,12.20868675924663,6842200.0
LPB,2023-12-12,12.246367891219615,12.359411287138563,12.057962231354697,12.095643363327682,3568900.0
LPB,2023-12-13,12.095643363327682,12.246367891219615,11.831875439516796,11.907237703462764,2637200.0
LPB,2023-12-14,11.831875439516796,12.057962231354697,11.794194307543814,11.794194307543814,1882500.0
LPB,2023-12-15,11.831875439516796,11.982599967408731,11.794194307543814,11.831875439516796,1631400.0
LPB,2023-12-18,11.831875439516796,11.944918835435747,11.643469779651879,11.643469779651879,2134109.0
LPB,2023-12-19,11.568107515705913,11.756513175570829,11.455064119786963,11.53042638373293,2040700.0
LPB,2023-12-20,11.53042638373293,11.756513175570829,11.53042638373293,11.605788647678896,1125800.0
LPB,2023-12-21,11.605788647678896,11.718832043597848,11.492745251759946,11.568107515705913,1537400.0
LPB,2023-12-22,11.568107515705913,11.869556571489781,11.568107515705913,11.756513175570829,2111500.0
LPB,2023-12-25,11.869556571489781,11.869556571489781,11.605788647678896,11.756513175570829,1309500.0
LPB,2023-12-26,11.869556571489781,11.944918835435747,11.794194307543814,11.794194307543814,1853700.0
LPB,2023-12-27,11.944918835435747,11.944918835435747,11.794194307543814,11.831875439516796,2340900.0
LPB,2023-12-28,11.907237703462764,12.020281099381714,11.794194307543814,11.907237703462764,2365600.0
LPB,2023-12-29,11.831875439516796,12.057962231354697,11.831875439516796,11.869556571489781,1740100.0
LPB,2024-01-02,11.907237703462764,12.2840490231926,11.907237703462764,12.095643363327682,3877100.0
LPB,2024-01-03,12.171005627273647,12.246367891219615,12.057962231354697,12.246367891219615,2870700.0
LPB,2024-01-04,12.2840490231926,12.698541474895418,12.20868675924663,12.434773551084533,7488900.0
LPB,2024-01-05,12.660860342922433,12.660860342922433,12.397092419111548,12.5101358150305,2334800.0
LPB,2024-01-08,12.547816947003481,12.736222606868399,12.472454683057515,12.472454683057515,4523100.0
LPB,2024-01-09,12.585498078976466,12.585498078976466,12.2840490231926,12.397092419111548,2594900.0
LPB,2024-01-10,12.397092419111548,12.585498078976466,12.359411287138563,12.434773551084533,4084700.0
LPB,2024-01-11,12.434773551084533,12.811584870814366,12.397092419111548,12.472454683057515,6917700.0
LPB,2024-01-12,12.246367891219615,12.547816947003481,12.171005627273647,12.5101358150305,10247400.0
LPB,2024-01-15,12.811584870814366,12.84926600278735,12.5101358150305,12.5101358150305,6165200.0
LPB,2024-01-16,12.472454683057515,12.773903738841382,12.472454683057515,12.585498078976466,6537300.0
LPB,2024-01-17,12.623179210949449,13.113033926598233,12.585498078976466,12.736222606868399,16197700.0
LPB,2024-01-18,12.84926600278735,13.26375845449017,12.773903738841382,13.113033926598233,12973300.0
LPB,2024-01-19,13.1883961905442,13.26375845449017,13.037671662652267,13.113033926598233,4435100.0
LPB,2024-01-22,13.226077322517185,13.226077322517185,12.886947134760334,12.999990530679284,4706900.0
LPB,2024-01-23,13.113033926598233,13.113033926598233,12.9623093987063,12.999990530679284,3065000.0
LPB,2024-01-24,12.999990530679284,13.113033926598233,12.924628266733315,13.037671662652267,3462100.0
LPB,2024-01-25,13.075352794625251,13.150715058571217,12.999990530679284,13.150715058571217,4024800.0
LPB,2024-01-26,13.1883961905442,13.226077322517185,13.113033926598233,13.150715058571217,2116300.0
LPB,2024-01-29,13.113033926598233,13.565207510274035,13.075352794625251,13.26375845449017,9917500.0
LPB,2024-01-30,13.30143958646315,13.640569774220003,13.30143958646315,13.376801850409118,6959600.0
LPB,2024-01-31,13.452164114355085,13.489845246328066,13.26375845449017,13.30143958646315,7812400.0
LPB,2024-02-01,13.376801850409118,13.828975434084919,13.30143958646315,13.489845246328066,7857300.0
LPB,2024-02-02,13.489845246328066,13.715932038165969,13.414482982382102,13.414482982382102,5123400.0
LPB,2024-02-05,13.339120718436133,13.828975434084919,13.339120718436133,13.715932038165969,3808200.0
LPB,2024-02-06,13.753613170138951,13.904337698030885,13.565207510274035,13.640569774220003,2018500.0
LPB,2024-02-07,13.640569774220003,13.753613170138951,13.489845246328066,13.678250906192984,3167100.0
LPB,2024-02-15,13.866656566057902,13.866656566057902,13.678250906192984,13.715932038165969,2266000.0
LPB,2024-02-16,13.715932038165969,13.753613170138951,13.414482982382102,13.52752637830105,3623000.0
LPB,2024-02-19,13.452164114355085,13.52752637830105,13.30143958646315,13.339120718436133,3450600.0
LPB,2024-02-20,13.339120718436133,13.452164114355085,13.339120718436133,13.376801850409118,1845100.0
LPB,2024-02-21,13.452164114355085,13.52752637830105,13.339120718436133,13.376801850409118,2415400.0
LPB,2024-02-22,13.376801850409118,13.489845246328066,13.30143958646315,13.339120718436133,2325900.0
LPB,2024-02-23,13.339120718436133,13.602888642247018,12.886947134760334,12.886947134760334,5624000.0
LPB,2024-02-26,12.924628266733315,13.075352794625251,12.924628266733315,12.9623093987063,1757800.0
LPB,2024-02-27,13.075352794625251,13.1883961905442,12.9623093987063,12.9623093987063,2531500.0
LPB,2024-02-28,13.113033926598233,13.150715058571217,13.037671662652267,13.037671662652267,2813300.0
LPB,2024-02-29,13.113033926598233,13.150715058571217,12.886947134760334,12.886947134760334,27109100.0
LPB,2024-03-01,12.886947134760334,12.999990530679284,12.811584870814366,12.84926600278735,23869700.0
LPB,2024-03-04,12.886947134760334,13.075352794625251,12.84926600278735,12.9623093987063,22949226.0
LPB,2024-03-05,13.037671662652267,13.30143958646315,12.999990530679284,13.30143958646315,24738400.0
LPB,2024-03-06,13.452164114355085,13.94201883000387,13.414482982382102,13.452164114355085,7909800.0
LPB,2024-03-07,13.489845246328066,13.489845246328066,13.339120718436133,13.339120718436133,20432445.0
LPB,2024-03-08,13.339120718436133,13.414482982382102,12.84926600278735,12.886947134760334,6085300.0
LPB,2024-03-11,12.924628266733315,12.9623093987063,12.434773551084533,12.472454683057515,5791200.0
LPB,2024-03-12,12.472454683057515,12.736222606868399,12.434773551084533,12.698541474895418,4097100.0
LPB,2024-03-13,12.811584870814366,12.84926600278735,12.660860342922433,12.811584870814366,3630700.0
LPB,2024-03-14,12.886947134760334,12.886947134760334,12.623179210949449,12.623179210949449,2667000.0
LPB,2024-03-15,12.623179210949449,12.623179210949449,12.434773551084533,12.472454683057515,5268400.0
LPB,2024-03-18,12.434773551084533,12.547816947003481,11.907237703462764,12.095643363327682,6813900.0
LPB,2024-03-19,12.095643363327682,12.246367891219615,12.057962231354697,12.171005627273647,1672600.0
LPB,2024-03-20,12.20868675924663,12.811584870814366,12.171005627273647,12.811584870814366,6359100.0
LPB,2024-03-21,12.811584870814366,12.886947134760334,12.623179210949449,12.698541474895418,3650900.0
LPB,2024-03-22,12.811584870814366,12.886947134760334,12.660860342922433,12.660860342922433,3876200.0
LPB,2024-03-25,12.698541474895418,12.736222606868399,12.472454683057515,12.472454683057515,3607300.0
LPB,2024-03-26,12.547816947003481,12.736222606868399,12.434773551084533,12.698541474895418,2819700.0
LPB,2024-03-27,12.811584870814366,12.811584870814366,12.623179210949449,12.623179210949449,2710400.0
LPB,2024-03-28,12.698541474895418,12.773903738841382,12.660860342922433,12.736222606868399,4320700.0
LPB,2024-03-29,12.736222606868399,13.226077322517185,12.736222606868399,13.226077322517185,8054000.0
LPB,2024-04-01,13.037671662652267,13.226077322517185,12.9623093987063,13.037671662652267,2948700.0
LPB,2024-04-02,12.9623093987063,13.1883961905442,12.84926600278735,13.075352794625251,7301400.0
LPB,2024-04-03,13.1883961905442,13.226077322517185,12.999990530679284,12.999990530679284,4259900.0
LPB,2024-04-04,12.999990530679284,13.075352794625251,12.84926600278735,12.84926600278735,3497500.0
LPB,2024-04-05,12.811584870814366,12.999990530679284,12.698541474895418,12.886947134760334,3065000.0
LPB,2024-04-08,12.9623093987063,13.1883961905442,12.886947134760334,13.075352794625251,3198600.0
LPB,2024-04-09,13.075352794625251,13.979699961976854,13.075352794625251,13.979699961976854,9859500.0
LPB,2024-04-10,14.16810562184177,14.318830149733703,14.092743357895802,14.130424489868787,13050000.0
LPB,2024-04-11,14.092743357895802,14.318830149733703,13.791294302111936,13.791294302111936,7405200.0
LPB,2024-04-12,13.904337698030885,14.733322601436521,13.866656566057902,14.733322601436521,15144300.0
LPB,2024-04-15,14.733322601436521,15.336220713004257,13.715932038165969,14.092743357895802,10475000.0
LPB,2024-04-16,14.092743357895802,14.733322601436521,14.092743357895802,14.657960337490554,10937500.0
LPB,2024-04-17,14.846365997355472,15.14781505313934,14.431873545652653,15.14781505313934,15317600.0
LPB,2024-04-19,14.771003733409506,15.14781505313934,14.092743357895802,15.14781505313934,14717500.0
LPB,2024-04-22,15.14781505313934,15.336220713004257,14.846365997355472,15.298539581031273,8210000.0
LPB,2024-04-23,15.336220713004257,15.524626372869173,15.18549618511232,15.449264108923206,7870600.0
LPB,2024-04-24,15.524626372869173,15.863756560626024,15.449264108923206,15.863756560626024,5714700.0
LPB,2024-04-25,15.976799956544975,16.014481088517957,15.524626372869173,15.675350900761106,5032000.0
LPB,2024-04-26,15.675350900761106,15.750713164707072,15.034771657220388,15.750713164707072,5838400.0
LPB,2024-05-02,15.750713164707072,15.82607542865304,15.449264108923206,15.449264108923206,2229800.0
LPB,2024-05-03,15.373901844977238,15.675350900761106,15.072452789193372,15.223177317085305,40427900.0
LPB,2024-05-06,15.223177317085305,15.48694524089619,15.223177317085305,15.298539581031273,33386400.0
LPB,2024-05-07,15.336220713004257,15.713032032734091,15.223177317085305,15.373901844977238,30616400.0
LPB,2024-05-08,15.373901844977238,15.750713164707072,15.298539581031273,15.298539581031273,39545300.0
LPB,2024-05-09,15.449264108923206,15.449264108923206,14.997090525247405,15.072452789193372,38652600.0
LPB,2024-05-10,15.072452789193372,15.298539581031273,15.072452789193372,15.14781505313934,29827300.0
LPB,2024-05-13,15.18549618511232,15.18549618511232,14.959409393274422,14.997090525247405,36870900.0
LPB,2024-05-14,15.034771657220388,15.18549618511232,14.959409393274422,15.14781505313934,36712245.0
LPB,2024-05-15,15.14781505313934,15.788394296680057,15.14781505313934,15.524626372869173,36834800.0
LPB,2024-05-16,15.788394296680057,16.57969806811271,15.637669768788124,16.57969806811271,45859705.0
LPB,2024-05-17,16.80578485995061,17.55940749941028,16.730422596004644,17.48404523546431,40469400.0
LPB,2024-05-20,17.710132027302212,17.936218819140112,17.182596179680445,17.333320707572376,44986300.0
LPB,2024-05-21,17.48404523546431,17.48404523546431,17.03187165178851,17.182596179680445,39390100.0
LPB,2024-05-22,17.25795844362641,17.936218819140112,17.14491504770746,17.521726367437296,38381973.0
LPB,2024-05-23,17.521726367437296,17.672450895329227,17.25795844362641,17.55940749941028,37323000.0
LPB,2024-05-24,17.521726367437296,18.049262215059063,16.730422596004644,17.710132027302212,42147200.0
LPB,2024-05-27,17.48404523546431,17.710132027302212,17.446364103491327,17.672450895329227,33159510.0
LPB,2024-05-28,17.936218819140112,18.8782471184647,17.747813159275196,18.8782471184647,44862600.0
LPB,2024-05-29,19.179696174248566,19.89563768173525,18.840565986491715,19.594188625951382,40592956.0
LPB,2024-05-30,19.36810183411348,19.970999945681218,19.21737730622155,19.631869757924367,38817200.0
LPB,2024-05-31,19.820275417789283,19.820275417789283,19.330420702140497,19.44346409805945,39001696.0
LPB,2024-06-03,19.707232021870333,19.744913153843317,19.36810183411348,19.44346409805945,28838971.0
LPB,2024-06-04,19.5565074939784,19.5565074939784,19.255058438194535,19.44346409805945,39523096.0
LPB,2024-06-05,19.518826362005417,19.518826362005417,18.953609382410665,19.405782966086466,41531921.0
LPB,2024-06-06,19.405782966086466,20.19708673751912,19.292739570167516,19.66955088989735,40111370.0
LPB,2024-06-07,19.7825942858163,20.046362209627187,19.518826362005417,19.707232021870333,32419008.0
LPB,2024-06-10,19.820275417789283,20.008681077654202,19.631869757924367,19.7825942858163,36063054.0
LPB,2024-06-11,19.970999945681218,19.970999945681218,19.36810183411348,19.36810183411348,37846342.0
LPB,2024-06-12,19.36810183411348,19.933318813708233,19.14201504227558,19.66955088989735,35899931.0
LPB,2024-06-13,19.744913153843317,20.046362209627187,19.66955088989735,20.046362209627187,36892315.0
LPB,2024-06-14,20.19708673751912,20.98839050895177,20.084043341600168,20.724622585140885,40701491.0
LPB,2024-06-17,20.799984849086854,20.799984849086854,20.272449001465084,20.498535793302985,32782606.0
LPB,2024-06-18,20.498535793302985,20.573898057248954,20.121724473573153,20.42317352935702,36277292.0
LPB,2024-06-19,20.42317352935702,20.46085466133,20.046362209627187,20.385492397384034,32477448.0
LPB,2024-06-20,20.42317352935702,20.950709376978786,20.31013013343807,20.385492397384034,30108188.0
LPB,2024-06-21,20.64926032119492,21.704332016438457,20.42317352935702,21.704332016438457,39017799.0
LPB,2024-06-24,22.005781072222323,22.08114333616829,20.724622585140885,21.289839564735637,35971982.0
LPB,2024-06-25,21.10143390487072,21.704332016438457,21.02607164092475,21.365201828681606,28035166.0
LPB,2024-06-26,21.365201828681606,21.892737676303373,21.32752069670862,21.666650884465472,38189750.0
LPB,2024-06-27,21.666650884465472,21.855056544330388,20.950709376978786,21.591288620519503,2550900.0
LPB,2024-06-28,21.553607488546522,21.704332016438457,20.724622585140885,21.252158432762656,3995200.0
LPB,2024-07-01,21.252158432762656,21.252158432762656,20.799984849086854,21.02607164092475,3134000.0
LPB,2024-07-02,21.478245224600556,22.382592391952155,21.063752772897736,22.307230128006193,6794700.0
LPB,2024-07-03,22.53331691984409,22.797084843654975,22.42027352392514,22.75940371168199,10240646.0
LPB,2024-07-04,22.83476597562796,23.626069747060612,22.53331691984409,23.626069747060612,4669200.0
LPB,2024-07-05,23.626069747060612,24.869547102169065,23.324620691276742,24.266648990601333,10869300.0
LPB,2024-07-08,24.41737351849326,24.718822574277127,23.965199934817463,24.304330122574314,6095500.0
LPB,2024-07-09,24.266648990601333,24.49273578243923,23.85215653889851,24.07824333073641,5845400.0
LPB,2024-07-10,24.07824333073641,24.07824333073641,23.513026351141658,23.513026351141658,4009700.0
LPB,2024-07-11,23.513026351141658,23.965199934817463,23.136215031411826,23.550707483114643,7229194.0
LPB,2024-07-12,23.663750879033593,23.889837670871493,23.286939559303757,23.550707483114643,4619200.0
LPB,2024-07-15,23.814475406925528,23.927518802844478,23.362301823249727,23.663750879033593,1827866.0
LPB,2024-07-16,23.889837670871493,24.07824333073641,23.513026351141658,23.814475406925528,2931700.0
LPB,2024-07-17,23.814475406925528,24.115924462709394,23.136215031411826,24.115924462709394,10716511.0
LPB,2024-07-18,24.115924462709394,24.115924462709394,23.588388615087627,24.04056219876343,1686400.0
LPB,2024-07-19,24.115924462709394,24.869547102169065,24.07824333073641,24.266648990601333,4686600.0
LPB,2024-07-22,23.965199934817463,24.41737351849326,23.09853389943884,23.927518802844478,9231400.0
LPB,2024-07-23,23.965199934817463,24.342011254547295,23.475345219168677,23.927518802844478,6704800.0
LPB,2024-07-24,23.739113142979562,23.927518802844478,23.362301823249727,23.513026351141658,4434300.0
LPB,2024-07-25,23.437664087195696,23.550707483114643,22.910128239573925,22.910128239573925,3184000.0
LPB,2024-07-26,22.83476597562796,22.83476597562796,21.817375412357404,22.156505600114254,14354300.0
LPB,2024-07-29,22.005781072222323,22.60867918379006,22.005781072222323,22.457954655898124,1440100.0
LPB,2024-07-30,22.53331691984409,22.570998051817075,21.96809994024934,22.231867864060224,3418500.0
LPB,2024-07-31,22.231867864060224,22.231867864060224,21.930418808276357,21.96809994024934,4755200.0
LPB,2024-08-01,22.08114333616829,22.382592391952155,21.402882960654587,21.855056544330388,3876100.0
LPB,2024-08-02,21.553607488546522,21.855056544330388,21.21447730078967,21.478245224600556,3149400.0
LPB,2024-08-05,21.817375412357404,21.817375412357404,20.008681077654202,20.42317352935702,5591000.0
LPB,2024-08-06,20.573898057248954,21.21447730078967,20.498535793302985,20.98839050895177,4238600.0
LPB,2024-08-07,21.139115036843705,21.591288620519503,21.139115036843705,21.289839564735637,1909500.0
LPB,2024-08-08,21.21447730078967,21.402882960654587,21.17679616881669,21.365201828681606,2691500.0
LPB,2024-08-09,21.704332016438457,21.704332016438457,21.289839564735637,21.402882960654587,3075400.0
LPB,2024-08-12,21.553607488546522,21.704332016438457,21.32752069670862,21.553607488546522,1768500.0
LPB,2024-08-13,21.628969752492488,22.08114333616829,21.515926356573537,21.704332016438457,2486100.0
LPB,2024-08-14,21.855056544330388,22.005781072222323,21.553607488546522,21.704332016438457,2101800.0
LPB,2024-08-15,21.779694280384422,22.156505600114254,21.628969752492488,22.156505600114254,4393200.0
LPB,2024-08-16,22.26954899603321,23.249258427330776,22.26954899603321,23.249258427330776,3188300.0
LPB,2024-08-19,23.324620691276742,23.965199934817463,23.324620691276742,23.739113142979562,4300700.0
LPB,2024-08-20,23.814475406925528,23.927518802844478,23.513026351141658,23.513026351141658,3552700.0
LPB,2024-08-21,23.626069747060612,23.814475406925528,23.249258427330776,23.776794274952543,4219600.0
LPB,2024-08-22,23.663750879033593,23.927518802844478,23.437664087195696,23.889837670871493,3230800.0
LPB,2024-08-23,23.965199934817463,24.342011254547295,23.663750879033593,23.739113142979562,3436500.0
LPB,2024-08-26,23.663750879033593,23.889837670871493,23.550707483114643,23.739113142979562,2354100.0
LPB,2024-08-27,23.588388615087627,23.889837670871493,23.513026351141658,23.588388615087627,1146100.0
LPB,2024-08-28,23.588388615087627,23.85215653889851,23.475345219168677,23.663750879033593,2364600.0
LPB,2024-08-29,23.814475406925528,24.304330122574314,23.739113142979562,23.739113142979562,5036000.0
LPB,2024-08-30,23.85215653889851,23.927518802844478,23.475345219168677,23.663750879033593,2132400.0
LPB,2024-09-04,23.437664087195696,23.663750879033593,23.249258427330776,23.249258427330776,2142200.0
LPB,2024-09-05,23.324620691276742,23.513026351141658,22.872447107600944,23.21157729535779,2612800.0
LPB,2024-09-06,23.17389616338481,23.513026351141658,23.17389616338481,23.39998295522271,1399100.0
LPB,2024-09-09,23.475345219168677,23.475345219168677,23.21157729535779,23.21157729535779,721800.0
LPB,2024-09-10,23.286939559303757,23.513026351141658,23.136215031411826,23.324620691276742,1322200.0
LPB,2024-09-11,23.324620691276742,23.362301823249727,23.06085276746586,23.21157729535779,921200.0
LPB,2024-09-12,23.362301823249727,23.39998295522271,23.136215031411826,23.136215031411826,855700.0
LPB,2024-09-13,23.136215031411826,23.286939559303757,22.947809371546906,22.947809371546906,697100.0
LPB,2024-09-16,22.947809371546906,23.21157729535779,22.75940371168199,22.75940371168199,1228900.0
LPB,2024-09-17,22.75940371168199,23.136215031411826,22.75940371168199,23.136215031411826,1003300.0
LPB,2024-09-18,23.286939559303757,23.286939559303757,22.947809371546906,23.06085276746586,1751600.0
LPB,2024-09-19,23.06085276746586,23.249258427330776,22.947809371546906,23.136215031411826,943700.0
LPB,2024-09-20,23.362301823249727,23.701432011006577,23.286939559303757,23.513026351141658,4344500.0
LPB,2024-09-23,23.550707483114643,23.889837670871493,23.475345219168677,23.663750879033593,2526600.0
LPB,2024-09-24,23.663750879033593,23.889837670871493,23.513026351141658,23.889837670871493,1942000.0
LPB,2024-09-25,24.191286726655363,24.191286726655363,23.85215653889851,23.965199934817463,4189000.0
LPB,2024-09-26,24.115924462709394,24.342011254547295,23.927518802844478,24.191286726655363,4282000.0
LPB,2024-09-27,24.191286726655363,24.53041691441221,23.965199934817463,24.266648990601333,3670700.0
LPB,2024-09-30,24.304330122574314,24.37969238652028,23.927518802844478,24.07824333073641,2274100.0
LPB,2024-10-01,24.07824333073641,24.115924462709394,23.776794274952543,23.889837670871493,6845300.0
LPB,2024-10-02,23.889837670871493,23.965199934817463,23.701432011006577,23.701432011006577,1390800.0
LPB,2024-10-03,23.701432011006577,24.07824333073641,23.550707483114643,23.626069747060612,2302700.0
LPB,2024-10-04,23.588388615087627,23.739113142979562,23.39998295522271,23.739113142979562,2570800.0
LPB,2024-10-07,24.002881066790447,24.115924462709394,23.85215653889851,23.927518802844478,1343600.0
LPB,2024-10-08,23.965199934817463,25.472445213736798,23.965199934817463,25.095633894006962,16028300.0
LPB,2024-10-09,25.246358421898897,25.397082949790835,25.13331502597995,25.321720685844866,1803200.0
LPB,2024-10-10,25.472445213736798,25.81157540149365,25.020271630061,25.095633894006962,4601700.0
LPB,2024-10-11,25.095633894006962,25.246358421898897,24.718822574277127,24.756503706250115,2062500.0
LPB,2024-10-14,24.831865970196084,24.907228234142046,24.37969238652028,24.45505465046625,3383900.0
LPB,2024-10-15,24.53041691441221,24.681141442304146,24.266648990601333,24.266648990601333,1866600.0
LPB,2024-10-16,24.153605594682375,24.304330122574314,23.927518802844478,23.927518802844478,2761000.0
LPB,2024-10-17,23.965199934817463,24.191286726655363,23.889837670871493,24.191286726655363,1396800.0
LPB,2024-10-18,24.37969238652028,24.681141442304146,24.191286726655363,24.37969238652028,1689300.0
LPB,2024-10-21,24.41737351849326,24.49273578243923,24.191286726655363,24.266648990601333,2080600.0
LPB,2024-10-22,24.266648990601333,24.304330122574314,23.588388615087627,23.889837670871493,4138700.0
LPB,2024-10-23,24.002881066790447,24.115924462709394,23.814475406925528,24.002881066790447,1583600.0
LPB,2024-10-24,24.153605594682375,24.342011254547295,23.965199934817463,23.965199934817463,1328800.0
LPB,2024-10-25,24.04056219876343,24.228967858628344,23.889837670871493,24.191286726655363,1119700.0
LPB,2024-10-28,24.342011254547295,24.41737351849326,24.115924462709394,24.266648990601333,922700.0
LPB,2024-10-29,24.304330122574314,24.37969238652028,24.266648990601333,24.342011254547295,785900.0
LPB,2024-10-30,24.41737351849326,24.681141442304146,24.37969238652028,24.53041691441221,1329200.0
LPB,2024-10-31,24.5680980463852,24.831865970196084,24.49273578243923,24.831865970196084,5550900.0
LPB,2024-11-01,24.831865970196084,24.869547102169065,24.643460310331164,24.718822574277127,3945300.0
LPB,2024-11-04,24.718822574277127,24.869547102169065,24.342011254547295,24.37969238652028,9369100.0
LPB,2024-11-05,24.45505465046625,24.756503706250115,24.41737351849326,24.41737351849326,6573000.0
LPB,2024-11-06,24.718822574277127,24.718822574277127,24.37969238652028,24.53041691441221,9272100.0
LPB,2024-11-07,24.53041691441221,24.718822574277127,24.49273578243923,24.5680980463852,1816400.0
LPB,2024-11-08,24.60577917835818,24.60577917835818,24.191286726655363,24.266648990601333,4974500.0
LPB,2024-11-11,24.266648990601333,24.304330122574314,23.889837670871493,23.927518802844478,5330600.0
LPB,2024-11-12,24.115924462709394,24.304330122574314,23.776794274952543,23.889837670871493,5145400.0
LPB,2024-11-13,23.927518802844478,24.04056219876343,23.663750879033593,23.965199934817463,4948000.0
LPB,2024-11-14,24.07824333073641,24.115924462709394,23.626069747060612,23.663750879033593,7407600.0
LPB,2024-11-15,23.663750879033593,23.776794274952543,23.324620691276742,23.701432011006577,4338200.0
LPB,2024-11-18,23.739113142979562,24.04056219876343,23.475345219168677,23.701432011006577,9821400.0
LPB,2024-11-19,23.701432011006577,23.814475406925528,23.513026351141658,23.588388615087627,3435300.0
LPB,2024-11-20,23.663750879033593,23.814475406925528,23.437664087195696,23.776794274952543,6804800.0
LPB,2024-11-21,23.814475406925528,23.889837670871493,23.701432011006577,23.889837670871493,5740300.0
LPB,2024-11-22,23.927518802844478,24.04056219876343,23.85215653889851,24.002881066790447,6291600.0
LPB,2024-11-25,24.04056219876343,24.04056219876343,23.927518802844478,24.002881066790447,5413300.0
LPB,2024-11-26,24.04056219876343,24.07824333073641,23.927518802844478,24.04056219876343,4916400.0
LPB,2024-11-27,24.07824333073641,24.49273578243923,24.04056219876343,24.342011254547295,3836800.0
LPB,2024-11-28,24.49273578243923,24.681141442304146,24.115924462709394,24.115924462709394,5403500.0
LPB,2024-11-29,24.153605594682375,24.49273578243923,24.153605594682375,24.304330122574314,4430400.0
LPB,2024-12-02,24.37969238652028,25.321720685844866,24.37969238652028,25.05795276203398,10943600.0
LPB,2024-12-03,25.13331502597995,25.773894269520667,25.13331502597995,25.58548860965575,4732500.0
LPB,2024-12-04,25.623169741628733,25.962299929385587,25.095633894006962,25.208677289925916,7128300.0
LPB,2024-12-05,25.284039553871878,25.660850873601714,25.208677289925916,25.397082949790835,4912800.0
LPB,2024-12-06,25.623169741628733,26.075343325304534,25.397082949790835,25.81157540149365,8256500.0
LPB,2024-12-09,25.999981061358568,26.075343325304534,25.660850873601714,25.736213137547683,4650200.0
LPB,2024-12-10,25.773894269520667,25.9246187974126,25.660850873601714,25.660850873601714,6116300.0
LPB,2024-12-11,25.6985320055747,25.9246187974126,25.284039553871878,25.321720685844866,5269200.0
LPB,2024-12-12,25.359401817817847,25.434764081763817,24.94490936611503,24.94490936611503,8138300.0
LPB,2024-12-13,25.020271630061,25.208677289925916,24.794184838223096,24.982590498088012,4316200.0
LPB,2024-12-16,25.13331502597995,25.284039553871878,24.907228234142046,24.982590498088012,4908000.0
LPB,2024-12-17,25.05795276203398,25.095633894006962,24.831865970196084,25.05795276203398,4271300.0
LPB,2024-12-18,25.095633894006962,25.472445213736798,25.095633894006962,25.397082949790835,4300900.0
LPB,2024-12-19,25.397082949790835,25.434764081763817,24.907228234142046,25.17099615795293,3068700.0
LPB,2024-12-20,25.17099615795293,25.284039553871878,24.907228234142046,25.17099615795293,2495400.0
LPB,2024-12-23,25.321720685844866,25.359401817817847,25.05795276203398,25.246358421898897,2569700.0
LPB,2024-12-24,25.284039553871878,25.321720685844866,24.94490936611503,25.284039553871878,2754400.0
LPB,2024-12-25,25.321720685844866,26.075343325304534,25.284039553871878,25.81157540149365,5652700.0
LPB,2024-12-26,25.9246187974126,25.962299929385587,25.547807477682763,25.547807477682763,4559900.0
LPB,2024-12-27,25.79077541664456,27.28716852955568,25.702752292355672,27.28716852955568,10863500.0
LPB,2024-12-30,27.551237902422347,27.991353523866795,27.331180091700126,27.77129571314457,3349400.0
LPB,2024-12-31,27.77129571314457,27.85931883743346,27.46321477813346,27.507226340277903,5270600.0
LPB,2025-01-02,27.639261026711235,27.639261026711235,27.155133843122346,27.507226340277903,3568300.0
LPB,2025-01-03,27.551237902422347,27.551237902422347,26.671006659533454,26.759029783822342,5961600.0
LPB,2025-01-06,26.803041345966786,27.02309915668901,26.406937286666786,26.671006659533454,3690400.0
LPB,2025-01-07,26.7150182216779,27.28716852955568,26.62699509738901,27.02309915668901,1948800.0
LPB,2025-01-08,27.067110718833458,27.28716852955568,26.847052908111234,27.19914540526679,2404600.0
LPB,2025-01-09,27.243156967411235,27.28716852955568,26.891064470255678,26.935076032400122,1089700.0
LPB,2025-01-10,26.979087594544566,26.979087594544566,26.450948848811233,26.582983535244566,1885900.0
LPB,2025-01-13,26.582983535244566,27.02309915668901,26.142867913800117,27.02309915668901,2673200.0
LPB,2025-01-14,27.02309915668901,27.595249464566795,27.02309915668901,27.155133843122346,1098100.0
LPB,2025-01-15,27.331180091700126,27.41920321598901,27.067110718833458,27.28716852955568,1015700.0
LPB,2025-01-16,27.46321477813346,27.991353523866795,27.41920321598901,27.68327258885568,1300200.0
LPB,2025-01-17,27.727284151000127,28.167399772444572,27.551237902422347,28.079376648155684,1839700.0
LPB,2025-01-20,28.079376648155684,28.343446021022352,27.85931883743346,27.85931883743346,1313700.0
LPB,2025-01-21,27.903330399577904,28.255422896733464,27.903330399577904,28.03536508601124,2017400.0
LPB,2025-01-22,28.123388210300128,29.44373507463347,28.123388210300128,29.39972351248902,7035600.0
LPB,2025-01-23,29.575769761066802,31.336232246844588,29.575769761066802,31.072162873977916,6086300.0
LPB,2025-01-24,31.116174436122364,31.776347868289033,31.028151311833476,31.556290057566812,14663700.0
LPB,2025-02-03,31.556290057566812,31.556290057566812,30.67605881467792,30.896116625400143,4007000.0
LPB,2025-02-04,31.512278495422365,31.512278495422365,30.50001256610014,30.896116625400143,14439500.0
LPB,2025-02-05,31.072162873977916,31.776347868289033,30.98413974968903,31.600301619711253,5870000.0
LPB,2025-02-06,31.688324744000145,32.348498176166814,31.600301619711253,32.12844036544459,3514500.0
LPB,2025-02-07,32.12844036544459,32.56855598688904,31.864370992577925,32.12844036544459,2457100.0
LPB,2025-02-10,32.0404172411557,32.392509738311254,31.6443131818557,32.17245192758903,2510900.0
LPB,2025-02-11,32.17245192758903,32.61256754903348,32.0404172411557,32.56855598688904,3658800.0
LPB,2025-02-12,32.61256754903348,33.36076410548904,32.61256754903348,32.87663692190015,2799300.0
LPB,2025-02-13,32.87663692190015,33.3167525433446,32.61256754903348,33.18471785691126,2520700.0
LPB,2025-02-14,33.71285660264459,33.71285660264459,32.74460223546682,33.008671608333486,2832900.0
LPB,2025-02-17,33.008671608333486,33.096694732622375,32.656579111177926,32.78861379761126,1586800.0
LPB,2025-02-18,32.96466004618904,32.96466004618904,32.12844036544459,32.21646348973348,3524500.0
LPB,2025-02-19,32.260475051877926,32.56855598688904,31.95239411686681,32.30448661402237,3508600.0
LPB,2025-02-20,32.30448661402237,32.56855598688904,31.90838255472237,31.95239411686681,3952500.0
LPB,2025-02-21,32.0404172411557,32.348498176166814,31.95239411686681,32.0404172411557,1524600.0
LPB,2025-02-24,31.996405679011257,32.5245444247446,31.820359430433477,32.392509738311254,4104400.0
LPB,2025-02-25,32.48053286260015,32.78861379761126,32.392509738311254,32.4365213004557,3525600.0
LPB,2025-02-26,32.656579111177926,32.74460223546682,32.21646348973348,32.48053286260015,2293700.0
LPB,2025-02-27,32.48053286260015,32.48053286260015,31.95239411686681,32.348498176166814,2381500.0
LPB,2025-02-28,32.260475051877926,32.30448661402237,31.732336306144585,31.820359430433477,3059600.0
LPB,2025-03-03,31.90838255472237,31.90838255472237,31.336232246844588,31.600301619711253,3778400.0
LPB,2025-03-04,31.46826693327792,31.512278495422365,30.940128187544584,31.248209122555696,5102600.0
LPB,2025-03-05,31.248209122555696,32.21646348973348,31.248209122555696,31.512278495422365,2318400.0
LPB,2025-03-06,31.732336306144585,31.732336306144585,31.248209122555696,31.29222068470014,1891200.0
LPB,2025-03-07,31.248209122555696,31.6443131818557,31.160185998266808,31.160185998266808,3123200.0
LPB,2025-03-10,31.160185998266808,31.556290057566812,30.63204725253347,30.63204725253347,4126000.0
LPB,2025-03-11,30.50001256610014,30.72007037682236,30.01588538251125,30.50001256610014,3771200.0
LPB,2025-03-12,30.50001256610014,31.116174436122364,30.147920068944583,31.072162873977916,2780700.0
LPB,2025-03-13,31.072162873977916,31.204197560411256,30.72007037682236,31.072162873977916,2545000.0
LPB,2025-03-14,31.160185998266808,31.160185998266808,30.764081938966807,30.764081938966807,1508200.0
LPB,2025-03-17,30.764081938966807,30.80809350111125,30.323966317522363,30.544024128244587,2029600.0
LPB,2025-03-18,30.544024128244587,31.556290057566812,30.279954755377915,31.160185998266808,5199100.0
LPB,2025-03-19,31.160185998266808,31.95239411686681,31.160185998266808,31.6443131818557,6285000.0
LPB,2025-03-20,31.864370992577925,31.864370992577925,31.29222068470014,31.29222068470014,2638200.0
LPB,2025-03-21,31.29222068470014,31.29222068470014,30.63204725253347,30.63204725253347,2543500.0
LPB,2025-03-24,30.63204725253347,30.63204725253347,29.663792885355694,30.05989694465569,8143400.0
LPB,2025-03-25,30.05989694465569,30.23594319323347,29.75181600964458,29.92786225822236,2560300.0
LPB,2025-03-26,29.92786225822236,30.05989694465569,29.44373507463347,29.44373507463347,2653800.0
LPB,2025-03-27,29.575769761066802,29.575769761066802,29.047631015333465,29.047631015333465,1950300.0
LPB,2025-03-28,29.047631015333465,29.487746636777914,29.047631015333465,29.44373507463347,1493900.0
LPB,2025-03-31,29.44373507463347,29.44373507463347,28.871584766755685,29.26768882605569,2412800.0
LPB,2025-04-01,29.26768882605569,29.487746636777914,29.223677263911245,29.39972351248902,1181200.0
LPB,2025-04-02,29.487746636777914,29.575769761066802,29.135654139622357,29.135654139622357,1852800.0
LPB,2025-04-03,28.959607891044573,28.959607891044573,27.111122280977902,27.111122280977902,6276700.0
LPB,2025-04-04,25.526706043777892,29.003619453189025,25.526706043777892,29.003619453189025,9431700.0
LPB,2025-04-08,29.003619453189025,29.003619453189025,26.979087594544566,27.46321477813346,3809900.0
LPB,2025-04-09,26.759029783822342,28.60751539388902,26.406937286666786,27.727284151000127,5332500.0
LPB,2025-04-10,29.663792885355694,29.663792885355694,29.663792885355694,29.663792885355694,473200.0
LPB,2025-04-11,28.167399772444572,30.147920068944583,28.167399772444572,30.10390850680014,7069100.0
LPB,2025-04-14,29.839839133933467,29.92786225822236,29.663792885355694,29.795827571789026,2200100.0
LPB,2025-04-15,29.575769761066802,29.839839133933467,28.65152695603346,29.179665701766798,3977800.0
LPB,2025-04-16,29.047631015333465,29.44373507463347,28.739550080322353,28.739550080322353,1825400.0
LPB,2025-04-17,29.047631015333465,30.367977879666803,28.82757320461124,29.575769761066802,4118900.0
LPB,2025-04-18,29.75181600964458,30.411989441811247,29.619781323211246,29.839839133933467,4217800.0
LPB,2025-04-21,29.883850696077918,29.883850696077918,29.047631015333465,29.09164257747791,2596300.0
LPB,2025-04-22,29.003619453189025,29.355711950344578,27.067110718833458,29.26768882605569,4954700.0
LPB,2025-04-23,29.39972351248902,29.75181600964458,29.31170038820013,29.31170038820013,2718000.0
LPB,2025-04-24,29.223677263911245,29.44373507463347,29.047631015333465,29.047631015333465,2189600.0
LPB,2025-04-25,28.871584766755685,29.179665701766798,28.211411334589016,28.431469145311237,6507700.0
LPB,2025-04-28,28.959607891044573,28.959607891044573,28.255422896733464,28.871584766755685,1603900.0
LPB,2025-04-29,28.871584766755685,29.26768882605569,28.65152695603346,28.65152695603346,1424000.0
LPB,2025-05-05,28.60751539388902,28.82757320461124,28.167399772444572,28.299434458877904,1494901.0
LPB,2025-05-06,28.431469145311237,28.563503831744576,27.947341961722348,27.947341961722348,2776400.0
LPB,2025-05-07,28.03536508601124,28.475480707455688,27.903330399577904,28.343446021022352,2001400.0
LPB,2025-05-08,28.82757320461124,29.575769761066802,28.82757320461124,29.09164257747791,3936900.0
LPB,2025-05-09,29.487746636777914,31.072162873977916,29.31170038820013,30.367977879666803,4973300.0
LPB,2025-05-12,30.80809350111125,30.98413974968903,30.588035690389027,30.63204725253347,6275600.0
LPB,2025-05-13,30.80809350111125,30.852105063255692,30.367977879666803,30.588035690389027,3082200.0
LPB,2025-05-14,30.764081938966807,31.42425537113348,30.63204725253347,31.42425537113348,4525300.0
LPB,2025-05-15,31.512278495422365,32.61256754903348,31.512278495422365,32.61256754903348,8904600.0
LPB,2025-05-16,32.61256754903348,33.140706294766815,32.12844036544459,32.12844036544459,4560600.0
LPB,2025-05-19,32.12844036650087,32.12844036650087,30.852752293125096,30.899999999546424,5544700.0
LPB,2025-05-20,30.852752293125096,31.18348623807437,30.333027522490525,31.13623853165305,3562200.0
LPB,2025-05-21,31.18348623807437,31.655963302287617,30.71100917386112,30.758256880282445,2506600.0
LPB,2025-05-22,30.805504586703773,30.805504586703773,30.096788990383903,30.144036696805223,3093600.0
LPB,2025-05-23,30.19128440322655,30.38027522891185,30.096788990383903,30.19128440322655,1626700.0
LPB,2025-05-26,30.333027522490525,30.852752293125096,29.577064219749328,30.71100917386112,2528700.0
LPB,2025-05-27,30.805504586703773,30.805504586703773,30.333027522490525,30.427522935333176,1996400.0
LPB,2025-05-28,30.61651376101847,30.61651376101847,30.144036696805223,30.19128440322655,2135500.0
LPB,2025-05-29,30.333027522490525,30.52201834817582,30.19128440322655,30.238532109647874,1539400.0
LPB,2025-05-30,30.333027522490525,30.38027522891185,29.860550458277277,30.049541283962576,1471900.0
LPB,2025-06-02,30.049541283962576,30.285779816069198,29.671559632591975,30.238532109647874,2236000.0
LPB,2025-06-03,30.52201834817582,30.52201834817582,30.19128440322655,30.238532109647874,1855500.0
LPB,2025-06-04,30.285779816069198,30.427522935333176,30.002293577541252,30.002293577541252,2137879.0
LPB,2025-06-05,30.144036696805223,30.144036696805223,29.860550458277277,30.049541283962576,1357500.0
LPB,2025-06-06,30.049541283962576,30.096788990383903,29.482568806906677,29.482568806906677,2476100.0
LPB,2025-06-09,29.482568806906677,29.766055045434626,29.01009174269343,29.529816513328,1903600.0
LPB,2025-06-10,29.766055045434626,30.427522935333176,29.577064219749328,29.7188073390133,2513300.0
LPB,2025-06-11,29.766055045434626,29.955045871119925,29.671559632591975,29.7188073390133,1112800.0
LPB,2025-06-12,30.144036696805223,30.238532109647874,29.766055045434626,29.9077981646986,1507600.0
LPB,2025-06-13,29.860550458277277,30.285779816069198,29.671559632591975,29.860550458277277,3082200.0
LPB,2025-06-16,29.955045871119925,30.19128440322655,29.81330275185595,29.9077981646986,1894200.0
LPB,2025-06-17,30.19128440322655,30.71100917386112,30.049541283962576,30.56926605459715,4079500.0
LPB,2025-06-18,30.71100917386112,30.71100917386112,30.144036696805223,30.19128440322655,2022800.0
LPB,2025-06-19,30.238532109647874,30.71100917386112,30.049541283962576,30.61651376101847,2732400.0
LPB,2025-06-20,30.758256880282445,30.758256880282445,30.144036696805223,30.144036696805223,2131100.0
LPB,2025-06-23,30.144036696805223,30.144036696805223,29.624311926170652,29.860550458277277,2902500.0
LPB,2025-06-24,30.049541283962576,30.285779816069198,29.955045871119925,30.049541283962576,1429600.0
LPB,2025-06-25,30.238532109647874,30.52201834817582,29.860550458277277,30.049541283962576,1492900.0
LPB,2025-06-26,30.049541283962576,30.238532109647874,29.766055045434626,30.049541283962576,1098600.0
LPB,2025-06-27,30.144036696805223,30.285779816069198,29.9077981646986,30.19128440322655,1900400.0
LPB,2025-06-30,30.285779816069198,30.61651376101847,30.19128440322655,30.4747706417545,2668800.0
LPB,2025-07-01,30.56926605459715,30.61651376101847,30.285779816069198,30.38027522891185,1413000.0
LPB,2025-07-02,30.427522935333176,30.758256880282445,30.38027522891185,30.56926605459715,2040300.0
LPB,2025-07-03,30.61651376101847,30.71100917386112,30.427522935333176,30.71100917386112,2873600.0
LPB,2025-07-04,30.852752293125096,31.325229357338344,30.71100917386112,30.947247705967747,3029600.0
LPB,2025-07-07,31.08899082523172,31.655963302287617,30.947247705967747,31.655963302287617,5401000.0
LPB,2025-07-08,31.79770642155159,32.12844036650087,31.419724770180995,31.84495412797292,2529300.0
LPB,2025-07-09,31.986697247236894,32.31743119218617,31.230733944495693,31.325229357338344,3893600.0
LPB,2025-07-10,31.419724770180995,31.466972476602315,31.18348623807437,31.466972476602315,2865500.0
LPB,2025-07-11,31.514220183023646,31.655963302287617,31.13623853165305,31.18348623807437,2344500.0
LPB,2025-07-14,31.27798165091702,31.37247706375967,30.852752293125096,31.0417431188104,1975700.0
LPB,2025-07-15,31.13623853165305,31.986697247236894,31.0417431188104,31.655963302287617,5402400.0
LPB,2025-07-16,31.79770642155159,32.27018348576484,31.70321100870894,31.939449540815566,2007300.0
LPB,2025-07-17,32.081192660079545,32.12844036650087,31.79770642155159,31.79770642155159,3964000.0
LPB,2025-07-18,31.84495412797292,32.93165137566339,31.561467889444966,32.69541284355677,4730200.0
LPB,2025-07-21,33.07339449492736,34.01834862335386,32.789908256399414,33.54587155914061,4473200.0
LPB,2025-07-22,33.64036697198326,33.923853210511204,33.12064220134869,33.923853210511204,2689600.0
LPB,2025-07-23,33.971100916932535,34.01834862335386,33.30963302703399,33.30963302703399,3786400.0
LPB,2025-07-24,33.356880733455306,34.01834862335386,33.16788990777001,33.54587155914061,2542900.0
LPB,2025-07-25,33.54587155914061,33.73486238482591,33.262385320612665,33.30963302703399,3459100.0
LPB,2025-07-28,33.45137614629796,34.58532110040976,33.262385320612665,34.53807339398843,7310700.0
LPB,2025-07-29,34.63256880683108,34.72706421967373,32.41192660502881,32.41192660502881,6304200.0
LPB,2025-07-30,32.41192660502881,33.07339449492736,31.939449540815566,32.31743119218617,3608800.0
LPB,2025-07-31,32.41192660502881,32.60091743071411,31.514220183023646,32.31743119218617,4618500.0
LPB,2025-08-01,32.364678898607494,32.60091743071411,31.608715595866297,32.60091743071411,3206500.0
LPB,2025-08-04,32.553669724292796,32.93165137566339,31.939449540815566,32.789908256399414,3170800.0
LPB,2025-08-05,32.789908256399414,34.53807339398843,32.789908256399414,33.356880733455306,10090400.0
LPB,2025-08-06,33.54587155914061,34.112844036196506,33.54587155914061,34.112844036196506,4140700.0
LPB,2025-08-07,34.49082568756711,34.49082568756711,33.30963302703399,33.82935779766856,4539800.0
LPB,2025-08-08,33.82935779766856,33.87660550408989,33.07339449492736,33.45137614629796,3405400.0
LPB,2025-08-11,33.54587155914061,33.82935779766856,33.16788990777001,33.82935779766856,3516100.0
LPB,2025-08-12,33.87660550408989,35.95550458662817,33.49862385271929,35.95550458662817,9571700.0
LPB,2025-08-13,36.3807339444201,37.98715596274514,36.3807339444201,37.04220183431865,10612000.0
LPB,2025-08-14,37.65642201779587,38.317889907694415,37.42018348568924,37.98715596274514,7688400.0
LPB,2025-08-15,38.50688073337972,38.50688073337972,36.47522935726275,36.853211008633345,6198200.0
LPB,2025-08-18,37.04220183431865,38.08165137558779,36.80596330221203,37.892660549902494,4128200.0
LPB,2025-08-19,38.22339449485177,40.491284403075355,37.98715596274514,40.44403669665403,4899400.0
LPB,2025-08-20,40.53853210949668,43.23165137551219,38.74311926548634,43.23165137551219,7174900.0
LPB,2025-08-21,45.35779816447181,46.25550458647699,44.03486238467472,45.735779815842406,6774000.0
LPB,2025-08-22,45.35779816447181,45.735779815842406,43.08990825624822,44.412844036045314,6733100.0
LPB,2025-08-25,44.46009174246664,44.83807339383724,42.52293577919232,42.52293577919232,5188100.0
LPB,2025-08-26,42.711926604877625,43.137155962669546,41.388990825080526,42.995412843405575,4276100.0
LPB,2025-08-27,43.46788990761882,43.46788990761882,41.388990825080526,41.388990825080526,4340800.0
LPB,2025-08-28,41.483486237923174,42.52293577919232,40.822018348024635,42.38119265992835,2568800.0
LPB,2025-08-29,42.38119265992835,43.18440366909088,41.814220182872454,42.52293577919232,3277600.0
LPB,2025-09-03,42.475688072771,43.08990825624822,41.57798165076583,42.239449540664374,2087200.0
LPB,2025-09-04,42.52293577919232,43.56238532046147,42.14495412782173,43.137155962669546,2894500.0
LPB,2025-09-05,43.23165137551219,43.60963302688279,42.003211008557756,42.003211008557756,3411400.0
LPB,2025-09-08,41.955963302136425,42.14495412782173,40.44403669665403,40.44403669665403,3503500.0
LPB,2025-09-09,40.491284403075355,41.19999999939523,39.26284403612091,39.97155963244078,2780100.0
LPB,2025-09-10,39.82981651317681,40.255045870968736,38.97935779759296,39.640825687491514,2478700.0
LPB,2025-09-11,39.68807339391284,42.19220183424305,38.17614678843044,41.57798165076583,4048200.0
LPB,2025-09-12,41.672477063608476,41.9087155957151,40.822018348024635,41.672477063608476,2607600.0
LPB,2025-09-15,41.86146788929377,42.2866972470857,41.1527522929739,42.097706421400396,2169100.0
LPB,2025-09-16,42.239449540664374,42.664678898456295,41.57798165076583,42.42844036634967,2792000.0
LPB,2025-09-17,42.94816513698425,42.995412843405575,42.05045871497907,42.80642201772027,2647400.0
LPB,2025-09-18,42.80642201772027,43.32614678835485,42.57018348561365,42.90091743056292,3137400.0
LPB,2025-09-19,43.18440366909088,44.554587155309285,42.61743119203497,43.94036697183207,3248400.0
LPB,2025-09-22,43.98761467825339,44.885321100258565,43.46788990761882,43.94036697183207,2214000.0
LPB,2025-09-23,44.12935779751737,44.412844036045314,43.04266054982689,43.98761467825339,1737200.0
LPB,2025-09-24,44.12935779751737,44.885321100258565,43.46788990761882,44.83807339383724,1755800.0
LPB,2025-09-25,44.93256880667989,46.066513760791686,44.83807339383724,45.31055045805049,2495300.0
LPB,2025-09-26,45.40504587089313,46.01926605437036,45.31055045805049,45.40504587089313,1670600.0
LPB,2025-09-29,45.452293577314464,45.83027522868506,44.74357798099459,45.16880733878651,2057000.0
LPB,2025-09-30,45.31055045805049,46.96422018279686,45.027064219522536,46.775229357111556,3644300.0
LPB,2025-10-01,46.96422018279686,48.476146788279245,46.96422018279686,48.1926605497513,4015900.0
LPB,2025-10-02,48.476146788279245,49.98807339376164,48.28715596259395,48.7596330268072,3834600.0
LPB,2025-10-03,48.948623852492496,49.89357798091899,48.5706422011219,49.61009174239104,2598000.0
LPB,2025-10-06,50.08256880660429,50.55504587081754,47.90917431122335,48.948623852492496,4121500.0
LPB,2025-10-07,49.04311926533514,50.74403669650284,48.85412843964985,49.704587155233696,2601500.0
LPB,2025-10-08,50.08256880660429,51.68899082492934,49.1376146781778,49.1376146781778,3051700.0
LPB,2025-10-09,49.1376146781778,49.61009174239104,48.09816513690865,48.381651375436604,4337400.0
LPB,2025-10-10,48.381651375436604,49.3266055038631,48.003669724066,48.7596330268072,4059000.0
LPB,2025-10-13,48.948623852492496,49.61009174239104,47.72018348553805,49.61009174239104,4073100.0
LPB,2025-10-14,49.98807339376164,50.366055045132235,48.665137613964546,48.665137613964546,2650000.0
LPB,2025-10-15,49.04311926533514,50.366055045132235,48.7596330268072,48.7596330268072,3496300.0
LPB,2025-10-16,49.1376146781778,49.61009174239104,47.814678898380706,48.476146788279245,3288000.0
LPB,2025-10-17,48.665137613964546,48.85412843964985,46.775229357111556,46.775229357111556,3542500.0
LPB,2025-10-20,46.96422018279686,48.003669724066,44.885321100258565,44.885321100258565,2593500.0
LPB,2025-10-21,46.8697247699542,48.003669724066,45.83027522868506,46.302752292898305,3562700.0
LPB,2025-10-22,47.058715595639505,48.003669724066,45.452293577314464,47.15321100848215,2666200.0
LPB,2025-10-23,47.625688072695404,49.61009174239104,46.96422018279686,48.476146788279245,2854700.0
LPB,2025-10-24,48.5706422011219,50.271559632289595,48.28715596259395,49.3266055038631,3688700.0
LPB,2025-10-27,49.704587155233696,49.799082568076344,48.476146788279245,49.04311926533514,3124500.0
LPB,2025-10-28,49.1376146781778,50.46055045797489,49.04311926533514,49.89357798091899,3299000.0
LPB,2025-10-29,50.08256880660429,51.405504586401385,49.799082568076344,50.933027522188134,2256100.0
LPB,2025-10-30,51.02752293503079,51.122018347873436,48.381651375436604,49.1376146781778,4331800.0
LPB,2025-10-31,49.42110091670574,50.74403669650284,47.90917431122335,47.90917431122335,2501400.0
LPB,2025-11-03,48.09816513690865,49.61009174239104,47.43669724701011,47.90917431122335,2264800.0
LPB,2025-11-04,48.28715596259395,49.61009174239104,48.1926605497513,48.85412843964985,3078200.0
LPB,2025-11-05,48.85412843964985,49.3266055038631,48.1926605497513,48.665137613964546,1680400.0
LPB,2025-11-06,48.85412843964985,49.515596329548394,47.90917431122335,48.665137613964546,2102400.0
LPB,2025-11-07,48.665137613964546,49.232110091020445,46.586238531426254,46.586238531426254,2775100.0
LPB,2025-11-10,47.342201834167454,48.09816513690865,45.64128440299976,45.64128440299976,1794100.0
LPB,2025-11-11,45.83027522868506,46.34999999931963,44.79082568741591,44.885321100258565,2380200.0
LPB,2025-11-12,45.12155963236519,46.16100917363433,44.74357798099459,45.97201834794903,1677300.0
LPB,2025-11-13,46.01926605437036,46.39724770574096,45.35779816447181,46.20825688005566,1408200.0
LPB,2025-11-14,46.302752292898305,47.15321100848215,45.92477064152771,47.15321100848215,1245800.0
LPB,2025-11-17,47.814678898380706,47.814678898380706,46.586238531426254,47.43669724701011,971600.0
LPB,2025-11-18,47.625688072695404,47.72018348553805,46.25550458647699,46.82247706353288,1442600.0
LPB,2025-11-19,46.8697247699542,46.91697247637553,45.877522935106384,46.775229357111556,1340500.0
LPB,2025-11-20,46.96422018279686,47.43669724701011,46.586238531426254,46.586238531426254,2216700.0
LPB,2025-11-21,46.586238531426254,46.96422018279686,45.83027522868506,45.877522935106384,1100000.0
LPB,2025-11-24,46.01926605437036,46.775229357111556,45.877522935106384,45.877522935106384,1263300.0
LPB,2025-11-25,45.92477064152771,46.586238531426254,45.83027522868506,46.302752292898305,1401600.0
LPB,2025-11-26,46.44449541216228,47.24770642132481,46.44449541216228,46.8697247699542,1648800.0
LPB,2025-11-27,47.01146788921818,47.43669724701011,46.49174311858361,46.586238531426254,1173300.0
LPB,2025-11-28,46.775229357111556,47.90917431122335,45.54678899015711,45.92477064152771,1510700.0
LPB,2025-12-01,46.113761467213,46.302752292898305,45.26330275162916,45.26330275162916,798600.0
LPB,2025-12-02,45.452293577314464,45.83027522868506,44.69633027457326,44.885321100258565,1318000.0
LPB,2025-12-03,45.35779816447181,46.302752292898305,45.35779816447181,45.92477064152771,1490800.0
LPB,2025-12-04,46.16100917363433,47.24770642132481,46.16100917363433,46.775229357111556,1216300.0
LPB,2025-12-05,46.91697247637553,46.91697247637553,45.452293577314464,45.452293577314464,1083400.0
LPB,2025-12-08,45.452293577314464,45.877522935106384,43.51513761404014,43.75137614614677,3065700.0
LPB,2025-12-09,43.845871558989415,43.845871558989415,41.19999999939523,41.57798165076583,4632400.0
LPB,2025-12-10,42.19220183424305,42.2866972470857,41.388990825080526,41.76697247645113,1499300.0
LPB,2025-12-11,42.05045871497907,42.995412843405575,41.814220182872454,42.05045871497907,1274100.0
LPB,2025-12-12,42.2866972470857,42.38119265992835,40.822018348024635,41.76697247645113,1570300.0
LPB,2025-12-15,41.9087155957151,41.9087155957151,40.16055045812608,40.44403669665403,1432500.0
LPB,2025-12-16,40.63302752233933,42.05045871497907,40.39678899023271,42.003211008557756,2136800.0
LPB,2025-12-17,42.239449540664374,42.33394495350702,40.916513760867275,41.57798165076583,1931400.0
LPB,2025-12-18,41.76697247645113,41.76697247645113,40.491284403075355,41.388990825080526,1671400.0
LPB,2025-12-19,41.57798165076583,44.22385321036001,41.10550458655258,41.10550458655258,1840800.0
LPB,2025-12-22,41.388990825080526,42.003211008557756,40.822018348024635,41.57798165076583,2655200.0
LPB,2025-12-23,41.814220182872454,41.814220182872454,38.97935779759296,39.499082568227536,12698600.0
LPB,2025-12-24,39.68807339391284,41.43623853150186,39.68807339391284,40.44403669665403,2615700.0
LPB,2025-12-25,40.63302752233933,40.916513760867275,39.68807339391284,39.68807339391284,27054000.0
LPB,2025-12-26,39.782568806755485,40.16055045812608,39.215596329699586,39.215596329699586,31093000.0
LPB,2025-12-29,39.215596329699586,39.82981651317681,39.16834862327826,39.499082568227536,27671100.0
LPB,2025-12-30,39.640825687491514,39.640825687491514,39.31009174254224,39.59357798107018,11053300.0
LPB,2025-12-31,39.735321100334154,39.735321100334154,39.16834862327826,39.499082568227536,19321900.0
LPB,2026-01-05,39.68807339391284,39.97155963244078,37.70366972421719,38.27064220127309,4157300.0
LPB,2026-01-06,38.45963302695839,39.54633027464886,38.317889907694415,39.40458715538489,4415000.0
LPB,2026-01-07,39.59357798107018,40.16055045812608,39.35733944896356,39.782568806755485,1271400.0
LPB,2026-01-08,39.87706421959814,39.97155963244078,39.12110091685694,39.68807339391284,1923900.0
LPB,2026-01-09,39.782568806755485,40.16055045812608,38.69587155906502,38.932110091171644,2099000.0
LPB,2026-01-12,39.12110091685694,40.11330275170476,39.026605504014285,40.066055045283434,2299400.0
LPB,2026-01-13,40.44403669665403,40.44403669665403,39.026605504014285,39.59357798107018,2377800.0
LPB,2026-01-14,39.782568806755485,39.87706421959814,38.97935779759296,39.40458715538489,36784900.0
LPB,2026-01-15,39.54633027464886,39.782568806755485,38.74311926548634,39.215596329699586,3318900.0
LPB,2026-01-16,39.31009174254224,39.82981651317681,38.932110091171644,39.45183486180621,1930100.0
LPB,2026-01-19,39.59357798107018,39.782568806755485,39.073853210435615,39.26284403612091,863600.0
LPB,2026-01-20,39.40458715538489,40.86926605444596,39.073853210435615,40.01880733886211,2743000.0
LPB,2026-01-21,40.16055045812608,42.52293577919232,40.16055045812608,40.58577981591801,3086500.0
LPB,2026-01-22,40.58577981591801,41.57798165076583,40.53853210949668,40.916513760867275,2759800.0
LPB,2026-01-23,41.483486237923174,41.483486237923174,39.59357798107018,40.066055045283434,1937200.0
LPB,2026-01-26,40.255045870968736,40.916513760867275,39.215596329699586,39.59357798107018,1421000.0
LPB,2026-01-27,39.68807339391284,40.207798164547405,39.59357798107018,39.68807339391284,1456100.0
LPB,2026-01-28,39.87706421959814,40.16055045812608,39.45183486180621,39.68807339391284,992500.0
LPB,2026-01-29,39.82981651317681,40.11330275170476,39.215596329699586,39.40458715538489,801400.0
LPB,2026-01-30,39.59357798107018,40.255045870968736,39.215596329699586,39.35733944896356,1478700.0
LPB,2026-02-02,39.215596329699586,39.87706421959814,38.50688073337972,39.68807339391284,1414600.0
LPB,2026-02-03,39.87706421959814,40.01880733886211,39.215596329699586,39.26284403612091,1255300.0
LPB,2026-02-04,39.40458715538489,39.87706421959814,39.40458715538489,39.87706421959814,1567200.0
LPB,2026-02-05,40.44403669665403,40.44403669665403,38.74311926548634,38.74311926548634,1331700.0
LPB,2026-02-06,38.83761467832899,39.59357798107018,38.17614678843044,39.59357798107018,1892700.0
LPB,2026-02-09,39.735321100334154,39.97155963244078,39.40458715538489,39.54633027464886,817400.0
LPB,2026-02-10,39.68807339391284,39.82981651317681,39.026605504014285,39.499082568227536,1611400.0
LPB,2026-02-11,39.640825687491514,39.924311926019456,39.35733944896356,39.735321100334154,1276800.0
LPB,2026-02-12,39.87706421959814,39.87706421959814,39.35733944896356,39.54633027464886,1516300.0
LPB,2026-02-13,39.640825687491514,40.349541283811384,38.79036697190766,39.735321100334154,2457800.0
LPB,2026-02-23,40.491284403075355,40.491284403075355,40.01880733886211,40.207798164547405,758700.0
LPB,2026-02-24,40.255045870968736,40.58577981591801,39.782568806755485,40.255045870968736,1448900.0
LPB,2026-02-25,40.30229357739005,40.491284403075355,39.735321100334154,39.97155963244078,6614400.0
LPB,2026-02-26,40.207798164547405,41.3417431186592,39.87706421959814,40.774770641603304,4545500.0
LPB,2026-02-27,41.10550458655258,41.86146788929377,40.39678899023271,40.68027522876066,1509700.0
LPB,2026-03-02,40.58577981591801,40.63302752233933,39.59357798107018,39.59357798107018,2108700.0
LPB,2026-03-03,40.349541283811384,40.349541283811384,39.215596329699586,40.066055045283434,1332600.0
LPB,2026-03-04,40.066055045283434,40.72752293518198,39.215596329699586,40.72752293518198,2091600.0
LPB,2026-03-05,41.10550458655258,41.10550458655258,39.68807339391284,40.491284403075355,5632300.0
LPB,2026-03-06,40.53853210949668,40.53853210949668,39.54633027464886,39.924311926019456,1469300.0
LPB,2026-03-09,39.68807339391284,39.735321100334154,37.325688072846596,38.12889908200912,6993400.0
LPB,2026-03-10,38.64862385264369,39.12110091685694,37.325688072846596,38.36513761411574,3558800.0
LPB,2026-03-11,38.317889907694415,39.499082568227536,37.60917431137454,39.40458715538489,2275300.0
LPB,2026-03-12,39.215596329699586,39.31009174254224,38.36513761411574,38.83761467832899,2167300.0
LPB,2026-03-13,38.83761467832899,39.499082568227536,38.64862385264369,39.215596329699586,3101600.0
LPB,2026-03-16,39.31009174254224,39.68807339391284,38.64862385264369,39.68807339391284,1219100.0
LPB,2026-03-17,39.97155963244078,41.672477063608476,39.87706421959814,40.963761467288606,3410600.0
LPB,2026-03-18,41.3417431186592,42.05045871497907,40.916513760867275,41.247247705816555,2196800.0
LPB,2026-03-19,41.247247705816555,41.483486237923174,39.215596329699586,41.483486237923174,4447600.0
LPB,2026-03-20,41.483486237923174,41.57798165076583,38.79036697190766,38.83761467832899,1972600.0
LPB,2026-03-23,38.83761467832899,40.207798164547405,38.69587155906502,38.88486238475031,2490300.0
LPB,2026-03-24,39.026605504014285,39.640825687491514,38.69587155906502,39.59357798107018,1020400.0
LPB,2026-03-25,39.68807339391284,39.97155963244078,39.16834862327826,39.499082568227536,953700.0
LPB,2026-03-26,39.59357798107018,39.68807339391284,39.16834862327826,39.499082568227536,636800.0
LPB,2026-03-27,39.499082568227536,39.87706421959814,39.40458715538489,39.499082568227536,1152800.0
LPB,2026-03-30,39.499082568227536,39.782568806755485,38.932110091171644,39.640825687491514,1489100.0
LPB,2026-03-31,39.735321100334154,40.01880733886211,39.215596329699586,39.59357798107018,1068300.0
LPB,2026-04-01,39.97155963244078,40.349541283811384,39.640825687491514,40.066055045283434,1737100.0
LPB,2026-04-02,40.255045870968736,40.255045870968736,39.16834862327826,39.499082568227536,995000.0
LPB,2026-04-03,39.499082568227536,41.10550458655258,39.499082568227536,40.72752293518198,2479400.0
LPB,2026-04-06,41.10550458655258,43.56238532046147,40.963761467288606,43.56238532046147,4021800.0
LPB,2026-04-07,44.03486238467472,45.877522935106384,43.845871558989415,45.35779816447181,3622800.0
LPB,2026-04-08,46.302752292898305,47.24770642132481,44.83807339383724,44.885321100258565,2219200.0
LPB,2026-04-09,44.97981651310121,46.6807339442689,44.64908256815194,45.35779816447181,1644100.0
LPB,2026-04-10,46.633486237847585,47.10596330206083,45.35779816447181,46.586238531426254,2186400.0
LPB,2026-04-13,46.6807339442689,47.342201834167454,45.21605504520784,45.31055045805049,3879000.0
LPB,2026-04-14,45.83027522868506,47.10596330206083,45.35779816447181,45.35779816447181,1909000.0
LPB,2026-04-15,45.92477064152771,46.01926605437036,45.07431192594387,45.07431192594387,2183700.0
LPB,2026-04-16,45.31055045805049,45.31055045805049,44.46009174246664,44.69633027457326,834900.0
LPB,2026-04-17,45.26330275162916,45.26330275162916,43.46788990761882,43.46788990761882,1563900.0
LPB,2026-04-20,44.12935779751737,45.16880733878651,43.46788990761882,43.46788990761882,1093800.0
LPB,2026-04-21,43.98761467825339,46.113761467213,43.65688073330412,44.46009174246664,3007500.0
LPB,2026-04-22,44.74357798099459,44.74357798099459,43.60963302688279,44.412844036045314,1670100.0
LPB,2026-04-23,44.64908256815194,44.79082568741591,43.893119265410746,43.94036697183207,1156000.0
LPB,2026-04-24,44.412844036045314,44.412844036045314,43.27889908193352,43.75137614614677,629300.0
LPB,2026-04-28,43.75137614614677,44.22385321036001,42.664678898456295,43.08990825624822,952100.0
LPB,2026-04-29,43.08990825624822,44.83807339383724,42.80642201772027,44.69633027457326,1345800.0
LPB,2026-05-04,44.69633027457326,45.07431192594387,43.845871558989415,44.412844036045314,813100.0
LPB,2026-05-05,44.601834861730616,45.83027522868506,44.31834862320267,45.452293577314464,2224600.0
LPB,2026-05-06,46.302752292898305,46.96422018279686,45.64128440299976,46.6807339442689,1457400.0
LPB,2026-05-07,46.775229357111556,49.3266055038631,46.53899082500493,48.381651375436604,3423900.0
LPB,2026-05-08,48.476146788279245,50.08256880660429,48.09816513690865,48.948623852492496,2636800.0
LPB,2026-05-11,48.948623852492496,50.55504587081754,47.53119265985275,49.89357798091899,1766700.0
LPB,2026-05-12,49.89357798091899,51.68899082492934,49.3266055038631,51.49999999924404,2667100.0
LPB,2026-05-13,55.09082568726472,55.09082568726472,51.31100917355874,51.49999999924404,2136300.0
LPB,2026-05-14,51.8,52.7,51.0,52.1,966800.0
