Symbol,Date,Open,High,Low,Close,Volume
MBB,2021-05-17,11.200237383229197,11.200237383229197,10.966202572236348,10.999636116663897,19242800.0
MBB,2021-05-18,10.982919344450124,11.200237383229197,10.899335483381249,11.133370294374096,23437800.0
MBB,2021-05-19,11.267104472084299,11.534572827504695,11.166803838801647,11.534572827504695,29553700.0
MBB,2021-05-20,11.601439916359796,11.61815668857357,11.45098896643582,11.534572827504695,18084900.0
MBB,2021-05-21,11.501139283077146,11.78532441071132,11.45098896643582,11.58472314414602,20507800.0
MBB,2021-05-24,11.634873460787345,11.701740549642444,11.501139283077146,11.61815668857357,20850647.0
MBB,2021-05-25,11.634873460787345,11.969208905062843,11.61815668857357,11.969208905062843,23053800.0
MBB,2021-05-26,12.286827577124567,12.537579160331191,12.236677260483242,12.537579160331191,34656500.0
MBB,2021-05-27,12.537579160331191,12.621163021400065,12.052792766131716,12.203243716055692,28678800.0
MBB,2021-05-28,12.236677260483242,12.604446249186292,12.102943082773043,12.604446249186292,26602900.0
MBB,2021-05-31,12.70474688246894,12.805047515751589,12.370411438193441,12.70474688246894,31204884.0
MBB,2021-06-01,12.90534814903424,12.988932010103115,12.73818042689649,12.77161397132404,16331400.0
MBB,2021-06-02,12.67131333804139,12.93878169346179,12.571012704758742,12.871914604606689,24153500.0
MBB,2021-06-03,13.373417771019938,13.75790353193676,13.323267454378612,13.75790353193676,30668200.0
MBB,2021-06-04,13.774620304150536,14.276123470563784,13.741186759722986,13.89163770964696,32896100.0
MBB,2021-06-07,13.874920937433185,13.874920937433185,13.039082326744438,13.289833909951062,31696500.0
MBB,2021-06-08,13.206250048882188,13.356700998806163,12.403844982620992,12.47071207147609,30434600.0
MBB,2021-06-09,12.403844982620992,12.972215237889337,12.286827577124567,12.888631376820463,30626600.0
MBB,2021-06-10,12.871914604606689,13.022365554530664,12.604446249186292,12.67131333804139,15906800.0
MBB,2021-06-11,12.77161397132404,13.356700998806163,12.621163021400065,13.172816504454637,25018200.0
MBB,2021-06-14,13.172816504454637,13.339984226592387,13.005648782316888,13.139382960027087,24990040.0
MBB,2021-06-15,13.139382960027087,13.356700998806163,12.922064921248014,13.139382960027087,24890500.0
MBB,2021-06-16,13.122666187813314,13.222966821095962,12.922064921248014,12.93878169346179,20732200.0
MBB,2021-06-17,12.70474688246894,13.373417771019938,12.67131333804139,13.339984226592387,26648987.0
MBB,2021-06-18,13.707753215295435,13.707753215295435,13.523868720943913,13.55730226537146,26123700.0
MBB,2021-06-21,13.507151948730137,13.69103644308166,13.406851315447486,13.59073580979901,18998600.0
MBB,2021-06-22,13.707753215295435,14.19253960949491,13.674319670867884,14.042088659570934,37323000.0
MBB,2021-06-23,14.125672520639808,14.19253960949491,13.874920937433185,14.008655115143384,23680200.0
MBB,2021-06-24,14.19253960949491,14.292840242777558,13.941788026288284,14.042088659570934,22522700.0
MBB,2021-06-25,14.042088659570934,14.108955748426034,13.808053848578083,14.075522203998483,18753300.0
MBB,2021-06-28,14.242689926136233,14.47672473712908,14.209256381708682,14.409857648273983,18644500.0
MBB,2021-06-29,14.443291192701533,14.64389245926683,14.209256381708682,14.526875053770407,18819800.0
MBB,2021-06-30,14.543591825984182,14.861210498045907,14.493441509342857,14.493441509342857,25995400.0
MBB,2021-07-01,14.510158281556631,14.610458914839281,14.292840242777558,14.526875053770407,25460700.0
MBB,2021-07-02,14.64389245926683,14.64389245926683,14.493441509342857,14.526875053770407,17761000.0
MBB,2021-07-05,14.543591825984182,14.560308598197956,14.125672520639808,14.409857648273983,26367400.0
MBB,2021-07-06,14.47672473712908,14.526875053770407,13.406851315447486,13.406851315447486,22496700.0
MBB,2021-07-07,13.707753215295435,14.075522203998483,13.206250048882188,14.075522203998483,31887800.0
MBB,2021-07-08,14.075522203998483,14.276123470563784,13.908354481860735,14.075522203998483,21379400.0
MBB,2021-07-09,13.925071254074508,14.242689926136233,13.774620304150536,13.99193834292961,38065300.0
MBB,2021-07-12,14.262750052792766,14.353020622747149,13.044097358408573,13.450314923203305,34721800.0
MBB,2021-07-13,13.585720778134881,13.811397203020842,13.224638498317342,13.450314923203305,14555900.0
MBB,2021-07-14,13.450314923203305,13.4728825656919,12.77328564854542,13.021529715919977,20570400.0
MBB,2021-07-15,12.908691503476996,13.29234142578313,12.863556218499804,13.224638498317342,16136300.0
MBB,2021-07-16,13.314909068271726,13.36004435324892,13.066665000897169,13.134367928362957,13390900.0
MBB,2021-07-19,12.637879793613843,12.953826788454188,12.231662228819113,12.254229871307707,22151000.0
MBB,2021-07-20,12.502473938682265,12.592744508636649,11.960850518955958,12.592744508636649,15529300.0
MBB,2021-07-21,12.683015078591035,12.908691503476996,12.592744508636649,12.637879793613843,12249700.0
MBB,2021-07-22,12.637879793613843,12.863556218499804,12.41220336872788,12.795853291034016,10504100.0
MBB,2021-07-23,12.683015078591035,12.81842093352261,12.52504158117086,12.52504158117086,12047700.0
MBB,2021-07-26,12.321932798773496,12.479906296193668,12.096256373887535,12.276797513796303,16225600.0
MBB,2021-07-27,12.367068083750688,12.52504158117086,12.321932798773496,12.367068083750688,11666100.0
MBB,2021-07-28,12.389635726239284,12.570176866148055,12.344500441262094,12.457338653705074,6161800.0
MBB,2021-07-29,12.592744508636649,12.81842093352261,12.547609223659459,12.81842093352261,16341000.0
MBB,2021-07-30,12.863556218499804,13.17950321334015,12.81842093352261,13.044097358408573,19015900.0
MBB,2021-08-02,13.044097358408573,13.134367928362957,12.908691503476996,12.99896207343138,13318124.0
MBB,2021-08-03,13.044097358408573,13.269773783294534,12.99896207343138,13.224638498317342,19370400.0
MBB,2021-08-04,13.314909068271726,13.4728825656919,13.29234142578313,13.40517963822611,17456900.0
MBB,2021-08-05,13.36004435324892,13.540585493157687,13.269773783294534,13.540585493157687,16668600.0
MBB,2021-08-06,13.540585493157687,13.585720778134881,13.36004435324892,13.382611995737514,13904200.0
MBB,2021-08-09,13.224638498317342,13.495450208180495,13.134367928362957,13.495450208180495,12853800.0
MBB,2021-08-10,13.563153135646285,13.630856063112072,13.314909068271726,13.382611995737514,13799700.0
MBB,2021-08-11,13.40517963822611,13.630856063112072,13.314909068271726,13.40517963822611,19533000.0
MBB,2021-08-12,13.450314923203305,13.540585493157687,13.314909068271726,13.314909068271726,9821900.0
MBB,2021-08-13,13.314909068271726,13.40517963822611,13.134367928362957,13.36004435324892,11259600.0
MBB,2021-08-16,13.36004435324892,14.082208912883996,13.314909068271726,13.991938342929611,31982200.0
MBB,2021-08-17,14.195047125326976,14.353020622747149,13.991938342929611,14.082208912883996,18558900.0
MBB,2021-08-18,13.991938342929611,14.149911840349784,13.991938342929611,14.037073627906803,12459700.0
MBB,2021-08-19,13.901667772975227,14.037073627906803,13.675991348089266,14.037073627906803,21204600.0
MBB,2021-08-20,13.991938342929611,13.991938342929611,13.29234142578313,13.495450208180495,33672200.0
MBB,2021-08-23,13.314909068271726,13.427747280714707,12.8861238609884,12.908691503476996,21997900.0
MBB,2021-08-24,12.908691503476996,12.976394430942785,12.683015078591035,12.8861238609884,14180800.0
MBB,2021-08-25,12.728150363568227,12.908691503476996,12.570176866148055,12.908691503476996,21188100.0
MBB,2021-08-26,12.908691503476996,12.931259145965592,12.637879793613843,12.683015078591035,14785481.0
MBB,2021-08-27,12.52504158117086,12.660447436102439,12.2993651562849,12.637879793613843,21868455.0
MBB,2021-08-30,12.683015078591035,13.044097358408573,12.637879793613843,12.81842093352261,16241712.0
MBB,2021-08-31,12.908691503476996,12.953826788454188,12.592744508636649,12.592744508636649,10433400.0
MBB,2021-09-01,12.592744508636649,12.728150363568227,12.502473938682265,12.592744508636649,12748600.0
MBB,2021-09-06,12.615312151125245,12.795853291034016,12.502473938682265,12.77328564854542,17914400.0
MBB,2021-09-07,12.863556218499804,13.021529715919977,12.795853291034016,12.908691503476996,20459000.0
MBB,2021-09-08,12.99896207343138,12.99896207343138,12.728150363568227,12.77328564854542,9354500.0
MBB,2021-09-09,12.728150363568227,12.863556218499804,12.637879793613843,12.81842093352261,10496000.0
MBB,2021-09-10,12.81842093352261,12.81842093352261,12.728150363568227,12.728150363568227,8476400.0
MBB,2021-09-13,12.615312151125245,12.77328564854542,12.52504158117086,12.592744508636649,13867800.0
MBB,2021-09-14,12.502473938682265,12.637879793613843,12.457338653705074,12.457338653705074,11069500.0
MBB,2021-09-15,12.41220336872788,12.457338653705074,12.276797513796303,12.389635726239284,11978800.0
MBB,2021-09-16,12.41220336872788,12.547609223659459,12.41220336872788,12.547609223659459,9774200.0
MBB,2021-09-17,12.637879793613843,12.637879793613843,12.479906296193668,12.570176866148055,9716700.0
MBB,2021-09-20,12.70558272107963,12.863556218499804,12.683015078591035,12.750718006056823,18234500.0
MBB,2021-09-21,12.592744508636649,12.683015078591035,12.479906296193668,12.637879793613843,9451000.0
MBB,2021-09-22,12.637879793613843,12.70558272107963,12.502473938682265,12.637879793613843,9303300.0
MBB,2021-09-23,12.637879793613843,12.728150363568227,12.547609223659459,12.592744508636649,11792100.0
MBB,2021-09-24,12.637879793613843,13.021529715919977,12.592744508636649,12.953826788454188,31129100.0
MBB,2021-09-27,13.044097358408573,13.089232643385765,12.637879793613843,12.637879793613843,9568900.0
MBB,2021-09-28,12.637879793613843,12.683015078591035,12.547609223659459,12.637879793613843,7590700.0
MBB,2021-09-29,12.637879793613843,12.728150363568227,12.52504158117086,12.547609223659459,11676600.0
MBB,2021-09-30,12.547609223659459,12.70558272107963,12.52504158117086,12.570176866148055,7382300.0
MBB,2021-10-01,12.592744508636649,12.615312151125245,12.2993651562849,12.389635726239284,18103211.0
MBB,2021-10-04,12.389635726239284,12.41220336872788,12.141391658864727,12.231662228819113,12234100.0
MBB,2021-10-05,12.209094586330515,12.367068083750688,12.209094586330515,12.367068083750688,9463100.0
MBB,2021-10-06,12.41220336872788,12.434771011216478,12.254229871307707,12.41220336872788,10057200.0
MBB,2021-10-07,12.592744508636649,12.592744508636649,12.434771011216478,12.479906296193668,6508000.0
MBB,2021-10-08,12.479906296193668,12.547609223659459,12.434771011216478,12.502473938682265,8131000.0
MBB,2021-10-11,12.547609223659459,12.99896207343138,12.52504158117086,12.99896207343138,25214700.0
MBB,2021-10-12,13.156935570851553,13.156935570851553,12.8861238609884,12.976394430942785,16399900.0
MBB,2021-10-13,13.134367928362957,13.134367928362957,12.908691503476996,12.908691503476996,10776700.0
MBB,2021-10-14,12.976394430942785,12.99896207343138,12.863556218499804,12.863556218499804,13310200.0
MBB,2021-10-15,12.976394430942785,12.976394430942785,12.795853291034016,12.81842093352261,8189500.0
MBB,2021-10-18,12.976394430942785,12.976394430942785,12.795853291034016,12.81842093352261,8432600.0
MBB,2021-10-19,12.863556218499804,12.863556218499804,12.683015078591035,12.728150363568227,10120000.0
MBB,2021-10-20,12.863556218499804,12.863556218499804,12.547609223659459,12.728150363568227,8937900.0
MBB,2021-10-21,12.863556218499804,12.863556218499804,12.592744508636649,12.592744508636649,10195600.0
MBB,2021-10-22,12.70558272107963,12.70558272107963,12.570176866148055,12.592744508636649,7578900.0
MBB,2021-10-25,12.615312151125245,12.637879793613843,12.457338653705074,12.457338653705074,9365400.0
MBB,2021-10-26,12.502473938682265,12.615312151125245,12.457338653705074,12.615312151125245,6836900.0
MBB,2021-10-27,12.637879793613843,12.81842093352261,12.615312151125245,12.81842093352261,10230000.0
MBB,2021-10-28,12.931259145965592,12.931259145965592,12.795853291034016,12.863556218499804,9106800.0
MBB,2021-10-29,12.863556218499804,12.908691503476996,12.728150363568227,12.863556218499804,10951500.0
MBB,2021-11-01,12.908691503476996,12.953826788454188,12.77328564854542,12.81842093352261,10652400.0
MBB,2021-11-02,12.77328564854542,12.863556218499804,12.750718006056823,12.81842093352261,10452300.0
MBB,2021-11-03,12.81842093352261,13.314909068271726,12.81842093352261,13.156935570851553,28097000.0
MBB,2021-11-04,13.202070855828746,13.24720614080594,13.021529715919977,13.044097358408573,10815400.0
MBB,2021-11-05,13.066665000897169,13.066665000897169,12.908691503476996,12.931259145965592,8314100.0
MBB,2021-11-08,12.931259145965592,12.99896207343138,12.81842093352261,12.863556218499804,13963500.0
MBB,2021-11-09,12.908691503476996,13.066665000897169,12.863556218499804,12.908691503476996,12353700.0
MBB,2021-11-10,12.99896207343138,12.99896207343138,12.8861238609884,12.908691503476996,10717900.0
MBB,2021-11-11,12.908691503476996,12.908691503476996,12.637879793613843,12.683015078591035,15999000.0
MBB,2021-11-12,12.637879793613843,12.8861238609884,12.637879793613843,12.8861238609884,10335800.0
MBB,2021-11-15,12.953826788454188,13.089232643385765,12.840988576011208,12.908691503476996,12611200.0
MBB,2021-11-16,12.99896207343138,13.066665000897169,12.863556218499804,12.931259145965592,14426000.0
MBB,2021-11-17,12.931259145965592,12.953826788454188,12.81842093352261,12.953826788454188,7030400.0
MBB,2021-11-18,12.953826788454188,12.953826788454188,12.77328564854542,12.77328564854542,15733900.0
MBB,2021-11-19,12.728150363568227,13.066665000897169,12.637879793613843,12.77328564854542,18472600.0
MBB,2021-11-22,12.840988576011208,13.314909068271726,12.81842093352261,13.17950321334015,23975700.0
MBB,2021-11-23,13.24720614080594,13.269773783294534,13.021529715919977,13.044097358408573,11955200.0
MBB,2021-11-24,13.044097358408573,13.946803057952419,12.976394430942785,13.946803057952419,43004800.0
MBB,2021-11-25,14.127344197861188,14.195047125326976,13.87910013048663,13.946803057952419,21849000.0
MBB,2021-11-26,14.037073627906803,14.0596412703954,13.608288420623476,13.675991348089266,23275847.0
MBB,2021-11-29,13.40517963822611,13.518017850669091,13.269773783294534,13.450314923203305,18687100.0
MBB,2021-11-30,13.608288420623476,13.630856063112072,13.044097358408573,13.089232643385765,24294000.0
MBB,2021-12-01,13.089232643385765,13.314909068271726,12.99896207343138,13.314909068271726,11250600.0
MBB,2021-12-02,13.382611995737514,13.40517963822611,13.134367928362957,13.134367928362957,8376200.0
MBB,2021-12-03,13.224638498317342,13.269773783294534,12.77328564854542,12.77328564854542,12442600.0
MBB,2021-12-06,12.77328564854542,12.8861238609884,12.186526943841919,12.41220336872788,16636900.0
MBB,2021-12-07,12.502473938682265,12.728150363568227,12.479906296193668,12.70558272107963,8072500.0
MBB,2021-12-08,12.728150363568227,12.953826788454188,12.660447436102439,12.81842093352261,7667700.0
MBB,2021-12-09,12.683015078591035,12.908691503476996,12.683015078591035,12.8861238609884,4955200.0
MBB,2021-12-10,12.931259145965592,12.953826788454188,12.750718006056823,12.795853291034016,6326300.0
MBB,2021-12-13,12.795853291034016,12.863556218499804,12.77328564854542,12.81842093352261,9079900.0
MBB,2021-12-14,12.795853291034016,12.908691503476996,12.728150363568227,12.750718006056823,6748600.0
MBB,2021-12-15,12.750718006056823,12.931259145965592,12.728150363568227,12.863556218499804,7061500.0
MBB,2021-12-16,12.99896207343138,12.99896207343138,12.728150363568227,12.750718006056823,7991600.0
MBB,2021-12-17,12.77328564854542,12.81842093352261,12.683015078591035,12.728150363568227,7844900.0
MBB,2021-12-20,12.728150363568227,12.750718006056823,12.592744508636649,12.592744508636649,8834200.0
MBB,2021-12-21,12.683015078591035,12.728150363568227,12.570176866148055,12.615312151125245,6769500.0
MBB,2021-12-22,12.615312151125245,12.660447436102439,12.434771011216478,12.479906296193668,9235500.0
MBB,2021-12-23,12.547609223659459,12.570176866148055,12.231662228819113,12.321932798773496,10498700.0
MBB,2021-12-24,12.2993651562849,12.70558272107963,12.2993651562849,12.70558272107963,7750150.0
MBB,2021-12-27,12.77328564854542,12.81842093352261,12.592744508636649,12.70558272107963,4355400.0
MBB,2021-12-28,12.795853291034016,12.81842093352261,12.660447436102439,12.77328564854542,7642500.0
MBB,2021-12-29,12.840988576011208,13.021529715919977,12.750718006056823,12.77328564854542,10066500.0
MBB,2021-12-30,12.908691503476996,12.976394430942785,12.77328564854542,12.840988576011208,5636200.0
MBB,2021-12-31,12.953826788454188,13.24720614080594,12.863556218499804,13.044097358408573,13349200.0
MBB,2022-01-04,13.17950321334015,13.269773783294534,13.111800285874361,13.134367928362957,10081700.0
MBB,2022-01-05,13.134367928362957,13.156935570851553,12.931259145965592,12.953826788454188,10392300.0
MBB,2022-01-06,12.863556218499804,12.908691503476996,12.70558272107963,12.795853291034016,13251400.0
MBB,2022-01-07,12.795853291034016,13.021529715919977,12.77328564854542,12.908691503476996,10327200.0
MBB,2022-01-10,12.8861238609884,12.976394430942785,12.683015078591035,12.683015078591035,12633400.0
MBB,2022-01-11,12.750718006056823,12.863556218499804,12.592744508636649,12.592744508636649,9014846.0
MBB,2022-01-12,12.728150363568227,13.17950321334015,12.660447436102439,13.17950321334015,15389300.0
MBB,2022-01-13,13.40517963822611,13.924235415463823,13.337476710760322,13.40517963822611,35345700.0
MBB,2022-01-14,13.314909068271726,13.608288420623476,13.202070855828746,13.382611995737514,9995100.0
MBB,2022-01-17,13.40517963822611,13.87910013048663,13.314909068271726,13.314909068271726,30724300.0
MBB,2022-01-18,13.40517963822611,13.698558990577862,13.314909068271726,13.495450208180495,14608700.0
MBB,2022-01-19,13.630856063112072,13.901667772975227,13.36004435324892,13.36004435324892,12757700.0
MBB,2022-01-20,13.40517963822611,13.76626191804365,13.202070855828746,13.630856063112072,16809800.0
MBB,2022-01-21,13.630856063112072,14.57869704763311,13.585720778134881,14.353020622747149,51731200.0
MBB,2022-01-24,14.375588265235747,14.894644042473457,14.28531769528136,14.488426477678727,34158700.0
MBB,2022-01-25,14.443291192701533,14.75923818754188,14.398155907724341,14.714102902564688,21117500.0
MBB,2022-01-26,14.872076399984863,15.300861607268187,14.804373472519071,15.030049897405032,27764600.0
MBB,2022-01-27,14.894644042473457,15.05261753989363,14.69153526007609,14.894644042473457,20450800.0
MBB,2022-01-28,15.030049897405032,15.436267462199766,14.984914612427843,15.210591037313804,25385200.0
MBB,2022-02-07,15.481402747176956,15.571673317131342,15.142888109848013,15.255726322290993,18057700.0
MBB,2022-02-08,15.16545575233661,15.413699819711168,15.030049897405032,15.255726322290993,19013100.0
MBB,2022-02-09,15.255726322290993,15.413699819711168,15.030049897405032,15.030049897405032,22270700.0
MBB,2022-02-10,14.984914612427843,15.436267462199766,14.917211684962052,15.233158679802399,23942500.0
MBB,2022-02-11,15.233158679802399,15.413699819711168,15.210591037313804,15.323429249756785,14332900.0
MBB,2022-02-14,15.120320467359418,15.255726322290993,14.443291192701533,14.443291192701533,28508600.0
MBB,2022-02-15,14.510994120167322,14.849508757496263,14.420723550212937,14.75923818754188,20740800.0
MBB,2022-02-16,14.872076399984863,14.917211684962052,14.556129405144516,14.736670545053283,9803114.0
MBB,2022-02-17,14.736670545053283,14.984914612427843,14.714102902564688,14.984914612427843,9369800.0
MBB,2022-02-18,14.849508757496263,14.917211684962052,14.69153526007609,14.736670545053283,15583400.0
MBB,2022-02-21,14.714102902564688,14.849508757496263,14.375588265235747,14.736670545053283,18822600.0
MBB,2022-02-22,14.668967617587496,15.526538032154148,14.488426477678727,15.526538032154148,38271700.0
MBB,2022-02-23,15.616808602108534,15.75221445704011,15.413699819711168,15.503970389665554,17435400.0
MBB,2022-02-24,15.34599689224538,15.707079172062917,14.984914612427843,15.34599689224538,30233600.0
MBB,2022-02-25,15.549105674642746,15.75221445704011,15.391132177222573,15.391132177222573,16862200.0
MBB,2022-02-28,15.368564534733975,15.707079172062917,15.34599689224538,15.526538032154148,13133800.0
MBB,2022-03-01,15.616808602108534,15.75221445704011,15.278293964779593,15.34599689224538,17436200.0
MBB,2022-03-02,15.255726322290993,15.255726322290993,14.623832332610302,14.668967617587496,52261000.0
MBB,2022-03-03,14.849508757496263,15.030049897405032,14.262750052792766,14.93977932745065,30474900.0
MBB,2022-03-04,14.894644042473457,15.030049897405032,14.714102902564688,14.849508757496263,17200400.0
MBB,2022-03-07,14.53356176265592,14.736670545053283,14.443291192701533,14.53356176265592,20117300.0
MBB,2022-03-08,14.353020622747149,14.443291192701533,13.991938342929611,13.991938342929611,28272500.0
MBB,2022-03-09,13.991938342929611,14.127344197861188,13.65342370560067,13.87910013048663,24181200.0
MBB,2022-03-10,14.127344197861188,14.330452980258553,13.991938342929611,14.014505985418207,12343900.0
MBB,2022-03-11,14.014505985418207,14.307885337769957,14.014505985418207,14.195047125326976,11301100.0
MBB,2022-03-14,14.217614767815572,14.443291192701533,14.082208912883996,14.28531769528136,17842500.0
MBB,2022-03-15,14.398155907724341,14.398155907724341,14.149911840349784,14.262750052792766,8725000.0
MBB,2022-03-16,14.510994120167322,14.623832332610302,14.398155907724341,14.488426477678727,11226300.0
MBB,2022-03-17,14.6463999750989,14.781805830030477,14.53356176265592,14.556129405144516,11205500.0
MBB,2022-03-18,14.668967617587496,14.69153526007609,14.443291192701533,14.488426477678727,14174500.0
MBB,2022-03-21,14.57869704763311,14.57869704763311,14.353020622747149,14.53356176265592,11892900.0
MBB,2022-03-22,14.53356176265592,14.75923818754188,14.53356176265592,14.6463999750989,11492800.0
MBB,2022-03-23,14.668967617587496,14.75923818754188,14.510994120167322,14.510994120167322,11169900.0
MBB,2022-03-24,14.46585883519013,14.601264690121708,14.443291192701533,14.46585883519013,10045000.0
MBB,2022-03-25,14.46585883519013,14.53356176265592,14.353020622747149,14.353020622747149,9385930.0
MBB,2022-03-28,14.353020622747149,14.420723550212937,14.037073627906803,14.217614767815572,15941700.0
MBB,2022-03-29,14.28531769528136,14.443291192701533,14.217614767815572,14.443291192701533,8875214.0
MBB,2022-03-30,14.398155907724341,15.075185182382226,14.353020622747149,14.736670545053283,32305400.0
MBB,2022-03-31,14.736670545053283,14.93977932745065,14.736670545053283,14.872076399984863,19204300.0
MBB,2022-04-01,14.894644042473457,15.120320467359418,14.804373472519071,15.030049897405032,16261600.0
MBB,2022-04-04,15.233158679802399,15.233158679802399,14.894644042473457,14.894644042473457,12220200.0
MBB,2022-04-05,14.872076399984863,14.984914612427843,14.736670545053283,14.736670545053283,9989300.0
MBB,2022-04-06,14.736670545053283,15.120320467359418,14.668967617587496,15.05261753989363,16787300.0
MBB,2022-04-07,15.142888109848013,15.526538032154148,15.120320467359418,15.210591037313804,24107500.0
MBB,2022-04-08,15.233158679802399,15.34599689224538,14.93977932745065,14.984914612427843,11429800.0
MBB,2022-04-12,14.984914612427843,15.007482254916438,14.53356176265592,14.556129405144516,15826650.0
MBB,2022-04-13,14.556129405144516,14.804373472519071,14.53356176265592,14.714102902564688,13761000.0
MBB,2022-04-14,14.75923818754188,14.849508757496263,14.57869704763311,14.57869704763311,7906600.0
MBB,2022-04-15,14.57869704763311,14.601264690121708,14.127344197861188,14.17247948283838,17430600.0
MBB,2022-04-18,14.127344197861188,14.127344197861188,13.608288420623476,13.675991348089266,18692400.0
MBB,2022-04-19,13.76626191804365,13.924235415463823,13.224638498317342,13.224638498317342,13151000.0
MBB,2022-04-20,13.269773783294534,13.563153135646285,13.156935570851553,13.314909068271726,13037400.0
MBB,2022-04-21,13.314909068271726,13.788829560532246,13.134367928362957,13.540585493157687,12604800.0
MBB,2022-04-22,13.675991348089266,13.901667772975227,13.450314923203305,13.540585493157687,11453500.0
MBB,2022-04-25,13.630856063112072,13.76626191804365,12.592744508636649,12.683015078591035,18971230.0
MBB,2022-04-26,12.637879793613843,13.29234142578313,12.186526943841919,13.24720614080594,14781200.0
MBB,2022-04-27,13.202070855828746,13.427747280714707,13.021529715919977,13.40517963822611,7371506.0
MBB,2022-04-28,13.450314923203305,13.495450208180495,13.269773783294534,13.29234142578313,6733100.0
MBB,2022-04-29,13.24720614080594,13.495450208180495,13.224638498317342,13.450314923203305,8536800.0
MBB,2022-05-04,13.450314923203305,13.4728825656919,13.044097358408573,13.044097358408573,7874800.0
MBB,2022-05-05,13.224638498317342,13.224638498317342,12.750718006056823,13.089232643385765,6934400.0
MBB,2022-05-06,12.863556218499804,12.99896207343138,12.637879793613843,12.637879793613843,8851900.0
MBB,2022-05-09,12.457338653705074,12.547609223659459,11.802877021535783,11.825444664024381,17976400.0
MBB,2022-05-10,11.644903524115612,12.209094586330515,11.328956529275267,12.209094586330515,10941700.0
MBB,2022-05-11,12.209094586330515,12.41220336872788,12.051121088910342,12.41220336872788,6684300.0
MBB,2022-05-12,12.186526943841919,12.321932798773496,11.577200596649822,11.577200596649822,14225800.0
MBB,2022-05-13,11.735174094069997,11.825444664024381,10.877603679503343,10.877603679503343,20952100.0
MBB,2022-05-16,11.374091814252457,11.441794741718248,11.058144819412112,11.103280104389304,7532400.0
MBB,2022-05-17,11.1258477468779,11.870579949001574,11.080712461900708,11.870579949001574,12257400.0
MBB,2022-05-18,12.096256373887535,12.41220336872788,11.915715233978766,12.028553446421746,8797000.0
MBB,2022-05-19,11.825444664024381,12.209094586330515,11.735174094069997,12.073688731398939,6315300.0
MBB,2022-05-20,12.096256373887535,12.2993651562849,12.00598580393315,12.186526943841919,5801800.0
MBB,2022-05-23,12.186526943841919,12.231662228819113,11.780309379047189,11.870579949001574,9820000.0
MBB,2022-05-24,11.960850518955958,12.11882401637613,11.802877021535783,12.11882401637613,7826733.0
MBB,2022-05-25,12.186526943841919,12.750718006056823,12.186526943841919,12.660447436102439,11108300.0
MBB,2022-05-26,12.77328564854542,12.77328564854542,12.479906296193668,12.479906296193668,7690832.0
MBB,2022-05-27,12.502473938682265,12.70558272107963,12.434771011216478,12.637879793613843,8514100.0
MBB,2022-05-30,12.750718006056823,12.750718006056823,12.592744508636649,12.683015078591035,8318900.0
MBB,2022-05-31,12.637879793613843,12.637879793613843,12.41220336872788,12.52504158117086,5342900.0
MBB,2022-06-01,12.457338653705074,12.637879793613843,12.434771011216478,12.457338653705074,4563800.0
MBB,2022-06-02,12.434771011216478,12.570176866148055,12.276797513796303,12.276797513796303,6998000.0
MBB,2022-06-03,12.2993651562849,12.367068083750688,12.028553446421746,12.367068083750688,5169400.0
MBB,2022-06-06,12.367068083750688,12.434771011216478,12.141391658864727,12.2993651562849,6941900.0
MBB,2022-06-07,12.321932798773496,12.321932798773496,11.915715233978766,12.163959301353323,6239200.0
MBB,2022-06-08,12.276797513796303,12.683015078591035,12.163959301353323,12.615312151125245,12131100.0
MBB,2022-06-09,12.70558272107963,12.70558272107963,12.41220336872788,12.547609223659459,5540200.0
MBB,2022-06-10,12.41220336872788,12.637879793613843,12.389635726239284,12.41220336872788,6314900.0
MBB,2022-06-13,12.096256373887535,12.096256373887535,11.554632954161228,11.577200596649822,18245300.0
MBB,2022-06-14,11.283821244298073,11.690038809092803,11.283821244298073,11.509497669184034,8944900.0
MBB,2022-06-15,11.396659456741054,11.509497669184034,10.922738964480535,11.23868595932088,18315400.0
MBB,2022-06-16,11.283821244298073,11.464362384206842,11.23868595932088,11.23868595932088,7952300.0
MBB,2022-06-17,10.674494897105976,10.877603679503343,10.471386114708611,10.516521399685805,30982800.0
MBB,2022-06-20,10.516521399685805,10.674494897105976,9.862059767516516,10.155439119868266,9798800.0
MBB,2022-06-21,10.155439119868266,10.335980259777035,9.952330337470901,10.13287147737967,16200400.0
MBB,2022-06-22,10.223142047334054,10.787333109548957,10.223142047334054,10.584224327151592,11852900.0
MBB,2022-06-23,10.493953757197207,10.855036037014747,10.493953757197207,10.855036037014747,5799300.0
MBB,2022-06-24,10.922738964480535,10.922738964480535,10.697062539594572,10.697062539594572,3852800.0
MBB,2022-06-27,10.742197824571766,10.922738964480535,10.651927254617382,10.877603679503343,7151500.0
MBB,2022-06-28,10.697062539594572,11.374091814252457,10.674494897105976,11.148415389366496,14803600.0
MBB,2022-06-29,11.080712461900708,11.328956529275267,10.990441891946324,11.148415389366496,9959600.0
MBB,2022-06-30,11.170983031855092,11.23868595932088,10.922738964480535,10.922738964480535,8752100.0
MBB,2022-07-01,10.71963018208317,11.01300953443492,10.584224327151592,10.922738964480535,8241900.0
MBB,2022-07-04,10.990441891946324,11.1258477468779,10.877603679503343,11.103280104389304,6680300.0
MBB,2022-07-05,11.1258477468779,11.644903524115612,11.058144819412112,11.486930026695438,23747500.0
MBB,2022-07-06,11.283821244298073,11.532065311672632,11.216118316832286,11.23868595932088,13220300.0
MBB,2022-07-07,11.23868595932088,11.441794741718248,11.058144819412112,11.328956529275267,6572600.0
MBB,2022-07-08,11.419227099229651,11.419227099229651,11.261253601809477,11.306388886786669,5992300.0
MBB,2022-07-11,11.23868595932088,11.306388886786669,10.967874249457727,11.01300953443492,10845700.0
MBB,2022-07-12,11.058144819412112,11.374091814252457,10.990441891946324,11.306388886786669,6215800.0
MBB,2022-07-13,11.419227099229651,11.622335881627016,11.328956529275267,11.419227099229651,10684300.0
MBB,2022-07-14,11.351524171763861,11.532065311672632,11.351524171763861,11.509497669184034,8647200.0
MBB,2022-07-15,11.509497669184034,11.599768239138418,11.464362384206842,11.486930026695438,18305100.0
MBB,2022-07-18,11.509497669184034,11.599768239138418,11.464362384206842,11.464362384206842,7144600.0
MBB,2022-07-19,11.441794741718248,11.464362384206842,11.283821244298073,11.374091814252457,5149500.0
MBB,2022-07-20,11.509497669184034,11.577200596649822,11.464362384206842,11.532065311672632,7281800.0
MBB,2022-07-21,11.509497669184034,11.622335881627016,11.509497669184034,11.554632954161228,6680900.0
MBB,2022-07-22,11.554632954161228,11.690038809092803,11.532065311672632,11.532065311672632,7750100.0
MBB,2022-07-25,11.486930026695438,11.532065311672632,11.374091814252457,11.396659456741054,3774800.0
MBB,2022-07-26,11.396659456741054,11.486930026695438,11.328956529275267,11.351524171763861,3728300.0
MBB,2022-07-27,11.283821244298073,11.328956529275267,11.170983031855092,11.23868595932088,6506100.0
MBB,2022-07-28,11.396659456741054,11.622335881627016,11.328956529275267,11.532065311672632,9473500.0
MBB,2022-07-29,11.599768239138418,11.622335881627016,11.509497669184034,11.577200596649822,10398500.0
MBB,2022-08-01,11.599768239138418,11.960850518955958,11.577200596649822,11.960850518955958,12265800.0
MBB,2022-08-02,11.938282876467362,12.11882401637613,11.870579949001574,12.051121088910342,10911500.0
MBB,2022-08-03,12.00598580393315,12.141391658864727,11.825444664024381,12.141391658864727,10531300.0
MBB,2022-08-04,12.163959301353323,12.276797513796303,12.096256373887535,12.163959301353323,12912800.0
MBB,2022-08-05,12.141391658864727,12.163959301353323,11.983418161444554,12.163959301353323,7492000.0
MBB,2022-08-08,12.186526943841919,12.276797513796303,12.096256373887535,12.231662228819113,10046500.0
MBB,2022-08-09,12.367068083750688,12.457338653705074,12.276797513796303,12.344500441262094,11481300.0
MBB,2022-08-10,12.367068083750688,12.389635726239284,12.231662228819113,12.276797513796303,6486700.0
MBB,2022-08-11,12.389635726239284,12.41220336872788,12.073688731398939,12.096256373887535,12298200.0
MBB,2022-08-12,12.096256373887535,12.231662228819113,12.051121088910342,12.209094586330515,7135000.0
MBB,2022-08-15,12.321932798773496,12.457338653705074,12.2993651562849,12.344500441262094,8729700.0
MBB,2022-08-16,12.321932798773496,12.367068083750688,12.254229871307707,12.2993651562849,7737900.0
MBB,2022-08-17,12.321932798773496,12.570176866148055,12.321932798773496,12.52504158117086,15804600.0
MBB,2022-08-18,12.502473938682265,12.570176866148055,12.434771011216478,12.479906296193668,9715514.0
MBB,2022-08-19,12.502473938682265,12.502473938682265,12.41220336872788,12.457338653705074,9175300.0
MBB,2022-08-22,12.619825679622965,12.70106919258191,12.457338653705072,12.511500995677704,10940300.0
MBB,2022-08-23,12.34901396975981,12.592744508636649,12.34901396975981,12.565663337650333,6729900.0
MBB,2022-08-24,12.592744508636649,12.673988021595594,12.538582166664018,12.619825679622965,7315600.0
MBB,2022-08-25,12.673988021595594,12.80939387652717,12.592744508636649,12.80939387652717,11701700.0
MBB,2022-08-26,12.863556218499802,12.944799731458748,12.782312705540857,12.782312705540857,14873100.0
MBB,2022-08-29,12.484419824691388,12.728150363568226,12.40317631173244,12.673988021595594,13400600.0
MBB,2022-08-30,12.755231534554541,12.944799731458748,12.70106919258191,12.80939387652717,15484300.0
MBB,2022-08-31,12.80939387652717,12.971880902445063,12.755231534554541,12.863556218499802,7198100.0
MBB,2022-09-05,12.836475047513487,12.944799731458748,12.755231534554541,12.782312705540857,6720300.0
MBB,2022-09-06,12.782312705540857,12.944799731458748,12.755231534554541,12.80939387652717,6889300.0
MBB,2022-09-07,12.836475047513487,12.890637389486118,12.457338653705072,12.457338653705072,22828600.0
MBB,2022-09-08,12.511500995677704,12.592744508636649,12.321932798773494,12.34901396975981,8001700.0
MBB,2022-09-09,12.430257482718757,12.430257482718757,12.05112108891034,12.294851627787178,8649500.0
MBB,2022-09-12,12.457338653705072,12.457338653705072,12.240689285814549,12.240689285814549,3253100.0
MBB,2022-09-13,12.267770456800863,12.321932798773494,12.186526943841917,12.213608114828233,5229702.0
MBB,2022-09-14,11.94279640496508,12.159445772855602,11.915715233978764,12.132364601869286,7134660.0
MBB,2022-09-15,12.159445772855602,12.213608114828233,11.94279640496508,11.99695874693771,5553800.0
MBB,2022-09-16,12.05112108891034,12.105283430882972,11.780309379047187,11.807390550033503,7455700.0
MBB,2022-09-19,11.753228208060872,11.807390550033503,11.374091814252457,11.374091814252457,9465000.0
MBB,2022-09-20,11.563660011156665,11.563660011156665,11.347010643266142,11.563660011156665,11245100.0
MBB,2022-09-21,11.482416498197718,11.482416498197718,11.347010643266142,11.482416498197718,5322800.0
MBB,2022-09-22,11.374091814252457,11.509497669184034,11.292848301293512,11.509497669184034,10475000.0
MBB,2022-09-23,11.482416498197718,11.563660011156665,11.374091814252457,11.374091814252457,5918800.0
MBB,2022-09-26,11.157442446361934,11.319929472279824,10.778306052553518,10.88663073649878,12166800.0
MBB,2022-09-27,11.022036591430357,11.022036591430357,10.832468394526149,10.94079307847141,4627700.0
MBB,2022-09-28,10.832468394526149,10.967874249457726,10.805387223539833,10.805387223539833,3502300.0
MBB,2022-09-29,10.94079307847141,10.967874249457726,10.724143710580888,10.724143710580888,4792100.0
MBB,2022-09-30,10.669981368608257,10.832468394526149,10.453332000717735,10.832468394526149,9327300.0
MBB,2022-10-03,10.778306052553518,10.778306052553518,10.074195606909319,10.128357948881948,12480600.0
MBB,2022-10-04,10.399169658745103,10.399169658745103,10.020033264936687,10.18252029085458,19266300.0
MBB,2022-10-05,10.345007316772474,10.53457551367668,10.317926145786158,10.399169658745103,6009102.0
MBB,2022-10-06,10.372088487758788,10.372088487758788,9.77630272605985,9.803383897046166,10662400.0
MBB,2022-10-07,9.505491016196697,9.640896871128273,9.126354622388282,9.180516964360912,49913300.0
MBB,2022-10-10,9.180516964360912,9.42424750323775,8.963867596470388,9.343003990278804,16899200.0
MBB,2022-10-11,9.37008516126512,9.37008516126512,8.693055886607235,8.693055886607235,24427515.0
MBB,2022-10-12,8.747218228579865,9.288841648306173,8.747218228579865,9.288841648306173,17211112.0
MBB,2022-10-13,9.288841648306173,9.505491016196697,9.207598135347228,9.42424750323775,16568200.0
MBB,2022-10-14,9.695059213100903,9.911708580991426,9.532572187183012,9.640896871128273,17197600.0
MBB,2022-10-17,9.586734529155642,9.640896871128273,9.261760477319859,9.47840984521038,10653460.0
MBB,2022-10-18,9.722140384087218,9.857546239018795,9.451328674224065,9.505491016196697,12959300.0
MBB,2022-10-19,9.586734529155642,9.640896871128273,9.343003990278804,9.47840984521038,5589900.0
MBB,2022-10-20,9.451328674224065,9.47840984521038,9.288841648306173,9.288841648306173,7715000.0
MBB,2022-10-21,9.343003990278804,9.343003990278804,8.72013705759355,8.72013705759355,22206400.0
MBB,2022-10-24,8.828461741538812,8.909705254497757,8.36808183477145,8.449325347730396,20323900.0
MBB,2022-10-25,8.530568860689343,9.018029938443018,8.395163005757766,8.882624083511441,17036100.0
MBB,2022-10-26,8.882624083511441,9.099273451401965,8.801380570552496,8.882624083511441,7294900.0
MBB,2022-10-27,8.936786425484073,9.47840984521038,8.936786425484073,9.47840984521038,19344160.0
MBB,2022-10-28,9.640896871128273,9.83046506803248,9.42424750323775,9.559653358169326,20121300.0
MBB,2022-10-31,9.586734529155642,9.695059213100903,9.207598135347228,9.586734529155642,16347865.0
MBB,2022-11-01,9.749221555073534,9.965870922964056,9.667978042114589,9.749221555073534,21038200.0
MBB,2022-11-02,9.749221555073534,9.857546239018795,9.640896871128273,9.695059213100903,10492800.0
MBB,2022-11-03,9.559653358169326,9.749221555073534,9.532572187183012,9.559653358169326,10779800.0
MBB,2022-11-04,9.397166332251436,9.695059213100903,8.936786425484073,9.695059213100903,27900600.0
MBB,2022-11-07,9.532572187183012,9.613815700141958,9.180516964360912,9.180516964360912,21275800.0
MBB,2022-11-08,9.07219228041565,9.451328674224065,8.990948767456704,9.315922819292489,15833300.0
MBB,2022-11-09,9.37008516126512,9.505491016196697,9.153435793374594,9.180516964360912,9628660.0
MBB,2022-11-10,9.126354622388282,9.153435793374594,8.557650031675658,8.557650031675658,20136100.0
MBB,2022-11-11,8.801380570552496,9.045111109429333,8.638893544634604,8.66597471562092,15932600.0
MBB,2022-11-14,8.638893544634604,8.638893544634604,8.178513637867242,8.232675979839874,13805400.0
MBB,2022-11-15,8.124351295894613,8.232675979839874,7.6639713891272505,7.6639713891272505,26979739.0
MBB,2022-11-16,7.284834995318835,8.178513637867242,7.149429140387258,8.178513637867242,26519000.0
MBB,2022-11-17,8.313919492798819,8.61181237364829,8.178513637867242,8.503487689703027,15692700.0
MBB,2022-11-18,8.395163005757766,8.77429939956618,8.124351295894613,8.503487689703027,14111100.0
MBB,2022-11-21,8.61181237364829,8.72013705759355,8.449325347730396,8.503487689703027,14103500.0
MBB,2022-11-22,8.503487689703027,8.909705254497757,8.449325347730396,8.557650031675658,20674200.0
MBB,2022-11-23,8.557650031675658,8.72013705759355,8.503487689703027,8.503487689703027,7831600.0
MBB,2022-11-24,8.476406518716711,8.584731202661972,8.341000663785135,8.503487689703027,9392200.0
MBB,2022-11-25,8.557650031675658,8.77429939956618,8.530568860689343,8.77429939956618,10235300.0
MBB,2022-11-28,8.909705254497757,9.315922819292489,8.882624083511441,9.315922819292489,15504800.0
MBB,2022-11-29,9.315922819292489,9.451328674224065,9.099273451401965,9.315922819292489,16620000.0
MBB,2022-11-30,9.37008516126512,9.505491016196697,9.180516964360912,9.42424750323775,13769000.0
MBB,2022-12-01,9.586734529155642,9.965870922964056,9.451328674224065,9.640896871128273,27781100.0
MBB,2022-12-02,9.640896871128273,10.18252029085458,9.505491016196697,10.18252029085458,16329100.0
MBB,2022-12-05,10.290844974799843,10.453332000717735,10.155439119868264,10.290844974799843,19932400.0
MBB,2022-12-06,10.290844974799843,10.317926145786158,9.586734529155642,9.586734529155642,22139300.0
MBB,2022-12-07,9.559653358169326,9.695059213100903,9.343003990278804,9.37008516126512,12640000.0
MBB,2022-12-08,9.586734529155642,10.020033264936687,9.505491016196697,9.803383897046166,14247500.0
MBB,2022-12-09,9.857546239018795,9.911708580991426,9.613815700141958,9.857546239018795,10088100.0
MBB,2022-12-12,9.857546239018795,9.965870922964056,9.559653358169326,9.586734529155642,15410800.0
MBB,2022-12-13,9.613815700141958,9.749221555073534,9.47840984521038,9.749221555073534,8502700.0
MBB,2022-12-14,9.938789751977742,9.965870922964056,9.749221555073534,9.83046506803248,16229800.0
MBB,2022-12-15,9.749221555073534,10.399169658745103,9.749221555073534,10.263763803813527,24293100.0
MBB,2022-12-16,10.128357948881948,10.345007316772474,10.128357948881948,10.18252029085458,11865800.0
MBB,2022-12-19,10.18252029085458,10.42625082973142,9.938789751977742,9.938789751977742,14563300.0
MBB,2022-12-20,9.911708580991426,9.992952093950372,9.42424750323775,9.532572187183012,18352900.0
MBB,2022-12-21,9.667978042114589,9.695059213100903,9.261760477319859,9.586734529155642,10102401.0
MBB,2022-12-22,9.695059213100903,9.911708580991426,9.586734529155642,9.749221555073534,8302800.0
MBB,2022-12-23,9.722140384087218,9.722140384087218,9.532572187183012,9.613815700141958,5533100.0
MBB,2022-12-26,9.586734529155642,9.613815700141958,9.099273451401965,9.099273451401965,13216000.0
MBB,2022-12-27,9.126354622388282,9.37008516126512,9.07219228041565,9.343003990278804,6706400.0
MBB,2022-12-28,9.37008516126512,9.532572187183012,9.234679306333543,9.451328674224065,5035400.0
MBB,2022-12-29,9.37008516126512,9.532572187183012,9.37008516126512,9.42424750323775,4482700.0
MBB,2022-12-30,9.505491016196697,9.505491016196697,9.261760477319859,9.261760477319859,4178900.0
MBB,2023-01-03,9.315922819292489,9.749221555073534,9.315922819292489,9.749221555073534,7538000.0
MBB,2023-01-04,9.803383897046166,9.88462741000511,9.722140384087218,9.722140384087218,7780200.0
MBB,2023-01-05,9.749221555073534,9.88462741000511,9.640896871128273,9.857546239018795,7746900.0
MBB,2023-01-06,9.77630272605985,10.155439119868264,9.749221555073534,9.88462741000511,11215500.0
MBB,2023-01-09,10.020033264936687,10.020033264936687,9.857546239018795,9.88462741000511,5950900.0
MBB,2023-01-10,9.857546239018795,9.938789751977742,9.803383897046166,9.857546239018795,6400600.0
MBB,2023-01-11,9.88462741000511,9.992952093950372,9.857546239018795,9.88462741000511,6466400.0
MBB,2023-01-12,9.911708580991426,9.965870922964056,9.83046506803248,9.88462741000511,7990100.0
MBB,2023-01-13,9.965870922964056,10.047114435923003,9.88462741000511,9.88462741000511,7999500.0
MBB,2023-01-16,9.911708580991426,10.047114435923003,9.857546239018795,10.020033264936687,7883500.0
MBB,2023-01-17,10.128357948881948,10.507494342690364,10.074195606909319,10.507494342690364,19051600.0
MBB,2023-01-18,10.561656684662996,10.588737855649311,10.399169658745103,10.588737855649311,10050300.0
MBB,2023-01-19,10.561656684662996,10.697062539594572,10.507494342690364,10.615819026635627,11168200.0
MBB,2023-01-27,10.778306052553518,10.88663073649878,10.642900197621941,10.669981368608257,9774400.0
MBB,2023-01-30,10.724143710580888,10.724143710580888,10.42625082973142,10.42625082973142,12867700.0
MBB,2023-01-31,10.399169658745103,10.588737855649311,10.155439119868264,10.588737855649311,15094500.0
MBB,2023-02-01,10.669981368608257,10.805387223539833,10.23668263282721,10.23668263282721,15860700.0
MBB,2023-02-02,10.345007316772474,10.345007316772474,10.047114435923003,10.263763803813527,12372880.0
MBB,2023-02-03,10.263763803813527,10.345007316772474,10.074195606909319,10.074195606909319,12206800.0
MBB,2023-02-06,10.074195606909319,10.23668263282721,10.020033264936687,10.128357948881948,7156800.0
MBB,2023-02-07,10.209601461840897,10.209601461840897,9.938789751977742,9.938789751977742,10268774.0
MBB,2023-02-08,10.020033264936687,10.128357948881948,9.88462741000511,9.965870922964056,7110400.0
MBB,2023-02-09,9.965870922964056,10.128357948881948,9.938789751977742,9.992952093950372,6409800.0
MBB,2023-02-10,10.047114435923003,10.074195606909319,9.911708580991426,9.911708580991426,7499000.0
MBB,2023-02-13,9.857546239018795,9.857546239018795,9.613815700141958,9.749221555073534,11569700.0
MBB,2023-02-14,9.749221555073534,9.83046506803248,9.640896871128273,9.667978042114589,8256300.0
MBB,2023-02-15,9.613815700141958,9.88462741000511,9.613815700141958,9.749221555073534,23361400.0
MBB,2023-02-16,9.803383897046166,9.938789751977742,9.77630272605985,9.88462741000511,12029900.0
MBB,2023-02-17,9.88462741000511,9.965870922964056,9.803383897046166,9.803383897046166,12413099.0
MBB,2023-02-20,9.803383897046166,10.23668263282721,9.803383897046166,10.23668263282721,10391743.0
MBB,2023-02-21,10.290844974799843,10.345007316772474,10.074195606909319,10.074195606909319,8861800.0
MBB,2023-02-22,9.965870922964056,10.020033264936687,9.88462741000511,9.88462741000511,11375600.0
MBB,2023-02-23,9.749221555073534,9.857546239018795,9.586734529155642,9.83046506803248,16859000.0
MBB,2023-02-24,9.83046506803248,9.88462741000511,9.586734529155642,9.586734529155642,11242300.0
MBB,2023-02-27,9.451328674224065,9.47840984521038,9.343003990278804,9.343003990278804,10261900.0
MBB,2023-02-28,9.397166332251436,9.559653358169326,9.288841648306173,9.343003990278804,8918100.0
MBB,2023-03-01,9.288841648306173,9.559653358169326,9.207598135347228,9.559653358169326,6728400.0
MBB,2023-03-02,9.559653358169326,9.586734529155642,9.397166332251436,9.42424750323775,3906100.0
MBB,2023-03-03,9.47840984521038,9.47840984521038,9.288841648306173,9.288841648306173,6661200.0
MBB,2023-03-06,9.42424750323775,9.586734529155642,9.37008516126512,9.37008516126512,7388488.0
MBB,2023-03-07,9.42424750323775,9.532572187183012,9.397166332251436,9.42424750323775,9328452.0
MBB,2023-03-08,9.37008516126512,9.532572187183012,9.315922819292489,9.532572187183012,7810500.0
MBB,2023-03-09,9.559653358169326,9.722140384087218,9.532572187183012,9.640896871128273,10878160.0
MBB,2023-03-10,9.640896871128273,9.640896871128273,9.532572187183012,9.613815700141958,6744600.0
MBB,2023-03-13,9.397166332251436,9.532572187183012,9.397166332251436,9.47840984521038,11808600.0
MBB,2023-03-14,9.47840984521038,9.505491016196697,9.315922819292489,9.315922819292489,13618000.0
MBB,2023-03-15,9.532572187183012,9.667978042114589,9.47840984521038,9.640896871128273,12145760.0
MBB,2023-03-16,9.586734529155642,9.586734529155642,9.42424750323775,9.451328674224065,7899580.0
MBB,2023-03-17,9.586734529155642,9.586734529155642,9.451328674224065,9.451328674224065,5195600.0
MBB,2023-03-20,9.532572187183012,9.532572187183012,9.37008516126512,9.37008516126512,6402300.0
MBB,2023-03-21,9.451328674224065,9.47840984521038,9.315922819292489,9.397166332251436,8062400.0
MBB,2023-03-22,9.47840984521038,9.505491016196697,9.397166332251436,9.42424750323775,7749300.0
MBB,2023-03-23,9.37008516126512,9.451328674224065,9.37008516126512,9.42424750323775,6596600.0
MBB,2023-03-24,9.586734529155642,9.722140384087218,9.532572187183012,9.613815700141958,20607800.0
MBB,2023-03-27,9.640896871128273,9.749221555073534,9.586734529155642,9.722140384087218,8138500.0
MBB,2023-03-28,9.77630272605985,9.911708580991426,9.749221555073534,9.749221555073534,12618900.0
MBB,2023-03-29,9.83046506803248,9.965870922964056,9.803383897046166,9.911708580991426,12187300.0
MBB,2023-03-30,9.965870922964056,10.020033264936687,9.88462741000511,9.88462741000511,8978500.0
MBB,2023-03-31,9.911708580991426,9.965870922964056,9.83046506803248,9.88462741000511,13143500.0
MBB,2023-04-03,10.020033264936687,10.128357948881948,9.965870922964056,10.128357948881948,20536800.0
MBB,2023-04-04,10.155439119868264,10.18252029085458,10.074195606909319,10.155439119868264,11713000.0
MBB,2023-04-05,10.155439119868264,10.209601461840897,10.074195606909319,10.18252029085458,9890300.0
MBB,2023-04-06,10.209601461840897,10.23668263282721,10.020033264936687,10.020033264936687,12504800.0
MBB,2023-04-07,10.020033264936687,10.074195606909319,9.938789751977742,10.074195606909319,8543700.0
MBB,2023-04-10,10.128357948881948,10.290844974799843,10.074195606909319,10.074195606909319,13676100.0
MBB,2023-04-11,10.074195606909319,10.18252029085458,9.992952093950372,10.155439119868264,6636900.0
MBB,2023-04-12,10.18252029085458,10.18252029085458,10.047114435923003,10.128357948881948,8305100.0
MBB,2023-04-13,10.128357948881948,10.155439119868264,10.020033264936687,10.047114435923003,6852000.0
MBB,2023-04-14,10.074195606909319,10.128357948881948,9.911708580991426,9.911708580991426,9155600.0
MBB,2023-04-17,9.857546239018795,9.938789751977742,9.83046506803248,9.88462741000511,6097900.0
MBB,2023-04-18,9.938789751977742,9.965870922964056,9.77630272605985,9.83046506803248,6258860.0
MBB,2023-04-19,9.88462741000511,9.911708580991426,9.803383897046166,9.803383897046166,4157200.0
MBB,2023-04-20,9.803383897046166,9.857546239018795,9.77630272605985,9.83046506803248,4112400.0
MBB,2023-04-21,9.83046506803248,9.88462741000511,9.77630272605985,9.77630272605985,6895800.0
MBB,2023-04-24,9.77630272605985,9.911708580991426,9.749221555073534,9.88462741000511,5704600.0
MBB,2023-04-25,9.965870922964056,9.965870922964056,9.83046506803248,9.88462741000511,6939900.0
MBB,2023-04-26,9.88462741000511,9.938789751977742,9.803383897046166,9.938789751977742,8983800.0
MBB,2023-04-27,9.965870922964056,9.992952093950372,9.911708580991426,9.965870922964056,3784300.0
MBB,2023-04-28,10.020033264936687,10.047114435923003,9.938789751977742,9.992952093950372,7025800.0
MBB,2023-05-04,9.938789751977742,9.992952093950372,9.83046506803248,9.857546239018795,7433344.0
MBB,2023-05-05,9.857546239018795,9.88462741000511,9.803383897046166,9.803383897046166,11368514.0
MBB,2023-05-08,9.857546239018795,9.911708580991426,9.83046506803248,9.88462741000511,6848072.0
MBB,2023-05-09,9.911708580991426,9.938789751977742,9.857546239018795,9.911708580991426,6005600.0
MBB,2023-05-10,9.911708580991426,10.020033264936687,9.88462741000511,10.020033264936687,6878501.0
MBB,2023-05-11,10.074195606909319,10.101276777895633,9.992952093950372,10.020033264936687,7649700.0
MBB,2023-05-12,10.047114435923003,10.101276777895633,9.965870922964056,10.101276777895633,7380900.0
MBB,2023-05-15,10.155439119868264,10.345007316772474,10.128357948881948,10.209601461840897,17871400.0
MBB,2023-05-16,10.209601461840897,10.263763803813527,10.128357948881948,10.18252029085458,9973100.0
MBB,2023-05-17,10.155439119868264,10.18252029085458,9.992952093950372,9.992952093950372,9396300.0
MBB,2023-05-18,10.047114435923003,10.101276777895633,9.992952093950372,10.074195606909319,6659500.0
MBB,2023-05-19,10.074195606909319,10.128357948881948,10.047114435923003,10.101276777895633,4033700.0
MBB,2023-05-22,10.128357948881948,10.23668263282721,10.101276777895633,10.209601461840897,8257101.0
MBB,2023-05-23,10.23668263282721,10.290844974799843,10.128357948881948,10.155439119868264,7433100.0
MBB,2023-05-24,10.18252029085458,10.209601461840897,10.047114435923003,10.074195606909319,5545301.0
MBB,2023-05-25,10.074195606909319,10.074195606909319,9.992952093950372,9.992952093950372,5104646.0
MBB,2023-05-26,10.020033264936687,10.020033264936687,9.965870922964056,9.992952093950372,3984600.0
MBB,2023-05-29,10.074195606909319,10.155439119868264,10.020033264936687,10.155439119868264,7150700.0
MBB,2023-05-30,10.18252029085458,10.209601461840897,10.101276777895633,10.155439119868264,6666200.0
MBB,2023-05-31,10.18252029085458,10.209601461840897,10.074195606909319,10.074195606909319,6943600.0
MBB,2023-06-01,10.074195606909319,10.18252029085458,10.047114435923003,10.18252029085458,8836200.0
MBB,2023-06-02,10.345007316772474,10.751224881567204,10.317926145786158,10.669981368608257,35290200.0
MBB,2023-06-05,10.778306052553518,10.88663073649878,10.697062539594572,10.724143710580888,20459500.0
MBB,2023-06-06,10.778306052553518,11.076198933402987,10.724143710580888,11.076198933402987,23028300.0
MBB,2023-06-07,11.076198933402987,11.130361275375618,10.967874249457726,11.022036591430357,14154400.0
MBB,2023-06-08,11.022036591430357,11.076198933402987,10.832468394526149,10.832468394526149,15719000.0
MBB,2023-06-09,10.88663073649878,10.967874249457726,10.832468394526149,10.967874249457726,11339900.0
MBB,2023-06-12,10.994955420444041,11.049117762416671,10.832468394526149,11.022036591430357,9203801.0
MBB,2023-06-13,11.049117762416671,11.049117762416671,10.913711907485094,10.994955420444041,12044200.0
MBB,2023-06-14,11.161545654603975,11.217075732487576,10.967190382011369,10.967190382011369,11140301.0
MBB,2023-06-15,10.967190382011369,11.022720459894972,10.911660304127766,10.939425343069567,9499700.0
MBB,2023-06-16,11.022720459894972,11.217075732487576,10.939425343069567,10.939425343069567,13940800.0
MBB,2023-06-19,10.939425343069567,10.99495542095317,10.856130226244165,10.856130226244165,7035800.0
MBB,2023-06-20,10.883895265185966,10.911660304127766,10.800600148360562,10.911660304127766,6536901.0
MBB,2023-06-21,10.939425343069567,11.022720459894972,10.911660304127766,11.022720459894972,7195400.0
MBB,2023-06-22,11.161545654603975,11.30037084931298,11.05048549883677,11.05048549883677,14809200.0
MBB,2023-06-23,11.189310693545774,11.272605810371179,11.133780615662173,11.217075732487576,12309000.0
MBB,2023-06-26,11.217075732487576,11.411431005080184,11.07825053777857,11.217075732487576,14883301.0
MBB,2023-06-27,11.244840771429377,11.272605810371179,11.106015576720372,11.161545654603975,14140400.0
MBB,2023-06-28,11.217075732487576,11.550256199789189,11.161545654603975,11.494726121905586,22470400.0
MBB,2023-06-29,11.494726121905586,11.494726121905586,11.272605810371179,11.272605810371179,15209725.0
MBB,2023-06-30,11.272605810371179,11.32813588825478,11.189310693545774,11.217075732487576,6684900.0
MBB,2023-07-03,11.272605810371179,11.30037084931298,11.161545654603975,11.217075732487576,11070600.0
MBB,2023-07-04,11.217075732487576,11.30037084931298,11.161545654603975,11.30037084931298,7677800.0
MBB,2023-07-05,11.383665966138382,11.466961082963785,11.272605810371179,11.32813588825478,13153200.0
MBB,2023-07-06,11.355900927196581,11.411431005080184,11.189310693545774,11.217075732487576,16187700.0
MBB,2023-07-07,11.217075732487576,11.355900927196581,11.161545654603975,11.355900927196581,11916900.0
MBB,2023-07-10,11.439196044021985,11.57802123873099,11.411431005080184,11.522491160847387,16827801.0
MBB,2023-07-11,11.522491160847387,11.772376511323595,11.522491160847387,11.772376511323595,17390600.0
MBB,2023-07-12,11.772376511323595,11.827906589207197,11.605786277672788,11.66131635555639,13135300.0
MBB,2023-07-13,11.689081394498192,11.800141550265396,11.605786277672788,11.716846433439994,17942000.0
MBB,2023-07-14,11.909813454085507,11.97367304365165,11.750164480170152,11.909813454085507,18525700.0
MBB,2023-07-17,11.97367304365165,12.037532633217793,11.814024069736295,11.877883659302437,11006301.0
MBB,2023-07-18,11.877883659302437,11.909813454085507,11.782094274953224,11.877883659302437,7722800.0
MBB,2023-07-19,11.877883659302437,11.941743248868578,11.750164480170152,11.750164480170152,11946400.0
MBB,2023-07-20,11.750164480170152,11.814024069736295,11.686304890604012,11.782094274953224,6450615.0
MBB,2023-07-21,11.845953864519366,11.909813454085507,11.750164480170152,11.909813454085507,8585758.0
MBB,2023-07-24,11.909813454085507,11.97367304365165,11.845953864519366,11.97367304365165,8951394.0
MBB,2023-07-25,11.97367304365165,12.197181607133148,11.941743248868578,12.005602838434722,10122438.0
MBB,2023-07-26,12.005602838434722,12.037532633217793,11.909813454085507,11.97367304365165,5932052.0
MBB,2023-07-27,11.97367304365165,12.005602838434722,11.814024069736295,11.877883659302437,9462254.0
MBB,2023-07-28,11.845953864519366,11.941743248868578,11.845953864519366,11.941743248868578,7023364.0
MBB,2023-07-31,12.037532633217793,12.069462428000863,11.941743248868578,12.037532633217793,9975901.0
MBB,2023-08-01,12.069462428000863,12.356830581048504,12.037532633217793,12.037532633217793,18022775.0
MBB,2023-08-02,12.037532633217793,12.101392222783934,11.97367304365165,12.069462428000863,6157392.0
MBB,2023-08-03,12.101392222783934,12.197181607133148,12.005602838434722,12.037532633217793,12530565.0
MBB,2023-08-04,12.037532633217793,12.229111401916217,12.005602838434722,12.133322017567005,14888457.0
MBB,2023-08-07,12.229111401916217,12.388760375831573,12.165251812350077,12.356830581048504,15613789.0
MBB,2023-08-08,12.452619965397716,12.452619965397716,12.229111401916217,12.261041196699288,9292995.0
MBB,2023-08-09,12.261041196699288,12.292970991482361,12.133322017567005,12.229111401916217,10704310.0
MBB,2023-08-10,12.261041196699288,12.261041196699288,12.069462428000863,12.069462428000863,9320095.0
MBB,2023-08-11,12.133322017567005,12.165251812350077,11.909813454085507,12.069462428000863,8673979.0
MBB,2023-08-14,12.101392222783934,12.197181607133148,11.97367304365165,12.101392222783934,8091114.0
MBB,2023-08-15,12.101392222783934,12.133322017567005,12.005602838434722,12.101392222783934,5725608.0
MBB,2023-08-16,12.069462428000863,12.261041196699288,12.005602838434722,12.133322017567005,9812484.0
MBB,2023-08-17,12.133322017567005,12.133322017567005,12.037532633217793,12.037532633217793,7913075.0
MBB,2023-08-18,12.005602838434722,12.005602838434722,11.430866532339442,11.558585711471727,23076010.0
MBB,2023-08-21,11.494726121905584,11.718234685387083,11.398936737556372,11.590515506254796,9792378.0
MBB,2023-08-22,11.686304890604012,11.686304890604012,11.335077147990228,11.622445301037867,9055788.0
MBB,2023-08-23,11.686304890604012,11.686304890604012,11.494726121905584,11.494726121905584,6371422.0
MBB,2023-08-24,11.558585711471727,11.718234685387083,11.494726121905584,11.654375095820939,6694724.0
MBB,2023-08-25,11.622445301037867,11.622445301037867,11.558585711471727,11.558585711471727,4949826.0
MBB,2023-08-28,11.654375095820939,11.686304890604012,11.526655916688656,11.622445301037867,7696816.0
MBB,2023-08-29,11.654375095820939,11.718234685387083,11.590515506254796,11.654375095820939,9605322.0
MBB,2023-08-30,11.686304890604012,11.814024069736295,11.654375095820939,11.750164480170152,7403541.0
MBB,2023-08-31,11.750164480170152,11.845953864519366,11.750164480170152,11.814024069736295,7467245.0
MBB,2023-09-05,11.877883659302437,12.292970991482361,11.845953864519366,12.229111401916217,22277175.0
MBB,2023-09-06,12.261041196699288,12.292970991482361,12.069462428000863,12.292970991482361,14254747.0
MBB,2023-09-07,12.292970991482361,12.516479554963858,12.229111401916217,12.324900786265433,22864955.0
MBB,2023-09-08,12.324900786265433,12.356830581048504,12.197181607133148,12.197181607133148,11315735.0
MBB,2023-09-11,12.356830581048504,12.356830581048504,11.97367304365165,11.97367304365165,15393500.0
MBB,2023-09-12,12.037532633217793,12.292970991482361,11.97367304365165,12.292970991482361,11118090.0
MBB,2023-09-13,12.324900786265433,12.356830581048504,12.069462428000863,12.165251812350077,15686062.0
MBB,2023-09-14,12.197181607133148,12.356830581048504,12.133322017567005,12.229111401916217,17117229.0
MBB,2023-09-15,12.261041196699288,12.580339144529999,12.197181607133148,12.388760375831573,27331998.0
MBB,2023-09-18,12.388760375831573,12.388760375831573,12.133322017567005,12.229111401916217,15785583.0
MBB,2023-09-19,12.229111401916217,12.261041196699288,12.069462428000863,12.133322017567005,11543444.0
MBB,2023-09-20,12.165251812350077,12.261041196699288,12.101392222783934,12.261041196699288,11253809.0
MBB,2023-09-21,12.261041196699288,12.356830581048504,12.037532633217793,12.101392222783934,12867223.0
MBB,2023-09-22,11.97367304365165,12.005602838434722,11.686304890604012,11.941743248868578,26585554.0
MBB,2023-09-25,11.941743248868578,11.97367304365165,11.558585711471727,11.558585711471727,13904211.0
MBB,2023-09-26,11.590515506254796,11.782094274953224,11.558585711471727,11.654375095820939,11230106.0
MBB,2023-09-27,11.590515506254796,11.814024069736295,11.590515506254796,11.814024069736295,8883820.0
MBB,2023-09-28,11.718234685387083,11.845953864519366,11.622445301037867,11.814024069736295,11535923.0
MBB,2023-09-29,11.814024069736295,11.909813454085507,11.814024069736295,11.814024069736295,4717030.0
MBB,2023-10-02,11.845953864519366,11.941743248868578,11.750164480170152,11.877883659302437,4565049.0
MBB,2023-10-03,11.750164480170152,11.814024069736295,11.494726121905584,11.526655916688656,15914609.0
MBB,2023-10-04,11.526655916688656,11.654375095820939,11.462796327122513,11.590515506254796,7412475.0
MBB,2023-10-05,11.622445301037867,11.686304890604012,11.494726121905584,11.526655916688656,8043175.0
MBB,2023-10-06,11.526655916688656,11.622445301037867,11.462796327122513,11.590515506254796,4916317.0
MBB,2023-10-09,11.590515506254796,11.686304890604012,11.494726121905584,11.686304890604012,11847231.0
MBB,2023-10-10,11.750164480170152,11.845953864519366,11.718234685387083,11.782094274953224,8369731.0
MBB,2023-10-11,11.750164480170152,11.814024069736295,11.686304890604012,11.814024069736295,7393804.0
MBB,2023-10-12,11.814024069736295,11.845953864519366,11.718234685387083,11.718234685387083,5794420.0
MBB,2023-10-13,11.686304890604012,11.814024069736295,11.654375095820939,11.782094274953224,6499223.0
MBB,2023-10-16,11.782094274953224,11.782094274953224,11.622445301037867,11.622445301037867,6493810.0
MBB,2023-10-17,11.686304890604012,11.782094274953224,11.558585711471727,11.558585711471727,6109345.0
MBB,2023-10-18,11.558585711471727,11.622445301037867,11.239287763641016,11.335077147990228,11950927.0
MBB,2023-10-19,11.335077147990228,11.430866532339442,11.239287763641016,11.271217558424086,6301530.0
MBB,2023-10-20,11.271217558424086,11.494726121905584,11.175428174074874,11.462796327122513,7377345.0
MBB,2023-10-23,11.462796327122513,11.494726121905584,11.303147353207157,11.3670069427733,3908726.0
MBB,2023-10-24,11.3670069427733,11.494726121905584,11.335077147990228,11.430866532339442,5168101.0
MBB,2023-10-25,11.462796327122513,11.526655916688656,11.3670069427733,11.3670069427733,5387500.0
MBB,2023-10-26,11.271217558424086,11.271217558424086,10.888060021027234,10.983849405376446,16319420.0
MBB,2023-10-27,11.015779200159518,11.175428174074874,10.951919610593375,11.143498379291803,10448900.0
MBB,2023-10-30,11.015779200159518,11.143498379291803,10.856130226244163,10.856130226244163,4512400.0
MBB,2023-10-31,10.983849405376446,11.047708994942589,10.824200431461092,10.919989815810306,6590100.0
MBB,2023-11-01,10.983849405376446,11.047708994942589,10.919989815810306,10.983849405376446,6099801.0
MBB,2023-11-02,11.079638789725662,11.335077147990228,11.047708994942589,11.303147353207157,6927200.0
MBB,2023-11-03,11.3670069427733,11.398936737556372,11.11156858450873,11.11156858450873,13201200.0
MBB,2023-11-06,11.239287763641016,11.494726121905584,11.207357968857945,11.462796327122513,8669400.0
MBB,2023-11-07,11.462796327122513,11.494726121905584,11.303147353207157,11.3670069427733,5251900.0
MBB,2023-11-08,11.3670069427733,11.750164480170152,11.303147353207157,11.718234685387083,11329200.0
MBB,2023-11-09,11.750164480170152,11.814024069736295,11.654375095820939,11.718234685387083,10843500.0
MBB,2023-11-10,11.622445301037867,11.750164480170152,11.462796327122513,11.494726121905584,33033057.0
MBB,2023-11-13,11.494726121905584,11.590515506254796,11.398936737556372,11.558585711471727,7601529.0
MBB,2023-11-14,11.590515506254796,11.909813454085507,11.590515506254796,11.782094274953224,13834401.0
MBB,2023-11-15,11.941743248868578,11.97367304365165,11.782094274953224,11.845953864519366,14810300.0
MBB,2023-11-16,11.782094274953224,11.845953864519366,11.718234685387083,11.814024069736295,7071800.0
MBB,2023-11-17,11.877883659302437,11.877883659302437,11.430866532339442,11.622445301037867,18317900.0
MBB,2023-11-20,11.335077147990228,11.654375095820939,11.335077147990228,11.494726121905584,13277000.0
MBB,2023-11-21,11.622445301037867,11.654375095820939,11.462796327122513,11.558585711471727,6109900.0
MBB,2023-11-22,11.590515506254796,11.590515506254796,11.462796327122513,11.526655916688656,8445300.0
MBB,2023-11-23,11.558585711471727,11.590515506254796,11.430866532339442,11.430866532339442,7027300.0
MBB,2023-11-24,11.430866532339442,11.494726121905584,11.239287763641016,11.398936737556372,8903700.0
MBB,2023-11-27,11.398936737556372,11.462796327122513,11.207357968857945,11.239287763641016,7129701.0
MBB,2023-11-28,11.239287763641016,11.430866532339442,11.143498379291803,11.398936737556372,6799000.0
MBB,2023-11-29,11.3670069427733,11.430866532339442,11.303147353207157,11.398936737556372,5485800.0
MBB,2023-11-30,11.398936737556372,11.462796327122513,11.335077147990228,11.3670069427733,5666600.0
MBB,2023-12-01,11.398936737556372,11.398936737556372,11.303147353207157,11.3670069427733,4410300.0
MBB,2023-12-04,11.3670069427733,11.558585711471727,11.3670069427733,11.526655916688656,17484900.0
MBB,2023-12-05,11.526655916688656,11.558585711471727,11.462796327122513,11.526655916688656,8216600.0
MBB,2023-12-06,11.526655916688656,11.590515506254796,11.494726121905584,11.558585711471727,7202248.0
MBB,2023-12-07,11.590515506254796,11.718234685387083,11.526655916688656,11.654375095820939,18594800.0
MBB,2023-12-08,11.654375095820939,11.718234685387083,11.590515506254796,11.622445301037867,8519400.0
MBB,2023-12-11,11.622445301037867,11.654375095820939,11.526655916688656,11.590515506254796,18670934.0
MBB,2023-12-12,11.590515506254796,11.654375095820939,11.558585711471727,11.654375095820939,7055200.0
MBB,2023-12-13,11.654375095820939,11.718234685387083,11.526655916688656,11.526655916688656,10143100.0
MBB,2023-12-14,11.590515506254796,11.622445301037867,11.494726121905584,11.526655916688656,10535101.0
MBB,2023-12-15,11.526655916688656,11.622445301037867,11.494726121905584,11.526655916688656,12636240.0
MBB,2023-12-18,11.526655916688656,11.590515506254796,11.462796327122513,11.494726121905584,29389800.0
MBB,2023-12-19,11.494726121905584,11.622445301037867,11.462796327122513,11.590515506254796,7998430.0
MBB,2023-12-20,11.590515506254796,11.622445301037867,11.526655916688656,11.590515506254796,12533300.0
MBB,2023-12-21,11.558585711471727,11.590515506254796,11.494726121905584,11.590515506254796,4459300.0
MBB,2023-12-22,11.590515506254796,11.782094274953224,11.558585711471727,11.686304890604012,9838300.0
MBB,2023-12-25,11.718234685387083,11.845953864519366,11.686304890604012,11.750164480170152,6803700.0
MBB,2023-12-26,11.750164480170152,11.814024069736295,11.686304890604012,11.782094274953224,6838400.0
MBB,2023-12-27,11.814024069736295,11.814024069736295,11.718234685387083,11.750164480170152,5784500.0
MBB,2023-12-28,11.750164480170152,11.877883659302437,11.718234685387083,11.845953864519366,11742100.0
MBB,2023-12-29,11.877883659302437,12.037532633217793,11.845953864519366,11.909813454085507,14549210.0
MBB,2024-01-02,11.941743248868578,12.133322017567005,11.909813454085507,12.037532633217793,15115400.0
MBB,2024-01-03,11.97367304365165,12.261041196699288,11.941743248868578,12.229111401916217,13854700.0
MBB,2024-01-04,12.229111401916217,13.059286066276066,12.229111401916217,12.835777502794569,49714900.0
MBB,2024-01-05,12.835777502794569,13.091215861059137,12.835777502794569,13.091215861059137,25861500.0
MBB,2024-01-08,13.155075450625281,13.314724424540636,13.027356271492994,13.218935040191422,20147300.0
MBB,2024-01-09,13.250864834974493,13.346654219323705,13.091215861059137,13.314724424540636,27100300.0
MBB,2024-01-10,13.314724424540636,13.506303193239061,13.187005245408349,13.346654219323705,25684700.0
MBB,2024-01-11,13.346654219323705,13.474373398455992,13.091215861059137,13.187005245408349,31479550.0
MBB,2024-01-12,13.091215861059137,13.761741551503631,13.027356271492994,13.634022372371346,46166500.0
MBB,2024-01-15,13.729811756720558,13.985250114985126,13.665952167154416,13.697881961937487,25636300.0
MBB,2024-01-16,13.697881961937487,13.729811756720558,13.506303193239061,13.729811756720558,17991400.0
MBB,2024-01-17,13.793671346286702,13.921390525418985,13.602092577588275,13.729811756720558,21482080.0
MBB,2024-01-18,13.665952167154416,13.889460730635914,13.602092577588275,13.857530935852843,23706300.0
MBB,2024-01-19,13.921390525418985,14.144899088900482,13.857530935852843,14.081039499334342,22083300.0
MBB,2024-01-22,14.240688473249696,14.400337447165052,14.049109704551269,14.112969294117413,37451431.0
MBB,2024-01-23,14.112969294117413,14.272618268032767,13.985250114985126,14.017179909768197,23790700.0
MBB,2024-01-24,13.953320320202057,14.144899088900482,13.921390525418985,13.985250114985126,20189700.0
MBB,2024-01-25,14.017179909768197,14.017179909768197,13.857530935852843,13.985250114985126,14809100.0
MBB,2024-01-26,13.985250114985126,14.144899088900482,13.985250114985126,14.049109704551269,9527200.0
MBB,2024-01-29,14.049109704551269,14.336477857598908,14.049109704551269,14.144899088900482,15687001.0
MBB,2024-01-30,14.144899088900482,14.208758678466625,13.953320320202057,14.112969294117413,14585100.0
MBB,2024-01-31,14.208758678466625,14.208758678466625,13.825601141069772,13.889460730635914,27870100.0
MBB,2024-02-01,13.857530935852843,14.017179909768197,13.793671346286702,13.985250114985126,13513200.0
MBB,2024-02-02,13.985250114985126,14.049109704551269,13.889460730635914,13.889460730635914,19251900.0
MBB,2024-02-05,13.889460730635914,14.783494984561903,13.889460730635914,14.655775805429618,37434400.0
MBB,2024-02-06,14.687705600212691,14.783494984561903,14.655775805429618,14.719635394995763,11769300.0
MBB,2024-02-07,14.751565189778834,15.134722727175685,14.751565189778834,15.007003548043402,21909300.0
MBB,2024-02-15,15.134722727175685,15.454020675006396,15.038933342826473,15.422090880223324,25072500.0
MBB,2024-02-16,15.390161085440255,15.390161085440255,15.134722727175685,15.326301495874112,16435200.0
MBB,2024-02-19,15.326301495874112,15.390161085440255,15.070863137609544,15.294371701091041,21127300.0
MBB,2024-02-20,15.2305121115249,15.390161085440255,15.102792932392614,15.2305121115249,22873791.0
MBB,2024-02-21,15.2305121115249,15.454020675006396,15.134722727175685,15.326301495874112,26284200.0
MBB,2024-02-22,15.326301495874112,15.390161085440255,15.2305121115249,15.294371701091041,15193900.0
MBB,2024-02-23,15.326301495874112,15.773318622837106,15.166652521958756,15.262441906307968,55396230.0
MBB,2024-02-26,15.262441906307968,15.358231290657184,15.102792932392614,15.326301495874112,24383500.0
MBB,2024-02-27,15.358231290657184,15.613669648921752,15.2305121115249,15.485950469789467,25454100.0
MBB,2024-02-28,15.549810059355611,15.677529238487894,15.422090880223324,15.58173985413868,19389201.0
MBB,2024-02-29,15.645599443704823,15.677529238487894,15.294371701091041,15.422090880223324,25134200.0
MBB,2024-03-01,15.390161085440255,15.422090880223324,15.198582316741827,15.326301495874112,27421100.0
MBB,2024-03-04,15.390161085440255,15.613669648921752,15.166652521958756,15.454020675006396,37072101.0
MBB,2024-03-05,15.454020675006396,15.741388828054035,15.390161085440255,15.709459033270965,28768901.0
MBB,2024-03-06,15.709459033270965,16.060686775884747,15.549810059355611,15.709459033270965,30227100.0
MBB,2024-03-07,15.773318622837106,15.83717821240325,15.549810059355611,15.58173985413868,26016890.0
MBB,2024-03-08,15.645599443704823,15.645599443704823,15.070863137609544,15.070863137609544,51203200.0
MBB,2024-03-11,15.038933342826473,15.070863137609544,14.559986421080406,14.655775805429618,38411301.0
MBB,2024-03-12,14.623846010646547,14.847354574128046,14.528056626297335,14.751565189778834,24560200.0
MBB,2024-03-13,14.751565189778834,15.2305121115249,14.751565189778834,15.2305121115249,17989700.0
MBB,2024-03-14,15.294371701091041,15.294371701091041,14.943143958477258,14.97507375326033,20726200.0
MBB,2024-03-15,14.97507375326033,15.2305121115249,14.783494984561903,15.198582316741827,25616100.0
MBB,2024-03-18,15.166652521958756,15.198582316741827,14.304548062815837,14.815424779344974,32962600.0
MBB,2024-03-19,14.815424779344974,14.911214163694188,14.655775805429618,14.815424779344974,21294901.0
MBB,2024-03-20,14.815424779344974,15.58173985413868,14.751565189778834,15.422090880223324,40175300.0
MBB,2024-03-21,15.517880264572538,15.805248417620177,15.390161085440255,15.805248417620177,34534400.0
MBB,2024-03-22,15.964897391535533,16.411914518498527,15.869108007186322,15.996827186318605,41742700.0
MBB,2024-03-25,15.996827186318605,16.188405955017032,15.709459033270965,15.773318622837106,23768700.0
MBB,2024-03-26,15.773318622837106,16.12454636545089,15.709459033270965,16.12454636545089,17175800.0
MBB,2024-03-27,16.12454636545089,16.2203357498001,15.964897391535533,16.15647616023396,14606400.0
MBB,2024-03-28,16.379984723715456,16.411914518498527,16.09261657066782,16.284195339366246,15988900.0
MBB,2024-03-29,16.316125134149317,16.316125134149317,16.060686775884747,16.2203357498001,13546401.0
MBB,2024-04-01,16.09261657066782,16.12454636545089,15.773318622837106,15.901037801969391,29108248.0
MBB,2024-04-02,15.709459033270965,15.83717821240325,15.454020675006396,15.83717821240325,34072800.0
MBB,2024-04-03,15.83717821240325,15.83717821240325,15.454020675006396,15.454020675006396,25263445.0
MBB,2024-04-04,15.454020675006396,15.485950469789467,15.198582316741827,15.198582316741827,33522700.0
MBB,2024-04-05,15.038933342826473,15.166652521958756,14.879284368911117,14.911214163694188,26423600.0
MBB,2024-04-08,14.943143958477258,15.198582316741827,14.783494984561903,15.007003548043402,26092000.0
MBB,2024-04-09,15.007003548043402,15.326301495874112,14.943143958477258,15.326301495874112,17312900.0
MBB,2024-04-10,15.517880264572538,15.549810059355611,15.198582316741827,15.198582316741827,40152300.0
MBB,2024-04-11,15.007003548043402,15.2305121115249,14.943143958477258,15.166652521958756,12546600.0
MBB,2024-04-12,15.2305121115249,15.773318622837106,15.166652521958756,15.741388828054035,29691200.0
MBB,2024-04-15,15.613669648921752,15.996827186318605,14.687705600212691,14.943143958477258,59911817.0
MBB,2024-04-16,14.943143958477258,15.262441906307968,14.719635394995763,15.262441906307968,49372771.0
MBB,2024-04-17,15.326301495874112,15.358231290657184,14.751565189778834,14.751565189778834,31506215.0
MBB,2024-04-19,14.432267241948123,14.879284368911117,14.432267241948123,14.496126831514264,31595274.0
MBB,2024-04-22,14.559986421080406,14.719635394995763,14.400337447165052,14.432267241948123,26807800.0
MBB,2024-04-23,14.432267241948123,14.496126831514264,13.889460730635914,14.049109704551269,32073200.0
MBB,2024-04-24,14.176828883683553,14.464197036731193,14.017179909768197,14.400337447165052,19210801.0
MBB,2024-04-25,14.432267241948123,14.432267241948123,14.144899088900482,14.208758678466625,13003200.0
MBB,2024-04-26,14.049109704551269,14.336477857598908,14.049109704551269,14.208758678466625,14082200.0
MBB,2024-05-02,14.240688473249696,14.400337447165052,14.176828883683553,14.304548062815837,11278300.0
MBB,2024-05-03,14.432267241948123,14.559986421080406,14.240688473249696,14.304548062815837,12307301.0
MBB,2024-05-06,14.400337447165052,14.655775805429618,14.400337447165052,14.623846010646547,16903400.0
MBB,2024-05-07,14.687705600212691,14.719635394995763,14.464197036731193,14.528056626297335,10919401.0
MBB,2024-05-08,14.304548062815837,14.496126831514264,14.240688473249696,14.400337447165052,24117900.0
MBB,2024-05-09,14.432267241948123,14.559986421080406,14.272618268032767,14.464197036731193,17108200.0
MBB,2024-05-10,14.528056626297335,14.623846010646547,14.36840765238198,14.432267241948123,14192100.0
MBB,2024-05-13,14.432267241948123,14.687705600212691,14.432267241948123,14.464197036731193,15061500.0
MBB,2024-05-14,14.623846010646547,14.815424779344974,14.496126831514264,14.591916215863478,19045750.0
MBB,2024-05-15,14.655775805429618,14.719635394995763,14.559986421080406,14.623846010646547,18700502.0
MBB,2024-05-16,14.783494984561903,15.038933342826473,14.687705600212691,14.943143958477258,33245701.0
MBB,2024-05-17,14.97507375326033,14.97507375326033,14.783494984561903,14.847354574128046,15665900.0
MBB,2024-05-20,15.070863137609544,15.070863137609544,14.943143958477258,14.97507375326033,18675500.0
MBB,2024-05-21,14.97507375326033,15.070863137609544,14.847354574128046,15.070863137609544,16402300.0
MBB,2024-05-22,15.070863137609544,15.102792932392614,14.815424779344974,14.815424779344974,20852500.0
MBB,2024-05-23,14.815424779083152,14.91332406176432,14.684892402174931,14.880690967537264,13080600.0
MBB,2024-05-24,14.717525496401986,15.207021909807818,14.456460742585541,14.652259307947874,36618800.0
MBB,2024-05-27,14.750158590629043,14.750158590629043,14.586993119493766,14.652259307947874,7993800.0
MBB,2024-05-28,14.815424779083152,14.848057873310207,14.586993119493766,14.750158590629043,13407300.0
MBB,2024-05-29,14.750158590629043,14.782791684856097,14.55436002526671,14.55436002526671,20829400.0
MBB,2024-05-30,14.423827648358488,14.456460742585541,14.162762894542045,14.260662177223212,28960000.0
MBB,2024-05-31,14.260662177223212,14.358561459904378,14.1953959887691,14.1953959887691,15393500.0
MBB,2024-06-03,14.32592836567732,14.880690967537264,14.32592836567732,14.750158590629043,24763500.0
MBB,2024-06-04,14.848057873310207,14.880690967537264,14.684892402174931,14.684892402174931,9778600.0
MBB,2024-06-05,14.717525496401986,14.815424779083152,14.489093836812598,14.489093836812598,13717100.0
MBB,2024-06-06,14.619626213720819,14.750158590629043,14.55436002526671,14.586993119493766,10831500.0
MBB,2024-06-07,14.717525496401986,14.782791684856097,14.55436002526671,14.652259307947874,9139500.0
MBB,2024-06-10,14.717525496401986,14.945957155991373,14.684892402174931,14.782791684856097,14132001.0
MBB,2024-06-11,14.782791684856097,14.815424779083152,14.652259307947874,14.717525496401986,10633200.0
MBB,2024-06-12,14.717525496401986,15.076489532899597,14.619626213720819,15.076489532899597,25778000.0
MBB,2024-06-13,15.141755721353706,15.46808666362426,15.10912262712665,15.370187380943095,40639600.0
MBB,2024-06-14,15.663885228986594,15.663885228986594,15.076489532899597,15.076489532899597,26066000.0
MBB,2024-06-17,15.272288098261928,15.272288098261928,14.97859025021843,15.174388815580762,18206601.0
MBB,2024-06-18,15.337554286716038,15.370187380943095,15.174388815580762,15.174388815580762,12465201.0
MBB,2024-06-19,15.272288098261928,15.304921192488983,15.04385643867254,15.207021909807818,13632700.0
MBB,2024-06-20,15.272288098261928,15.304921192488983,15.10912262712665,15.174388815580762,14684816.0
MBB,2024-06-21,15.174388815580762,15.239655004034873,15.076489532899597,15.141755721353706,10663400.0
MBB,2024-06-24,15.076489532899597,15.141755721353706,14.717525496401986,14.782791684856097,31968801.0
MBB,2024-06-25,14.815424779083152,14.91332406176432,14.684892402174931,14.750158590629043,22110645.0
MBB,2024-06-26,14.750158590629043,14.782791684856097,14.586993119493766,14.684892402174931,14221500.0
MBB,2024-06-27,14.652259307947874,14.750158590629043,14.619626213720819,14.684892402174931,7016300.0
MBB,2024-06-28,14.717525496401986,14.717525496401986,14.489093836812598,14.489093836812598,11521200.0
MBB,2024-07-01,14.521726931039654,14.652259307947874,14.456460742585541,14.652259307947874,5172500.0
MBB,2024-07-02,14.684892402174931,14.91332406176432,14.652259307947874,14.815424779083152,11533301.0
MBB,2024-07-03,14.880690967537264,14.97859025021843,14.750158590629043,14.945957155991373,11097498.0
MBB,2024-07-04,14.945957155991373,15.011223344445485,14.750158590629043,14.880690967537264,7163700.0
MBB,2024-07-05,14.880690967537264,14.91332406176432,14.750158590629043,14.880690967537264,7930800.0
MBB,2024-07-08,14.880690967537264,14.97859025021843,14.750158590629043,14.815424779083152,10745500.0
MBB,2024-07-09,14.880690967537264,15.10912262712665,14.782791684856097,15.10912262712665,14281500.0
MBB,2024-07-10,15.10912262712665,15.40282047517015,15.10912262712665,15.207021909807818,24212201.0
MBB,2024-07-11,15.304921192488983,15.337554286716038,15.076489532899597,15.076489532899597,8708800.0
MBB,2024-07-12,14.97859025021843,15.141755721353706,14.945957155991373,15.011223344445485,8522200.0
MBB,2024-07-15,15.04385643867254,15.141755721353706,14.97859025021843,15.04385643867254,5131200.0
MBB,2024-07-16,15.076489532899597,15.631252134759537,15.04385643867254,15.370187380943095,26701400.0
MBB,2024-07-17,15.533352852078371,16.414446396208866,15.370187380943095,15.990216171257147,73085901.0
MBB,2024-07-18,16.05548235971126,16.3165471135277,15.729151417440704,16.25128092507359,40243000.0
MBB,2024-07-19,16.25128092507359,16.740777338479422,16.18601473661948,16.577611867344142,50007101.0
MBB,2024-07-22,16.512345678890036,16.806043526933532,16.08811545393831,16.44707949043592,39267300.0
MBB,2024-07-23,16.54497877311709,16.54497877311709,15.533352852078371,15.598619040532482,50646200.0
MBB,2024-07-24,15.533352852078371,15.82705070012187,15.435453569397204,15.631252134759537,27332000.0
MBB,2024-07-25,15.565985946305428,15.729151417440704,15.337554286716038,15.631252134759537,23289800.0
MBB,2024-07-26,15.598619040532482,15.892316888575982,15.565985946305428,15.859683794348927,12160400.0
MBB,2024-07-29,15.95758307703009,15.95758307703009,15.729151417440704,15.729151417440704,10643000.0
MBB,2024-07-30,15.729151417440704,15.990216171257147,15.565985946305428,15.990216171257147,19571700.0
MBB,2024-07-31,15.990216171257147,16.25128092507359,15.794417605894814,15.924949982803035,20471300.0
MBB,2024-08-01,15.924949982803035,16.022849265484204,15.174388815580762,15.272288098261928,34626500.0
MBB,2024-08-02,15.011223344445485,15.533352852078371,15.011223344445485,15.533352852078371,24600880.0
MBB,2024-08-05,15.04385643867254,15.370187380943095,14.880690967537264,14.97859025021843,31221800.0
MBB,2024-08-06,15.141755721353706,15.337554286716038,15.011223344445485,15.272288098261928,19194500.0
MBB,2024-08-07,15.272288098261928,15.337554286716038,15.141755721353706,15.239655004034873,10265400.0
MBB,2024-08-08,15.207021909807818,15.337554286716038,15.011223344445485,15.04385643867254,11496000.0
MBB,2024-08-09,15.141755721353706,15.337554286716038,15.141755721353706,15.304921192488983,8565600.0
MBB,2024-08-12,15.337554286716038,15.46808666362426,15.239655004034873,15.46808666362426,10731700.0
MBB,2024-08-13,15.435453569397204,15.500719757851316,15.272288098261928,15.40282047517015,7586200.0
MBB,2024-08-14,15.500719757851316,15.500719757851316,15.272288098261928,15.272288098261928,6984600.0
MBB,2024-08-15,15.272288098261928,15.370187380943095,15.174388815580762,15.174388815580762,11922764.0
MBB,2024-08-16,15.272288098261928,15.729151417440704,15.239655004034873,15.696518323213649,21169500.0
MBB,2024-08-19,15.729151417440704,15.82705070012187,15.631252134759537,15.696518323213649,9960401.0
MBB,2024-08-20,15.729151417440704,15.990216171257147,15.696518323213649,15.82705070012187,16500001.0
MBB,2024-08-21,15.82705070012187,16.18601473661948,15.696518323213649,16.153381642392425,21968800.0
MBB,2024-08-22,16.218647830846535,16.25128092507359,15.924949982803035,15.924949982803035,13094901.0
MBB,2024-08-23,15.924949982803035,16.08811545393831,15.859683794348927,16.022849265484204,15619300.0
MBB,2024-08-26,16.12074854816537,16.18601473661948,15.859683794348927,15.95758307703009,11694402.0
MBB,2024-08-27,15.892316888575982,15.990216171257147,15.859683794348927,15.924949982803035,11398701.0
MBB,2024-08-28,15.95758307703009,16.12074854816537,15.892316888575982,16.08811545393831,17166203.0
MBB,2024-08-29,16.08811545393831,16.44707949043592,16.08811545393831,16.218647830846535,22757901.0
MBB,2024-08-30,16.218647830846535,16.3165471135277,16.18601473661948,16.218647830846535,8869301.0
MBB,2024-09-04,15.95758307703009,16.05548235971126,15.892316888575982,15.924949982803035,17919301.0
MBB,2024-09-05,15.924949982803035,16.12074854816537,15.598619040532482,15.631252134759537,71390191.0
MBB,2024-09-06,15.598619040532482,15.696518323213649,15.500719757851316,15.663885228986594,59056219.0
MBB,2024-09-09,15.598619040532482,15.631252134759537,15.500719757851316,15.631252134759537,10234801.0
MBB,2024-09-10,15.696518323213649,15.794417605894814,15.435453569397204,15.500719757851316,14757801.0
MBB,2024-09-11,15.500719757851316,15.696518323213649,15.337554286716038,15.598619040532482,10402000.0
MBB,2024-09-12,15.663885228986594,15.761784511667758,15.631252134759537,15.663885228986594,8393200.0
MBB,2024-09-13,15.696518323213649,15.696518323213649,15.565985946305428,15.598619040532482,5080300.0
MBB,2024-09-16,15.598619040532482,15.82705070012187,15.565985946305428,15.598619040532482,8685101.0
MBB,2024-09-17,15.663885228986594,15.82705070012187,15.533352852078371,15.82705070012187,8684907.0
MBB,2024-09-18,15.859683794348927,16.05548235971126,15.761784511667758,15.924949982803035,16892362.0
MBB,2024-09-19,15.95758307703009,16.022849265484204,15.892316888575982,15.924949982803035,8751401.0
MBB,2024-09-20,16.022849265484204,16.3165471135277,16.022849265484204,16.153381642392425,33353600.0
MBB,2024-09-23,16.18601473661948,16.577611867344142,16.18601473661948,16.18601473661948,23428701.0
MBB,2024-09-24,16.25128092507359,16.512345678890036,16.18601473661948,16.479712584662977,17769900.0
MBB,2024-09-25,16.577611867344142,16.903942809614698,16.54497877311709,16.806043526933532,34188100.0
MBB,2024-09-26,16.806043526933532,16.936575903841753,16.642878055798256,16.773410432706477,26775400.0
MBB,2024-09-27,16.773410432706477,17.067108280749974,16.708144244252367,16.773410432706477,18506400.0
MBB,2024-09-30,16.610244961571198,16.838676621160587,16.610244961571198,16.773410432706477,14843502.0
MBB,2024-10-01,16.806043526933532,17.067108280749974,16.740777338479422,16.740777338479422,18768300.0
MBB,2024-10-02,16.67551115002531,16.871309715387643,16.642878055798256,16.773410432706477,12817100.0
MBB,2024-10-03,16.740777338479422,17.034475186522922,16.577611867344142,16.642878055798256,20995600.0
MBB,2024-10-04,16.642878055798256,16.642878055798256,16.38181330198181,16.38181330198181,18601300.0
MBB,2024-10-07,16.512345678890036,16.577611867344142,16.3165471135277,16.44707949043592,10186200.0
MBB,2024-10-08,16.44707949043592,16.642878055798256,16.38181330198181,16.44707949043592,12383400.0
MBB,2024-10-09,16.512345678890036,16.740777338479422,16.479712584662977,16.708144244252367,14636900.0
MBB,2024-10-10,16.773410432706477,16.936575903841753,16.642878055798256,16.642878055798256,12702901.0
MBB,2024-10-11,16.642878055798256,16.708144244252367,16.54497877311709,16.67551115002531,7420501.0
MBB,2024-10-14,16.740777338479422,17.034475186522922,16.642878055798256,16.871309715387643,15572800.0
MBB,2024-10-15,16.936575903841753,17.034475186522922,16.740777338479422,16.740777338479422,15413400.0
MBB,2024-10-16,16.740777338479422,16.740777338479422,16.577611867344142,16.642878055798256,10829401.0
MBB,2024-10-17,16.67551115002531,16.903942809614698,16.54497877311709,16.903942809614698,11923500.0
MBB,2024-10-18,16.969208998068808,17.09974137497703,16.773410432706477,16.806043526933532,18478001.0
MBB,2024-10-21,16.806043526933532,16.903942809614698,16.67551115002531,16.67551115002531,9410501.0
MBB,2024-10-22,16.642878055798256,16.740777338479422,16.414446396208866,16.479712584662977,20327201.0
MBB,2024-10-23,16.479712584662977,16.54497877311709,16.414446396208866,16.479712584662977,11699500.0
MBB,2024-10-24,16.479712584662977,16.577611867344142,16.12074854816537,16.12074854816537,19246700.0
MBB,2024-10-25,16.18601473661948,16.18601473661948,16.022849265484204,16.08811545393831,10691300.0
MBB,2024-10-28,16.153381642392425,16.218647830846535,16.08811545393831,16.18601473661948,3978301.0
MBB,2024-10-29,16.25128092507359,16.38181330198181,16.218647830846535,16.3165471135277,8549200.0
MBB,2024-10-30,16.3165471135277,16.414446396208866,16.12074854816537,16.3165471135277,14517300.0
MBB,2024-10-31,16.3165471135277,16.44707949043592,16.18601473661948,16.349180207754756,10212200.0
MBB,2024-11-01,16.283914019300646,16.349180207754756,16.05548235971126,16.05548235971126,11825200.0
MBB,2024-11-04,16.12074854816537,16.153381642392425,15.924949982803035,15.95758307703009,12401500.0
MBB,2024-11-05,16.022849265484204,16.05548235971126,15.924949982803035,15.95758307703009,9652270.0
MBB,2024-11-06,16.08811545393831,16.25128092507359,15.990216171257147,16.218647830846535,8579900.0
MBB,2024-11-07,16.3165471135277,16.3165471135277,16.18601473661948,16.18601473661948,11987300.0
MBB,2024-11-08,16.218647830846535,16.25128092507359,15.924949982803035,16.022849265484204,8354100.0
MBB,2024-11-11,16.022849265484204,16.05548235971126,15.631252134759537,15.859683794348927,17322201.0
MBB,2024-11-12,15.859683794348927,15.892316888575982,15.729151417440704,15.729151417440704,9116420.0
MBB,2024-11-13,15.729151417440704,15.82705070012187,15.565985946305428,15.761784511667758,13908600.0
MBB,2024-11-14,15.729151417440704,15.729151417440704,15.533352852078371,15.533352852078371,21179000.0
MBB,2024-11-15,15.46808666362426,15.533352852078371,15.337554286716038,15.337554286716038,20069302.0
MBB,2024-11-18,15.337554286716038,15.435453569397204,15.076489532899597,15.272288098261928,16337001.0
MBB,2024-11-19,15.337554286716038,15.40282047517015,15.10912262712665,15.10912262712665,7871900.0
MBB,2024-11-20,15.10912262712665,15.46808666362426,15.10912262712665,15.370187380943095,11359698.0
MBB,2024-11-21,15.40282047517015,15.663885228986594,15.272288098261928,15.663885228986594,6580202.0
MBB,2024-11-22,15.631252134759537,15.794417605894814,15.598619040532482,15.663885228986594,9207001.0
MBB,2024-11-25,15.663885228986594,15.696518323213649,15.598619040532482,15.631252134759537,4928801.0
MBB,2024-11-26,15.696518323213649,15.794417605894814,15.663885228986594,15.729151417440704,5367301.0
MBB,2024-11-27,15.663885228986594,15.82705070012187,15.598619040532482,15.729151417440704,4404301.0
MBB,2024-11-28,15.794417605894814,15.82705070012187,15.663885228986594,15.663885228986594,8913100.0
MBB,2024-11-29,15.696518323213649,15.761784511667758,15.631252134759537,15.761784511667758,6778200.0
MBB,2024-12-02,15.794417605894814,15.859683794348927,15.696518323213649,15.761784511667758,6241439.0
MBB,2024-12-03,15.761784511667758,15.794417605894814,15.631252134759537,15.631252134759537,7417900.0
MBB,2024-12-04,15.598619040532482,15.663885228986594,15.533352852078371,15.565985946305428,8580201.0
MBB,2024-12-05,15.565985946305428,16.05548235971126,15.533352852078371,16.022849265484204,10684800.0
MBB,2024-12-06,16.05548235971126,16.05548235971126,15.892316888575982,15.892316888575982,15919125.0
MBB,2024-12-09,15.924949982803035,16.022849265484204,15.82705070012187,15.924949982803035,6643635.0
MBB,2024-12-10,15.924949982803035,15.990216171257147,15.82705070012187,15.82705070012187,6867722.0
MBB,2024-12-11,15.82705070012187,15.924949982803035,15.729151417440704,15.859683794348927,6926962.0
MBB,2024-12-12,15.924949982803035,16.022849265484204,15.859683794348927,15.859683794348927,5848566.0
MBB,2024-12-13,15.82705070012187,15.892316888575982,15.794417605894814,15.82705070012187,4698367.0
MBB,2024-12-16,15.82705070012187,15.892316888575982,15.663885228986594,15.729151417440704,6396387.0
MBB,2024-12-17,15.696518323213649,15.794417605894814,15.696518323213649,15.761784511667758,4171143.0
MBB,2024-12-18,15.761784511667758,15.794417605894814,15.696518323213649,15.794417605894814,4180733.0
MBB,2024-12-19,15.533352852078371,15.696518323213649,15.533352852078371,15.565985946305428,10528327.0
MBB,2024-12-20,15.565985946305428,15.663885228986594,15.533352852078371,15.663885228986594,23882333.0
MBB,2024-12-23,15.663885228986594,15.761784511667758,15.663885228986594,15.696518323213649,7483093.0
MBB,2024-12-24,15.696518323213649,15.696518323213649,15.565985946305428,15.598619040532482,3822549.0
MBB,2024-12-25,15.631252134759537,16.18601473661948,15.631252134759537,15.95758307703009,15819926.0
MBB,2024-12-26,15.990216171257147,16.25128092507359,15.95758307703009,16.25128092507359,21251145.0
MBB,2024-12-27,16.349180207754756,16.512345678890036,16.3165471135277,16.349180207754756,18498042.0
MBB,2024-12-30,16.414446396208866,16.414446396208866,16.18601473661948,16.18601473661948,11594996.0
MBB,2024-12-31,16.18601473661948,16.38181330198181,16.18601473661948,16.38181330198181,11771339.0
MBB,2025-01-02,16.414446396208866,16.610244961571198,16.349180207754756,16.44707949043592,13462054.0
MBB,2025-01-03,16.44707949043592,16.44707949043592,16.12074854816537,16.12074854816537,11230619.0
MBB,2025-01-06,16.12074854816537,16.25128092507359,15.924949982803035,15.924949982803035,15135823.0
MBB,2025-01-07,16.28717732872335,16.28717732872335,15.911896745112212,16.249649270362234,14558378.0
MBB,2025-01-08,16.09953703691778,16.28717732872335,16.09953703691778,16.212121212001122,8416606.0
MBB,2025-01-09,16.212121212001122,16.28717732872335,16.09953703691778,16.137065095278896,7521334.0
MBB,2025-01-10,16.09953703691778,16.137065095278896,15.874368686751097,15.874368686751097,10415525.0
MBB,2025-01-13,15.874368686751097,16.137065095278896,15.724256453306642,16.137065095278896,9021557.0
MBB,2025-01-14,16.062008978556666,16.137065095278896,15.874368686751097,15.98695286183444,7936021.0
MBB,2025-01-15,16.09953703691778,16.137065095278896,15.98695286183444,16.024480920195554,9917588.0
MBB,2025-01-16,16.137065095278896,16.212121212001122,16.024480920195554,16.062008978556666,9901825.0
MBB,2025-01-17,16.137065095278896,16.137065095278896,16.024480920195554,16.137065095278896,7965419.0
MBB,2025-01-20,16.137065095278896,16.474817620528917,16.137065095278896,16.39976150380669,9424660.0
MBB,2025-01-21,16.474817620528917,16.549873737251147,16.324705387084464,16.39976150380669,16803726.0
MBB,2025-01-22,16.474817620528917,16.474817620528917,16.324705387084464,16.36223344544558,8167130.0
MBB,2025-01-23,16.437289562167802,16.6999859706956,16.36223344544558,16.662457912334485,15239720.0
MBB,2025-01-24,16.549873737251147,16.850098204140053,16.549873737251147,16.81257014577894,9798321.0
MBB,2025-02-03,16.549873737251147,16.6999859706956,16.474817620528917,16.549873737251147,9831105.0
MBB,2025-02-04,16.662457912334485,16.9626823792234,16.58740179561226,16.850098204140053,12433300.0
MBB,2025-02-05,16.88762626250117,16.925154320862283,16.737514029056715,16.88762626250117,26174506.0
MBB,2025-02-06,16.925154320862283,17.22537878775119,16.925154320862283,16.9626823792234,11107923.0
MBB,2025-02-07,17.03773849594562,17.262906846112305,16.81257014577894,17.075266554306737,14237917.0
MBB,2025-02-10,17.03773849594562,17.450547137917873,16.850098204140053,17.187850729390078,19859918.0
MBB,2025-02-11,17.262906846112305,17.262906846112305,17.150322671028967,17.262906846112305,7784308.0
MBB,2025-02-12,17.262906846112305,17.30043490447342,17.03773849594562,17.03773849594562,8361097.0
MBB,2025-02-13,17.150322671028967,17.187850729390078,16.9626823792234,17.187850729390078,7558104.0
MBB,2025-02-14,17.262906846112305,17.262906846112305,17.11279461266785,17.150322671028967,8323592.0
MBB,2025-02-17,17.187850729390078,17.187850729390078,16.9626823792234,17.00021043758451,9304053.0
MBB,2025-02-18,17.00021043758451,17.22537878775119,16.9626823792234,17.03773849594562,12498114.0
MBB,2025-02-19,17.11279461266785,17.22537878775119,17.03773849594562,17.150322671028967,10350918.0
MBB,2025-02-20,17.262906846112305,17.262906846112305,17.150322671028967,17.150322671028967,11621812.0
MBB,2025-02-21,17.187850729390078,17.375491021195646,17.11279461266785,17.187850729390078,21152422.0
MBB,2025-02-24,17.11279461266785,17.30043490447342,17.11279461266785,17.262906846112305,13739217.0
MBB,2025-02-25,17.30043490447342,17.675715488084556,17.30043490447342,17.563131313001215,38636416.0
MBB,2025-02-26,17.63818742972344,17.675715488084556,17.41301907955676,17.41301907955676,8767912.0
MBB,2025-02-27,17.41301907955676,17.450547137917873,17.22537878775119,17.41301907955676,13556110.0
MBB,2025-02-28,17.337962962834535,17.375491021195646,17.22537878775119,17.262906846112305,12262814.0
MBB,2025-03-03,17.262906846112305,17.337962962834535,17.22537878775119,17.337962962834535,13220003.0
MBB,2025-03-04,17.30043490447342,17.71324354644567,17.150322671028967,17.563131313001215,33207006.0
MBB,2025-03-05,17.563131313001215,18.088524130056808,17.488075196278988,17.675715488084556,30355700.0
MBB,2025-03-06,17.788299663167898,18.088524130056808,17.63818742972344,18.088524130056808,30549334.0
MBB,2025-03-07,18.20110830514015,18.688973063834627,18.088524130056808,18.388748596945717,50980627.0
MBB,2025-03-10,18.576388888751286,18.688973063834627,18.351220538584602,18.388748596945717,19469651.0
MBB,2025-03-11,18.163580246779034,18.6139169471124,18.12605218841792,18.6139169471124,28304215.0
MBB,2025-03-12,18.688973063834627,18.764029180556854,18.463804713667944,18.463804713667944,33557614.0
MBB,2025-03-13,18.501332772029055,18.53886083039017,18.163580246779034,18.238636363501264,25644110.0
MBB,2025-03-14,18.20110830514015,18.351220538584602,18.12605218841792,18.238636363501264,20034014.0
MBB,2025-03-17,18.313692480223487,18.351220538584602,18.088524130056808,18.238636363501264,27206507.0
MBB,2025-03-18,18.313692480223487,18.313692480223487,17.93841189661235,17.93841189661235,28146986.0
MBB,2025-03-19,17.93841189661235,18.01346801333458,17.788299663167898,17.90088383825124,22227808.0
MBB,2025-03-20,18.01346801333458,18.276164421862376,17.93841189661235,18.20110830514015,22462206.0
MBB,2025-03-21,18.238636363501264,18.388748596945717,18.163580246779034,18.238636363501264,18167509.0
MBB,2025-03-24,18.238636363501264,18.313692480223487,17.975939954973466,18.313692480223487,18367901.0
MBB,2025-03-25,18.388748596945717,18.426276655306832,18.12605218841792,18.163580246779034,16673902.0
MBB,2025-03-26,18.12605218841792,18.313692480223487,18.01346801333458,18.01346801333458,18277300.0
MBB,2025-03-27,18.01346801333458,18.088524130056808,17.93841189661235,17.93841189661235,13025800.0
MBB,2025-03-28,18.01346801333458,18.088524130056808,17.863355779890124,17.93841189661235,16254000.0
MBB,2025-03-31,17.90088383825124,18.088524130056808,17.863355779890124,18.088524130056808,19358101.0
MBB,2025-04-01,18.12605218841792,18.463804713667944,18.01346801333458,18.463804713667944,15642910.0
MBB,2025-04-02,18.463804713667944,18.501332772029055,18.276164421862376,18.276164421862376,10558903.0
MBB,2025-04-03,17.71324354644567,17.788299663167898,17.00021043758451,17.00021043758451,87853102.0
MBB,2025-04-04,15.836840628389986,16.850098204140053,15.836840628389986,16.850098204140053,75397787.0
MBB,2025-04-08,15.874368686751097,16.437289562167802,15.68672839494553,15.68672839494553,67768611.0
MBB,2025-04-09,14.598414702473232,16.062008978556666,14.598414702473232,15.499088103139961,61224588.0
MBB,2025-04-10,16.549873737251147,16.549873737251147,16.549873737251147,16.549873737251147,3818165.0
MBB,2025-04-11,16.88762626250117,17.63818742972344,16.81257014577894,17.60065937136233,78980400.0
MBB,2025-04-14,17.63818742972344,17.675715488084556,17.375491021195646,17.60065937136233,31742101.0
MBB,2025-04-15,17.262906846112305,17.563131313001215,17.187850729390078,17.262906846112305,29512300.0
MBB,2025-04-16,17.262906846112305,17.450547137917873,17.075266554306737,17.187850729390078,21927000.0
MBB,2025-04-17,17.03773849594562,17.262906846112305,16.9626823792234,17.262906846112305,21593501.0
MBB,2025-04-18,17.337962962834535,17.60065937136233,17.30043490447342,17.450547137917873,32262900.0
MBB,2025-04-21,17.63818742972344,17.63818742972344,17.11279461266785,17.22537878775119,37143800.0
MBB,2025-04-22,17.150322671028967,17.375491021195646,16.174593153640007,17.337962962834535,45405002.0
MBB,2025-04-23,17.60065937136233,17.788299663167898,17.337962962834535,17.563131313001215,33860600.0
MBB,2025-04-24,17.563131313001215,17.563131313001215,17.30043490447342,17.450547137917873,18099101.0
MBB,2025-04-25,17.63818742972344,17.825827721529013,17.488075196278988,17.675715488084556,40909200.0
MBB,2025-04-28,17.863355779890124,17.90088383825124,17.675715488084556,17.788299663167898,23070501.0
MBB,2025-04-29,17.788299663167898,17.825827721529013,17.675715488084556,17.675715488084556,13327800.0
MBB,2025-05-05,17.788299663167898,17.825827721529013,17.60065937136233,17.675715488084556,19572201.0
MBB,2025-05-06,17.71324354644567,17.788299663167898,17.63818742972344,17.675715488084556,22793600.0
MBB,2025-05-07,17.675715488084556,17.71324354644567,17.41301907955676,17.450547137917873,21921603.0
MBB,2025-05-08,17.488075196278988,17.71324354644567,17.41301907955676,17.675715488084556,21016400.0
MBB,2025-05-09,17.788299663167898,17.788299663167898,17.563131313001215,17.63818742972344,15034800.0
MBB,2025-05-12,17.563131313001215,17.93841189661235,17.525603254640103,17.863355779890124,37881405.0
MBB,2025-05-13,18.050996071695693,18.388748596945717,18.01346801333458,18.388748596945717,41138100.0
MBB,2025-05-14,18.388748596945717,18.53886083039017,18.276164421862376,18.388748596945717,29669301.0
MBB,2025-05-15,18.463804713667944,19.101781705806875,18.463804713667944,18.80155723891797,72062200.0
MBB,2025-05-16,18.876613355640195,18.876613355640195,18.501332772029055,18.501332772029055,30184500.0
MBB,2025-05-19,18.388748596945717,18.688973063834627,18.276164421862376,18.463804713667944,25791500.0
MBB,2025-05-20,18.53886083039017,18.839085297279084,18.388748596945717,18.651445005473512,31806600.0
MBB,2025-05-21,18.914141414001307,19.176837822529105,18.651445005473512,18.80155723891797,32055600.0
MBB,2025-05-22,19.026725589084652,19.026725589084652,18.388748596945717,18.501332772029055,26320800.0
MBB,2025-05-23,18.688973063834627,18.688973063834627,18.426276655306832,18.501332772029055,16995200.0
MBB,2025-05-26,18.53886083039017,18.6139169471124,18.01346801333458,18.6139169471124,20750000.0
MBB,2025-05-27,18.764029180556854,18.764029180556854,18.501332772029055,18.576388888751286,17960503.0
MBB,2025-05-28,18.651445005473512,18.651445005473512,18.426276655306832,18.463804713667944,14371801.0
MBB,2025-05-29,18.576388888751286,18.576388888751286,18.351220538584602,18.388748596945717,12859000.0
MBB,2025-05-30,18.501332772029055,18.501332772029055,18.276164421862376,18.276164421862376,17845800.0
MBB,2025-06-02,18.351220538584602,18.53886083039017,18.12605218841792,18.463804713667944,19359770.0
MBB,2025-06-03,18.501332772029055,18.6139169471124,18.501332772029055,18.53886083039017,19293000.0
MBB,2025-06-04,18.576388888751286,18.6139169471124,18.388748596945717,18.426276655306832,14235220.0
MBB,2025-06-05,18.426276655306832,18.501332772029055,18.313692480223487,18.313692480223487,10142269.0
MBB,2025-06-06,18.276164421862376,18.313692480223487,18.12605218841792,18.12605218841792,18496100.0
MBB,2025-06-09,18.12605218841792,18.238636363501264,18.088524130056808,18.20110830514015,13190400.0
MBB,2025-06-10,18.238636363501264,18.426276655306832,18.088524130056808,18.163580246779034,12988201.0
MBB,2025-06-11,18.163580246779034,18.238636363501264,18.12605218841792,18.20110830514015,6218902.0
MBB,2025-06-12,18.238636363501264,18.53886083039017,18.238636363501264,18.53886083039017,22630901.0
MBB,2025-06-13,18.351220538584602,18.764029180556854,18.313692480223487,18.651445005473512,49688201.0
MBB,2025-06-16,18.651445005473512,18.914141414001307,18.6139169471124,18.839085297279084,22920401.0
MBB,2025-06-17,18.951669472362422,19.064253647445764,18.651445005473512,18.764029180556854,22996100.0
MBB,2025-06-18,18.839085297279084,18.989197530723537,18.688973063834627,18.80155723891797,26971001.0
MBB,2025-06-19,18.914141414001307,18.914141414001307,18.72650112219574,18.839085297279084,15684601.0
MBB,2025-06-20,18.914141414001307,19.627174522862468,18.876613355640195,19.364478114334673,52109475.0
MBB,2025-06-23,19.176837822529105,19.589646464501357,19.13930976416799,19.4395342310569,25418402.0
MBB,2025-06-24,19.589646464501357,19.814814814668036,19.4395342310569,19.4395342310569,27875000.0
MBB,2025-06-25,19.514590347779126,19.55211840614024,19.21436588089022,19.21436588089022,23040000.0
MBB,2025-06-26,19.289421997612447,19.4395342310569,19.13930976416799,19.4395342310569,35078100.0
MBB,2025-06-27,19.4395342310569,19.589646464501357,19.289421997612447,19.289421997612447,16186701.0
MBB,2025-06-30,19.32695005597356,19.4395342310569,19.289421997612447,19.364478114334673,12223801.0
MBB,2025-07-01,19.4395342310569,19.627174522862468,19.364478114334673,19.514590347779126,26496201.0
MBB,2025-07-02,19.55211840614024,19.73975869794581,19.514590347779126,19.55211840614024,14022700.0
MBB,2025-07-03,19.627174522862468,19.777286756306925,19.477062289418015,19.477062289418015,31567501.0
MBB,2025-07-04,19.514590347779126,19.55211840614024,19.40200617269579,19.514590347779126,14976201.0
MBB,2025-07-07,19.589646464501357,19.889870931390266,19.589646464501357,19.814814814668036,19085901.0
MBB,2025-07-08,19.889870931390266,20.03998316483472,19.777286756306925,19.814814814668036,16934400.0
MBB,2025-07-09,19.927398989751378,20.11503928155695,19.814814814668036,19.964927048112493,26280500.0
MBB,2025-07-10,20.03998316483472,20.03998316483472,19.814814814668036,19.85234287302915,15122087.0
MBB,2025-07-11,19.889870931390266,20.190095398279173,19.85234287302915,20.03998316483472,22246200.0
MBB,2025-07-14,20.077511223195835,20.190095398279173,19.814814814668036,20.11503928155695,18992306.0
MBB,2025-07-15,20.11503928155695,20.34020763172363,19.964927048112493,19.964927048112493,21438500.0
MBB,2025-07-16,19.889870931390266,20.077511223195835,19.85234287302915,20.03998316483472,16008101.0
MBB,2025-07-17,20.077511223195835,20.190095398279173,19.927398989751378,20.077511223195835,21055800.0
MBB,2025-07-18,20.11503928155695,20.45279180680697,19.964927048112493,20.415263748445856,27972700.0
MBB,2025-07-21,20.490319865168086,20.75301627369588,20.190095398279173,20.227623456640288,20741901.0
MBB,2025-07-22,20.190095398279173,20.37773569008474,20.002455106473604,20.37773569008474,21564600.0
MBB,2025-07-23,20.415263748445856,20.71548821533477,20.34020763172363,20.565375981890313,28304700.0
MBB,2025-07-24,20.677960156973654,21.3534652074737,20.677960156973654,21.315937149112585,40500700.0
MBB,2025-07-25,21.390993265834812,21.65368967436261,21.315937149112585,21.3534652074737,20793133.0
MBB,2025-07-28,21.3534652074737,21.578633557640384,21.278409090751474,21.578633557640384,25759301.0
MBB,2025-07-29,21.616161616001495,21.65368967436261,20.15256733991806,20.15256733991806,61871747.0
MBB,2025-07-30,20.415263748445856,20.903128507140337,20.15256733991806,20.565375981890313,34372179.0
MBB,2025-07-31,20.75301627369588,20.865600448779222,20.227623456640288,20.602904040251424,28408386.0
MBB,2025-08-01,20.602904040251424,20.75301627369588,20.302679573362518,20.37773569008474,21897486.0
MBB,2025-08-04,20.34020763172363,20.865600448779222,20.302679573362518,20.865600448779222,23561822.0
MBB,2025-08-05,21.69121773272372,22.29166666650154,20.75301627369588,22.29166666650154,75336156.0
MBB,2025-08-06,22.89211560027936,23.229868125529386,22.666947250112678,22.96717171700159,33525600.0
MBB,2025-08-07,23.19234006716827,23.229868125529386,22.779531425196023,23.07975589208493,30707170.0
MBB,2025-08-08,23.229868125529386,23.267396183890497,22.779531425196023,22.929643658640476,26885000.0
MBB,2025-08-11,23.117283950446044,24.3557098763628,23.042227833723818,23.86784511766832,48669700.0
MBB,2025-08-12,24.243125701279453,24.318181818001683,23.755260942584975,24.318181818001683,56814801.0
MBB,2025-08-13,25.4,25.8,24.7,25.8,80011685.0
MBB,2025-08-14,27.6,27.6,27.6,27.6,45394100.0
MBB,2025-08-15,29.5,29.5,27.7,28.25,121375402.0
MBB,2025-08-18,28.55,28.6,27.65,27.8,51231704.0
MBB,2025-08-19,28.35,29.4,27.9,28.2,54011902.0
MBB,2025-08-20,28.2,28.3,26.85,27.8,77393200.0
MBB,2025-08-21,28.05,28.7,27.75,28.2,57150300.0
MBB,2025-08-22,27.75,28.0,26.9,26.9,72899700.0
MBB,2025-08-25,27.15,27.3,25.8,26.2,56590302.0
MBB,2025-08-26,26.2,27.6,26.1,27.55,41208700.0
MBB,2025-08-27,28.2,28.25,27.4,27.4,40368600.0
MBB,2025-08-28,27.4,27.55,26.7,27.2,32467000.0
MBB,2025-08-29,27.45,28.2,27.2,27.75,55715700.0
MBB,2025-09-03,27.8,28.8,27.5,28.45,46653600.0
MBB,2025-09-04,28.45,28.6,28.1,28.25,28886401.0
MBB,2025-09-05,28.5,28.65,27.4,27.4,66550601.0
MBB,2025-09-08,27.2,27.25,26.7,26.7,68119001.0
MBB,2025-09-09,26.7,27.0,26.3,26.65,32865701.0
MBB,2025-09-10,27.0,27.55,26.8,26.95,28898300.0
MBB,2025-09-11,26.8,26.95,26.05,26.7,31166210.0
MBB,2025-09-12,26.9,27.0,26.6,26.6,19231801.0
MBB,2025-09-15,26.75,26.85,26.55,26.85,21483305.0
MBB,2025-09-16,27.1,27.85,27.05,27.5,51366803.0
MBB,2025-09-17,27.4,27.55,27.0,27.0,16319111.0
MBB,2025-09-18,26.95,27.1,26.6,26.8,17716200.0
MBB,2025-09-19,26.95,26.95,26.5,26.65,14481702.0
MBB,2025-09-22,26.55,26.6,26.1,26.15,26402716.0
MBB,2025-09-23,26.45,26.55,26.15,26.35,10100402.0
MBB,2025-09-24,26.35,26.8,25.9,26.8,22782102.0
MBB,2025-09-25,27.0,27.0,26.4,26.55,17389609.0
MBB,2025-09-26,26.5,26.7,26.25,26.25,13145906.0
MBB,2025-09-29,26.25,26.35,26.1,26.15,16383005.0
MBB,2025-09-30,26.2,26.6,26.05,26.2,20509801.0
MBB,2025-10-01,26.25,26.6,26.15,26.4,11644611.0
MBB,2025-10-02,26.5,27.35,26.45,26.8,47605033.0
MBB,2025-10-03,26.7,26.8,26.4,26.55,14609509.0
MBB,2025-10-06,26.95,27.5,26.65,27.35,38982412.0
MBB,2025-10-07,27.5,27.55,26.85,26.85,23488310.0
MBB,2025-10-08,27.2,27.3,26.85,26.85,32588015.0
MBB,2025-10-09,27.0,27.4,26.85,27.35,39930616.0
MBB,2025-10-10,27.4,27.75,27.2,27.45,57198849.0
MBB,2025-10-13,27.15,27.4,27.0,27.35,46609925.0
MBB,2025-10-14,27.5,27.7,27.05,27.05,56920874.0
MBB,2025-10-15,27.15,27.65,27.1,27.25,31746330.0
MBB,2025-10-16,27.3,27.55,27.15,27.2,32653811.0
MBB,2025-10-17,27.25,27.8,27.1,27.1,43552700.0
MBB,2025-10-20,26.95,27.1,25.25,25.25,74530213.0
MBB,2025-10-21,25.35,26.0,24.8,25.3,54148310.0
MBB,2025-10-22,25.6,25.65,24.8,25.45,29596311.0
MBB,2025-10-23,25.5,25.7,25.2,25.2,20600815.0
MBB,2025-10-24,25.15,25.15,24.35,24.4,46363109.0
MBB,2025-10-27,24.55,24.65,23.8,23.8,53026003.0
MBB,2025-10-28,23.8,24.0,23.15,24.0,49519823.0
MBB,2025-10-29,24.2,24.6,24.05,24.35,28479421.0
MBB,2025-10-30,24.4,24.4,23.85,23.95,27183621.0
MBB,2025-10-31,23.8,24.1,23.6,23.6,20266922.0
MBB,2025-11-03,23.7,24.0,23.1,23.1,31376222.0
MBB,2025-11-04,23.5,24.35,23.2,24.0,38747799.0
MBB,2025-11-05,24.0,24.1,23.8,23.9,15035121.0
MBB,2025-11-06,24.0,24.1,23.6,23.7,10917922.0
MBB,2025-11-07,23.75,23.75,23.15,23.3,21326721.0
MBB,2025-11-10,23.3,23.6,23.05,23.1,17025222.0
MBB,2025-11-11,23.15,23.35,23.0,23.2,15211123.0
MBB,2025-11-12,23.35,23.8,23.2,23.7,17631322.0
MBB,2025-11-13,23.75,23.8,23.5,23.5,19631321.0
MBB,2025-11-14,23.45,23.65,23.3,23.5,16581943.0
MBB,2025-11-17,23.6,23.95,23.6,23.8,16993421.0
MBB,2025-11-18,23.8,23.95,23.7,23.7,19512932.0
MBB,2025-11-19,23.75,23.8,23.4,23.5,17653742.0
MBB,2025-11-20,23.7,23.7,23.3,23.35,15082300.0
MBB,2025-11-21,23.25,23.25,23.0,23.2,26847021.0
MBB,2025-11-24,23.25,23.4,23.05,23.15,10531021.0
MBB,2025-11-25,23.2,23.3,22.8,22.85,18937721.0
MBB,2025-11-26,22.9,23.45,22.85,23.25,21635321.0
MBB,2025-11-27,23.35,23.65,23.3,23.5,22992321.0
MBB,2025-11-28,23.5,23.5,23.25,23.25,11759421.0
MBB,2025-12-01,23.3,23.4,23.2,23.2,7796321.0
MBB,2025-12-02,23.2,23.6,23.0,23.55,19166421.0
MBB,2025-12-03,23.55,24.6,23.55,24.55,57460139.0
MBB,2025-12-04,24.8,26.0,24.8,25.7,81831651.0
MBB,2025-12-05,25.8,25.8,25.1,25.15,30315521.0
MBB,2025-12-08,25.0,25.55,24.85,25.3,22616821.0
MBB,2025-12-09,25.05,25.2,24.35,24.7,34518921.0
MBB,2025-12-10,24.7,25.45,24.6,25.15,26925321.0
MBB,2025-12-11,25.25,25.3,24.7,24.85,17190621.0
MBB,2025-12-12,24.9,24.95,24.0,24.0,21849221.0
MBB,2025-12-15,24.0,24.2,23.65,23.75,16088121.0
MBB,2025-12-16,23.85,24.75,23.5,24.45,21422021.0
MBB,2025-12-17,24.55,24.7,24.35,24.4,11148521.0
MBB,2025-12-18,24.3,24.7,24.25,24.65,12957321.0
MBB,2025-12-19,24.65,24.7,24.5,24.7,12027521.0
MBB,2025-12-22,24.85,25.4,24.65,25.25,26664121.0
MBB,2025-12-23,25.35,25.65,24.9,25.1,22631221.0
MBB,2025-12-24,25.1,25.55,24.95,25.3,24884722.0
MBB,2025-12-25,25.25,25.55,25.0,25.0,21711721.0
MBB,2025-12-26,24.7,25.0,24.2,24.85,24369521.0
MBB,2025-12-29,24.85,25.0,24.7,24.85,15863221.0
MBB,2025-12-30,24.9,25.2,24.85,25.0,12056920.0
MBB,2025-12-31,25.0,25.3,24.95,25.3,23824815.0
MBB,2026-01-05,25.35,25.75,24.0,25.35,42081508.0
MBB,2026-01-06,25.45,26.75,25.0,26.65,72144112.0
MBB,2026-01-07,26.75,26.85,26.45,26.7,34627900.0
MBB,2026-01-08,26.75,27.15,26.5,26.6,47534900.0
MBB,2026-01-09,26.75,27.7,26.7,27.3,66065300.0
MBB,2026-01-12,27.55,28.2,27.55,28.2,56968300.0
MBB,2026-01-13,28.25,28.3,27.45,27.55,45769000.0
MBB,2026-01-14,27.6,27.95,26.85,27.15,45126300.0
MBB,2026-01-15,27.05,27.55,26.8,27.25,34596800.0
MBB,2026-01-16,27.4,27.7,27.05,27.05,20359500.0
MBB,2026-01-19,27.2,27.6,27.15,27.5,27218600.0
MBB,2026-01-20,27.75,28.0,27.1,27.4,28109000.0
MBB,2026-01-21,27.3,27.5,26.9,27.0,27066700.0
MBB,2026-01-22,27.15,27.45,26.9,26.95,17506700.0
MBB,2026-01-23,26.95,27.1,26.65,26.95,23036800.0
MBB,2026-01-26,26.75,26.85,26.0,26.1,31708000.0
MBB,2026-01-27,26.15,26.6,26.1,26.5,19201000.0
MBB,2026-01-28,26.55,26.75,26.2,26.55,17954900.0
MBB,2026-01-29,26.9,26.95,26.3,26.7,19308300.0
MBB,2026-01-30,26.75,27.2,26.6,27.2,28064600.0
MBB,2026-02-02,27.2,27.6,26.95,27.3,25977600.0
MBB,2026-02-03,27.5,28.1,27.5,27.7,50769200.0
MBB,2026-02-04,27.85,28.1,27.55,27.8,25733700.0
MBB,2026-02-05,27.85,27.9,27.05,27.05,25285900.0
MBB,2026-02-06,27.0,28.1,26.45,27.35,49957800.0
MBB,2026-02-09,27.8,28.1,27.4,27.6,25413800.0
MBB,2026-02-10,27.8,28.5,27.5,27.85,51318500.0
MBB,2026-02-11,28.1,29.5,28.05,29.0,104577296.0
MBB,2026-02-12,29.3,29.3,28.3,28.35,27983900.0
MBB,2026-02-13,28.6,28.6,28.3,28.3,21371900.0
MBB,2026-02-23,28.8,28.85,28.3,28.35,19036000.0
MBB,2026-02-24,28.5,28.5,28.15,28.25,27187100.0
MBB,2026-02-25,28.5,29.3,28.3,28.75,28088400.0
MBB,2026-02-26,28.9,29.1,28.45,28.8,16056700.0
MBB,2026-02-27,28.75,28.85,28.5,28.5,14848500.0
MBB,2026-03-02,28.0,28.2,27.6,27.65,51175400.0
MBB,2026-03-03,27.75,27.85,27.0,27.05,42244700.0
MBB,2026-03-04,27.1,27.4,26.35,26.95,42105200.0
MBB,2026-03-05,27.45,27.55,27.0,27.05,17308700.0
MBB,2026-03-06,27.1,27.15,26.65,26.7,22166600.0
MBB,2026-03-09,24.9,25.65,24.85,24.85,73057296.0
MBB,2026-03-10,26.1,26.55,25.6,26.55,37844500.0
MBB,2026-03-11,26.55,27.0,26.45,26.8,22212600.0
MBB,2026-03-12,26.5,26.8,26.0,26.25,19075600.0
MBB,2026-03-13,26.2,26.5,25.8,26.15,17314700.0
MBB,2026-03-16,26.15,26.5,26.1,26.1,12448200.0
MBB,2026-03-17,26.4,26.75,26.25,26.35,9514500.0
MBB,2026-03-18,26.7,26.9,25.75,26.3,14929500.0
MBB,2026-03-19,26.05,26.5,25.9,26.4,19724200.0
MBB,2026-03-20,26.3,26.35,25.95,25.95,13305900.0
MBB,2026-03-23,25.6,25.65,24.85,25.0,21672100.0
MBB,2026-03-24,25.75,26.0,25.4,25.6,13041100.0
MBB,2026-03-25,25.95,26.25,25.85,26.0,13825500.0
MBB,2026-03-26,26.35,26.35,25.7,25.8,13683600.0
MBB,2026-03-27,25.75,26.2,25.6,26.15,12866700.0
MBB,2026-03-30,25.8,26.1,25.65,25.75,11214500.0
MBB,2026-03-31,25.95,26.7,25.95,26.45,20965700.0
MBB,2026-04-01,27.0,27.1,26.5,26.5,18947700.0
MBB,2026-04-02,26.5,26.55,25.9,26.3,23391700.0
MBB,2026-04-03,26.3,26.45,25.95,25.95,10974700.0
MBB,2026-04-06,26.0,26.0,25.6,25.65,11655100.0
MBB,2026-04-07,25.75,25.8,25.45,25.6,15315200.0
MBB,2026-04-08,26.45,26.65,26.1,26.6,33405300.0
MBB,2026-04-09,26.5,26.7,26.35,26.5,14977100.0
MBB,2026-04-10,26.8,27.1,26.65,26.7,30327300.0
MBB,2026-04-13,26.35,26.65,26.25,26.45,15029500.0
MBB,2026-04-14,26.7,26.8,26.5,26.7,16255100.0
MBB,2026-04-15,26.7,26.85,26.6,26.6,11553900.0
MBB,2026-04-16,26.5,26.6,26.2,26.3,12841800.0
MBB,2026-04-17,26.3,26.6,26.3,26.45,8604100.0
MBB,2026-04-20,26.45,26.6,26.35,26.35,13276300.0
MBB,2026-04-21,26.4,26.6,26.3,26.3,13041700.0
MBB,2026-04-22,26.35,26.4,26.1,26.2,8424700.0
MBB,2026-04-23,26.2,27.0,26.15,26.4,15289400.0
MBB,2026-04-24,26.4,26.4,26.2,26.2,9074600.0
MBB,2026-04-28,26.2,26.25,26.0,26.0,12572800.0
MBB,2026-04-29,26.0,26.15,25.85,26.05,13290000.0
MBB,2026-05-04,26.15,26.4,26.05,26.1,10177100.0
MBB,2026-05-05,26.0,26.1,25.75,25.95,12314500.0
MBB,2026-05-06,26.0,26.15,25.85,26.05,16164500.0
MBB,2026-05-07,26.15,26.3,26.0,26.1,16786200.0
MBB,2026-05-08,26.1,26.55,26.05,26.15,22204000.0
MBB,2026-05-11,26.2,26.35,25.95,26.0,16618800.0
MBB,2026-05-12,26.0,26.1,25.9,25.9,11264200.0
MBB,2026-05-13,25.9,26.0,25.75,25.8,12652300.0
MBB,2026-05-14,25.85,26.1,25.8,25.85,13084300.0
