Symbol,Date,Open,High,Low,Close,Volume
MWG,2021-05-17,45.898786145946644,46.05871223007886,45.067170508459114,45.25908180941777,575700.0
MWG,2021-05-18,45.25908180941777,45.41900789354999,45.003200074806216,45.323052243070656,641000.0
MWG,2021-05-19,45.099155725285556,45.41900789354999,44.93922964115333,45.323052243070656,936300.0
MWG,2021-05-20,45.003200074806216,47.977825239665485,45.003200074806216,47.977825239665485,1509800.0
MWG,2021-05-21,46.98628351804573,47.338120903136605,46.3785643983433,46.506505265649075,3231000.0
MWG,2021-05-24,46.3785643983433,46.85834265073996,46.0906974469053,46.69841656660773,761300.0
MWG,2021-05-25,46.69841656660773,46.85834265073996,46.3785643983433,46.69841656660773,789800.0
MWG,2021-05-26,46.69841656660773,46.76238700026062,46.21863831421108,46.34657918151686,781800.0
MWG,2021-05-27,46.34657918151686,46.3785643983433,45.41900789354999,45.54694876085576,848200.0
MWG,2021-05-28,45.54694876085576,45.80283049546731,45.291067026244214,45.64290441133509,822300.0
MWG,2021-05-31,44.779303557021116,45.25908180941777,44.29952530462446,44.29952530462446,1597300.0
MWG,2021-06-01,43.97967313636003,44.139599220492244,43.18004271569893,43.65982096809559,1074000.0
MWG,2021-06-02,43.49989488396337,44.779303557021116,43.46790966713693,44.39548095510379,654400.0
MWG,2021-06-03,44.71533312336823,44.71533312336823,43.819747052227804,44.459451388756676,713700.0
MWG,2021-06-04,44.459451388756676,44.459451388756676,43.819747052227804,43.97967313636003,867400.0
MWG,2021-06-07,43.97967313636003,44.01165835318647,43.27599836617827,43.53188010078981,721500.0
MWG,2021-06-08,43.49989488396337,44.139599220492244,43.40393923348404,43.49989488396337,715300.0
MWG,2021-06-09,43.49989488396337,43.97967313636003,43.18004271569893,43.627835751269146,759900.0
MWG,2021-06-10,43.18004271569893,43.819747052227804,43.18004271569893,43.27599836617827,679100.0
MWG,2021-06-11,43.244013149351815,43.819747052227804,43.21202793252537,43.819747052227804,830800.0
MWG,2021-06-14,44.139599220492244,44.39548095510379,43.75577661857492,44.171584437318685,811700.0
MWG,2021-06-15,44.171584437318685,44.459451388756676,43.97967313636003,44.1076140036658,471000.0
MWG,2021-06-16,44.07562878683936,44.07562878683936,43.65982096809559,43.819747052227804,545100.0
MWG,2021-06-17,43.65982096809559,46.02672701325242,43.49989488396337,44.459451388756676,1324500.0
MWG,2021-06-18,44.93922964115333,45.25908180941777,44.779303557021116,45.099155725285556,414700.0
MWG,2021-06-21,44.971214857979774,46.66643134978129,44.971214857979774,46.63444613295485,1179900.0
MWG,2021-06-22,46.69841656660773,46.76238700026062,44.6193774728889,46.69841656660773,2696900.0
MWG,2021-06-23,46.442534831996184,46.53849048247552,46.05871223007886,46.05871223007886,1543700.0
MWG,2021-06-24,46.02672701325242,46.69841656660773,45.99474179642598,46.05871223007886,394400.0
MWG,2021-06-25,46.05871223007886,46.3785643983433,45.898786145946644,45.96275657959953,737200.0
MWG,2021-06-28,46.21863831421108,46.69841656660773,45.96275657959953,46.53849048247552,700200.0
MWG,2021-06-29,46.53849048247552,47.17819481900439,46.3785643983433,47.01826873487217,856700.0
MWG,2021-06-30,47.01826873487217,49.22524869589679,47.01826873487217,48.61752957619436,1221500.0
MWG,2021-07-01,48.61752957619436,48.777455660326574,48.1377513237977,48.32966262475636,917200.0
MWG,2021-07-02,48.29767740792992,50.216790417516535,48.29767740792992,50.15281998386365,964000.0
MWG,2021-07-05,51.49619909057429,53.415312100160904,51.49619909057429,53.25538601602869,2480200.0
MWG,2021-07-06,53.89509035255756,54.598765122739316,49.57708608098766,49.57708608098766,3029533.0
MWG,2021-07-07,51.17634692230985,53.03148949824358,49.57708608098766,53.03148949824358,1709200.0
MWG,2021-07-08,55.01457294148309,56.03809987992928,53.57523818429312,55.174499025615305,1972500.0
MWG,2021-07-09,55.04655815830953,57.541405070772136,54.950602507830205,56.45390769867305,3259400.0
MWG,2021-07-12,56.29398161454083,57.221552902507696,52.77560776363203,56.48589291549949,4059500.0
MWG,2021-07-13,57.02964160154904,57.02964160154904,55.01457294148309,55.97412944627639,1233700.0
MWG,2021-07-14,55.33442510974752,55.62229206118552,52.58369646267337,53.25538601602869,2447480.0
MWG,2021-07-15,52.74362254680559,54.69472077321865,52.13590342710316,53.447297316987346,1493900.0
MWG,2021-07-16,53.76714948525178,53.89509035255756,53.095459931896464,53.76714948525178,2765100.0
MWG,2021-07-19,51.59215474105362,52.13590342710316,50.05686433338432,50.05686433338432,2808000.0
MWG,2021-07-20,50.536642585780974,52.64766689632626,50.05686433338432,52.64766689632626,1106500.0
MWG,2021-07-21,53.095459931896464,53.28737123285513,51.84803647566516,52.26384429440893,1173900.0
MWG,2021-07-22,51.975977342970936,53.86310513573112,51.752080825185836,52.839578197284915,982100.0
MWG,2021-07-23,52.1678886439296,52.839578197284915,51.49619909057429,51.72009560835939,2066215.0
MWG,2021-07-26,51.30428778961562,51.49619909057429,50.50465736895453,51.27230257278918,1260900.0
MWG,2021-07-27,51.81605125883872,51.81605125883872,50.216790417516535,50.536642585780974,2430100.0
MWG,2021-07-28,50.47267215212809,51.33627300644206,49.928923466078544,50.24877563434298,455700.0
MWG,2021-07-29,51.11237648865696,52.071932993450275,49.8969382492521,52.071932993450275,1317800.0
MWG,2021-07-30,51.6561251747065,52.74362254680559,51.01642083817763,52.48774081219403,2729200.0
MWG,2021-08-02,52.45575559536759,55.174499025615305,52.295829511235375,54.342883388127774,2464100.0
MWG,2021-08-03,54.342883388127774,54.374868604954216,53.735164268425336,54.342883388127774,898900.0
MWG,2021-08-04,54.40685382178066,54.66273555639221,53.89509035255756,54.374868604954216,929400.0
MWG,2021-08-05,54.246927737648434,55.75023292849129,54.055016436689776,55.33442510974752,989800.0
MWG,2021-08-06,55.33442510974752,56.13405553040862,54.854646857350865,54.854646857350865,1032700.0
MWG,2021-08-09,54.69472077321865,55.718247711664844,54.21494252082199,55.59030684435908,638000.0
MWG,2021-08-10,55.65427727801196,55.718247711664844,54.88663207417731,55.62229206118552,882000.0
MWG,2021-08-11,55.65427727801196,57.34949376981348,55.206484242441746,55.97412944627639,1670800.0
MWG,2021-08-12,55.49435119387974,55.97412944627639,54.374868604954216,54.374868604954216,1472100.0
MWG,2021-08-13,54.21494252082199,54.69472077321865,53.54325296746668,54.69472077321865,1211800.0
MWG,2021-08-16,54.854646857350865,55.01457294148309,53.735164268425336,54.40685382178066,2372300.0
MWG,2021-08-17,54.342883388127774,54.40685382178066,53.703179051598894,54.342883388127774,1154300.0
MWG,2021-08-18,54.055016436689776,55.49435119387974,53.927075569384,55.174499025615305,1153898.0
MWG,2021-08-19,55.174499025615305,55.174499025615305,54.21494252082199,55.174499025615305,975700.0
MWG,2021-08-20,55.01457294148309,55.01457294148309,52.45575559536759,52.45575559536759,2670300.0
MWG,2021-08-23,52.13590342710316,52.45575559536759,50.536642585780974,50.568627802607416,1769300.0
MWG,2021-08-24,50.79252432039252,51.943992126144494,50.568627802607416,51.33627300644206,1060900.0
MWG,2021-08-25,51.49619909057429,52.45575559536759,51.20833213913629,51.6561251747065,817243.0
MWG,2021-08-26,52.42377037854115,52.58369646267337,51.688110391532945,51.81605125883872,776200.0
MWG,2021-08-27,51.8800216924916,52.74362254680559,51.8800216924916,52.615681679499815,1336200.0
MWG,2021-08-30,53.46587409753201,54.04336328670427,53.225253602043566,53.225253602043566,1327900.0
MWG,2021-08-31,53.41774999843432,53.41774999843432,52.93650900745743,53.41774999843432,688100.0
MWG,2021-09-01,53.0808813047505,53.41774999843432,52.40714391738286,53.032757205652814,670400.0
MWG,2021-09-06,53.41774999843432,53.46587409753201,53.177129502945874,53.41774999843432,1142800.0
MWG,2021-09-07,53.610246394825076,53.65837049392276,52.93650900745743,53.0808813047505,894000.0
MWG,2021-09-08,53.0808813047505,53.610246394825076,52.93650900745743,53.610246394825076,1004800.0
MWG,2021-09-09,53.80274279121583,57.21955382715172,53.610246394825076,57.21955382715172,2544800.0
MWG,2021-09-10,57.267677926249405,57.41205022354247,56.35332004339332,57.21955382715172,2935100.0
MWG,2021-09-13,57.21955382715172,60.15512387211072,57.17142972805403,60.15512387211072,2587600.0
MWG,2021-09-14,59.673882881133835,60.05887567391534,58.75952499827775,59.91450337662228,1623100.0
MWG,2021-09-15,59.43326238564539,60.15512387211072,59.09639369196157,59.96262747571996,728800.0
MWG,2021-09-16,59.91450337662228,59.91450337662228,59.09639369196157,59.481386484743076,778300.0
MWG,2021-09-17,59.481386484743076,59.673882881133835,58.80764909737544,59.19264189015695,919200.0
MWG,2021-09-20,60.10699977301304,61.11760585406449,58.422656304593936,59.19264189015695,1370300.0
MWG,2021-09-21,58.27828400730086,60.395744367599164,58.27828400730086,59.57763468293846,1328400.0
MWG,2021-09-22,59.673882881133835,60.828861259478366,59.62575878203615,60.49199256579454,1293000.0
MWG,2021-09-23,60.87698535857605,64.19754819631656,60.87698535857605,63.52381080894892,2966400.0
MWG,2021-09-24,63.62005900714429,64.4862927909027,62.609452926092835,62.801949322483594,2025700.0
MWG,2021-09-27,62.080087836018265,62.080087836018265,60.63636486308761,60.63636486308761,5549850.0
MWG,2021-09-28,59.96262747571996,61.11760585406449,59.62575878203615,60.973233556771426,1344700.0
MWG,2021-09-29,61.02135765586911,61.83946734052982,61.02135765586911,61.502598646845996,1708800.0
MWG,2021-09-30,61.502598646845996,62.080087836018265,60.973233556771426,61.502598646845996,1469700.0
MWG,2021-10-01,61.11760585406449,61.502598646845996,60.63636486308761,60.73261306128298,1370231.0
MWG,2021-10-04,60.15512387211072,60.73261306128298,59.337014187450016,60.73261306128298,2190000.0
MWG,2021-10-05,60.63636486308761,61.02135765586911,60.203247971208405,61.02135765586911,1969300.0
MWG,2021-10-06,60.973233556771426,62.56132882699515,60.828861259478366,61.743219142334446,1798109.0
MWG,2021-10-07,61.26197815135755,61.743219142334446,61.26197815135755,61.59884684504138,1541260.0
MWG,2021-10-08,61.358226349552936,62.32070833150671,61.26197815135755,61.98383963782289,1668700.0
MWG,2021-10-11,62.03196373692058,62.41695652970208,61.358226349552936,62.32070833150671,2149700.0
MWG,2021-10-12,62.32070833150671,63.90880360173043,62.32070833150671,63.57193490804661,3303110.0
MWG,2021-10-13,63.66818310624199,64.58254098909806,63.57193490804661,64.438168691805,2392600.0
MWG,2021-10-14,64.4862927909027,64.87128558368421,63.52381080894892,64.24567229541425,2125700.0
MWG,2021-10-15,64.24567229541425,64.34192049360962,63.52381080894892,63.716307205339675,1697400.0
MWG,2021-10-18,63.62005900714429,63.95692770082812,62.89819752067896,62.89819752067896,1853900.0
MWG,2021-10-19,62.51320472789746,63.04256981797204,62.12821193511595,62.41695652970208,1390800.0
MWG,2021-10-20,62.51320472789746,63.04256981797204,61.59884684504138,62.176336034213634,2820070.0
MWG,2021-10-21,62.176336034213634,62.56132882699515,61.11760585406449,61.11760585406449,1471700.0
MWG,2021-10-22,61.743219142334446,61.79134324143214,61.16572995316218,61.40635044865062,1094100.0
MWG,2021-10-25,61.59884684504138,62.465080628799775,61.59884684504138,61.79134324143214,1213700.0
MWG,2021-10-26,61.59884684504138,61.59884684504138,61.06948175496681,61.59884684504138,992900.0
MWG,2021-10-27,61.59884684504138,63.95692770082812,61.59884684504138,63.52381080894892,2057800.0
MWG,2021-10-28,63.186942115265104,63.764431304437366,61.83946734052982,63.52381080894892,1189400.0
MWG,2021-10-29,63.28319031346048,63.47568670985123,62.994445718874346,63.23506621436279,1498200.0
MWG,2021-11-01,63.28319031346048,63.42756261075355,62.080087836018265,62.56132882699515,1220520.0
MWG,2021-11-02,61.83946734052982,62.51320472789746,61.83946734052982,62.03196373692058,970700.0
MWG,2021-11-03,62.03196373692058,62.56132882699515,61.358226349552936,61.98383963782289,1569800.0
MWG,2021-11-04,61.83946734052982,62.85007342158128,61.59884684504138,62.51320472789746,950100.0
MWG,2021-11-05,64.00505179992581,64.00505179992581,63.04256981797204,63.52381080894892,1663800.0
MWG,2021-11-08,63.52381080894892,64.00505179992581,63.331314412558164,63.331314412558164,1126300.0
MWG,2021-11-09,63.42756261075355,63.52381080894892,62.56132882699515,62.56132882699515,1269900.0
MWG,2021-11-10,62.56132882699515,63.28319031346048,62.32070833150671,63.28319031346048,765400.0
MWG,2021-11-11,63.28319031346048,65.44877477285647,62.801949322483594,64.96753378187958,4441400.0
MWG,2021-11-12,65.44877477285647,65.44877477285647,64.438168691805,65.44877477285647,1184800.0
MWG,2021-11-15,65.59314707014954,67.32561463766632,65.59314707014954,67.08499414217788,2651500.0
MWG,2021-11-16,66.41125675481024,66.89249774578713,65.44877477285647,66.36313265571255,1510600.0
MWG,2021-11-17,66.26688445751716,66.41125675481024,65.54502297105184,66.36313265571255,1574900.0
MWG,2021-11-18,66.5556290521033,68.09560022322934,65.83376756563798,66.89249774578713,5270842.0
MWG,2021-11-19,67.37373873676401,67.8549797277409,65.44877477285647,66.89249774578713,1378000.0
MWG,2021-11-22,67.37373873676401,67.56623513315476,66.41125675481024,66.70000134939636,1161600.0
MWG,2021-11-23,66.70000134939636,69.29870270067156,66.45938085390792,68.81746170969467,1926200.0
MWG,2021-11-24,68.81746170969467,69.29870270067156,67.99935202503396,69.29870270067156,1971500.0
MWG,2021-11-25,69.34682679976923,69.77994369164844,68.57684121420623,69.77994369164844,936900.0
MWG,2021-11-26,69.68369549345306,70.02056418713688,68.09560022322934,68.09560022322934,6146900.0
MWG,2021-11-29,66.84437364668943,67.71060743044782,66.1225121602241,66.1706362593218,2370000.0
MWG,2021-11-30,66.65187725029868,67.32561463766632,65.88189166473566,66.84437364668943,1089100.0
MWG,2021-12-01,65.68939526834491,67.37373873676401,65.49689887195414,66.84437364668943,1902000.0
MWG,2021-12-02,66.79624954759174,66.79624954759174,65.83376756563798,65.93001576383335,663400.0
MWG,2021-12-03,65.59314707014954,65.93001576383335,64.24567229541425,64.24567229541425,1116200.0
MWG,2021-12-06,64.24567229541425,64.24567229541425,61.06948175496681,63.23506621436279,1693200.0
MWG,2021-12-07,63.23506621436279,64.24567229541425,63.23506621436279,64.24567229541425,1229300.0
MWG,2021-12-08,64.29379639451193,64.96753378187958,64.00505179992581,64.438168691805,688700.0
MWG,2021-12-09,64.438168691805,64.96753378187958,64.24567229541425,64.4862927909027,1443000.0
MWG,2021-12-10,64.05317589902349,64.91940968278189,64.00505179992581,64.53441689000037,817200.0
MWG,2021-12-13,64.67878918729345,64.91940968278189,64.4862927909027,64.91940968278189,865900.0
MWG,2021-12-14,64.8231614845865,65.44877477285647,64.24567229541425,65.16003017827033,1521700.0
MWG,2021-12-15,65.16003017827033,65.44877477285647,64.4862927909027,65.40065067375878,1680400.0
MWG,2021-12-16,65.44877477285647,65.44877477285647,64.29379639451193,64.29379639451193,1505700.0
MWG,2021-12-17,64.29379639451193,64.96753378187958,64.05317589902349,64.72691328639114,1433700.0
MWG,2021-12-20,64.24567229541425,64.77503738548882,63.764431304437366,64.00505179992581,1099600.0
MWG,2021-12-21,64.00505179992581,64.00505179992581,63.57193490804661,64.00505179992581,522100.0
MWG,2021-12-22,64.29379639451193,65.93001576383335,64.19754819631656,64.87128558368421,1300200.0
MWG,2021-12-23,64.87128558368421,65.3525265746611,63.42756261075355,64.29379639451193,2012500.0
MWG,2021-12-24,64.29379639451193,64.77503738548882,63.764431304437366,64.77503738548882,560900.0
MWG,2021-12-27,64.8231614845865,65.16003017827033,64.00505179992581,64.91940968278189,805000.0
MWG,2021-12-28,65.20815427736802,65.3525265746611,64.05317589902349,65.3525265746611,874300.0
MWG,2021-12-29,64.77503738548882,65.44877477285647,64.53441689000037,64.67878918729345,2187000.0
MWG,2021-12-30,64.72691328639114,65.16003017827033,64.4862927909027,64.63066508819577,998600.0
MWG,2021-12-31,64.63066508819577,65.40065067375878,64.19754819631656,65.40065067375878,1319900.0
MWG,2022-01-04,65.40065067375878,66.9887459439825,64.91940968278189,66.31500855661487,1327900.0
MWG,2022-01-05,66.31500855661487,67.03687004308019,65.97813986293103,65.97813986293103,2334600.0
MWG,2022-01-06,65.97813986293103,66.79624954759174,65.68939526834491,66.1706362593218,3482400.0
MWG,2022-01-07,66.1706362593218,66.1706362593218,65.20815427736802,65.20815427736802,5678400.0
MWG,2022-01-10,65.20815427736802,65.20815427736802,64.00505179992581,64.00505179992581,5388500.0
MWG,2022-01-11,64.00505179992581,64.72691328639114,63.37943851165585,63.42756261075355,2038500.0
MWG,2022-01-12,63.42756261075355,65.44877477285647,62.56132882699515,65.44877477285647,1304800.0
MWG,2022-01-13,65.68939526834491,65.68939526834491,63.52381080894892,65.20815427736802,2640900.0
MWG,2022-01-14,64.96753378187958,64.96753378187958,64.10129999812118,64.4862927909027,1919900.0
MWG,2022-01-17,64.00505179992581,64.438168691805,62.56132882699515,62.56132882699515,914800.0
MWG,2022-01-18,62.080087836018265,63.52381080894892,61.887591439627506,62.609452926092835,2564000.0
MWG,2022-01-19,62.65757702519052,64.4862927909027,62.56132882699515,64.24567229541425,1956890.0
MWG,2022-01-20,64.00505179992581,64.4862927909027,63.57193490804661,64.4862927909027,1234900.0
MWG,2022-01-21,64.4862927909027,64.4862927909027,63.186942115265104,64.10129999812118,1800100.0
MWG,2022-01-24,63.62005900714429,64.10129999812118,62.51320472789746,62.51320472789746,920600.0
MWG,2022-01-25,62.465080628799775,63.04256981797204,61.40635044865062,63.04256981797204,1458200.0
MWG,2022-01-26,63.04256981797204,63.47568670985123,62.080087836018265,63.47568670985123,954300.0
MWG,2022-01-27,62.994445718874346,63.66818310624199,62.176336034213634,63.28319031346048,1019400.0
MWG,2022-01-28,63.186942115265104,63.764431304437366,62.41695652970208,63.764431304437366,716300.0
MWG,2022-02-07,64.00505179992581,65.30440247556339,64.00505179992581,64.438168691805,954600.0
MWG,2022-02-08,64.438168691805,65.83376756563798,64.438168691805,65.59314707014954,1450000.0
MWG,2022-02-09,65.59314707014954,66.1706362593218,65.44877477285647,65.93001576383335,1207000.0
MWG,2022-02-10,65.93001576383335,66.02626396202872,64.72691328639114,65.59314707014954,1079300.0
MWG,2022-02-11,64.96753378187958,65.44877477285647,64.96753378187958,65.11190607917266,641500.0
MWG,2022-02-14,64.438168691805,64.96753378187958,63.52381080894892,63.52381080894892,1410300.0
MWG,2022-02-15,63.860679502632735,64.438168691805,63.28319031346048,64.14942409721888,1282900.0
MWG,2022-02-16,64.58254098909806,64.58254098909806,63.331314412558164,63.95692770082812,562000.0
MWG,2022-02-17,63.52381080894892,64.72691328639114,63.47568670985123,64.72691328639114,1059100.0
MWG,2022-02-18,63.57193490804661,64.4862927909027,63.57193490804661,64.4862927909027,467800.0
MWG,2022-02-21,63.764431304437366,64.91940968278189,63.764431304437366,64.438168691805,612100.0
MWG,2022-02-22,64.00505179992581,66.9887459439825,63.716307205339675,66.26688445751716,3739400.0
MWG,2022-02-23,66.26688445751716,67.66248333135013,65.88189166473566,66.31500855661487,1938800.0
MWG,2022-02-24,65.93001576383335,66.26688445751716,65.20815427736802,65.83376756563798,1224200.0
MWG,2022-02-25,65.88189166473566,67.27749053856863,65.44877477285647,66.21876035841947,2715300.0
MWG,2022-02-28,65.68939526834491,66.41125675481024,65.20815427736802,65.44877477285647,2124400.0
MWG,2022-03-01,65.88189166473566,65.93001576383335,65.01565788097726,65.44877477285647,1210200.0
MWG,2022-03-02,65.3525265746611,65.3525265746611,64.4862927909027,64.72691328639114,1770200.0
MWG,2022-03-03,64.96753378187958,65.68939526834491,64.29379639451193,65.68939526834491,1136700.0
MWG,2022-03-04,65.68939526834491,65.73751936744259,64.77503738548882,65.3525265746611,2023000.0
MWG,2022-03-07,64.72691328639114,64.96753378187958,64.4862927909027,64.58254098909806,1489600.0
MWG,2022-03-08,64.4862927909027,64.72691328639114,63.716307205339675,64.58254098909806,2397200.0
MWG,2022-03-09,64.53441689000037,64.53441689000037,63.764431304437366,64.39004459270733,2719500.0
MWG,2022-03-10,64.4862927909027,64.4862927909027,63.81255540353505,64.24567229541425,1129500.0
MWG,2022-03-11,64.19754819631656,64.19754819631656,63.52381080894892,64.00505179992581,773000.0
MWG,2022-03-14,63.57193490804661,63.90880360173043,62.32070833150671,63.37943851165585,1226700.0
MWG,2022-03-15,62.89819752067896,63.23506621436279,62.080087836018265,63.23506621436279,1132300.0
MWG,2022-03-16,63.138818016167406,63.52381080894892,62.56132882699515,63.23506621436279,1230100.0
MWG,2022-03-17,63.42756261075355,63.52381080894892,62.94632161977666,62.94632161977666,1053100.0
MWG,2022-03-18,62.94632161977666,63.42756261075355,62.94632161977666,63.331314412558164,893400.0
MWG,2022-03-21,63.52381080894892,64.91940968278189,63.28319031346048,64.91940968278189,2014900.0
MWG,2022-03-22,64.96753378187958,65.44877477285647,64.29379639451193,65.06378198007495,1176000.0
MWG,2022-03-23,64.8231614845865,65.64127116924722,64.77503738548882,64.96753378187958,1034500.0
MWG,2022-03-24,64.96753378187958,64.96753378187958,64.00505179992581,64.4862927909027,1093000.0
MWG,2022-03-25,64.8231614845865,67.56623513315476,64.34192049360962,66.84437364668943,3972700.0
MWG,2022-03-28,66.9887459439825,69.34682679976923,66.84437364668943,69.29870270067156,4758517.0
MWG,2022-03-29,70.02056418713688,71.84927995284905,69.29870270067156,70.50180517811377,3220500.0
MWG,2022-03-30,70.02056418713688,70.69430157450452,67.42186283586169,69.4911990970623,1966700.0
MWG,2022-03-31,69.29870270067156,71.46428716006754,68.57684121420623,70.16493648442994,2019700.0
MWG,2022-04-01,70.98304616909066,75.07359459239417,70.79054977269989,75.07359459239417,4330400.0
MWG,2022-04-04,76.27669706983639,76.37294526803177,74.59235360141729,74.59235360141729,1740500.0
MWG,2022-04-05,73.87049211495196,75.36233918698031,73.62987161946351,74.68860179961267,1390100.0
MWG,2022-04-06,74.1111126104404,77.96104053825549,73.82236801585428,76.42106936712946,2980900.0
MWG,2022-04-07,76.90231035810635,77.04668265539941,73.91861621404965,74.59235360141729,6882800.0
MWG,2022-04-08,74.59235360141729,74.59235360141729,72.18614864653287,72.18614864653287,3040400.0
MWG,2022-04-12,72.18614864653287,73.48549932217045,70.26118468262533,73.48549932217045,4276300.0
MWG,2022-04-13,72.66738963750976,75.55483558337106,72.42676914202131,75.16984279058956,12958400.0
MWG,2022-04-14,75.16984279058956,78.346033331037,74.59235360141729,76.75793806081327,2992800.0
MWG,2022-04-15,75.7954560788595,77.91291643915781,75.65108378156644,77.0948067544971,2959800.0
MWG,2022-04-18,77.4797995472786,77.96104053825549,76.56544166442252,77.0948067544971,2933800.0
MWG,2022-04-19,76.85418625900866,77.5279236463763,74.59235360141729,75.07359459239417,4081200.0
MWG,2022-04-20,74.64047770051498,76.7098139617156,74.01486441224503,75.07359459239417,2200700.0
MWG,2022-04-21,74.20736080863578,75.7954560788595,73.96674031314734,74.83297409690573,2304500.0
MWG,2022-04-22,75.36233918698031,75.55483558337106,69.82806779074612,74.9773463941988,4639300.0
MWG,2022-04-25,74.1111126104404,74.73672589871036,69.73181959255075,69.73181959255075,4170517.0
MWG,2022-04-26,67.8549797277409,72.61926553841207,66.89249774578713,71.6086594573606,3869650.0
MWG,2022-04-27,70.26118468262533,70.98304616909066,68.81746170969467,70.83867387179758,2399300.0
MWG,2022-04-28,70.98304616909066,71.70490765555599,69.68369549345306,69.77994369164844,2231600.0
MWG,2022-04-29,69.87619188984381,72.18614864653287,69.87619188984381,71.80115585375135,2917300.0
MWG,2022-05-04,72.18614864653287,72.90801013299819,71.46428716006754,71.94552815104443,1265800.0
MWG,2022-05-05,72.42676914202131,72.42676914202131,69.82806779074612,71.89740405194674,1718900.0
MWG,2022-05-06,70.50180517811377,71.6567835564583,70.309308781723,70.54992927721145,1376700.0
MWG,2022-05-09,69.39495089886692,69.44307499796462,65.64127116924722,65.64127116924722,2994900.0
MWG,2022-05-10,64.96753378187958,67.42186283586169,64.00505179992581,67.42186283586169,2623800.0
MWG,2022-05-11,67.46998693495938,67.8549797277409,66.02626396202872,67.8549797277409,1562400.0
MWG,2022-05-12,67.32561463766632,67.32561463766632,64.67878918729345,64.67878918729345,1833900.0
MWG,2022-05-13,64.67878918729345,65.01565788097726,60.203247971208405,60.203247971208405,3596500.0
MWG,2022-05-16,63.764431304437366,63.764431304437366,58.32640810639855,59.19264189015695,1364200.0
MWG,2022-05-17,60.10699977301304,63.331314412558164,58.71140089918006,63.331314412558164,1055800.0
MWG,2022-05-18,63.37943851165585,64.34192049360962,62.465080628799775,64.24567229541425,805600.0
MWG,2022-05-19,62.56132882699515,64.24567229541425,62.22446013331133,64.00505179992581,839200.0
MWG,2022-05-20,63.764431304437366,65.3525265746611,63.52381080894892,64.4862927909027,945300.0
MWG,2022-05-23,64.96753378187958,64.96753378187958,62.56132882699515,62.94632161977666,1137200.0
MWG,2022-05-24,62.994445718874346,64.00505179992581,62.465080628799775,64.00505179992581,577700.0
MWG,2022-05-25,64.67878918729345,68.09560022322934,64.4862927909027,66.89249774578713,1558000.0
MWG,2022-05-26,67.37373873676401,67.61435923225245,65.44877477285647,66.89249774578713,1206600.0
MWG,2022-05-27,66.9887459439825,70.69430157450452,66.9887459439825,70.59805337630914,2550700.0
MWG,2022-05-30,70.59805337630914,70.98304616909066,69.00995810608542,69.87619188984381,1613800.0
MWG,2022-05-31,69.87619188984381,69.87619188984381,68.81746170969467,69.73181959255075,1258200.0
MWG,2022-06-01,69.73181959255075,70.74242567360221,69.29870270067156,70.02056418713688,1087400.0
MWG,2022-06-02,70.50180517811377,72.42676914202131,70.02056418713688,71.07929436728602,2058300.0
MWG,2022-06-03,71.07929436728602,74.25548490773348,71.07929436728602,73.7261198176589,1839100.0
MWG,2022-06-06,74.1111126104404,75.31421508788262,74.1111126104404,74.44798130412423,2317240.0
MWG,2022-06-07,74.5932929157842,74.5932929157842,72.17143275618082,74.10892088386353,1845100.0
MWG,2022-06-08,74.73860452536042,76.48234384027485,74.3026696966318,74.3026696966318,2256200.0
MWG,2022-06-09,74.3026696966318,75.07766494770487,73.28548842959839,74.0120464774794,1340200.0
MWG,2022-06-10,74.5932929157842,75.07766494770487,72.65580478810149,72.65580478810149,2042200.0
MWG,2022-06-13,70.23394462849812,71.4448747082998,67.81208446889474,67.81208446889474,4129500.0
MWG,2022-06-14,67.08552642101371,69.89488420615365,66.84334040505338,69.5073865806171,2786200.0
MWG,2022-06-15,70.23394462849812,71.54174911468394,69.74957259657744,71.54174911468394,3570700.0
MWG,2022-06-16,76.53078104346692,76.53078104346692,75.174539354089,76.53078104346692,6715400.0
MWG,2022-06-17,76.53078104346692,76.53078104346692,73.91517207109526,75.27141376047315,5145600.0
MWG,2022-06-20,75.56203697962556,75.56203697962556,71.2995630987236,71.59018631787602,4804900.0
MWG,2022-06-21,72.65580478810149,73.43080003917458,68.78082853273608,71.20268869233946,3553300.0
MWG,2022-06-22,73.23705122640631,73.23705122640631,67.03708921782165,67.61833565612646,4667200.0
MWG,2022-06-23,67.81208446889474,71.20268869233946,67.61833565612646,70.23394462849812,4908000.0
MWG,2022-06-24,71.20268869233946,71.20268869233946,69.16832615827263,69.6526981901933,3516400.0
MWG,2022-06-27,69.45894937742503,70.23394462849812,68.87770293912021,69.26520056465677,3160200.0
MWG,2022-06-28,68.78082853273608,70.62144225403466,68.78082853273608,70.52456784765052,4788800.0
MWG,2022-06-29,70.52456784765052,71.68706072426015,68.87770293912021,70.7183166604188,4061200.0
MWG,2022-06-30,70.81519106680292,70.81519106680292,68.97457734550436,69.26520056465677,2713200.0
MWG,2022-07-01,69.3620749710409,69.3620749710409,66.6495915922851,68.10270768804713,3285200.0
MWG,2022-07-04,67.81208446889474,67.90895887527886,64.51835465183413,65.68084752844375,5181500.0
MWG,2022-07-05,65.68084752844375,65.68084752844375,61.999620085846615,63.45273618160864,3983400.0
MWG,2022-07-06,63.45273618160864,64.22773143268172,61.999620085846615,61.999620085846615,2590800.0
MWG,2022-07-07,62.09649449223074,62.968364149687964,61.90274567946248,61.999620085846615,1590000.0
MWG,2022-07-08,62.67774093053556,64.42148024545,62.38711771138316,62.968364149687964,2586800.0
MWG,2022-07-11,62.774615336919695,62.87148974330383,61.999620085846615,62.483992117767286,1740900.0
MWG,2022-07-12,62.774615336919695,62.774615336919695,61.999620085846615,62.38711771138316,1606300.0
MWG,2022-07-13,61.999620085846615,62.193368898614885,59.96525755177977,61.61212246031007,3311900.0
MWG,2022-07-14,60.93400161562112,61.999620085846615,60.35275517731631,60.64337839646872,2134700.0
MWG,2022-07-15,60.83712720923698,61.22462483477353,59.57775992624323,59.57775992624323,3080300.0
MWG,2022-07-18,59.57775992624323,60.93400161562112,58.318392643249474,59.093387894322554,2540800.0
MWG,2022-07-19,59.28713670709082,59.28713670709082,57.64027179856052,58.1246438304812,2429700.0
MWG,2022-07-20,57.34964857940812,61.03087602200526,56.38090451556677,59.28713670709082,7993100.0
MWG,2022-07-21,59.28713670709082,62.483992117767286,59.28713670709082,62.09649449223074,5893300.0
MWG,2022-07-22,62.87148974330383,64.7121034646024,62.193368898614885,62.483992117767286,6409100.0
MWG,2022-07-25,62.774615336919695,63.743359400761044,60.74025280285286,61.32149924115766,5874900.0
MWG,2022-07-26,61.90274567946248,61.90274567946248,60.83712720923698,61.03087602200526,2384400.0
MWG,2022-07-27,58.221518236865336,61.03087602200526,58.221518236865336,60.15900636454804,3654000.0
MWG,2022-07-28,61.03087602200526,61.03087602200526,60.0621319581639,60.0621319581639,3253400.0
MWG,2022-07-29,60.44962958370044,60.44962958370044,59.093387894322554,59.093387894322554,4317000.0
MWG,2022-08-01,59.093387894322554,59.96525755177977,58.1246438304812,59.384011113474955,4232500.0
MWG,2022-08-02,59.86838314539563,60.54650399008458,59.384011113474955,60.0621319581639,2152500.0
MWG,2022-08-03,60.0621319581639,60.25588077093218,59.384011113474955,59.86838314539563,3734700.0
MWG,2022-08-04,60.25588077093218,61.03087602200526,60.15900636454804,60.74025280285286,4744300.0
MWG,2022-08-05,60.93400161562112,61.51524805392594,60.64337839646872,60.74025280285286,3892800.0
MWG,2022-08-08,60.74025280285286,60.93400161562112,60.35275517731631,60.93400161562112,3369300.0
MWG,2022-08-09,61.1277504283894,61.61212246031007,60.93400161562112,61.32149924115766,3532200.0
MWG,2022-08-10,61.32149924115766,62.29024330499902,61.03087602200526,61.61212246031007,2521000.0
MWG,2022-08-11,61.999620085846615,62.193368898614885,60.54650399008458,61.03087602200526,3426000.0
MWG,2022-08-12,60.93400161562112,61.70899686669421,60.25588077093218,61.03087602200526,2949300.0
MWG,2022-08-15,61.32149924115766,62.968364149687964,61.03087602200526,62.968364149687964,5610900.0
MWG,2022-08-16,62.968364149687964,64.90585227737067,62.968364149687964,63.93710821352932,4322478.0
MWG,2022-08-17,63.93710821352932,64.32460583906587,62.968364149687964,62.968364149687964,2548800.0
MWG,2022-08-18,62.968364149687964,63.743359400761044,61.90274567946248,62.483992117767286,4463200.0
MWG,2022-08-19,62.483992117767286,63.35586177522451,61.1277504283894,62.09649449223074,2866400.0
MWG,2022-08-22,62.58086652415142,64.80897787098654,62.483992117767286,64.42148024545,5855600.0
MWG,2022-08-23,63.84023380714519,65.68084752844375,63.84023380714519,64.80897787098654,4463200.0
MWG,2022-08-24,64.80897787098654,65.09960109013895,64.22773143268172,64.7121034646024,2451000.0
MWG,2022-08-25,65.58397312205962,66.55271718590097,65.19647549652308,66.26209396674857,5301400.0
MWG,2022-08-26,66.55271718590097,70.81519106680292,66.55271718590097,69.94332140934571,10847500.0
MWG,2022-08-29,69.55582378380916,71.68706072426015,68.49020531358369,71.68706072426015,9374800.0
MWG,2022-08-30,72.17143275618082,72.65580478810149,70.62144225403466,71.0089398795712,4835400.0
MWG,2022-08-31,70.23394462849812,71.68706072426015,70.23394462849812,71.68706072426015,5018200.0
MWG,2022-09-05,71.59018631787602,71.59018631787602,70.23394462849812,70.23394462849812,2747600.0
MWG,2022-09-06,70.33081903488224,71.0089398795712,70.13707022211399,70.62144225403466,2623900.0
MWG,2022-09-07,70.33081903488224,70.52456784765052,68.39333090719954,68.49020531358369,5883400.0
MWG,2022-09-08,69.26520056465677,70.04019581572985,68.29645650081541,69.26520056465677,4196100.0
MWG,2022-09-09,69.74957259657744,70.13707022211399,68.58707971996782,69.74957259657744,2858308.0
MWG,2022-09-12,69.94332140934571,73.04330241363805,69.84644700296157,71.68706072426015,7347100.0
MWG,2022-09-13,71.68706072426015,72.07455834979669,71.0089398795712,71.78393513064428,2158200.0
MWG,2022-09-14,70.42769344126638,71.59018631787602,70.33081903488224,71.39643750510774,3955200.0
MWG,2022-09-15,71.39643750510774,72.46205597533323,71.10581428595533,71.59018631787602,4071600.0
MWG,2022-09-16,71.10581428595533,71.39643750510774,69.16832615827263,69.74957259657744,4479700.0
MWG,2022-09-19,69.74957259657744,70.52456784765052,66.94021481143751,68.29645650081541,4845600.0
MWG,2022-09-20,68.68395412635195,69.74957259657744,67.03708921782165,69.45894937742503,3380900.0
MWG,2022-09-21,68.78082853273608,68.78082853273608,67.81208446889474,67.81208446889474,3366200.0
MWG,2022-09-22,66.94021481143751,68.58707971996782,66.16521956036443,67.90895887527886,5551400.0
MWG,2022-09-23,67.90895887527886,67.90895887527886,66.45584277951683,67.23083803058992,5420296.0
MWG,2022-09-26,65.68084752844375,66.0683451539803,63.549610587992774,65.87459634121203,5349300.0
MWG,2022-09-27,65.29334990290722,65.87459634121203,64.7121034646024,65.0027266837548,2741100.0
MWG,2022-09-28,64.03398261991344,64.90585227737067,62.968364149687964,62.968364149687964,2724500.0
MWG,2022-09-29,64.42148024545,64.42148024545,61.70899686669421,61.999620085846615,2545200.0
MWG,2022-09-30,61.70899686669421,62.193368898614885,59.7715087390115,61.999620085846615,5747900.0
MWG,2022-10-03,60.93400161562112,60.93400161562112,57.73714620494466,57.73714620494466,4252600.0
MWG,2022-10-04,59.28713670709082,59.384011113474955,58.221518236865336,59.093387894322554,4254500.0
MWG,2022-10-05,59.093387894322554,61.1277504283894,59.093387894322554,60.25588077093218,2192200.0
MWG,2022-10-06,60.25588077093218,60.35275517731631,56.18715570279849,56.18715570279849,4352900.0
MWG,2022-10-07,54.734039607036465,56.090281296414354,52.31217944743308,52.31217944743308,8527200.0
MWG,2022-10-10,51.44030978997586,55.509034858109544,51.343435383591725,55.315286045341274,3969100.0
MWG,2022-10-11,55.315286045341274,55.79965807726195,52.40905385381721,53.66842113681097,2967300.0
MWG,2022-10-12,53.76529554319511,56.96215095387157,53.76529554319511,55.702783670877814,2886100.0
MWG,2022-10-13,55.218411638957136,56.38090451556677,54.734039607036465,55.79965807726195,1986100.0
MWG,2022-10-14,56.18715570279849,58.4152670496336,56.18715570279849,58.02776942409706,3209900.0
MWG,2022-10-17,57.73714620494466,57.73714620494466,55.99340689003022,57.05902536025571,2810800.0
MWG,2022-10-18,58.02776942409706,58.609015862401876,56.76840214110331,57.15589976663985,2408900.0
MWG,2022-10-19,57.34964857940812,57.64027179856052,56.47777892195089,57.15589976663985,1537400.0
MWG,2022-10-20,56.38090451556677,57.15589976663985,56.090281296414354,56.57465332833503,1936900.0
MWG,2022-10-21,56.47777892195089,56.47777892195089,52.69967707296962,52.69967707296962,8142300.0
MWG,2022-10-24,52.79655147935375,53.28092351127443,49.01844963037248,49.01844963037248,6018000.0
MWG,2022-10-25,49.11532403675662,52.31217944743308,47.468459128226314,50.374691319750376,4670700.0
MWG,2022-10-26,50.47156572613451,50.85906335167105,49.01844963037248,50.27781691336624,2405200.0
MWG,2022-10-27,49.69657047506142,52.21530504104894,49.69657047506142,51.634058602744126,3311200.0
MWG,2022-10-28,51.8278074155124,52.69967707296962,51.149686570823455,51.53718419636,1865000.0
MWG,2022-10-31,50.762188945286915,51.24656097720759,47.95283116014699,49.98719369421383,5555500.0
MWG,2022-11-01,50.374691319750376,50.85906335167105,48.5340775984518,48.5340775984518,2039200.0
MWG,2022-11-02,48.43720319206766,48.72782641122007,45.33722218777533,46.49971506438496,4983700.0
MWG,2022-11-03,47.468459128226314,48.72782641122007,46.596589470769096,47.95283116014699,2640000.0
MWG,2022-11-04,46.063780235656345,46.49971506438496,44.61066413989432,44.61066413989432,6372900.0
MWG,2022-11-07,44.56222693670225,45.095036171814996,41.510683135601994,41.510683135601994,6474200.0
MWG,2022-11-08,41.510683135601994,44.17472931116571,40.00912983664789,43.20598524732436,4153800.0
MWG,2022-11-09,43.593482872860896,44.998161765430865,43.157548044132284,44.077854904781574,2234900.0
MWG,2022-11-10,43.54504566966884,43.54504566966884,41.026311103681316,41.026311103681316,3670600.0
MWG,2022-11-11,42.04349237071473,43.01223643455609,41.65599474517819,41.65599474517819,3645900.0
MWG,2022-11-14,40.68725068133684,41.413808729217855,39.137260179190676,39.37944619515101,3561900.0
MWG,2022-11-15,37.0060232387397,38.26539052173346,36.66696281639523,36.66696281639523,4327900.0
MWG,2022-11-16,34.148228250407705,39.18569738238274,34.148228250407705,39.18569738238274,9358100.0
MWG,2022-11-17,40.4450646653765,41.55912033879405,39.524757804727216,40.493501868568565,3201200.0
MWG,2022-11-18,39.718506617495486,40.92943669729718,38.65288814727,40.83256229091304,4447700.0
MWG,2022-11-21,40.638813478144776,40.638813478144776,39.37944619515101,39.37944619515101,1862800.0
MWG,2022-11-22,38.943511366422406,40.2997530558003,38.60445094407793,38.943511366422406,3707900.0
MWG,2022-11-23,39.04038577280654,39.62163221111135,38.84663696003827,39.23413458557481,1510200.0
MWG,2022-11-24,37.97476730258105,37.97476730258105,36.52165120681902,36.52165120681902,13884600.0
MWG,2022-11-25,36.37633959724281,37.10289764512383,35.3591583302094,36.618525613203154,3195300.0
MWG,2022-11-28,37.10289764512383,39.137260179190676,37.10289764512383,38.89507416323033,4322000.0
MWG,2022-11-29,39.23413458557481,41.46224593240992,39.23413458557481,41.46224593240992,5518600.0
MWG,2022-11-30,42.23724118348301,43.593482872860896,41.65599474517819,42.721613215403686,3777700.0
MWG,2022-12-01,43.593482872860896,44.17472931116571,41.413808729217855,42.67317601221161,5985800.0
MWG,2022-12-02,42.04349237071473,45.53097100054361,42.04349237071473,45.53097100054361,7064800.0
MWG,2022-12-05,45.57940820373567,47.32314751865011,45.57940820373567,46.11221743884842,4646000.0
MWG,2022-12-06,45.72471981331188,45.72471981331188,42.96379923136402,42.96379923136402,4561500.0
MWG,2022-12-07,42.96379923136402,43.593482872860896,42.14036677709887,43.4481712632847,2930100.0
MWG,2022-12-08,44.368478123933976,45.53097100054361,43.78723168562917,44.56222693670225,2677700.0
MWG,2022-12-09,44.56222693670225,45.14347337500707,43.93254329520538,44.75597574947052,1675300.0
MWG,2022-12-12,44.75597574947052,45.82159421969601,43.593482872860896,44.465352530318114,3474400.0
MWG,2022-12-13,44.32004092074192,44.94972456223879,43.01223643455609,44.94972456223879,2745200.0
MWG,2022-12-14,45.82159421969601,45.82159421969601,44.368478123933976,44.998161765430865,2240600.0
MWG,2022-12-15,44.998161765430865,46.01534303246428,44.70753854627846,45.53097100054361,2539400.0
MWG,2022-12-16,45.288784984583266,46.45127786119289,44.465352530318114,46.35440345480876,3003400.0
MWG,2022-12-19,46.11221743884842,47.27471031545804,45.676282610119806,45.676282610119806,3782800.0
MWG,2022-12-20,45.14347337500707,45.385659390967405,42.81848762178782,45.04659896862293,3401500.0
MWG,2022-12-21,45.04659896862293,45.288784984583266,42.96379923136402,44.94972456223879,2096100.0
MWG,2022-12-22,44.90128735904673,45.2403477813912,43.884106092013305,45.04659896862293,2255800.0
MWG,2022-12-23,45.04659896862293,45.04659896862293,44.12629210797364,44.368478123933976,2651400.0
MWG,2022-12-26,44.077854904781574,44.32004092074192,41.26849711964165,41.26849711964165,9209500.0
MWG,2022-12-27,40.202878649416164,42.43098999625127,40.202878649416164,42.43098999625127,2455100.0
MWG,2022-12-28,41.65599474517819,41.84974355794647,40.5903762749527,41.65599474517819,3129600.0
MWG,2022-12-29,41.17162271325751,41.55912033879405,40.78412508772097,41.55912033879405,1512100.0
MWG,2022-12-30,41.46224593240992,41.65599474517819,40.73568788452891,41.55912033879405,3402400.0
MWG,2023-01-03,41.46224593240992,42.62473880901955,41.17162271325751,42.57630160582748,1998900.0
MWG,2023-01-04,41.75286915156233,42.91536202817195,41.75286915156233,42.14036677709887,1872700.0
MWG,2023-01-05,42.52786440263541,42.62473880901955,41.9466179643306,42.23724118348301,1602800.0
MWG,2023-01-06,42.23724118348301,42.47942719944334,41.801306354754395,41.801306354754395,2077500.0
MWG,2023-01-09,41.801306354754395,41.9466179643306,40.68725068133684,40.68725068133684,2663500.0
MWG,2023-01-10,40.68725068133684,41.26849711964165,40.5903762749527,40.88099949410511,1494300.0
MWG,2023-01-11,40.97787390048924,41.84974355794647,40.97787390048924,41.22005991644958,1961200.0
MWG,2023-01-12,41.22005991644958,41.65599474517819,40.73568788452891,40.78412508772097,1625100.0
MWG,2023-01-13,41.07474830687338,41.31693432283372,40.73568788452891,40.73568788452891,1129500.0
MWG,2023-01-16,40.73568788452891,40.97787390048924,40.39662746218443,40.5903762749527,1408900.0
MWG,2023-01-17,41.07474830687338,42.04349237071473,40.88099949410511,41.70443194837026,2760600.0
MWG,2023-01-18,42.14036677709887,43.78723168562917,41.89818076113853,43.54504566966884,3686900.0
MWG,2023-01-19,43.54504566966884,44.65910134308639,43.35129685690056,44.17472931116571,3493900.0
MWG,2023-01-27,44.94972456223879,45.43409659415947,44.465352530318114,44.465352530318114,2619800.0
MWG,2023-01-30,44.465352530318114,45.33722218777533,43.980980498397436,44.75597574947052,3206700.0
MWG,2023-01-31,44.465352530318114,45.04659896862293,43.93254329520538,45.04659896862293,7683800.0
MWG,2023-02-01,44.75597574947052,45.676282610119806,44.27160371754985,45.62784540692774,10006500.0
MWG,2023-02-02,45.48253379735154,48.34032878568353,44.852850155854654,48.34032878568353,13392800.0
MWG,2023-02-03,46.548152267577024,47.080961502689775,46.30596625161669,46.30596625161669,13283465.0
MWG,2023-02-06,45.53097100054361,45.72471981331188,44.27160371754985,45.676282610119806,11732900.0
MWG,2023-02-07,45.19191057819913,46.49971506438496,44.27160371754985,44.27160371754985,12989700.0
MWG,2023-02-08,44.27160371754985,44.56222693670225,43.109110840940225,43.109110840940225,6504800.0
MWG,2023-02-09,43.01223643455609,44.02941770158951,42.62473880901955,42.62473880901955,4760100.0
MWG,2023-02-10,42.62473880901955,43.06067363774816,40.78412508772097,40.78412508772097,5418900.0
MWG,2023-02-13,40.78412508772097,41.17162271325751,40.202878649416164,41.17162271325751,3560500.0
MWG,2023-02-14,41.46224593240992,41.65599474517819,41.07474830687338,41.17162271325751,3939400.0
MWG,2023-02-15,41.17162271325751,42.14036677709887,41.17162271325751,41.413808729217855,3123400.0
MWG,2023-02-16,41.84974355794647,42.14036677709887,41.46224593240992,41.9466179643306,3311500.0
MWG,2023-02-17,41.9466179643306,41.9466179643306,41.510683135601994,41.89818076113853,2236500.0
MWG,2023-02-20,41.84974355794647,42.91536202817195,41.413808729217855,42.91536202817195,2358600.0
MWG,2023-02-21,43.01223643455609,43.83566888882124,43.01223643455609,43.109110840940225,1405600.0
MWG,2023-02-22,42.62473880901955,43.109110840940225,41.65599474517819,41.65599474517819,2544500.0
MWG,2023-02-23,41.46224593240992,41.65599474517819,40.68725068133684,41.65599474517819,4749300.0
MWG,2023-02-24,41.17162271325751,41.607557541986125,40.2997530558003,40.78412508772097,2653700.0
MWG,2023-02-27,39.718506617495486,40.5903762749527,39.23413458557481,39.23413458557481,2238200.0
MWG,2023-02-28,39.23413458557481,39.91225543026376,38.60445094407793,38.74976255365413,1596900.0
MWG,2023-03-01,38.74976255365413,39.718506617495486,38.023204505773116,39.524757804727216,1904100.0
MWG,2023-03-02,39.524757804727216,39.718506617495486,38.74976255365413,39.04038577280654,1101300.0
MWG,2023-03-03,39.04038577280654,39.331008991958946,38.16851611534932,38.16851611534932,1878100.0
MWG,2023-03-06,38.70132535046207,39.23413458557481,38.16851611534932,38.16851611534932,1474200.0
MWG,2023-03-07,38.74976255365413,38.943511366422406,37.97476730258105,38.45913933450173,1618818.0
MWG,2023-03-08,37.78101848981278,38.313827724925524,37.441958067468306,38.16851611534932,3249400.0
MWG,2023-03-09,38.36226492811759,39.28257178876687,38.313827724925524,38.74976255365413,2796410.0
MWG,2023-03-10,38.65288814727,38.84663696003827,38.16851611534932,38.507576537693794,1611840.0
MWG,2023-03-13,38.507576537693794,38.74976255365413,38.16851611534932,38.16851611534932,1349100.0
MWG,2023-03-14,38.07164170896518,38.36226492811759,37.10289764512383,37.39352086427624,1834600.0
MWG,2023-03-15,38.36226492811759,38.84663696003827,38.16851611534932,38.74976255365413,2316600.0
MWG,2023-03-16,38.74976255365413,38.74976255365413,37.5872696770445,38.16851611534932,2015000.0
MWG,2023-03-17,38.65288814727,38.65288814727,37.635706880236576,38.16851611534932,1372278.0
MWG,2023-03-20,37.78101848981278,38.16851611534932,36.86071162916349,36.90914883235556,3288800.0
MWG,2023-03-21,37.5872696770445,37.5872696770445,36.327902394050746,37.2966464578921,3378100.0
MWG,2023-03-22,37.441958067468306,37.441958067468306,36.76383722277936,36.76383722277936,2637000.0
MWG,2023-03-23,36.424776800434884,36.76383722277936,36.327902394050746,36.618525613203154,2890500.0
MWG,2023-03-24,36.424776800434884,37.0060232387397,36.424776800434884,36.76383722277936,2964900.0
MWG,2023-03-27,36.812274425971424,37.248209254700036,36.66696281639523,36.90914883235556,3170100.0
MWG,2023-03-28,37.0060232387397,38.07164170896518,36.90914883235556,37.87789289619692,5829700.0
MWG,2023-03-29,38.023204505773116,38.120078912157254,37.49039527066038,37.49039527066038,3006304.0
MWG,2023-03-30,37.5872696770445,37.97476730258105,36.95758603554763,37.39352086427624,6491100.0
MWG,2023-03-31,37.34508366108417,37.732581286620714,37.05446044193177,37.34508366108417,3474400.0
MWG,2023-04-03,37.78101848981278,37.97476730258105,37.49039527066038,37.78101848981278,3185100.0
MWG,2023-04-04,37.87789289619692,38.70132535046207,37.829455693004846,38.55601374088586,3133300.0
MWG,2023-04-05,38.55601374088586,38.60445094407793,38.26539052173346,38.507576537693794,1735900.0
MWG,2023-04-06,38.74976255365413,38.74976255365413,37.829455693004846,37.87789289619692,2531100.0
MWG,2023-04-07,37.635706880236576,37.829455693004846,37.2966464578921,37.78101848981278,2661000.0
MWG,2023-04-10,37.97476730258105,39.86381822707169,37.97476730258105,39.718506617495486,11233372.0
MWG,2023-04-11,39.718506617495486,39.718506617495486,38.943511366422406,39.427883398343084,5749500.0
MWG,2023-04-12,39.23413458557481,40.39662746218443,39.23413458557481,39.47632060153515,5666500.0
MWG,2023-04-13,39.718506617495486,40.00912983664789,39.37944619515101,39.76694382068755,3716000.0
MWG,2023-04-14,39.96069263345582,40.106004243032025,38.74976255365413,38.74976255365413,2679300.0
MWG,2023-04-17,38.60445094407793,38.74976255365413,38.313827724925524,38.60445094407793,1871300.0
MWG,2023-04-18,39.28257178876687,39.47632060153515,38.70132535046207,38.70132535046207,3630700.0
MWG,2023-04-19,38.798199756846195,40.00912983664789,38.74976255365413,39.23413458557481,3644500.0
MWG,2023-04-20,39.23413458557481,39.23413458557481,38.65288814727,39.137260179190676,2496200.0
MWG,2023-04-21,39.137260179190676,39.137260179190676,38.07164170896518,38.07164170896518,3295500.0
MWG,2023-04-24,37.97476730258105,38.07164170896518,37.05446044193177,37.19977205150796,5278200.0
MWG,2023-04-25,37.39352086427624,37.5872696770445,36.327902394050746,36.52165120681902,4201356.0
MWG,2023-04-26,36.52165120681902,37.19977205150796,36.47321400362695,37.19977205150796,1885600.0
MWG,2023-04-27,37.2966464578921,37.441958067468306,36.95758603554763,37.441958067468306,1286400.0
MWG,2023-04-28,37.441958067468306,37.97476730258105,37.39352086427624,37.97476730258105,5603700.0
MWG,2023-05-04,36.90914883235556,37.68414408342864,36.71540001958729,36.71540001958729,4080400.0
MWG,2023-05-05,36.71540001958729,36.90914883235556,36.47321400362695,36.618525613203154,3642600.0
MWG,2023-05-08,36.618525613203154,37.05446044193177,36.618525613203154,36.66696281639523,1349200.0
MWG,2023-05-09,36.66696281639523,37.1513348483159,36.66696281639523,36.76383722277936,981101.0
MWG,2023-05-10,36.86071162916349,37.78101848981278,36.71540001958729,37.78101848981278,3131601.0
MWG,2023-05-11,37.926330099388984,38.120078912157254,37.34508366108417,37.49039527066038,2259300.0
MWG,2023-05-12,37.53883247385244,37.87789289619692,37.0060232387397,37.78101848981278,2033800.0
MWG,2023-05-15,37.926330099388984,38.16851611534932,37.635706880236576,37.68414408342864,2862401.0
MWG,2023-05-16,37.68414408342864,37.732581286620714,37.0060232387397,37.248209254700036,2419200.0
MWG,2023-05-17,37.248209254700036,37.441958067468306,36.76383722277936,36.95758603554763,1326900.0
MWG,2023-05-18,37.34508366108417,37.49039527066038,36.90914883235556,36.90914883235556,2874600.0
MWG,2023-05-19,36.90914883235556,37.10289764512383,36.618525613203154,37.10289764512383,1643100.0
MWG,2023-05-22,37.1513348483159,37.441958067468306,36.86071162916349,37.34508366108417,1548200.0
MWG,2023-05-23,37.441958067468306,37.5872696770445,37.0060232387397,37.05446044193177,2536000.0
MWG,2023-05-24,37.19977205150796,37.248209254700036,36.71540001958729,36.76383722277936,2884600.0
MWG,2023-05-25,36.76383722277936,37.19977205150796,36.618525613203154,36.812274425971424,2910600.0
MWG,2023-05-26,36.86071162916349,37.19977205150796,36.812274425971424,37.0060232387397,2342500.0
MWG,2023-05-29,37.248209254700036,37.49039527066038,36.95758603554763,37.49039527066038,3747700.0
MWG,2023-05-30,37.635706880236576,38.55601374088586,37.635706880236576,38.16851611534932,4840001.0
MWG,2023-05-31,38.07164170896518,38.21695331854139,37.732581286620714,37.97476730258105,1995100.0
MWG,2023-06-01,38.120078912157254,38.26539052173346,37.49039527066038,38.07164170896518,4522900.0
MWG,2023-06-02,38.21695331854139,39.57319500791928,37.97476730258105,39.524757804727216,6117900.0
MWG,2023-06-05,39.718506617495486,40.2997530558003,39.524757804727216,39.91225543026376,6786200.0
MWG,2023-06-06,39.91225543026376,40.73568788452891,39.76694382068755,40.493501868568565,4890500.0
MWG,2023-06-07,40.493501868568565,40.638813478144776,39.76694382068755,40.493501868568565,5520800.0
MWG,2023-06-08,40.68725068133684,40.68725068133684,39.331008991958946,39.37944619515101,4677900.0
MWG,2023-06-09,39.718506617495486,40.106004243032025,39.23413458557481,40.106004243032025,4393100.0
MWG,2023-06-12,40.34819025899236,41.65599474517819,40.202878649416164,41.65599474517819,7248100.0
MWG,2023-06-13,42.04349237071473,42.04349237071473,41.26849711964165,41.65599474517819,4493800.0
MWG,2023-06-14,41.65599474517819,41.65599474517819,40.73568788452891,40.73568788452891,3831500.0
MWG,2023-06-15,40.73568788452891,41.07474830687338,40.1544414462241,40.39662746218443,3600700.0
MWG,2023-06-16,40.638813478144776,40.97787390048924,39.86381822707169,40.05756703983996,5147000.0
MWG,2023-06-19,40.05756703983996,40.39662746218443,39.815381023879624,40.202878649416164,2986700.0
MWG,2023-06-20,40.2997530558003,41.17162271325751,40.2997530558003,41.17162271325751,3868200.0
MWG,2023-06-21,41.17162271325751,41.36537152602579,40.88099949410511,41.36537152602579,4762600.0
MWG,2023-06-22,41.510683135601994,42.28567838667507,41.026311103681316,41.70443194837026,5100101.0
MWG,2023-06-23,41.70443194837026,41.84974355794647,41.36537152602579,41.55912033879405,3989200.0
MWG,2023-06-26,42.188803980290935,43.109110840940225,41.26849711964165,42.96379923136402,6948400.0
MWG,2023-06-27,42.96379923136402,43.496608466476765,42.382552793059205,42.81848762178782,3814200.0
MWG,2023-06-28,42.81848762178782,43.06067363774816,41.84974355794647,42.52786440263541,4644609.0
MWG,2023-06-29,42.14036677709887,42.52786440263541,41.36537152602579,41.36537152602579,4800200.0
MWG,2023-06-30,41.36537152602579,42.52786440263541,41.17162271325751,41.9466179643306,5148300.0
MWG,2023-07-03,42.0919295739068,42.28567838667507,41.46224593240992,41.65599474517819,2779600.0
MWG,2023-07-04,41.55912033879405,42.28567838667507,41.31693432283372,41.89818076113853,5499401.0
MWG,2023-07-05,42.0919295739068,43.06067363774816,41.995055167522665,41.995055167522665,9840122.0
MWG,2023-07-06,42.04349237071473,42.382552793059205,41.510683135601994,41.84974355794647,4541700.0
MWG,2023-07-07,41.70443194837026,44.077854904781574,41.70443194837026,44.077854904781574,9878200.0
MWG,2023-07-10,44.61066413989432,46.25752904842462,44.368478123933976,46.25752904842462,11422200.0
MWG,2023-07-11,46.11221743884842,47.27471031545804,45.87003142288808,47.27471031545804,8835000.0
MWG,2023-07-12,46.83877548672943,47.759082347378715,46.693463877153235,47.61377073780251,6441900.0
MWG,2023-07-13,47.662207940994584,48.34032878568353,47.61377073780251,47.80751955057079,6163201.0
MWG,2023-07-14,47.80751955057079,47.90439395695493,46.984087096305636,47.90439395695493,6558000.0
MWG,2023-07-17,47.95283116014699,48.291891582491466,47.12939870588184,47.12939870588184,3285300.0
MWG,2023-07-18,46.8872126899215,47.080961502689775,46.25752904842462,46.548152267577024,4761000.0
MWG,2023-07-19,46.8872126899215,47.42002192503425,46.45127786119289,46.984087096305636,4356900.0
MWG,2023-07-20,46.8872126899215,47.95283116014699,46.8872126899215,47.565333534610446,5743009.0
MWG,2023-07-21,47.565333534610446,50.85906335167105,47.42002192503425,50.85906335167105,13787117.0
MWG,2023-07-24,51.343435383591725,52.79655147935375,50.374691319750376,52.79655147935375,4898428.0
MWG,2023-07-25,52.79655147935375,52.79655147935375,51.24656097720759,51.92468182189654,4625913.0
MWG,2023-07-26,51.92468182189654,52.50592826020135,50.374691319750376,50.955937758055185,6850222.0
MWG,2023-07-27,51.24935006847941,53.303236235345956,51.053741862111174,52.91201982260947,7173112.0
MWG,2023-07-28,52.716411616241224,53.69445264808243,52.03178289395238,53.303236235345956,4071718.0
MWG,2023-07-31,52.81421571942535,53.00982392579359,51.44495827484766,52.52080340987299,8293143.0
MWG,2023-08-01,52.91201982260947,52.91201982260947,50.56472134619057,50.56472134619057,7531817.0
MWG,2023-08-02,50.56472134619057,51.34715417166353,50.46691724300644,50.56472134619057,5318322.0
MWG,2023-08-03,50.662525449374684,52.52080340987299,50.2713090366382,51.542762378031775,8773538.0
MWG,2023-08-04,51.83617468758414,52.03178289395238,51.151545965295284,51.83617468758414,7529425.0
MWG,2023-08-07,52.52080340987299,53.69445264808243,52.1295869971365,52.6186075130571,6494424.0
MWG,2023-08-08,52.81421571942535,53.10762802897771,52.22739110032062,52.422999306688865,5735023.0
MWG,2023-08-09,52.22739110032062,52.22739110032062,50.858133655742925,51.44495827484766,8966026.0
MWG,2023-08-10,51.83617468758414,51.83617468758414,50.56472134619057,50.858133655742925,5349915.0
MWG,2023-08-11,51.053741862111174,52.1295869971365,49.88009262390172,52.1295869971365,6318830.0
MWG,2023-08-14,52.716411616241224,53.10762802897771,51.44495827484766,53.00982392579359,9615914.0
MWG,2023-08-15,53.40104033853007,54.67249367992365,52.81421571942535,52.81421571942535,8931416.0
MWG,2023-08-16,52.81421571942535,53.10762802897771,51.83617468758414,52.6186075130571,5174509.0
MWG,2023-08-17,52.91201982260947,53.987864957634805,52.22739110032062,52.716411616241224,8131409.0
MWG,2023-08-18,52.716411616241224,52.716411616241224,49.09765979842875,49.09765979842875,14657501.0
MWG,2023-08-21,48.90205159206051,49.39107210798111,47.679500302258994,47.924010560219294,7946812.0
MWG,2023-08-22,48.02181466340342,49.09765979842875,46.3102428576813,48.90205159206051,10445809.0
MWG,2023-08-23,49.58668031434936,49.58668031434936,48.11961876658754,48.60863928250814,5162501.0
MWG,2023-08-24,48.60863928250814,49.684484417533476,48.60863928250814,49.19546390161287,6633802.0
MWG,2023-08-25,49.19546390161287,50.2713090366382,48.90205159206051,49.39107210798111,7139004.0
MWG,2023-08-28,49.78228852071759,50.76032955255881,49.29326800479699,50.56472134619057,8495501.0
MWG,2023-08-29,50.662525449374684,52.03178289395238,50.369113139822325,51.738370584400016,8303900.0
MWG,2023-08-30,51.83617468758414,53.303236235345956,51.738370584400016,52.6186075130571,7507500.0
MWG,2023-08-31,52.81421571942535,53.20543213216183,52.32519520350474,52.6186075130571,5706101.0
MWG,2023-09-05,52.6186075130571,54.281277267187164,52.22739110032062,53.10762802897771,8373500.0
MWG,2023-09-06,53.10762802897771,54.37908137037129,52.6186075130571,53.79225675126656,5286700.0
MWG,2023-09-07,53.987864957634805,54.57468957673952,53.10762802897771,53.79225675126656,6138400.0
MWG,2023-09-08,53.303236235345956,55.25931829902837,53.303236235345956,54.281277267187164,8805801.0
MWG,2023-09-11,54.57468957673952,54.96590598947601,52.6186075130571,53.303236235345956,9091400.0
MWG,2023-09-12,53.303236235345956,54.57468957673952,52.81421571942535,54.57468957673952,4794326.0
MWG,2023-09-13,54.86810188629189,57.99783318818376,54.281277267187164,56.23735933086958,16101000.0
MWG,2023-09-14,56.43296753723783,57.215400362710795,55.8461429181331,56.04175112450134,10335664.0
MWG,2023-09-15,56.23735933086958,56.23735933086958,54.18347316400304,54.67249367992365,9638900.0
MWG,2023-09-18,54.37908137037129,54.37908137037129,52.91201982260947,53.79225675126656,6610200.0
MWG,2023-09-19,53.89006085445068,54.281277267187164,51.83617468758414,54.281277267187164,8835900.0
MWG,2023-09-20,53.89006085445068,54.96590598947601,53.40104033853007,54.57468957673952,6834800.0
MWG,2023-09-21,54.57468957673952,54.57468957673952,53.00982392579359,53.00982392579359,9500900.0
MWG,2023-09-22,51.93397879076826,52.22739110032062,50.173504933454076,50.95593775892705,11911300.0
MWG,2023-09-25,50.46691724300644,51.83617468758414,48.804247488876385,49.88009262390172,7693400.0
MWG,2023-09-26,49.97789672708584,50.56472134619057,49.39107210798111,50.369113139822325,8321400.0
MWG,2023-09-27,49.97789672708584,50.858133655742925,49.09765979842875,50.858133655742925,4904400.0
MWG,2023-09-28,51.738370584400016,53.4988444417142,51.34715417166353,51.83617468758414,8909300.0
MWG,2023-09-29,52.6186075130571,52.6186075130571,51.44495827484766,51.44495827484766,4975900.0
MWG,2023-10-02,51.44495827484766,51.83617468758414,50.662525449374684,50.76032955255881,4507600.0
MWG,2023-10-03,50.369113139822325,50.369113139822325,47.239381837930445,47.924010560219294,8976200.0
MWG,2023-10-04,46.945969528378086,48.90205159206051,46.945969528378086,48.11961876658754,4826800.0
MWG,2023-10-05,48.804247488876385,48.804247488876385,45.96792849653688,45.96792849653688,6348200.0
MWG,2023-10-06,45.870124393352754,47.434990044298694,45.28329977424803,47.239381837930445,5188100.0
MWG,2023-10-09,47.28828388952251,47.82620645703518,46.60365516723366,46.89706747678603,6490300.0
MWG,2023-10-10,47.33718594111457,48.36412902454784,47.33718594111457,47.77730440544312,4821300.0
MWG,2023-10-11,47.924010560219294,48.21742286977166,47.53279414748281,48.21742286977166,3478300.0
MWG,2023-10-12,48.21742286977166,48.4130310761399,47.141577734746335,47.33718594111457,13833700.0
MWG,2023-10-13,47.434990044298694,48.4130310761399,47.386087992706635,48.4130310761399,9845400.0
MWG,2023-10-16,48.4130310761399,49.58668031434936,47.53279414748281,47.53279414748281,8502700.0
MWG,2023-10-17,47.82620645703518,47.82620645703518,45.28329977424803,45.28329977424803,7887900.0
MWG,2023-10-18,45.77232029016863,45.96792849653688,42.69149103986882,43.718434123302096,11564600.0
MWG,2023-10-19,43.22941360738149,43.718434123302096,42.05576436917204,42.05576436917204,8197300.0
MWG,2023-10-20,42.05576436917204,44.011846432854455,42.05576436917204,43.718434123302096,7022500.0
MWG,2023-10-23,43.718434123302096,43.86514027807828,41.664547956435555,42.05576436917204,8865200.0
MWG,2023-10-24,42.153568472356156,42.64258898827676,40.83321307937052,42.05576436917204,9436000.0
MWG,2023-10-25,42.05576436917204,43.22941360738149,42.05576436917204,42.54478488509264,6202100.0
MWG,2023-10-26,41.27333154369907,41.46893975006731,39.61066178956901,41.07772333733082,15155000.0
MWG,2023-10-27,41.37113564688319,41.56674385325143,40.4908987182261,41.07772333733082,4721100.0
MWG,2023-10-30,40.19748640867374,40.83321307937052,39.61066178956901,39.61066178956901,4371000.0
MWG,2023-10-31,39.51285768638489,39.80626999593726,36.872146900413625,36.872146900413625,15133100.0
MWG,2023-11-01,36.187518178124776,36.872146900413625,34.32924021762648,34.32924021762648,21863600.0
MWG,2023-11-02,35.111673043099444,36.57873459086126,32.86217866986466,36.187518178124776,21681700.0
MWG,2023-11-03,36.676538694045384,38.33920844817544,36.187518178124776,38.09469819021514,12409700.0
MWG,2023-11-06,38.14360024180719,38.14360024180719,36.7743427972295,37.21446126155804,13078700.0
MWG,2023-11-07,37.06775510678186,38.58371870613574,36.676538694045384,37.36116741633423,13765400.0
MWG,2023-11-08,37.06775510678186,38.730424860911924,35.89410586857242,38.730424860911924,19816000.0
MWG,2023-11-09,39.61066178956901,40.44199666663404,39.02383717046428,39.415053583200766,12143300.0
MWG,2023-11-10,38.8771310156881,39.415053583200766,38.14360024180719,38.534816654543675,11053600.0
MWG,2023-11-13,38.68152280931986,39.415053583200766,38.19250229339925,39.12164127364841,9522300.0
MWG,2023-11-14,40.099682305489615,41.17552744051495,39.904074099121374,40.58870282141022,15235500.0
MWG,2023-11-15,41.46893975006731,41.56674385325143,40.44199666663404,40.979919234146706,12890300.0
MWG,2023-11-16,40.58870282141022,40.68650692459434,39.80626999593726,40.58870282141022,10586200.0
MWG,2023-11-17,40.58870282141022,41.56674385325143,39.75736794434519,40.4908987182261,11045900.0
MWG,2023-11-20,39.26834742842458,40.7354089761864,39.26834742842458,39.65956384116107,7703500.0
MWG,2023-11-21,40.58870282141022,40.58870282141022,39.70846589275313,40.00187820230549,6743700.0
MWG,2023-11-22,39.904074099121374,39.95297615071343,38.43701255135956,38.92603306728016,15397500.0
MWG,2023-11-23,39.12164127364841,39.415053583200766,36.480930487677135,36.480930487677135,9553600.0
MWG,2023-11-24,37.06775510678186,37.70348177747865,36.33422433290095,37.70348177747865,11662000.0
MWG,2023-11-27,37.65457972588659,37.70348177747865,37.165559209965984,37.165559209965984,6093900.0
MWG,2023-11-28,37.21446126155804,37.31226536474217,36.5298325392692,37.165559209965984,6801600.0
MWG,2023-11-29,37.31226536474217,38.58371870613574,37.31226536474217,37.94799203543895,9512200.0
MWG,2023-11-30,37.996894087031016,38.24140434499132,37.65457972588659,37.65457972588659,4987098.0
MWG,2023-12-01,37.89908998384689,38.14360024180719,37.21446126155804,37.89908998384689,5048100.0
MWG,2023-12-04,38.045796138623075,39.561759737976956,37.94799203543895,39.07273922205635,11280400.0
MWG,2023-12-05,39.07273922205635,39.219445376832525,38.82822896409605,39.12164127364841,7196600.0
MWG,2023-12-06,39.12164127364841,40.148584357081674,39.07273922205635,40.05078025389756,9776800.0
MWG,2023-12-07,40.148584357081674,40.19748640867374,38.6326207577278,39.95297615071343,11560000.0
MWG,2023-12-08,39.904074099121374,42.05576436917204,39.51285768638489,41.664547956435555,17607000.0
MWG,2023-12-11,41.664547956435555,41.713450008027614,40.979919234146706,41.56674385325143,7444500.0
MWG,2023-12-12,41.56674385325143,41.664547956435555,41.17552744051495,41.56674385325143,7282000.0
MWG,2023-12-13,41.86015616280379,42.64258898827676,40.63760487300228,40.784311027778465,13323600.0
MWG,2023-12-14,41.17552744051495,41.37113564688319,40.4908987182261,40.68650692459434,14368000.0
MWG,2023-12-15,40.68650692459434,40.68650692459434,39.61066178956901,39.855172047529315,15172200.0
MWG,2023-12-18,40.05078025389756,40.05078025389756,38.6326207577278,38.730424860911924,10066600.0
MWG,2023-12-19,38.6326207577278,40.00187820230549,38.33920844817544,39.75736794434519,7070900.0
MWG,2023-12-20,39.75736794434519,41.46893975006731,39.61066178956901,41.46893975006731,24331400.0
MWG,2023-12-21,41.27333154369907,41.76235205961967,40.93101718255465,41.713450008027614,8637700.0
MWG,2023-12-22,41.51784180165937,41.713450008027614,41.07772333733082,41.42003769847525,7471600.0
MWG,2023-12-25,41.42003769847525,42.74039309146089,41.42003769847525,41.713450008027614,9739900.0
MWG,2023-12-26,41.61564590484349,42.202470523948215,41.42003769847525,41.76235205961967,9490400.0
MWG,2023-12-27,41.76235205961967,42.1046664207641,41.61564590484349,41.909058214395856,6365000.0
MWG,2023-12-28,41.909058214395856,42.30027462713234,41.86015616280379,42.1046664207641,8145500.0
MWG,2023-12-29,42.25137257554028,42.3491766787244,41.713450008027614,41.86015616280379,5642000.0
MWG,2024-01-02,42.153568472356156,42.3491766787244,41.22442949210701,41.51784180165937,8196900.0
MWG,2024-01-03,41.46893975006731,42.49588283350058,41.07772333733082,42.25137257554028,7105900.0
MWG,2024-01-04,42.25137257554028,42.838197194645,42.05576436917204,42.25137257554028,9772600.0
MWG,2024-01-05,42.25137257554028,43.13160950419737,42.05576436917204,42.887099246237064,10064100.0
MWG,2024-01-08,43.327217710565606,43.327217710565606,42.25137257554028,42.25137257554028,7269200.0
MWG,2024-01-09,42.202470523948215,42.25137257554028,41.46893975006731,41.76235205961967,10039100.0
MWG,2024-01-10,41.76235205961967,41.957960265987914,40.979919234146706,41.32223359529113,7906700.0
MWG,2024-01-11,41.32223359529113,42.202470523948215,41.27333154369907,41.51784180165937,5686900.0
MWG,2024-01-12,40.93101718255465,41.664547956435555,40.88211513096258,40.979919234146706,7783700.0
MWG,2024-01-15,41.61564590484349,42.3491766787244,41.32223359529113,41.957960265987914,10125100.0
MWG,2024-01-16,41.957960265987914,43.42502181374973,41.86015616280379,43.327217710565606,18190100.0
MWG,2024-01-17,43.327217710565606,44.59867105195919,43.327217710565606,43.91404232967033,14801400.0
MWG,2024-01-18,43.91404232967033,44.84318130991949,43.62063002011797,44.84318130991949,9333000.0
MWG,2024-01-19,44.98988746469567,45.67451618698452,44.305258742406814,45.03878951628772,12844300.0
MWG,2024-01-22,45.08769156787979,45.28329977424803,44.15855258763064,45.136593619471846,7975900.0
MWG,2024-01-23,45.136593619471846,45.136593619471846,44.25635669081476,44.40306284559094,7364100.0
MWG,2024-01-24,44.2074546392227,44.451964897183004,43.37611976215767,43.42502181374973,11048400.0
MWG,2024-01-25,43.27831565897355,44.2074546392227,43.13160950419737,44.2074546392227,8613100.0
MWG,2024-01-26,44.011846432854455,44.50086694877506,43.767336174894155,43.91404232967033,4846900.0
MWG,2024-01-29,43.962944381262396,44.15855258763064,43.522825916933854,43.62063002011797,4892300.0
MWG,2024-01-30,43.62063002011797,44.451964897183004,43.522825916933854,44.40306284559094,7901200.0
MWG,2024-01-31,44.696475155143304,44.892083361511546,43.66953207171003,44.011846432854455,9491600.0
MWG,2024-02-01,44.011846432854455,45.67451618698452,44.011846432854455,45.18549567106391,11406100.0
MWG,2024-02-02,45.47890798061627,46.35914490927336,45.08769156787979,46.35914490927336,12775200.0
MWG,2024-02-05,46.45694901245748,46.5547531156416,45.77232029016863,46.35914490927336,7536900.0
MWG,2024-02-06,46.45694901245748,46.45694901245748,45.77232029016863,45.96792849653688,9910000.0
MWG,2024-02-07,45.91902644494482,46.01683054812894,45.43000592902421,45.576712083800395,6748100.0
MWG,2024-02-15,45.91902644494482,45.96792849653688,44.84318130991949,44.84318130991949,9745100.0
MWG,2024-02-16,45.381103877432146,45.576712083800395,44.79427925832742,45.28329977424803,5128000.0
MWG,2024-02-19,45.47890798061627,46.16353670290512,45.136593619471846,45.77232029016863,8734200.0
MWG,2024-02-20,45.91902644494482,45.91902644494482,44.98988746469567,45.77232029016863,9426400.0
MWG,2024-02-21,45.67451618698452,45.67451618698452,44.98988746469567,45.08769156787979,7012800.0
MWG,2024-02-22,45.28329977424803,45.28329977424803,44.2074546392227,44.305258742406814,11878778.0
MWG,2024-02-23,44.305258742406814,44.54976900036712,42.98490334942119,43.03380540101325,17727600.0
MWG,2024-02-26,43.03380540101325,43.522825916933854,42.1046664207641,43.37611976215767,15854800.0
MWG,2024-02-27,43.718434123302096,44.2074546392227,43.42502181374973,43.767336174894155,11787718.0
MWG,2024-02-28,44.011846432854455,44.84318130991949,43.767336174894155,44.305258742406814,16527900.0
MWG,2024-02-29,45.381103877432146,45.96792849653688,44.98988746469567,45.18549567106391,15665800.0
MWG,2024-03-01,45.52781003220833,46.26134080608924,45.08769156787979,45.576712083800395,16178500.0
MWG,2024-03-04,45.576712083800395,46.89706747678603,45.576712083800395,46.35914490927336,17867800.0
MWG,2024-03-05,46.5547531156416,48.90205159206051,46.45694901245748,48.90205159206051,23196300.0
MWG,2024-03-06,48.90205159206051,49.19546390161287,47.239381837930445,47.630598250666935,16337500.0
MWG,2024-03-07,47.630598250666935,48.1685208181796,47.04377363156221,47.924010560219294,10102900.0
MWG,2024-03-08,48.1685208181796,48.1685208181796,45.96792849653688,46.701459270417786,21675600.0
MWG,2024-03-11,46.45694901245748,47.239381837930445,45.23439772265597,45.381103877432146,14467500.0
MWG,2024-03-12,45.136593619471846,46.84816542519396,45.03878951628772,45.72341823857657,17893000.0
MWG,2024-03-13,45.77232029016863,47.630598250666935,45.77232029016863,47.48389209589075,8929000.0
MWG,2024-03-14,47.72840235385105,47.924010560219294,46.065732599721,46.21243875449718,14052000.0
MWG,2024-03-15,46.21243875449718,46.65255721882573,45.52781003220833,46.3102428576813,8865700.0
MWG,2024-03-18,46.16353670290512,46.89706747678603,44.64757310355124,44.892083361511546,12749100.0
MWG,2024-03-19,44.98988746469567,45.381103877432146,44.35416079399888,44.50086694877506,8113300.0
MWG,2024-03-20,44.59867105195919,47.58169619907487,44.59867105195919,46.945969528378086,21254500.0
MWG,2024-03-21,47.434990044298694,47.87510850862724,46.945969528378086,47.434990044298694,9431300.0
MWG,2024-03-22,47.630598250666935,48.31522697295578,46.945969528378086,48.02181466340342,14585400.0
MWG,2024-03-25,47.924010560219294,49.19546390161287,47.239381837930445,47.239381837930445,11012200.0
MWG,2024-03-26,47.239381837930445,47.82620645703518,46.750361322009844,47.58169619907487,9418700.0
MWG,2024-03-27,47.72840235385105,50.2713090366382,47.48389209589075,49.58668031434936,14031800.0
MWG,2024-03-28,49.684484417533476,51.053741862111174,49.29326800479699,49.88009262390172,12959700.0
MWG,2024-03-29,49.88009262390172,50.858133655742925,49.684484417533476,49.97789672708584,13970500.0
MWG,2024-04-01,49.684484417533476,51.44495827484766,49.58668031434936,50.2713090366382,15838100.0
MWG,2024-04-02,49.88009262390172,50.46691724300644,48.85314954046845,50.46691724300644,13183500.0
MWG,2024-04-03,49.88009262390172,50.07570083026996,48.804247488876385,49.09765979842875,16982300.0
MWG,2024-04-04,48.90205159206051,49.58668031434936,47.924010560219294,49.58668031434936,13451500.0
MWG,2024-04-05,48.90205159206051,50.369113139822325,48.36412902454784,49.88009262390172,9422712.0
MWG,2024-04-08,49.88009262390172,49.88009262390172,48.70644338569226,48.90205159206051,6326000.0
MWG,2024-04-09,48.90205159206051,51.93397879076826,48.70644338569226,51.64056648121589,21005300.0
MWG,2024-04-10,51.738370584400016,52.03178289395238,50.56472134619057,50.858133655742925,10353100.0
MWG,2024-04-11,50.07570083026996,51.64056648121589,50.07570083026996,51.151545965295284,7294500.0
MWG,2024-04-12,51.151545965295284,51.44495827484766,50.46691724300644,50.858133655742925,7115600.0
MWG,2024-04-15,50.56472134619057,50.858133655742925,48.4130310761399,48.804247488876385,17235200.0
MWG,2024-04-16,48.4130310761399,48.90205159206051,47.630598250666935,48.804247488876385,13988300.0
MWG,2024-04-17,49.29326800479699,49.29326800479699,47.87510850862724,48.31522697295578,7506200.0
MWG,2024-04-19,48.1685208181796,48.21742286977166,46.994871579970145,47.141577734746335,9643100.0
MWG,2024-04-22,48.11961876658754,48.31522697295578,47.09267568315427,47.53279414748281,13265100.0
MWG,2024-04-23,48.02181466340342,49.19546390161287,47.58169619907487,48.70644338569226,18482000.0
MWG,2024-04-24,49.09765979842875,51.151545965295284,48.755345437284326,51.151545965295284,12469200.0
MWG,2024-04-25,50.95593775892705,52.6186075130571,50.2713090366382,52.6186075130571,19836400.0
MWG,2024-04-26,52.32519520350474,53.79225675126656,51.83617468758414,53.69445264808243,12531700.0
MWG,2024-05-02,54.770297783107765,55.55273060858073,53.4988444417142,54.37908137037129,22343900.0
MWG,2024-05-03,54.476885473555406,55.94394702131722,53.79225675126656,54.476885473555406,30658300.0
MWG,2024-05-06,54.86810188629189,57.508812672263154,54.57468957673952,57.01979215634255,12893200.0
MWG,2024-05-07,57.508812672263154,58.193441394552,56.23735933086958,57.99783318818376,12034000.0
MWG,2024-05-08,57.31320446589491,57.99783318818376,56.92198805315843,57.80222498181552,10022500.0
MWG,2024-05-09,57.704420878631396,57.900029084999645,57.11759625952667,57.60661677544728,12497400.0
MWG,2024-05-10,57.508812672263154,57.704420878631396,56.13955522768546,57.60661677544728,9938732.0
MWG,2024-05-13,57.60661677544728,57.60661677544728,56.72637984679019,57.01979215634255,7822045.0
MWG,2024-05-14,57.215400362710795,59.66050294231382,56.72637984679019,58.78026601365673,16717056.0
MWG,2024-05-15,59.269286529577336,60.73634807733915,58.68246191047261,59.46489473594557,14312141.0
MWG,2024-05-16,59.562698839129695,59.75830704549794,58.389049600920245,58.58465780728849,15621652.0
MWG,2024-05-17,58.48685370410436,58.97587422002497,57.704420878631396,58.29124549773613,11286347.0
MWG,2024-05-20,58.68246191047261,60.247327561418544,58.193441394552,58.68246191047261,9882880.0
MWG,2024-05-21,59.269286529577336,59.95391525186618,58.68246191047261,59.17148242639321,5776939.0
MWG,2024-05-22,59.269286529577336,60.247327561418544,58.29124549773613,59.66050294231382,13927331.0
MWG,2024-05-23,59.36709063276146,60.63854397415503,58.68246191047261,60.63854397415503,10583025.0
MWG,2024-05-24,59.85611114868206,60.34513166460267,57.60661677544728,59.17148242639321,14576259.0
MWG,2024-05-27,58.78026601365673,59.17148242639321,57.900029084999645,58.68246191047261,7150902.0
MWG,2024-05-28,59.073678323209094,61.420976799627994,58.78026601365673,60.14952345823443,10823218.0
MWG,2024-05-29,60.247327561418544,60.63854397415503,59.17148242639321,59.17148242639321,7966354.0
MWG,2024-05-30,58.58465780728849,61.420976799627994,57.900029084999645,61.420976799627994,15822116.0
MWG,2024-05-31,61.420976799627994,62.98584245057394,61.02976038689151,62.20340962510097,10588336.0
MWG,2024-06-03,62.496821934653326,62.69243014102157,61.812193212364484,62.59462603783745,9500879.0
MWG,2024-06-04,62.59462603783745,62.79023424420569,61.71438910918036,62.3990178314692,11391596.0
MWG,2024-06-05,61.61658500599624,61.9099973155486,60.247327561418544,60.63854397415503,15297380.0
MWG,2024-06-06,60.63854397415503,61.127564490075635,60.247327561418544,60.5407398709709,15580278.0
MWG,2024-06-07,60.931956283707386,61.420976799627994,60.442935767786786,60.73634807733915,6039669.0
MWG,2024-06-10,60.834152180523276,61.9099973155486,60.63854397415503,61.61658500599624,8814191.0
MWG,2024-06-11,61.9099973155486,62.00780141873272,60.442935767786786,60.931956283707386,6825770.0
MWG,2024-06-12,61.22536859325976,62.496821934653326,60.63854397415503,62.00780141873272,6599146.0
MWG,2024-06-13,62.30121372828509,62.98584245057394,61.71438910918036,62.59462603783745,8131000.0
MWG,2024-06-14,62.59462603783745,62.79023424420569,61.61658500599624,61.61658500599624,8902800.0
MWG,2024-06-17,61.420976799627994,61.420976799627994,59.66050294231382,60.63854397415503,9503600.0
MWG,2024-06-18,60.73634807733915,61.127564490075635,59.75830704549794,60.834152180523276,8140700.0
MWG,2024-06-19,60.5407398709709,62.30121372828509,60.247327561418544,61.9099973155486,7917309.0
MWG,2024-06-20,61.812193212364484,62.10560552191684,61.127564490075635,62.10560552191684,6274318.0
MWG,2024-06-21,61.61658500599624,63.2792547601263,61.02976038689151,62.10560552191684,8235290.0
MWG,2024-06-24,62.10560552191684,62.10560552191684,60.14952345823443,60.63854397415503,11899271.0
MWG,2024-06-25,60.63854397415503,61.323172696443876,60.247327561418544,60.63854397415503,6461173.0
MWG,2024-06-26,61.127564490075635,61.812193212364484,59.95391525186618,61.22536859325976,9625646.0
MWG,2024-06-27,60.63854397415503,62.20340962510097,60.63854397415503,62.00780141873272,8297814.0
MWG,2024-06-28,62.204964539536505,62.204964539536505,60.7262411352686,61.514893617544814,6604200.0
MWG,2024-07-01,61.712056738113866,64.86666666721872,61.120567376406704,64.86666666721872,21785970.0
MWG,2024-07-02,64.86666666721872,65.06382978778778,63.78226950408894,65.06382978778778,9972680.0
MWG,2024-07-03,64.96524822750327,65.4581560289259,64.17659574522703,64.57092198636515,9782969.0
MWG,2024-07-04,64.76808510693421,65.35957446864136,63.979432624657996,64.17659574522703,6367690.0
MWG,2024-07-05,64.27517730551158,64.86666666721872,64.07801418494252,64.66950354664966,9564759.0
MWG,2024-07-08,64.66950354664966,66.44397163177116,64.66950354664966,66.04964539063305,11173166.0
MWG,2024-07-09,66.2468085112021,66.2468085112021,65.35957446864136,65.852482270064,8910990.0
MWG,2024-07-10,65.75390070977947,65.852482270064,64.27517730551158,64.27517730551158,12345251.0
MWG,2024-07-11,64.47234042608062,64.76808510693421,63.6836879438044,63.88085106437346,9824609.0
MWG,2024-07-12,63.88085106437346,64.47234042608062,63.19078014238177,63.88085106437346,9036739.0
MWG,2024-07-15,63.979432624657996,64.07801418494252,63.19078014238177,63.38794326295082,4518892.0
MWG,2024-07-16,63.6836879438044,64.37375886579609,63.19078014238177,63.19078014238177,8532944.0
MWG,2024-07-17,63.78226950408894,63.78226950408894,61.31773049697576,62.59929078067461,19500172.0
MWG,2024-07-18,62.59929078067461,64.07801418494252,62.50070922039008,64.07801418494252,10265697.0
MWG,2024-07-19,64.07801418494252,65.35957446864136,63.78226950408894,64.66950354664966,13518261.0
MWG,2024-07-22,64.27517730551158,64.47234042608062,62.89503546152819,64.37375886579609,6209400.0
MWG,2024-07-23,64.07801418494252,64.07801418494252,61.120567376406704,61.61347517782934,10527700.0
MWG,2024-07-24,60.7262411352686,61.120567376406704,57.76879432673279,60.52907801469954,15845500.0
MWG,2024-07-25,59.14893617071617,60.13475177356143,58.85319148986259,60.13475177356143,6940300.0
MWG,2024-07-26,59.6418439721388,60.13475177356143,59.54326241185427,60.13475177356143,6336000.0
MWG,2024-07-29,60.52907801469954,61.514893617544814,60.23333333384596,61.120567376406704,7269200.0
MWG,2024-07-30,61.120567376406704,62.303546099821034,61.021985816122175,62.106382979251975,8056300.0
MWG,2024-07-31,62.99361702181272,63.58510638351988,62.59929078067461,62.89503546152819,16098200.0
MWG,2024-08-01,62.89503546152819,62.89503546152819,60.62765957498407,61.219148936691234,12506300.0
MWG,2024-08-02,60.13475177356143,62.007801418967446,59.83900709270786,62.007801418967446,8601200.0
MWG,2024-08-05,60.62765957498407,61.416312057260285,59.44468085156974,60.7262411352686,12492700.0
MWG,2024-08-06,60.923404255837646,61.416312057260285,59.74042553242333,61.416312057260285,7253700.0
MWG,2024-08-07,61.416312057260285,61.61347517782934,60.62765957498407,61.416312057260285,5724900.0
MWG,2024-08-08,61.120567376406704,62.007801418967446,61.021985816122175,61.514893617544814,6350600.0
MWG,2024-08-09,61.810638298398395,64.86666666721872,61.61347517782934,64.66950354664966,18245100.0
MWG,2024-08-12,64.96524822750327,65.852482270064,64.66950354664966,65.65531914949494,11465200.0
MWG,2024-08-13,65.852482270064,66.2468085112021,64.57092198636515,65.75390070977947,9617000.0
MWG,2024-08-14,65.852482270064,66.04964539063305,64.86666666721872,65.65531914949494,8092023.0
MWG,2024-08-15,65.35957446864136,65.4581560289259,64.37375886579609,64.96524822750327,8243953.0
MWG,2024-08-16,65.06382978778778,68.51418439774622,64.96524822750327,68.02127659632359,18851532.0
MWG,2024-08-19,68.02127659632359,68.71134751831528,67.62695035518547,68.02127659632359,7646938.0
MWG,2024-08-20,68.02127659632359,68.51418439774622,67.3312056743319,68.51418439774622,9186219.0
MWG,2024-08-21,68.4156028374617,69.20425531973791,67.92269503603907,68.80992907859981,10886752.0
MWG,2024-08-22,68.71134751831528,69.20425531973791,68.11985815660812,69.00709219916887,7168737.0
MWG,2024-08-23,69.00709219916887,69.20425531973791,68.31702127717718,69.00709219916887,7003727.0
MWG,2024-08-26,69.00709219916887,69.79574468144507,68.61276595803075,68.80992907859981,6397046.0
MWG,2024-08-27,68.4156028374617,68.80992907859981,66.83829787290927,68.80992907859981,15992148.0
MWG,2024-08-28,68.71134751831528,68.71134751831528,67.72553191547001,68.4156028374617,7841028.0
MWG,2024-08-29,67.92269503603907,68.4156028374617,67.62695035518547,68.11985815660812,5170049.0
MWG,2024-08-30,68.11985815660812,68.80992907859981,67.72553191547001,68.80992907859981,6408100.0
MWG,2024-09-04,67.72553191547001,68.71134751831528,67.23262411404738,68.11985815660812,5262449.0
MWG,2024-09-05,67.82411347575453,67.92269503603907,66.64113475234021,66.9368794331938,9140524.0
MWG,2024-09-06,66.64113475234021,67.03546099347832,65.852482270064,67.03546099347832,9357500.0
MWG,2024-09-09,66.73971631262475,67.03546099347832,66.2468085112021,66.54255319205569,4521000.0
MWG,2024-09-10,66.54255319205569,67.72553191547001,66.54255319205569,66.83829787290927,7228239.0
MWG,2024-09-11,66.83829787290927,66.9368794331938,66.14822695091758,66.83829787290927,8325061.0
MWG,2024-09-12,67.03546099347832,67.03546099347832,66.2468085112021,66.54255319205569,4621532.0
MWG,2024-09-13,66.2468085112021,66.54255319205569,65.55673758921041,66.2468085112021,8524512.0
MWG,2024-09-16,65.95106383034853,66.04964539063305,65.06382978778778,65.16241134807231,5295500.0
MWG,2024-09-17,65.26099290835684,65.852482270064,64.57092198636515,65.852482270064,9763213.0
MWG,2024-09-18,65.95106383034853,67.62695035518547,65.852482270064,67.23262411404738,11630733.0
MWG,2024-09-19,67.52836879490096,67.52836879490096,66.73971631262475,67.23262411404738,7034627.0
MWG,2024-09-20,67.62695035518547,67.72553191547001,67.03546099347832,67.03546099347832,5563618.0
MWG,2024-09-23,67.03546099347832,67.03546099347832,65.852482270064,66.34539007148663,6268700.0
MWG,2024-09-24,66.54255319205569,67.82411347575453,66.54255319205569,67.13404255376284,8581513.0
MWG,2024-09-25,67.52836879490096,67.72553191547001,67.03546099347832,67.72553191547001,6883346.0
MWG,2024-09-26,67.82411347575453,68.51418439774622,67.3312056743319,67.3312056743319,8115635.0
MWG,2024-09-27,67.62695035518547,67.62695035518547,65.852482270064,66.54255319205569,13736500.0
MWG,2024-09-30,66.54255319205569,67.13404255376284,65.95106383034853,67.13404255376284,6461113.0
MWG,2024-10-01,67.3312056743319,67.72553191547001,66.83829787290927,66.83829787290927,10581700.0
MWG,2024-10-02,66.54255319205569,66.9368794331938,66.04964539063305,66.44397163177116,7157400.0
MWG,2024-10-03,66.44397163177116,66.44397163177116,64.86666666721872,65.35957446864136,14743000.0
MWG,2024-10-04,65.55673758921041,65.852482270064,65.26099290835684,65.4581560289259,5272300.0
MWG,2024-10-07,65.75390070977947,66.14822695091758,64.96524822750327,65.35957446864136,5548200.0
MWG,2024-10-08,65.75390070977947,65.75390070977947,64.07801418494252,64.27517730551158,12195152.0
MWG,2024-10-09,64.07801418494252,64.37375886579609,62.69787234095914,63.2893617026663,21532048.0
MWG,2024-10-10,63.58510638351988,64.47234042608062,63.19078014238177,64.07801418494252,9483653.0
MWG,2024-10-11,64.07801418494252,64.37375886579609,62.59929078067461,63.58510638351988,10190031.0
MWG,2024-10-14,63.979432624657996,64.07801418494252,62.69787234095914,62.69787234095914,9065400.0
MWG,2024-10-15,62.99361702181272,63.88085106437346,62.796453901243666,63.48652482323536,13285812.0
MWG,2024-10-16,63.48652482323536,64.76808510693421,63.38794326295082,64.57092198636515,15498200.0
MWG,2024-10-17,64.86666666721872,64.86666666721872,64.27517730551158,64.86666666721872,7043310.0
MWG,2024-10-18,64.96524822750327,65.16241134807231,64.27517730551158,64.76808510693421,6373223.0
MWG,2024-10-21,64.37375886579609,65.06382978778778,63.979432624657996,64.86666666721872,5173000.0
MWG,2024-10-22,65.35957446864136,65.852482270064,64.57092198636515,65.35957446864136,10981100.0
MWG,2024-10-23,65.16241134807231,65.35957446864136,64.17659574522703,64.76808510693421,7619300.0
MWG,2024-10-24,64.47234042608062,65.06382978778778,63.979432624657996,64.47234042608062,4641700.0
MWG,2024-10-25,64.47234042608062,65.06382978778778,64.07801418494252,64.57092198636515,6032301.0
MWG,2024-10-28,64.57092198636515,64.66950354664966,63.979432624657996,64.57092198636515,3958700.0
MWG,2024-10-29,64.66950354664966,65.55673758921041,64.47234042608062,65.55673758921041,10385500.0
MWG,2024-10-30,65.55673758921041,65.55673758921041,64.76808510693421,65.06382978778778,9277400.0
MWG,2024-10-31,65.06382978778778,65.55673758921041,64.66950354664966,65.55673758921041,7432300.0
MWG,2024-11-01,64.96524822750327,65.16241134807231,64.57092198636515,65.06382978778778,21503900.0
MWG,2024-11-04,64.96524822750327,64.96524822750327,63.78226950408894,64.17659574522703,10258400.0
MWG,2024-11-05,63.979432624657996,64.66950354664966,63.88085106437346,64.66950354664966,17547300.0
MWG,2024-11-06,64.76808510693421,64.76808510693421,64.07801418494252,64.66950354664966,7833900.0
MWG,2024-11-07,64.86666666721872,64.86666666721872,63.88085106437346,64.47234042608062,5294200.0
MWG,2024-11-08,64.47234042608062,64.47234042608062,63.58510638351988,64.07801418494252,7919600.0
MWG,2024-11-11,63.58510638351988,64.07801418494252,62.007801418967446,62.106382979251975,9470500.0
MWG,2024-11-12,62.204964539536505,62.303546099821034,59.93758865299238,59.93758865299238,12433700.0
MWG,2024-11-13,59.93758865299238,61.416312057260285,59.44468085156974,61.021985816122175,9417500.0
MWG,2024-11-14,60.62765957498407,60.7262411352686,59.83900709270786,60.430496454415014,5669400.0
MWG,2024-11-15,59.93758865299238,60.23333333384596,58.95177305014711,59.05035461043164,7844600.0
MWG,2024-11-18,59.05035461043164,59.05035461043164,56.290070922464885,58.06453900758637,14903100.0
MWG,2024-11-19,58.1631205678709,58.1631205678709,56.684397163602995,56.684397163602995,5929500.0
MWG,2024-11-20,56.388652482749414,57.275886525310156,55.20567375933509,55.994326241611304,14122900.0
MWG,2024-11-21,56.191489362180356,58.06453900758637,55.698581560757724,57.86737588701732,8839800.0
MWG,2024-11-22,57.86737588701732,58.557446809009,57.57163120616374,58.1631205678709,5804700.0
MWG,2024-11-25,57.96595744730184,58.45886524872447,57.76879432673279,58.1631205678709,5858500.0
MWG,2024-11-26,58.45886524872447,59.24751773100069,58.1631205678709,59.14893617071617,4703400.0
MWG,2024-11-27,59.05035461043164,60.03617021327691,58.65602836929353,59.34609929128522,5912400.0
MWG,2024-11-28,59.44468085156974,59.74042553242333,58.85319148986259,59.14893617071617,4310100.0
MWG,2024-11-29,59.14893617071617,59.6418439721388,58.06453900758637,59.6418439721388,5969400.0
MWG,2024-12-02,59.83900709270786,59.83900709270786,59.05035461043164,59.54326241185427,3353900.0
MWG,2024-12-03,59.24751773100069,59.44468085156974,58.75460992957806,58.95177305014711,4532600.0
MWG,2024-12-04,58.557446809009,58.95177305014711,57.17730496502563,57.275886525310156,9305200.0
MWG,2024-12-05,57.57163120616374,60.33191489413049,57.275886525310156,60.13475177356143,9241300.0
MWG,2024-12-06,59.93758865299238,61.021985816122175,59.6418439721388,60.23333333384596,10756300.0
MWG,2024-12-09,60.7262411352686,60.7262411352686,59.93758865299238,60.23333333384596,4832300.0
MWG,2024-12-10,60.23333333384596,60.33191489413049,59.6418439721388,59.93758865299238,4679800.0
MWG,2024-12-11,59.83900709270786,59.93758865299238,59.05035461043164,59.14893617071617,5069400.0
MWG,2024-12-12,59.44468085156974,59.6418439721388,59.05035461043164,59.14893617071617,4099905.0
MWG,2024-12-13,58.95177305014711,60.430496454415014,58.75460992957806,60.13475177356143,5833800.0
MWG,2024-12-16,60.13475177356143,60.52907801469954,59.34609929128522,60.13475177356143,4359300.0
MWG,2024-12-17,60.13475177356143,60.13475177356143,59.34609929128522,59.44468085156974,4141800.0
MWG,2024-12-18,59.34609929128522,59.6418439721388,59.05035461043164,59.34609929128522,5122200.0
MWG,2024-12-19,58.95177305014711,59.05035461043164,58.557446809009,58.95177305014711,7586100.0
MWG,2024-12-20,59.14893617071617,59.93758865299238,58.75460992957806,59.74042553242333,9553400.0
MWG,2024-12-23,59.74042553242333,60.23333333384596,59.6418439721388,60.13475177356143,5850600.0
MWG,2024-12-24,60.33191489413049,60.430496454415014,59.83900709270786,60.430496454415014,3549600.0
MWG,2024-12-25,60.430496454415014,61.416312057260285,60.430496454415014,61.31773049697576,6586500.0
MWG,2024-12-26,61.514893617544814,61.514893617544814,59.6418439721388,60.62765957498407,7073800.0
MWG,2024-12-27,59.74042553242333,60.7262411352686,59.54326241185427,60.52907801469954,7763200.0
MWG,2024-12-30,59.6418439721388,60.33191489413049,59.6418439721388,60.13475177356143,4337100.0
MWG,2024-12-31,60.03617021327691,60.13475177356143,59.6418439721388,60.13475177356143,6440300.0
MWG,2025-01-02,60.03617021327691,60.33191489413049,59.44468085156974,59.74042553242333,4974600.0
MWG,2025-01-03,59.74042553242333,59.83900709270786,57.76879432673279,57.76879432673279,7662400.0
MWG,2025-01-06,57.57163120616374,58.45886524872447,56.191489362180356,56.191489362180356,6206900.0
MWG,2025-01-07,56.487234043033936,56.98014184445657,55.600000000473194,56.290070922464885,6576900.0
MWG,2025-01-08,56.290070922464885,57.275886525310156,55.698581560757724,57.275886525310156,3255600.0
MWG,2025-01-09,57.17730496502563,57.17730496502563,56.684397163602995,56.881560284172046,2905300.0
MWG,2025-01-10,56.684397163602995,57.17730496502563,56.09290780189583,56.684397163602995,6234100.0
MWG,2025-01-13,55.79716312104225,56.881560284172046,55.698581560757724,56.487234043033936,7061900.0
MWG,2025-01-14,56.487234043033936,56.684397163602995,55.79716312104225,56.388652482749414,3860600.0
MWG,2025-01-15,56.585815603318466,57.0787234047411,55.994326241611304,56.487234043033936,4158300.0
MWG,2025-01-16,56.388652482749414,57.17730496502563,56.191489362180356,56.98014184445657,6996200.0
MWG,2025-01-17,56.487234043033936,56.98014184445657,56.388652482749414,56.881560284172046,4115900.0
MWG,2025-01-20,56.881560284172046,57.0787234047411,56.487234043033936,56.684397163602995,2585400.0
MWG,2025-01-21,56.881560284172046,57.374468085594685,56.388652482749414,56.881560284172046,4476600.0
MWG,2025-01-22,57.0787234047411,57.17730496502563,56.585815603318466,56.585815603318466,3433000.0
MWG,2025-01-23,56.487234043033936,58.65602836929353,56.487234043033936,58.36028368843996,6599500.0
MWG,2025-01-24,58.36028368843996,59.24751773100069,57.76879432673279,59.24751773100069,6915300.0
MWG,2025-02-03,58.1631205678709,58.75460992957806,57.67021276644826,58.75460992957806,6886500.0
MWG,2025-02-04,59.05035461043164,59.05035461043164,58.1631205678709,58.75460992957806,6706900.0
MWG,2025-02-05,58.75460992957806,58.95177305014711,58.26170212815543,58.557446809009,4684100.0
MWG,2025-02-06,58.65602836929353,58.75460992957806,57.86737588701732,58.26170212815543,5053800.0
MWG,2025-02-07,58.06453900758637,58.1631205678709,56.98014184445657,58.06453900758637,8721900.0
MWG,2025-02-10,57.47304964587921,57.47304964587921,56.585815603318466,56.585815603318466,6713400.0
MWG,2025-02-11,56.585815603318466,56.585815603318466,55.600000000473194,55.600000000473194,7578000.0
MWG,2025-02-12,55.994326241611304,56.487234043033936,55.600000000473194,55.600000000473194,5434400.0
MWG,2025-02-13,55.20567375933509,55.20567375933509,54.02269503592076,54.02269503592076,12359700.0
MWG,2025-02-14,54.31843971677435,54.515602837343394,53.03687943307549,54.41702127705888,12228000.0
MWG,2025-02-17,54.41702127705888,54.41702127705888,53.33262411392908,53.33262411392908,7717100.0
MWG,2025-02-18,53.23404255364455,54.21985815648982,53.03687943307549,53.72695035506718,5455600.0
MWG,2025-02-19,53.92411347563624,55.304255319619614,53.62836879478266,55.00851063876603,8608500.0
MWG,2025-02-20,55.10709219905056,55.89574468132678,54.90992907848151,55.89574468132678,9095500.0
MWG,2025-02-21,55.994326241611304,57.47304964587921,55.79716312104225,57.275886525310156,12418600.0
MWG,2025-02-24,57.275886525310156,57.67021276644826,56.487234043033936,57.57163120616374,15301700.0
MWG,2025-02-25,57.275886525310156,57.57163120616374,56.585815603318466,57.47304964587921,12831700.0
MWG,2025-02-26,57.47304964587921,58.26170212815543,56.98014184445657,57.86737588701732,10053600.0
MWG,2025-02-27,57.86737588701732,57.96595744730184,57.374468085594685,57.76879432673279,3740500.0
MWG,2025-02-28,57.17730496502563,57.86737588701732,56.98014184445657,57.47304964587921,5887200.0
MWG,2025-03-03,57.374468085594685,58.26170212815543,56.98014184445657,57.96595744730184,8008000.0
MWG,2025-03-04,57.86737588701732,59.05035461043164,57.57163120616374,58.65602836929353,7159600.0
MWG,2025-03-05,58.95177305014711,59.34609929128522,58.45886524872447,58.75460992957806,7188800.0
MWG,2025-03-06,58.95177305014711,61.021985816122175,58.75460992957806,61.021985816122175,15139900.0
MWG,2025-03-07,60.923404255837646,61.120567376406704,60.430496454415014,61.021985816122175,6378100.0
MWG,2025-03-10,61.120567376406704,61.416312057260285,60.52907801469954,61.31773049697576,10616200.0
MWG,2025-03-11,60.52907801469954,62.303546099821034,60.52907801469954,62.106382979251975,9945900.0
MWG,2025-03-12,62.106382979251975,62.106382979251975,61.021985816122175,61.810638298398395,10274600.0
MWG,2025-03-13,61.810638298398395,61.90921985868292,60.33191489413049,60.62765957498407,8114800.0
MWG,2025-03-14,60.62765957498407,61.416312057260285,60.33191489413049,60.62765957498407,10582800.0
MWG,2025-03-17,60.82482269555313,61.120567376406704,60.52907801469954,61.120567376406704,4016900.0
MWG,2025-03-18,61.31773049697576,61.61347517782934,60.52907801469954,60.923404255837646,6934100.0
MWG,2025-03-19,60.33191489413049,60.52907801469954,58.1631205678709,58.65602836929353,14449400.0
MWG,2025-03-20,58.95177305014711,59.14893617071617,58.1631205678709,59.14893617071617,5633500.0
MWG,2025-03-21,59.14893617071617,59.44468085156974,58.557446809009,59.44468085156974,4381500.0
MWG,2025-03-24,58.95177305014711,59.44468085156974,58.65602836929353,59.44468085156974,3765200.0
MWG,2025-03-25,59.54326241185427,60.430496454415014,59.05035461043164,59.6418439721388,6737700.0
MWG,2025-03-26,59.74042553242333,60.33191489413049,59.6418439721388,59.93758865299238,3187100.0
MWG,2025-03-27,59.93758865299238,59.93758865299238,59.14893617071617,59.54326241185427,5490800.0
MWG,2025-03-28,59.24751773100069,59.83900709270786,58.06453900758637,58.95177305014711,8807300.0
MWG,2025-03-31,58.1631205678709,58.36028368843996,57.275886525310156,58.1631205678709,8914600.0
MWG,2025-04-01,57.76879432673279,58.06453900758637,56.881560284172046,57.76879432673279,6328900.0
MWG,2025-04-02,57.76879432673279,58.85319148986259,57.17730496502563,57.96595744730184,8933900.0
MWG,2025-04-03,54.31843971677435,55.501418440188665,53.92411347563624,53.92411347563624,15639500.0
MWG,2025-04-04,50.178014184824214,52.74113475222192,50.178014184824214,52.05106383023023,29630900.0
MWG,2025-04-08,48.50212765998726,49.29078014226347,48.452836879844995,48.452836879844995,12006400.0
MWG,2025-04-09,45.10106383017108,48.50212765998726,45.10106383017108,45.59397163159371,22013600.0
MWG,2025-04-10,48.748581560698575,48.748581560698575,48.748581560698575,48.748581560698575,566300.0
MWG,2025-04-11,50.27659574510874,52.14964539051475,49.88226950397063,52.14964539051475,13970800.0
MWG,2025-04-14,54.21985815648982,55.79716312104225,53.52978723449813,55.79716312104225,15381600.0
MWG,2025-04-15,55.20567375933509,56.782978723887524,54.31843971677435,56.290070922464885,12952800.0
MWG,2025-04-16,55.79716312104225,56.881560284172046,54.81134751819698,55.994326241611304,9252400.0
MWG,2025-04-17,55.10709219905056,55.994326241611304,54.81134751819698,55.994326241611304,5791200.0
MWG,2025-04-18,56.09290780189583,56.782978723887524,55.40283687990414,55.40283687990414,6553500.0
MWG,2025-04-21,55.501418440188665,55.79716312104225,54.515602837343394,54.81134751819698,4732900.0
MWG,2025-04-22,54.61418439762792,56.487234043033936,51.262411347954014,56.487234043033936,16304400.0
MWG,2025-04-23,57.67021276644826,58.45886524872447,57.374468085594685,57.96595744730184,8658400.0
MWG,2025-04-24,57.96595744730184,59.05035461043164,57.57163120616374,58.85319148986259,8426300.0
MWG,2025-04-25,58.65602836929353,59.6418439721388,58.557446809009,59.6418439721388,10580100.0
MWG,2025-04-28,60.03617021327691,61.120567376406704,58.75460992957806,60.03617021327691,8653900.0
MWG,2025-04-29,59.93758865299238,60.23333333384596,59.6418439721388,59.93758865299238,9603200.0
MWG,2025-05-05,59.93758865299238,60.52907801469954,59.14893617071617,60.13475177356143,5299700.0
MWG,2025-05-06,60.13475177356143,60.33191489413049,59.24751773100069,59.6418439721388,4150300.0
MWG,2025-05-07,59.05035461043164,59.6418439721388,58.26170212815543,59.24751773100069,8206800.0
MWG,2025-05-08,59.24751773100069,59.44468085156974,58.06453900758637,59.44468085156974,9945100.0
MWG,2025-05-09,59.44468085156974,60.13475177356143,59.24751773100069,59.54326241185427,5804000.0
MWG,2025-05-12,59.83900709270786,60.03617021327691,59.24751773100069,59.93758865299238,6941100.0
MWG,2025-05-13,60.33191489413049,62.796453901243666,60.13475177356143,62.59929078067461,17921400.0
MWG,2025-05-14,62.89503546152819,63.38794326295082,62.69787234095914,63.09219858209725,11889500.0
MWG,2025-05-15,63.09219858209725,63.6836879438044,62.106382979251975,63.38794326295082,10318600.0
MWG,2025-05-16,62.89503546152819,63.58510638351988,62.59929078067461,62.89503546152819,6015600.0
MWG,2025-05-19,62.59929078067461,63.48652482323536,62.204964539536505,62.796453901243666,8552900.0
MWG,2025-05-20,62.59929078067461,64.27517730551158,62.402127660105556,63.78226950408894,13876400.0
MWG,2025-05-21,63.979432624657996,63.979432624657996,62.69787234095914,63.38794326295082,9813600.0
MWG,2025-05-22,62.99361702181272,63.88085106437346,62.69787234095914,63.38794326295082,9407800.0
MWG,2025-05-23,63.2893617026663,63.38794326295082,62.402127660105556,63.2893617026663,7720000.0
MWG,2025-05-26,63.2893617026663,64.07801418494252,61.514893617544814,63.58510638351988,7741900.0
MWG,2025-05-27,63.88085106437346,63.979432624657996,62.59929078067461,63.38794326295082,8627000.0
MWG,2025-05-28,63.38794326295082,64.57092198636515,63.09219858209725,63.48652482323536,11018900.0
MWG,2025-05-29,63.58510638351988,63.6836879438044,62.50070922039008,63.38794326295082,7906000.0
MWG,2025-05-30,62.89503546152819,62.99361702181272,61.219148936691234,61.219148936691234,13551900.0
MWG,2025-06-02,61.120567376406704,61.120567376406704,59.14893617071617,60.13475177356143,17382200.0
MWG,2025-06-03,60.13475177356143,61.90921985868292,60.13475177356143,61.514893617544814,7644500.0
MWG,2025-06-04,61.90921985868292,61.90921985868292,60.23333333384596,60.430496454415014,8066300.0
MWG,2025-06-05,60.13475177356143,61.31773049697576,60.13475177356143,60.82482269555313,5913600.0
MWG,2025-06-06,60.33191489413049,60.430496454415014,59.54326241185427,59.6418439721388,6615000.0
MWG,2025-06-09,59.6418439721388,59.83900709270786,59.05035461043164,59.6418439721388,7784100.0
MWG,2025-06-10,60.13475177356143,62.007801418967446,59.74042553242333,60.62765957498407,10755000.0
MWG,2025-06-11,60.62765957498407,61.31773049697576,60.62765957498407,61.021985816122175,5093600.0
MWG,2025-06-12,61.61347517782934,62.59929078067461,61.219148936691234,62.59929078067461,10592900.0
MWG,2025-06-13,61.810638298398395,62.50070922039008,60.923404255837646,62.303546099821034,9348700.0
MWG,2025-06-16,62.106382979251975,63.38794326295082,61.712056738113866,63.38794326295082,8480900.0
MWG,2025-06-17,63.48652482323536,63.58510638351988,62.89503546152819,63.48652482323536,5882587.0
MWG,2025-06-18,63.38794326295082,64.37375886579609,62.69787234095914,62.796453901243666,9055013.0
MWG,2025-06-19,62.69787234095914,63.38794326295082,62.204964539536505,63.09219858209725,7897700.0
MWG,2025-06-20,63.09219858209725,63.6836879438044,62.796453901243666,63.19078014238177,5949800.0
MWG,2025-06-23,62.99361702181272,64.07801418494252,62.303546099821034,64.07801418494252,10932200.0
MWG,2025-06-24,64.86666666721872,64.96524822750327,63.979432624657996,63.979432624657996,8758700.0
MWG,2025-06-25,63.88085106437346,64.27517730551158,63.58510638351988,64.07801418494252,7165900.0
MWG,2025-06-26,64.07801418494252,64.37375886579609,63.2893617026663,63.58510638351988,5355000.0
MWG,2025-06-27,63.78226950408894,65.35957446864136,63.6836879438044,64.86666666721872,17315400.0
MWG,2025-06-30,65.26099290835684,65.35957446864136,64.47234042608062,64.57092198636515,5932000.0
MWG,2025-07-01,64.57092198636515,64.86666666721872,63.38794326295082,63.58510638351988,9678600.0
MWG,2025-07-02,63.58510638351988,64.17659574522703,63.38794326295082,63.88085106437346,5869300.0
MWG,2025-07-03,63.78226950408894,65.65531914949494,63.78226950408894,64.47234042608062,19372000.0
MWG,2025-07-04,64.96524822750327,65.55673758921041,64.57092198636515,65.35957446864136,6182500.0
MWG,2025-07-07,65.65531914949494,65.852482270064,64.86666666721872,65.55673758921041,8449300.0
MWG,2025-07-08,65.65531914949494,66.34539007148663,65.06382978778778,66.2468085112021,8804700.0
MWG,2025-07-09,66.54255319205569,66.73971631262475,65.852482270064,66.73971631262475,10332800.0
MWG,2025-07-10,67.03546099347832,67.42978723461644,66.34539007148663,67.03546099347832,7436600.0
MWG,2025-07-11,67.03546099347832,67.13404255376284,66.34539007148663,66.9368794331938,7270900.0
MWG,2025-07-14,66.9368794331938,68.02127659632359,65.4581560289259,68.02127659632359,8969000.0
MWG,2025-07-15,68.4156028374617,70.38723404315225,68.31702127717718,68.31702127717718,11991700.0
MWG,2025-07-16,68.21843971689265,69.00709219916887,67.52836879490096,69.00709219916887,4475500.0
MWG,2025-07-17,68.80992907859981,69.79574468144507,68.61276595803075,69.5000000005915,8085300.0
MWG,2025-07-18,69.5000000005915,70.9787234048594,68.71134751831528,69.69716312116056,8433900.0
MWG,2025-07-21,69.99290780201413,69.99290780201413,68.21843971689265,69.00709219916887,10328100.0
MWG,2025-07-22,69.00709219916887,69.40141844030697,68.02127659632359,69.40141844030697,8147200.0
MWG,2025-07-23,69.79574468144507,69.99290780201413,69.00709219916887,69.5000000005915,10330900.0
MWG,2025-07-24,70.0,70.0,68.8,69.5,8288100.0
MWG,2025-07-25,69.5,71.1,69.2,70.1,8118800.0
MWG,2025-07-28,70.6,71.0,69.6,70.2,10510200.0
MWG,2025-07-29,70.2,70.2,66.4,66.6,19340300.0
MWG,2025-07-30,67.5,67.9,66.1,67.1,14225600.0
MWG,2025-07-31,67.2,67.8,65.2,65.3,16233400.0
MWG,2025-08-01,65.4,66.7,65.2,65.2,10480000.0
MWG,2025-08-04,65.2,67.0,65.2,67.0,10090500.0
MWG,2025-08-05,67.3,69.5,66.0,69.3,17901000.0
MWG,2025-08-06,68.9,72.4,68.5,72.4,21805400.0
MWG,2025-08-07,72.7,72.8,71.6,72.4,10343800.0
MWG,2025-08-08,72.6,72.8,70.5,72.0,12196900.0
MWG,2025-08-11,72.0,73.7,71.7,72.1,11593600.0
MWG,2025-08-12,72.3,72.5,71.0,72.2,8814000.0
MWG,2025-08-13,72.5,72.5,70.0,70.9,14365200.0
MWG,2025-08-14,71.0,71.9,70.1,71.9,10920500.0
MWG,2025-08-15,72.0,72.3,69.8,70.5,9944800.0
MWG,2025-08-18,70.6,71.0,69.2,70.0,8900100.0
MWG,2025-08-19,70.0,70.0,68.0,68.0,16055300.0
MWG,2025-08-20,68.5,70.7,68.1,69.4,12196900.0
MWG,2025-08-21,69.4,71.6,69.2,71.0,13119000.0
MWG,2025-08-22,69.9,70.6,68.4,70.3,11500700.0
MWG,2025-08-25,70.3,70.6,68.6,68.8,6833100.0
MWG,2025-08-26,69.0,73.6,68.6,73.6,17674900.0
MWG,2025-08-27,75.0,76.6,74.6,75.0,13960000.0
MWG,2025-08-28,75.0,77.3,74.5,77.3,14052100.0
MWG,2025-08-29,78.0,78.2,76.6,78.0,10871400.0
MWG,2025-09-03,76.9,77.6,75.7,75.8,8708800.0
MWG,2025-09-04,76.0,77.5,73.9,77.5,12983600.0
MWG,2025-09-05,78.0,78.3,75.0,75.0,10514500.0
MWG,2025-09-08,74.5,76.8,74.0,74.0,14421400.0
MWG,2025-09-09,74.6,76.0,73.7,76.0,7855700.0
MWG,2025-09-10,75.6,76.3,74.5,75.5,8484800.0
MWG,2025-09-11,75.4,79.4,74.0,78.8,19088600.0
MWG,2025-09-12,78.8,79.4,77.8,79.0,12365100.0
MWG,2025-09-15,79.0,79.6,78.1,79.5,11245000.0
MWG,2025-09-16,79.6,81.4,78.9,80.3,10555400.0
MWG,2025-09-17,79.8,81.1,78.0,78.0,8920000.0
MWG,2025-09-18,78.0,78.5,76.7,78.5,9614800.0
MWG,2025-09-19,78.5,78.9,77.4,78.6,4652300.0
MWG,2025-09-22,77.9,77.9,76.0,76.5,8668100.0
MWG,2025-09-23,76.8,78.2,76.3,77.8,6700700.0
MWG,2025-09-24,77.7,79.2,77.1,79.2,6451900.0
MWG,2025-09-25,78.8,79.0,78.1,79.0,5990400.0
MWG,2025-09-26,78.3,79.1,77.9,77.9,5429700.0
MWG,2025-09-29,77.9,77.9,76.6,77.0,6460900.0
MWG,2025-09-30,76.8,77.8,76.2,77.7,9534100.0
MWG,2025-10-01,77.5,78.3,77.2,77.7,5428600.0
MWG,2025-10-02,77.8,78.5,76.9,77.1,5457900.0
MWG,2025-10-03,77.0,77.4,75.4,77.0,10069700.0
MWG,2025-10-06,78.4,78.7,77.2,77.6,9610100.0
MWG,2025-10-07,78.0,79.5,77.5,78.0,8284900.0
MWG,2025-10-08,79.0,81.3,78.5,80.8,18082700.0
MWG,2025-10-09,80.8,81.9,80.5,81.5,8936970.0
MWG,2025-10-10,81.4,82.0,80.6,82.0,7593200.0
MWG,2025-10-13,81.2,83.0,81.0,83.0,8122500.0
MWG,2025-10-14,83.9,85.0,82.4,84.2,12274100.0
MWG,2025-10-15,84.0,84.7,83.0,83.3,5890400.0
MWG,2025-10-16,83.3,84.8,83.0,84.5,6861400.0
MWG,2025-10-17,84.8,85.9,83.8,84.5,9979500.0
MWG,2025-10-20,87.0,87.9,79.8,80.9,17640400.0
MWG,2025-10-21,82.3,83.0,80.5,83.0,13581900.0
MWG,2025-10-22,83.0,84.5,81.6,84.5,8556100.0
MWG,2025-10-23,86.0,86.8,84.6,85.7,10460600.0
MWG,2025-10-24,85.5,85.9,82.8,85.7,9652900.0
MWG,2025-10-27,85.7,85.7,81.0,81.0,10695200.0
MWG,2025-10-28,80.9,84.4,80.4,84.2,8316300.0
MWG,2025-10-29,83.0,84.4,83.0,84.1,5840107.0
MWG,2025-10-30,84.2,84.4,83.5,83.9,6042206.0
MWG,2025-10-31,83.9,84.0,82.0,82.6,11764204.0
MWG,2025-11-03,83.0,83.3,81.0,81.0,8147602.0
MWG,2025-11-04,80.9,82.0,78.5,81.8,15240719.0
MWG,2025-11-05,81.5,81.5,80.1,80.2,5160903.0
MWG,2025-11-06,80.3,81.0,78.8,80.3,6916504.0
MWG,2025-11-07,79.6,80.5,75.5,76.5,9291301.0
MWG,2025-11-10,76.3,79.3,76.3,76.8,7668200.0
MWG,2025-11-11,77.5,79.1,77.5,78.0,6402500.0
MWG,2025-11-12,78.0,80.5,77.9,80.5,5164907.0
MWG,2025-11-13,80.1,80.5,79.5,80.1,4294700.0
MWG,2025-11-14,79.2,82.0,79.2,81.4,4352200.0
MWG,2025-11-17,81.2,82.4,81.2,82.4,5223724.0
MWG,2025-11-18,82.5,83.2,81.9,83.0,4876916.0
MWG,2025-11-19,83.0,83.2,81.6,82.4,7577707.0
MWG,2025-11-20,82.3,82.3,80.8,81.0,5198700.0
MWG,2025-11-21,80.4,80.4,78.1,80.0,9005908.0
MWG,2025-11-24,80.3,80.4,79.2,79.3,4468306.0
MWG,2025-11-25,79.0,79.8,78.5,78.5,4867008.0
MWG,2025-11-26,78.5,80.2,78.5,80.2,5215006.0
MWG,2025-11-27,80.0,80.1,79.5,80.0,3745200.0
MWG,2025-11-28,80.0,80.1,79.2,79.9,3902200.0
MWG,2025-12-01,79.7,80.1,79.5,80.0,3163600.0
MWG,2025-12-02,79.8,80.1,79.3,80.0,4811500.0
MWG,2025-12-03,80.2,85.5,80.2,84.7,15313100.0
MWG,2025-12-04,85.0,86.2,84.6,85.8,8565600.0
MWG,2025-12-05,85.7,85.7,84.1,85.1,7412100.0
MWG,2025-12-08,84.3,85.1,83.5,84.9,5644500.0
MWG,2025-12-09,84.5,84.5,82.5,84.0,7298700.0
MWG,2025-12-10,83.2,84.4,82.5,83.0,6249900.0
MWG,2025-12-11,83.0,83.6,82.3,82.3,3529908.0
MWG,2025-12-12,82.3,82.3,78.5,78.5,10492500.0
MWG,2025-12-15,78.4,79.2,77.6,77.7,7620900.0
MWG,2025-12-16,77.8,82.0,77.5,82.0,8557004.0
MWG,2025-12-17,81.9,83.0,80.8,81.9,5457806.0
MWG,2025-12-18,81.3,81.6,80.5,81.6,11868200.0
MWG,2025-12-19,81.5,83.0,81.3,82.9,6576902.0
MWG,2025-12-22,82.7,85.0,82.7,85.0,8746400.0
MWG,2025-12-23,85.0,88.0,84.9,87.5,14387800.0
MWG,2025-12-24,87.6,88.0,87.0,88.0,6807400.0
MWG,2025-12-25,88.0,90.0,86.0,86.0,8091600.0
MWG,2025-12-26,84.2,87.0,82.6,87.0,15363204.0
MWG,2025-12-29,86.2,87.7,86.1,87.1,6658800.0
MWG,2025-12-30,87.0,88.5,86.6,88.5,8028116.0
MWG,2025-12-31,88.0,88.4,87.6,88.4,5304600.0
MWG,2026-01-05,87.9,88.2,85.8,87.4,6997300.0
MWG,2026-01-06,86.8,89.3,86.8,88.8,6390700.0
MWG,2026-01-07,89.0,89.9,88.3,89.8,11734000.0
MWG,2026-01-08,89.8,89.8,86.2,87.5,10543900.0
MWG,2026-01-09,86.4,87.5,85.6,86.0,6472200.0
MWG,2026-01-12,86.0,87.5,85.0,87.5,8471500.0
MWG,2026-01-13,87.5,88.7,86.2,87.1,6657100.0
MWG,2026-01-14,87.1,87.3,85.1,86.0,6951400.0
MWG,2026-01-15,85.0,86.9,84.0,84.0,7636600.0
MWG,2026-01-16,83.8,87.4,83.8,87.0,7671600.0
MWG,2026-01-19,87.4,87.4,85.5,86.7,3055300.0
MWG,2026-01-20,86.7,88.3,86.0,86.0,6841300.0
MWG,2026-01-21,85.9,85.9,84.4,85.4,5383600.0
MWG,2026-01-22,85.0,86.6,85.0,86.5,5450600.0
MWG,2026-01-23,86.6,87.7,85.8,85.8,6722800.0
MWG,2026-01-26,85.8,85.9,83.9,84.1,6030600.0
MWG,2026-01-27,84.2,85.8,84.0,85.0,5418600.0
MWG,2026-01-28,84.9,85.8,84.3,85.5,6085200.0
MWG,2026-01-29,85.7,89.5,85.3,89.5,15892000.0
MWG,2026-01-30,90.0,93.4,89.8,92.9,20845900.0
MWG,2026-02-02,93.1,93.9,90.5,93.7,13866200.0
MWG,2026-02-03,94.4,94.4,91.5,91.5,10130300.0
MWG,2026-02-04,91.5,91.9,90.6,91.8,7656400.0
MWG,2026-02-05,91.7,91.8,90.2,90.2,5643400.0
MWG,2026-02-06,89.7,89.9,86.0,88.4,13814700.0
MWG,2026-02-09,89.0,90.0,88.5,89.3,5452400.0
MWG,2026-02-10,89.7,89.7,87.8,89.3,5950600.0
MWG,2026-02-11,89.5,91.9,89.3,91.9,8987000.0
MWG,2026-02-12,92.5,93.9,91.1,92.9,7890300.0
MWG,2026-02-13,91.9,93.2,91.5,92.8,5511500.0
MWG,2026-02-23,92.9,93.1,91.1,92.0,5003100.0
MWG,2026-02-24,91.6,92.2,90.5,92.2,6601300.0
MWG,2026-02-25,92.2,94.1,92.0,93.0,8132700.0
MWG,2026-02-26,93.0,94.3,92.5,93.6,5011100.0
MWG,2026-02-27,93.7,93.9,92.6,93.1,5224300.0
MWG,2026-03-02,91.8,92.2,90.0,90.0,10738700.0
MWG,2026-03-03,90.2,91.2,86.9,88.2,13370000.0
MWG,2026-03-04,87.1,88.8,83.8,88.8,13414100.0
MWG,2026-03-05,88.9,89.0,85.2,85.2,11270500.0
MWG,2026-03-06,84.8,84.8,81.7,82.7,13359400.0
MWG,2026-03-09,77.0,77.0,77.0,77.0,4983800.0
MWG,2026-03-10,79.0,81.8,77.4,81.0,21042400.0
MWG,2026-03-11,81.0,86.6,80.5,86.5,17339300.0
MWG,2026-03-12,84.0,86.5,83.1,84.6,10104500.0
MWG,2026-03-13,84.5,84.5,82.0,82.0,6260000.0
MWG,2026-03-16,81.9,82.2,80.4,80.6,5282300.0
MWG,2026-03-17,81.5,83.8,81.5,82.7,3811100.0
MWG,2026-03-18,82.8,84.3,82.4,83.7,4304400.0
MWG,2026-03-19,82.0,82.6,81.4,82.4,7916000.0
MWG,2026-03-20,82.1,82.1,79.7,79.7,6488600.0
MWG,2026-03-23,78.0,78.1,74.2,74.2,17473900.0
MWG,2026-03-24,76.6,76.8,75.0,76.0,7903300.0
MWG,2026-03-25,77.0,79.5,76.8,79.2,7550200.0
MWG,2026-03-26,78.0,78.9,77.4,78.5,7066800.0
MWG,2026-03-27,78.6,81.8,78.2,81.0,7595000.0
MWG,2026-03-30,78.9,80.8,78.6,80.8,6027600.0
MWG,2026-03-31,80.8,82.1,80.5,81.8,6582900.0
MWG,2026-04-01,83.0,83.9,81.8,82.4,5736600.0
MWG,2026-04-02,81.8,81.8,80.0,81.8,5675700.0
MWG,2026-04-03,81.5,81.5,79.2,79.3,6903100.0
MWG,2026-04-06,78.3,79.3,77.6,78.3,6411000.0
MWG,2026-04-07,78.4,78.8,76.6,78.0,3806200.0
MWG,2026-04-08,80.6,82.0,79.9,81.9,10192500.0
MWG,2026-04-09,80.9,82.0,80.7,80.7,3649300.0
MWG,2026-04-10,81.3,82.2,81.0,81.5,4667000.0
MWG,2026-04-13,80.8,81.3,79.8,81.3,4806700.0
MWG,2026-04-14,82.1,82.7,81.4,81.6,4600700.0
MWG,2026-04-15,82.0,82.0,80.0,80.0,3798700.0
MWG,2026-04-16,80.2,82.0,80.2,81.3,5775900.0
MWG,2026-04-17,82.6,86.9,82.5,86.9,15089000.0
MWG,2026-04-20,87.5,88.5,86.4,87.3,10168300.0
MWG,2026-04-21,87.4,87.4,85.6,85.6,7226400.0
MWG,2026-04-22,85.4,86.4,84.8,86.4,9172200.0
MWG,2026-04-23,86.4,86.8,84.3,84.5,5417100.0
MWG,2026-04-24,84.5,85.2,83.5,83.5,4634400.0
MWG,2026-04-28,83.7,85.9,83.7,85.6,5380700.0
MWG,2026-04-29,85.0,85.7,84.0,84.0,4897200.0
MWG,2026-05-04,84.7,85.4,83.4,84.9,6372100.0
MWG,2026-05-05,84.6,85.4,84.1,84.8,4720200.0
MWG,2026-05-06,85.2,86.4,84.9,86.0,6696800.0
MWG,2026-05-07,86.2,87.4,86.0,86.0,6344700.0
MWG,2026-05-08,85.7,85.9,84.6,84.6,4605300.0
MWG,2026-05-11,84.3,85.2,83.5,83.5,5716900.0
MWG,2026-05-12,83.5,84.3,82.6,83.8,4934800.0
MWG,2026-05-13,84.0,84.3,82.7,83.7,3536900.0
MWG,2026-05-14,83.7,84.6,83.2,84.2,4001800.0
