Symbol,Date,Open,High,Low,Close,Volume
PLX,2021-05-17,47.71642513784257,47.80240067863148,46.34081648522008,46.42679202600899,2314100.0
PLX,2021-05-18,46.42679202600899,46.77069418916461,45.99691432206446,46.42679202600899,2399700.0
PLX,2021-05-19,46.856669729953516,47.544474056264754,46.5127675667979,46.5987431075868,2808800.0
PLX,2021-05-20,46.942645270742425,47.11459635232023,45.99691432206446,46.77069418916461,1480900.0
PLX,2021-05-21,46.6847186483757,49.34996041283178,46.25484094443117,49.34996041283178,2248400.0
PLX,2021-05-24,48.66215608652053,48.66215608652053,47.80240067863148,48.404229464153815,3111800.0
PLX,2021-05-25,48.404229464153815,48.490205004942716,47.80240067863148,48.318253923364914,3987700.0
PLX,2021-05-26,48.1463028417871,48.1463028417871,47.37252297468695,47.544474056264754,4817200.0
PLX,2021-05-27,47.28654743389804,47.45849851547586,46.25484094443117,46.34081648522008,4248500.0
PLX,2021-05-28,46.856669729953516,47.28654743389804,46.25484094443117,47.11459635232023,4141900.0
PLX,2021-05-31,46.5987431075868,47.28654743389804,46.5127675667979,46.942645270742425,5350300.0
PLX,2021-06-01,47.28654743389804,47.80240067863148,46.856669729953516,47.028620811531326,2062500.0
PLX,2021-06-02,47.28654743389804,48.1463028417871,47.028620811531326,47.45849851547586,4807300.0
PLX,2021-06-03,48.06032730099819,48.06032730099819,47.37252297468695,47.63044959705366,4369300.0
PLX,2021-06-04,47.63044959705366,49.43593595362068,46.942645270742425,49.17800933125397,5913000.0
PLX,2021-06-07,49.693862575987396,49.86581365756521,47.28654743389804,48.66215608652053,6500900.0
PLX,2021-06-08,48.1463028417871,48.490205004942716,46.942645270742425,47.028620811531326,5831000.0
PLX,2021-06-09,46.942645270742425,47.200571893109135,45.65301215890884,46.25484094443117,4049700.0
PLX,2021-06-10,46.16886540364227,46.25484094443117,44.87923229180869,45.1371589141754,3139600.0
PLX,2021-06-11,45.567036618119936,46.5987431075868,45.22313445496431,46.42679202600899,5131500.0
PLX,2021-06-14,47.11459635232023,47.63044959705366,46.5127675667979,47.28654743389804,6387700.0
PLX,2021-06-15,47.200571893109135,47.71642513784257,46.42679202600899,47.11459635232023,7003300.0
PLX,2021-06-16,47.37252297468695,48.83410716809834,47.37252297468695,48.1463028417871,4148100.0
PLX,2021-06-17,47.71642513784257,49.09203379046506,47.28654743389804,48.74813162730944,3096600.0
PLX,2021-06-18,48.576180545731624,48.92008270888725,48.318253923364914,48.576180545731624,2319300.0
PLX,2021-06-21,49.09203379046506,50.811544606243174,48.92008270888725,50.38166690229864,6573200.0
PLX,2021-06-22,50.98349568782098,51.15544676939879,50.29569136150974,50.38166690229864,3673900.0
PLX,2021-06-23,50.46943983893079,50.64498571663142,49.41616457272701,49.59171045042764,2885000.0
PLX,2021-06-24,49.328391633876706,49.9428022058289,48.801754000774814,49.15284575617607,2592500.0
PLX,2021-06-25,49.15284575617607,49.9428022058289,48.88952693962513,49.59171045042764,1839500.0
PLX,2021-06-28,50.46943983893079,50.46943983893079,49.767256328128276,50.11834808352953,2439700.0
PLX,2021-06-29,49.67948338927796,50.03057514467922,48.7139810619245,49.328391633876706,2488400.0
PLX,2021-06-30,49.065072817325756,49.50393751157733,48.099570489972294,48.099570489972294,2339900.0
PLX,2021-07-01,48.187343428822615,49.15284575617607,47.39738697916978,48.7139810619245,2307300.0
PLX,2021-07-02,49.328391633876706,49.41616457272701,48.53843518422387,48.626208123074186,1266800.0
PLX,2021-07-05,48.626208123074186,48.88952693962513,47.22184110146915,47.83625167342136,2150300.0
PLX,2021-07-06,48.7139810619245,48.7139810619245,45.378609385612556,45.378609385612556,1955600.0
PLX,2021-07-07,45.378609385612556,46.69520346836727,44.76419881366035,46.69520346836727,2287100.0
PLX,2021-07-08,45.72970114101381,46.51965759066664,45.55415526331318,45.905247018714434,1593300.0
PLX,2021-07-09,45.46638232446286,46.431884651816326,43.710923547456574,44.58865293595972,2541500.0
PLX,2021-07-12,44.851971752510664,44.851971752510664,42.39432946470186,43.579264139181106,2701900.0
PLX,2021-07-13,43.88646942515721,44.939744691360985,43.754810016881734,44.76419881366035,1200100.0
PLX,2021-07-14,45.02751763021129,45.46638232446286,43.97424236400752,44.676425874810036,1160000.0
PLX,2021-07-15,44.06201530285784,45.11529056906161,43.97424236400752,44.676425874810036,1030800.0
PLX,2021-07-16,44.76419881366035,45.20306350791192,44.676425874810036,44.851971752510664,1041300.0
PLX,2021-07-19,43.44760473090563,43.97424236400752,42.56987534240249,43.00874003665406,1312400.0
PLX,2021-07-20,42.83319415895343,43.35983179205532,41.955464770450284,43.315945322630164,1878300.0
PLX,2021-07-21,43.88646942515721,44.32533411940878,43.66703707803142,43.88646942515721,1131300.0
PLX,2021-07-22,43.88646942515721,44.939744691360985,43.88646942515721,44.676425874810036,784100.0
PLX,2021-07-23,44.413107058259094,44.676425874810036,43.97424236400752,44.06201530285784,1002500.0
PLX,2021-07-26,43.53537766975595,43.88646942515721,43.272058853205,43.79869648630689,1069300.0
PLX,2021-07-27,44.32533411940878,44.676425874810036,43.88646942515721,44.149788241708144,975000.0
PLX,2021-07-28,44.06201530285784,44.58865293595972,43.88646942515721,44.32533411940878,464600.0
PLX,2021-07-29,44.32533411940878,44.76419881366035,43.84258295573205,44.76419881366035,1719000.0
PLX,2021-07-30,44.939744691360985,45.378609385612556,44.58865293595972,45.02751763021129,1306000.0
PLX,2021-08-02,45.20306350791192,45.64192820216349,44.851971752510664,45.20306350791192,1052300.0
PLX,2021-08-03,45.20306350791192,45.29083644676224,44.676425874810036,44.939744691360985,1243400.0
PLX,2021-08-04,45.20306350791192,46.431884651816326,44.76419881366035,45.905247018714434,2070900.0
PLX,2021-08-05,45.99301995756475,46.431884651816326,45.55415526331318,45.99301995756475,806900.0
PLX,2021-08-06,46.344111712966004,46.78297640721758,46.16856583526538,46.431884651816326,1720900.0
PLX,2021-08-09,46.16856583526538,46.607430529516954,45.64192820216349,46.431884651816326,1710100.0
PLX,2021-08-10,46.344111712966004,47.30961404031947,46.08079289641507,47.22184110146915,4106100.0
PLX,2021-08-11,47.22184110146915,47.4851599180201,46.870749346067896,46.870749346067896,2860700.0
PLX,2021-08-12,46.51965759066664,47.134068162618846,46.51965759066664,46.51965759066664,2153600.0
PLX,2021-08-13,46.16856583526538,46.51965759066664,45.55415526331318,46.431884651816326,3251900.0
PLX,2021-08-16,46.2563387741157,46.2563387741157,44.76419881366035,45.72970114101381,1051300.0
PLX,2021-08-17,45.81747407986413,46.08079289641507,45.29083644676224,45.29083644676224,1454100.0
PLX,2021-08-18,45.29083644676224,45.55415526331318,45.02751763021129,45.29083644676224,1016100.0
PLX,2021-08-19,45.29083644676224,45.46638232446286,44.851971752510664,45.20306350791192,1208500.0
PLX,2021-08-20,45.378609385612556,45.378609385612556,43.44760473090563,43.53537766975595,2002900.0
PLX,2021-08-23,43.35983179205532,43.79869648630689,42.56987534240249,42.56987534240249,1795400.0
PLX,2021-08-24,43.00874003665406,43.272058853205,42.56987534240249,42.83319415895343,1299550.0
PLX,2021-08-25,43.140399444929535,43.754810016881734,43.00874003665406,43.49149120033079,1156100.0
PLX,2021-08-26,43.579264139181106,43.97424236400752,42.74542122010312,42.74542122010312,754100.0
PLX,2021-08-27,42.613761811827644,43.44760473090563,42.613761811827644,43.44760473090563,797100.0
PLX,2021-08-30,43.79869648630689,43.97424236400752,43.35983179205532,43.49149120033079,964070.0
PLX,2021-08-31,43.88646942515721,43.88646942515721,43.44760473090563,43.62315060860627,1101500.0
PLX,2021-09-01,43.710923547456574,44.851971752510664,43.62315060860627,44.58865293595972,1320900.0
PLX,2021-09-06,44.939744691360985,45.55415526331318,44.58865293595972,44.851971752510664,1375400.0
PLX,2021-09-07,44.851971752510664,45.11529056906161,43.97424236400752,44.237561180558465,1205400.0
PLX,2021-09-08,44.237561180558465,44.32533411940878,43.272058853205,43.272058853205,915600.0
PLX,2021-09-09,43.44760473090563,44.58865293595972,43.44760473090563,44.413107058259094,746700.0
PLX,2021-09-10,44.676425874810036,44.76419881366035,44.32533411940878,44.32533411940878,702400.0
PLX,2021-09-13,44.58865293595972,44.851971752510664,44.149788241708144,44.149788241708144,1201200.0
PLX,2021-09-14,44.58865293595972,44.58865293595972,43.97424236400752,43.97424236400752,648500.0
PLX,2021-09-15,43.97424236400752,44.676425874810036,43.97424236400752,44.676425874810036,847800.0
PLX,2021-09-16,45.02751763021129,45.46638232446286,44.58865293595972,44.76419881366035,1014800.0
PLX,2021-09-17,45.02751763021129,45.02751763021129,44.50087999710941,44.50087999710941,893600.0
PLX,2021-09-20,44.50087999710941,45.02751763021129,43.88646942515721,43.88646942515721,1142300.0
PLX,2021-09-21,43.44760473090563,43.88646942515721,43.272058853205,43.53537766975595,981600.0
PLX,2021-09-22,43.710923547456574,44.413107058259094,43.53537766975595,43.97424236400752,553000.0
PLX,2021-09-23,44.32533411940878,44.676425874810036,43.88646942515721,44.06201530285784,919700.0
PLX,2021-09-24,44.32533411940878,44.676425874810036,43.754810016881734,43.88646942515721,951000.0
PLX,2021-09-27,44.413107058259094,44.676425874810036,43.97424236400752,43.97424236400752,1496700.0
PLX,2021-09-28,44.06201530285784,45.29083644676224,43.97424236400752,44.851971752510664,2407200.0
PLX,2021-09-29,45.11529056906161,46.08079289641507,44.76419881366035,45.64192820216349,2210600.0
PLX,2021-09-30,45.905247018714434,45.99301995756475,45.20306350791192,45.29083644676224,969100.0
PLX,2021-10-01,45.02751763021129,45.905247018714434,44.939744691360985,45.55415526331318,2655710.0
PLX,2021-10-04,46.51965759066664,47.572932856870416,46.344111712966004,47.22184110146915,3732500.0
PLX,2021-10-05,47.83625167342136,47.83625167342136,47.046295223768524,47.30961404031947,1392800.0
PLX,2021-10-06,47.572932856870416,47.83625167342136,46.95852228491821,47.30961404031947,1490000.0
PLX,2021-10-07,46.95852228491821,47.83625167342136,46.08079289641507,47.39738697916978,2783100.0
PLX,2021-10-08,47.66070579572072,47.66070579572072,46.95852228491821,47.30961404031947,975300.0
PLX,2021-10-11,48.53843518422387,48.53843518422387,47.74847873457104,48.187343428822615,1873000.0
PLX,2021-10-12,48.187343428822615,48.626208123074186,47.572932856870416,48.27511636767293,3000900.0
PLX,2021-10-13,48.01179755112199,48.36288930652324,47.22184110146915,47.22184110146915,1768800.0
PLX,2021-10-14,47.30961404031947,47.66070579572072,47.134068162618846,47.30961404031947,1934100.0
PLX,2021-10-15,47.66070579572072,47.66070579572072,46.870749346067896,47.046295223768524,1830000.0
PLX,2021-10-18,47.22184110146915,48.187343428822615,47.134068162618846,47.74847873457104,2103700.0
PLX,2021-10-19,47.66070579572072,48.36288930652324,47.39738697916978,48.099570489972294,1198600.0
PLX,2021-10-20,48.187343428822615,48.187343428822615,46.69520346836727,47.30961404031947,1183600.0
PLX,2021-10-21,47.74847873457104,47.74847873457104,46.95852228491821,46.95852228491821,1128500.0
PLX,2021-10-22,46.95852228491821,47.30961404031947,46.2563387741157,46.431884651816326,1576000.0
PLX,2021-10-25,46.870749346067896,48.099570489972294,46.51965759066664,47.4851599180201,1068200.0
PLX,2021-10-26,48.099570489972294,48.97729987847544,47.66070579572072,47.92402461227167,2374600.0
PLX,2021-10-27,48.45066224537356,48.53843518422387,47.92402461227167,48.53843518422387,2084700.0
PLX,2021-10-28,48.36288930652324,48.53843518422387,47.92402461227167,48.099570489972294,1387500.0
PLX,2021-10-29,48.099570489972294,48.36288930652324,47.4851599180201,47.4851599180201,2289600.0
PLX,2021-11-01,47.30961404031947,48.099570489972294,47.134068162618846,47.30961404031947,1823500.0
PLX,2021-11-02,47.39738697916978,48.099570489972294,47.30961404031947,47.66070579572072,1890500.0
PLX,2021-11-03,47.83625167342136,48.01179755112199,46.51965759066664,46.51965759066664,1957500.0
PLX,2021-11-04,46.51965759066664,46.95852228491821,46.08079289641507,46.2563387741157,1526500.0
PLX,2021-11-05,46.431884651816326,48.27511636767293,46.431884651816326,47.30961404031947,2295000.0
PLX,2021-11-08,47.83625167342136,48.7139810619245,47.66070579572072,48.01179755112199,2207100.0
PLX,2021-11-09,47.92402461227167,48.099570489972294,47.572932856870416,47.83625167342136,2054200.0
PLX,2021-11-10,48.45066224537356,51.1716233497333,48.099570489972294,51.1716233497333,7407900.0
PLX,2021-11-11,52.75153624903896,53.10262800444022,51.522715105134566,52.488217432488014,5714300.0
PLX,2021-11-12,52.575990371338335,52.66376331018865,51.34716922743393,52.66376331018865,2450300.0
PLX,2021-11-15,52.75153624903896,54.2436762094943,51.961579799386136,52.75153624903896,3287000.0
PLX,2021-11-16,52.488217432488014,53.014855065589906,51.61048804398487,51.61048804398487,2612300.0
PLX,2021-11-17,51.434942166284245,54.50699502604525,51.34716922743393,54.50699502604525,4731400.0
PLX,2021-11-18,54.59476796489557,54.770313842596195,53.36594682099116,53.54149269869179,2574800.0
PLX,2021-11-19,54.2436762094943,54.2436762094943,49.9428022058289,52.13712567708676,5054900.0
PLX,2021-11-22,51.1716233497333,51.69826098283519,48.801754000774814,49.065072817325756,3023000.0
PLX,2021-11-23,49.065072817325756,50.03057514467922,48.801754000774814,50.03057514467922,2527800.0
PLX,2021-11-24,50.64498571663142,51.1716233497333,49.67948338927796,50.03057514467922,2281600.0
PLX,2021-11-25,50.293893961230154,51.7860339216855,50.03057514467922,50.90830453318236,2036100.0
PLX,2021-11-26,50.90830453318236,51.34716922743393,49.67948338927796,49.85502926697858,2780500.0
PLX,2021-11-29,48.626208123074186,48.626208123074186,47.39738697916978,48.187343428822615,2837900.0
PLX,2021-11-30,48.7139810619245,49.767256328128276,47.4851599180201,47.4851599180201,2786320.0
PLX,2021-12-01,47.39738697916978,48.36288930652324,47.39738697916978,47.66070579572072,1844900.0
PLX,2021-12-02,47.66070579572072,49.065072817325756,47.66070579572072,48.7139810619245,1186100.0
PLX,2021-12-03,48.7139810619245,48.7139810619245,46.78297640721758,46.78297640721758,1645400.0
PLX,2021-12-06,46.870749346067896,47.22184110146915,44.851971752510664,45.378609385612556,2038600.0
PLX,2021-12-07,45.99301995756475,46.95852228491821,45.72970114101381,46.95852228491821,989900.0
PLX,2021-12-08,47.39738697916978,48.099570489972294,47.134068162618846,47.22184110146915,1106400.0
PLX,2021-12-09,46.95852228491821,47.74847873457104,46.95852228491821,47.4851599180201,1443600.0
PLX,2021-12-10,47.22184110146915,47.30961404031947,46.51965759066664,46.78297640721758,1440600.0
PLX,2021-12-13,46.870749346067896,47.572932856870416,46.78297640721758,47.134068162618846,1370300.0
PLX,2021-12-14,47.134068162618846,48.099570489972294,46.95852228491821,47.83625167342136,1067300.0
PLX,2021-12-15,47.74847873457104,48.88952693962513,47.39738697916978,47.92402461227167,1380300.0
PLX,2021-12-16,48.099570489972294,48.36288930652324,47.66070579572072,48.187343428822615,1206700.0
PLX,2021-12-17,48.187343428822615,48.36288930652324,47.66070579572072,47.66070579572072,1045900.0
PLX,2021-12-20,47.572932856870416,47.572932856870416,46.16856583526538,46.51965759066664,1514800.0
PLX,2021-12-21,46.51965759066664,46.870749346067896,46.16856583526538,46.51965759066664,858300.0
PLX,2021-12-22,46.78297640721758,47.22184110146915,46.344111712966004,46.344111712966004,906900.0
PLX,2021-12-23,46.51965759066664,47.22184110146915,45.46638232446286,46.344111712966004,1689100.0
PLX,2021-12-24,46.870749346067896,47.30961404031947,46.431884651816326,46.51965759066664,625000.0
PLX,2021-12-27,46.78297640721758,47.4851599180201,46.69520346836727,47.4851599180201,994400.0
PLX,2021-12-28,48.01179755112199,48.01179755112199,47.134068162618846,47.22184110146915,910200.0
PLX,2021-12-29,47.30961404031947,47.572932856870416,47.134068162618846,47.39738697916978,668600.0
PLX,2021-12-30,47.74847873457104,48.099570489972294,47.39738697916978,47.39738697916978,573300.0
PLX,2021-12-31,47.4851599180201,47.92402461227167,47.134068162618846,47.30961404031947,894800.0
PLX,2022-01-04,47.74847873457104,49.50393751157733,47.39738697916978,49.065072817325756,2734500.0
PLX,2022-01-05,49.15284575617607,50.11834808352953,48.801754000774814,48.88952693962513,1662900.0
PLX,2022-01-06,48.88952693962513,49.767256328128276,48.45066224537356,48.7139810619245,1953800.0
PLX,2022-01-07,49.065072817325756,49.767256328128276,48.88952693962513,49.41616457272701,1521100.0
PLX,2022-01-10,49.767256328128276,49.9428022058289,48.27511636767293,48.27511636767293,1504200.0
PLX,2022-01-11,48.187343428822615,48.53843518422387,47.39738697916978,47.4851599180201,1136900.0
PLX,2022-01-12,49.15284575617607,49.15284575617607,47.134068162618846,48.099570489972294,1388500.0
PLX,2022-01-13,48.27511636767293,48.7139810619245,47.4851599180201,47.572932856870416,1077500.0
PLX,2022-01-14,47.39738697916978,48.27511636767293,47.134068162618846,48.27511636767293,905900.0
PLX,2022-01-17,49.15284575617607,49.59171045042764,46.95852228491821,47.046295223768524,1814400.0
PLX,2022-01-18,46.78297640721758,47.74847873457104,46.431884651816326,47.39738697916978,1129000.0
PLX,2022-01-19,47.83625167342136,47.92402461227167,47.134068162618846,47.4851599180201,1004200.0
PLX,2022-01-20,47.4851599180201,47.83625167342136,46.95852228491821,47.4851599180201,669600.0
PLX,2022-01-21,47.4851599180201,48.45066224537356,46.95852228491821,48.099570489972294,1281700.0
PLX,2022-01-24,48.099570489972294,48.97729987847544,47.66070579572072,47.66070579572072,1088400.0
PLX,2022-01-25,47.4851599180201,47.83625167342136,47.046295223768524,47.74847873457104,977300.0
PLX,2022-01-26,48.099570489972294,50.20612102237985,47.572932856870416,50.03057514467922,4913800.0
PLX,2022-01-27,50.90830453318236,50.90830453318236,50.03057514467922,50.03057514467922,1932200.0
PLX,2022-01-28,50.03057514467922,50.46943983893079,48.801754000774814,49.240618695026384,1430900.0
PLX,2022-02-07,50.20612102237985,52.66376331018865,49.767256328128276,51.522715105134566,3957700.0
PLX,2022-02-08,50.996077472032674,52.04935273823644,50.996077472032674,51.61048804398487,1986900.0
PLX,2022-02-09,51.61048804398487,53.453719759841476,51.08385041088299,52.13712567708676,2814400.0
PLX,2022-02-10,52.575990371338335,53.27817388214085,52.13712567708676,53.10262800444022,3213700.0
PLX,2022-02-11,53.36594682099116,53.453719759841476,52.04935273823644,52.13712567708676,2724600.0
PLX,2022-02-14,52.83930918788928,54.33144914834462,52.488217432488014,52.83930918788928,3168700.0
PLX,2022-02-15,52.92708212673959,53.014855065589906,51.1716233497333,51.7860339216855,2402200.0
PLX,2022-02-16,51.1716233497333,51.87380686053582,50.64498571663142,51.7860339216855,1881300.0
PLX,2022-02-17,51.522715105134566,53.27817388214085,51.08385041088299,52.66376331018865,2257800.0
PLX,2022-02-18,52.40044449363771,53.014855065589906,52.04935273823644,52.488217432488014,1749200.0
PLX,2022-02-21,53.190400943290534,53.27817388214085,52.488217432488014,52.575990371338335,2326000.0
PLX,2022-02-22,53.190400943290534,55.73581616994965,52.66376331018865,54.41922208719494,5660600.0
PLX,2022-02-23,54.94585972029682,56.525772619602485,54.770313842596195,54.85808678144651,4311700.0
PLX,2022-02-24,54.94585972029682,57.842366702357204,54.41922208719494,55.64804323109934,5798300.0
PLX,2022-02-25,55.384724414548394,55.911362047650286,53.98035739294336,54.770313842596195,3042900.0
PLX,2022-02-28,55.29695147569808,55.73581616994965,54.50699502604525,54.682540903745874,2428900.0
PLX,2022-03-01,54.770313842596195,55.12140559799745,53.54149269869179,53.80481151524273,3577800.0
PLX,2022-03-02,55.29695147569808,56.262453803051535,53.98035739294336,53.98035739294336,5368100.0
PLX,2022-03-03,54.770313842596195,55.64804323109934,53.89258445409305,55.12140559799745,3080600.0
PLX,2022-03-04,54.59476796489557,54.770313842596195,53.629265637542105,53.629265637542105,2848300.0
PLX,2022-03-07,55.12140559799745,56.35022674190186,54.2436762094943,55.56027029224902,6674300.0
PLX,2022-03-08,54.85808678144651,55.29695147569808,53.80481151524273,53.80481151524273,2878000.0
PLX,2022-03-09,54.41922208719494,56.08690792535091,53.80481151524273,55.29695147569808,3721600.0
PLX,2022-03-10,54.41922208719494,54.41922208719494,53.453719759841476,53.80481151524273,2906400.0
PLX,2022-03-11,53.80481151524273,54.155903270644,50.46943983893079,50.90830453318236,5639500.0
PLX,2022-03-14,50.46943983893079,50.90830453318236,48.97729987847544,49.065072817325756,3858900.0
PLX,2022-03-15,48.53843518422387,49.9428022058289,47.83625167342136,49.15284575617607,2592000.0
PLX,2022-03-16,49.50393751157733,49.59171045042764,48.626208123074186,49.328391633876706,1634500.0
PLX,2022-03-17,49.50393751157733,49.50393751157733,48.801754000774814,48.97729987847544,1490400.0
PLX,2022-03-18,49.50393751157733,49.85502926697858,49.065072817325756,49.065072817325756,1514600.0
PLX,2022-03-21,49.15284575617607,49.85502926697858,48.88952693962513,49.15284575617607,1400300.0
PLX,2022-03-22,49.67948338927796,50.381666900080475,49.59171045042764,49.85502926697858,1998000.0
PLX,2022-03-23,49.85502926697858,50.03057514467922,49.15284575617607,49.15284575617607,1522600.0
PLX,2022-03-24,49.767256328128276,49.767256328128276,49.065072817325756,49.15284575617607,1447000.0
PLX,2022-03-25,49.15284575617607,50.03057514467922,48.88952693962513,49.15284575617607,1417700.0
PLX,2022-03-28,49.15284575617607,49.85502926697858,48.801754000774814,49.15284575617607,1764000.0
PLX,2022-03-29,49.065072817325756,49.67948338927796,49.065072817325756,49.50393751157733,1594000.0
PLX,2022-03-30,49.328391633876706,49.41616457272701,48.27511636767293,48.27511636767293,2248900.0
PLX,2022-03-31,48.27511636767293,48.801754000774814,47.74847873457104,48.45066224537356,1938200.0
PLX,2022-04-01,48.27511636767293,48.801754000774814,47.83625167342136,48.36288930652324,1340600.0
PLX,2022-04-04,48.626208123074186,49.50393751157733,48.53843518422387,49.328391633876706,1692600.0
PLX,2022-04-05,49.50393751157733,49.9428022058289,49.240618695026384,49.240618695026384,926100.0
PLX,2022-04-06,48.88952693962513,49.41616457272701,48.801754000774814,49.15284575617607,1262500.0
PLX,2022-04-07,49.15284575617607,50.381666900080475,48.97729987847544,49.67948338927796,3131500.0
PLX,2022-04-08,49.67948338927796,50.293893961230154,49.328391633876706,49.328391633876706,1558900.0
PLX,2022-04-12,49.328391633876706,49.328391633876706,47.92402461227167,47.92402461227167,1465200.0
PLX,2022-04-13,48.099570489972294,48.27511636767293,47.30961404031947,48.01179755112199,1274500.0
PLX,2022-04-14,48.187343428822615,48.626208123074186,47.74847873457104,48.01179755112199,1030400.0
PLX,2022-04-15,48.099570489972294,48.88952693962513,47.83625167342136,48.01179755112199,1178200.0
PLX,2022-04-18,48.01179755112199,48.7139810619245,46.431884651816326,46.431884651816326,1985100.0
PLX,2022-04-19,46.69520346836727,47.39738697916978,44.76419881366035,44.76419881366035,1352700.0
PLX,2022-04-20,44.76419881366035,45.905247018714434,44.58865293595972,45.02751763021129,1752540.0
PLX,2022-04-21,45.11529056906161,45.378609385612556,43.97424236400752,44.149788241708144,2002500.0
PLX,2022-04-22,44.32533411940878,44.76419881366035,42.83319415895343,43.97424236400752,2090300.0
PLX,2022-04-25,44.06201530285784,44.237561180558465,40.902189504246515,40.902189504246515,2303200.0
PLX,2022-04-26,39.49782248264149,41.955464770450284,39.14673072724023,41.955464770450284,2044300.0
PLX,2022-04-27,41.955464770450284,42.39432946470186,41.07773538194714,42.39432946470186,593900.0
PLX,2022-04-28,42.482102403552176,42.482102403552176,41.69214595389935,41.955464770450284,609700.0
PLX,2022-04-29,41.86769183159998,42.56987534240249,41.60437301504903,42.13101064815092,871300.0
PLX,2022-05-04,42.13101064815092,43.272058853205,42.13101064815092,42.70153475067796,779900.0
PLX,2022-05-05,43.096512975504375,43.44760473090563,41.560486545623874,41.77991889274966,1542400.0
PLX,2022-05-06,40.8144165653962,41.25328125964777,40.200005993444,40.200005993444,1026300.0
PLX,2022-05-09,40.15611952401884,40.15611952401884,37.39127195023394,37.39127195023394,2497600.0
PLX,2022-05-10,35.372494356676704,37.7423637056352,35.372494356676704,37.47904488908426,1181500.0
PLX,2022-05-11,37.78625017506035,37.78625017506035,36.337996684030166,36.42576962288048,1273100.0
PLX,2022-05-12,36.42576962288048,37.08406666425784,33.880354396221364,33.880354396221364,2073500.0
PLX,2022-05-13,33.880354396221364,34.23144615162262,32.519873844041484,32.783192660592434,2015800.0
PLX,2022-05-16,33.617035579670414,35.06528907070061,33.617035579670414,34.319219090472934,1598100.0
PLX,2022-05-17,34.319219090472934,36.68908843943142,34.319219090472934,36.68908843943142,1495800.0
PLX,2022-05-18,36.95240725598237,36.95240725598237,36.11856433690438,36.337996684030166,1216200.0
PLX,2022-05-19,35.2847214178264,36.16245080632954,35.2847214178264,35.54804023437734,1367000.0
PLX,2022-05-20,35.63581317322765,36.601315500581116,35.504153764952186,35.54804023437734,1106000.0
PLX,2022-05-23,35.98690492862891,35.98690492862891,35.15306200955092,35.32860788725155,1090900.0
PLX,2022-05-24,35.54804023437734,35.54804023437734,34.319219090472934,35.10917554012577,770900.0
PLX,2022-05-25,35.63581317322765,36.42576962288048,35.10917554012577,36.337996684030166,1234100.0
PLX,2022-05-26,36.557429031155955,38.00568252218614,36.337996684030166,37.34738548080878,1650500.0
PLX,2022-05-27,37.435158419659096,37.698477236210046,37.30349901138363,37.39127195023394,1051000.0
PLX,2022-05-30,37.654590766784885,38.269001338737084,37.566817827934564,38.093455461036456,1268600.0
PLX,2022-05-31,38.00568252218614,39.41004954379117,37.698477236210046,38.62009309413834,2119400.0
PLX,2022-06-01,38.62009309413834,39.366163074366014,38.532320155288026,39.05895778838991,1321500.0
PLX,2022-06-02,38.62009309413834,38.9711848495396,38.18122839988677,38.18122839988677,1442600.0
PLX,2022-06-03,38.269001338737084,38.88341191068928,37.91790958333583,38.18122839988677,1338800.0
PLX,2022-06-06,38.795638971838976,39.67336836034212,38.795638971838976,39.41004954379117,1695100.0
PLX,2022-06-07,39.41004954379117,41.1216218513723,38.44454721643771,40.989962443096836,1631000.0
PLX,2022-06-08,41.384940667923246,42.043237709300605,41.07773538194714,41.1216218513723,2041700.0
PLX,2022-06-09,41.07773538194714,41.384940667923246,40.8144165653962,41.16550832079746,814300.0
PLX,2022-06-10,40.55109774884526,40.989962443096836,39.49782248264149,39.49782248264149,1655600.0
PLX,2022-06-13,38.093455461036456,39.10284425781507,36.86463431713205,36.86463431713205,1678400.0
PLX,2022-06-14,36.86463431713205,38.44454721643771,36.8207478477069,37.83013664448551,1397300.0
PLX,2022-06-15,38.18122839988677,38.40066074701256,35.98690492862891,35.98690492862891,930800.0
PLX,2022-06-16,37.040180194832686,37.21572607253331,36.68908843943142,36.90852078655721,817400.0
PLX,2022-06-17,35.63581317322765,36.86463431713205,35.63581317322765,36.77686137828174,1109100.0
PLX,2022-06-20,36.513542561730794,36.513542561730794,34.45087849874841,34.45087849874841,1238300.0
PLX,2022-06-21,34.45087849874841,35.54804023437734,33.79258145737105,34.23144615162262,533000.0
PLX,2022-06-22,35.460267295527025,35.460267295527025,34.319219090472934,34.67031084587419,516600.0
PLX,2022-06-23,34.67031084587419,36.074677867479224,34.275332621047774,35.72358611207797,394200.0
PLX,2022-06-24,35.85524552035344,36.25022374517985,35.54804023437734,35.81135905092828,524800.0
PLX,2022-06-27,35.98690492862891,36.42576962288048,35.63581317322765,36.42576962288048,556400.0
PLX,2022-06-28,36.513542561730794,37.12795313368299,36.25022374517985,36.68908843943142,561600.0
PLX,2022-06-29,36.25022374517985,36.68908843943142,35.85524552035344,35.98690492862891,437200.0
PLX,2022-06-30,35.899131989778596,36.25022374517985,35.19694847897608,35.372494356676704,636800.0
PLX,2022-07-01,35.10917554012577,35.72358611207797,34.58253790702388,35.63581317322765,539300.0
PLX,2022-07-04,36.074677867479224,36.16245080632954,35.372494356676704,35.416380826101864,212300.0
PLX,2022-07-05,35.81135905092828,35.85524552035344,35.10917554012577,35.240834948401236,313200.0
PLX,2022-07-06,34.406992029323256,35.19694847897608,33.52926264082011,33.52926264082011,571200.0
PLX,2022-07-07,34.93362966242513,34.93362966242513,33.52926264082011,34.23144615162262,419400.0
PLX,2022-07-08,34.58253790702388,34.977516131850294,34.05590027392199,34.53865143759872,253600.0
PLX,2022-07-11,34.62642437644904,35.19694847897608,34.406992029323256,34.67031084587419,317000.0
PLX,2022-07-12,34.75808378472451,35.504153764952186,34.75808378472451,35.460267295527025,455900.0
PLX,2022-07-13,35.32860788725155,35.460267295527025,34.88974319299998,35.06528907070061,363900.0
PLX,2022-07-14,35.02140260127545,35.460267295527025,34.88974319299998,35.19694847897608,218100.0
PLX,2022-07-15,35.240834948401236,35.240834948401236,34.88974319299998,34.93362966242513,349400.0
PLX,2022-07-18,35.460267295527025,35.63581317322765,35.10917554012577,35.32860788725155,402900.0
PLX,2022-07-19,35.504153764952186,36.95240725598237,35.460267295527025,36.95240725598237,1069900.0
PLX,2022-07-20,37.96179605276098,38.269001338737084,37.040180194832686,37.610704297359725,914800.0
PLX,2022-07-21,37.30349901138363,37.47904488908426,36.86463431713205,37.171839603108154,396100.0
PLX,2022-07-22,36.86463431713205,37.21572607253331,36.68908843943142,36.68908843943142,471800.0
PLX,2022-07-25,36.68908843943142,36.68908843943142,35.72358611207797,36.074677867479224,470100.0
PLX,2022-07-26,36.25022374517985,36.513542561730794,35.81135905092828,35.85524552035344,247700.0
PLX,2022-07-27,35.85524552035344,36.337996684030166,35.372494356676704,36.25022374517985,350200.0
PLX,2022-07-28,36.513542561730794,36.86463431713205,36.29411021460501,36.42576962288048,694400.0
PLX,2022-07-29,36.469656092305634,36.469656092305634,36.074677867479224,36.074677867479224,443300.0
PLX,2022-08-01,35.54804023437734,36.68908843943142,35.240834948401236,36.68908843943142,1113400.0
PLX,2022-08-02,36.11856433690438,36.29411021460501,35.943018459203756,35.98690492862891,1275500.0
PLX,2022-08-03,35.85524552035344,36.38188315345533,35.72358611207797,35.899131989778596,1442600.0
PLX,2022-08-04,36.2063372757547,37.12795313368299,35.98690492862891,36.95240725598237,1511100.0
PLX,2022-08-05,36.513542561730794,37.12795313368299,36.42576962288048,36.557429031155955,1453000.0
PLX,2022-08-08,36.601315500581116,37.34738548080878,36.601315500581116,37.25961254195847,1603600.0
PLX,2022-08-09,37.566817827934564,37.96179605276098,36.90852078655721,36.95240725598237,1639000.0
PLX,2022-08-10,36.90852078655721,36.95240725598237,36.513542561730794,36.8207478477069,1192600.0
PLX,2022-08-11,37.30349901138363,37.30349901138363,36.42576962288048,36.73297490885658,1382000.0
PLX,2022-08-12,36.557429031155955,37.21572607253331,36.557429031155955,36.8207478477069,690900.0
PLX,2022-08-15,36.86463431713205,37.21572607253331,36.64520197000627,36.95240725598237,1526200.0
PLX,2022-08-16,36.77686137828174,37.96179605276098,36.77686137828174,37.96179605276098,2545400.0
PLX,2022-08-17,38.18122839988677,38.18122839988677,37.39127195023394,37.435158419659096,1560700.0
PLX,2022-08-18,37.39127195023394,37.52293135850941,36.996293725407526,37.21572607253331,1375600.0
PLX,2022-08-19,37.21572607253331,38.093455461036456,37.12795313368299,37.47904488908426,1495800.0
PLX,2022-08-22,37.21572607253331,37.91790958333583,37.08406666425784,37.171839603108154,988200.0
PLX,2022-08-23,37.08406666425784,38.707866032988655,36.95240725598237,38.62009309413834,3993800.0
PLX,2022-08-24,38.795638971838976,38.9711848495396,38.3567742775874,38.44454721643771,1409200.0
PLX,2022-08-25,38.532320155288026,38.9711848495396,38.40066074701256,38.532320155288026,946800.0
PLX,2022-08-26,38.532320155288026,38.795638971838976,38.0495689916113,38.18122839988677,1933400.0
PLX,2022-08-29,37.435158419659096,37.87402311391067,36.601315500581116,37.654590766784885,2361900.0
PLX,2022-08-30,37.91790958333583,38.18122839988677,37.040180194832686,37.08406666425784,1871500.0
PLX,2022-08-31,36.86463431713205,37.25961254195847,36.86463431713205,37.040180194832686,1095000.0
PLX,2022-09-05,36.95240725598237,37.39127195023394,36.77686137828174,36.77686137828174,1257000.0
PLX,2022-09-06,37.12795313368299,37.12795313368299,36.42576962288048,36.42576962288048,1498300.0
PLX,2022-09-07,36.38188315345533,36.38188315345533,35.10917554012577,35.10917554012577,2462800.0
PLX,2022-09-08,35.2847214178264,35.460267295527025,34.845856723574826,34.93362966242513,1169900.0
PLX,2022-09-09,35.10917554012577,35.2847214178264,34.845856723574826,35.2847214178264,650000.0
PLX,2022-09-12,35.372494356676704,35.98690492862891,35.32860788725155,35.32860788725155,487200.0
PLX,2022-09-13,35.460267295527025,35.54804023437734,35.10917554012577,35.19694847897608,538200.0
PLX,2022-09-14,34.58253790702388,34.93362966242513,34.406992029323256,34.58253790702388,1068200.0
PLX,2022-09-15,34.714197315299344,34.93362966242513,34.49476496817356,34.49476496817356,724000.0
PLX,2022-09-16,34.49476496817356,34.67031084587419,34.23144615162262,34.363105559898095,692900.0
PLX,2022-09-19,34.363105559898095,34.62642437644904,33.26594382426916,33.35371676311948,1122400.0
PLX,2022-09-20,33.57314911024526,33.617035579670414,32.91485206886791,33.35371676311948,1325700.0
PLX,2022-09-21,33.309830293694326,33.617035579670414,33.09039794656854,33.26594382426916,699500.0
PLX,2022-09-22,33.00262500771822,33.309830293694326,32.47598737461633,32.95873853829306,1460000.0
PLX,2022-09-23,32.95873853829306,33.046511477143376,32.56376031346665,32.651533252316966,1750100.0
PLX,2022-09-26,32.3004414969157,32.38821443576602,31.334939169562247,31.686030924963504,1477500.0
PLX,2022-09-27,31.72991739438866,31.993236210939607,30.896074475310677,31.0716203530113,1338700.0
PLX,2022-09-28,30.588869189334574,31.0716203530113,30.544982719909413,30.63275565875973,718100.0
PLX,2022-09-29,30.896074475310677,31.422712108412558,30.150004495083003,30.150004495083003,945300.0
PLX,2022-09-30,29.57948039255596,29.886685678532054,28.48231865692703,28.87729688175344,2003200.0
PLX,2022-10-03,28.87729688175344,30.150004495083003,28.394545718076714,28.394545718076714,1340100.0
PLX,2022-10-04,28.701751004052817,29.228388637154698,28.08734043210061,28.08734043210061,1241000.0
PLX,2022-10-05,28.438432187501867,29.228388637154698,28.438432187501867,28.965069820603755,987500.0
PLX,2022-10-06,29.228388637154698,29.40393451485533,28.262886309801242,28.262886309801242,899200.0
PLX,2022-10-07,28.262886309801242,28.701751004052817,27.47292986014841,27.911794554399982,1371800.0
PLX,2022-10-10,28.08734043210061,29.66725333140627,27.82402161554967,29.40393451485533,1485100.0
PLX,2022-10-11,29.535593923130797,30.106118025657842,28.965069820603755,28.965069820603755,1433300.0
PLX,2022-10-12,29.228388637154698,30.062231556232685,28.789523942903124,29.755026270256586,1434300.0
PLX,2022-10-13,29.8427992091069,29.8427992091069,29.228388637154698,29.57948039255596,513400.0
PLX,2022-10-14,29.930572147957218,30.062231556232685,29.447820984280483,29.57948039255596,1056100.0
PLX,2022-10-17,29.491707453705644,29.535593923130797,28.701751004052817,28.87729688175344,880400.0
PLX,2022-10-18,29.052842759454073,29.57948039255596,29.052842759454073,29.18450216772954,626300.0
PLX,2022-10-19,29.66725333140627,29.66725333140627,29.008956290028912,29.18450216772954,651300.0
PLX,2022-10-20,29.491707453705644,29.798912739681747,29.052842759454073,29.40393451485533,932400.0
PLX,2022-10-21,29.57948039255596,29.57948039255596,27.64847573784904,27.64847573784904,1845900.0
PLX,2022-10-24,27.736248676699354,28.262886309801242,25.717471083142122,25.717471083142122,1452100.0
PLX,2022-10-25,25.541925205441494,25.980789899693068,23.962012306135836,24.576422878088035,1631100.0
PLX,2022-10-26,24.35699053096225,24.97140110291445,24.22533112268678,24.35699053096225,627300.0
PLX,2022-10-27,24.576422878088035,25.629698144291808,24.48864993923772,25.541925205441494,668500.0
PLX,2022-10-28,25.89301696084275,25.980789899693068,25.190833450040238,25.45415226659118,593800.0
PLX,2022-10-31,25.45415226659118,25.45415226659118,24.35699053096225,25.01528757233961,855100.0
PLX,2022-11-01,25.45415226659118,25.89301696084275,25.410265797166023,25.541925205441494,787900.0
PLX,2022-11-02,25.629698144291808,26.06856283854338,25.58581167486665,25.717471083142122,579400.0
PLX,2022-11-03,25.410265797166023,25.93690343026791,25.366379327740866,25.673584613716965,595500.0
PLX,2022-11-04,25.673584613716965,25.673584613716965,25.059174041764766,25.27860638889055,1051200.0
PLX,2022-11-07,25.45415226659118,25.89301696084275,25.01528757233961,25.32249285831571,686300.0
PLX,2022-11-08,25.190833450040238,25.89301696084275,24.83974169463898,25.849130491417593,757800.0
PLX,2022-11-09,26.352387899058513,26.62689193967371,25.986382511571588,26.443889245930244,666500.0
PLX,2022-11-10,26.07788385844332,26.443889245930244,24.705363655367357,24.705363655367357,1090300.0
PLX,2022-11-11,25.07136904285428,25.34587308346947,24.659612981931488,24.888366349110818,528600.0
PLX,2022-11-14,24.613862308495623,24.705363655367357,23.332843452291392,24.2478569210087,793600.0
PLX,2022-11-15,23.332843452291392,23.790350186650045,22.555082003881676,22.555082003881676,1349000.0
PLX,2022-11-16,20.99955910706225,23.88185153352178,20.99955910706225,23.790350186650045,2378400.0
PLX,2022-11-17,23.790350186650045,24.202106247572836,23.424344799163123,23.470095472598988,1225600.0
PLX,2022-11-18,23.424344799163123,23.88185153352178,22.097575269523023,22.96683806480447,1124000.0
PLX,2022-11-21,22.555082003881676,23.56159681947072,22.555082003881676,23.14984075854793,781900.0
PLX,2022-11-22,23.14984075854793,24.430859614752162,22.96683806480447,23.973352880393506,1832900.0
PLX,2022-11-23,23.973352880393506,25.16287038972601,23.973352880393506,24.385108941316297,1551400.0
PLX,2022-11-24,24.796865002239088,25.300122410033605,24.385108941316297,25.16287038972601,1305800.0
PLX,2022-11-25,25.254371736597744,25.849130491263992,25.254371736597744,25.849130491263992,1244800.0
PLX,2022-11-28,25.620377124084666,26.855645306853035,25.620377124084666,26.855645306853035,1208300.0
PLX,2022-11-29,27.08439867403236,27.358902714647552,26.306637225622648,27.08439867403236,1819100.0
PLX,2022-11-30,27.08439867403236,27.221650694339957,26.58114126623784,26.99289732716063,966100.0
PLX,2022-12-01,27.450404061519283,28.365417530236595,27.450404061519283,28.365417530236595,1604800.0
PLX,2022-12-02,28.27391618336486,28.777173591159382,27.450404061519283,28.777173591159382,1048800.0
PLX,2022-12-05,28.91442561146698,29.50918436613323,28.868674938031116,29.326181672389765,2126300.0
PLX,2022-12-06,29.18892965208217,29.18892965208217,27.450404061519283,27.633406755262744,1086600.0
PLX,2022-12-07,27.633406755262744,27.633406755262744,26.62689193967371,26.718393286545435,727600.0
PLX,2022-12-08,26.80989463341717,28.365417530236595,26.80989463341717,27.267401367775822,1028900.0
PLX,2022-12-09,27.862160122442074,27.862160122442074,27.31315204121169,27.81640944900621,643100.0
PLX,2022-12-12,27.81640944900621,28.822924264595247,27.81640944900621,28.456918877108325,859500.0
PLX,2022-12-13,27.999412142749673,28.91442561146698,27.999412142749673,28.731422917723517,897600.0
PLX,2022-12-14,28.822924264595247,29.00592695833871,28.0909134896214,28.68567224428765,492600.0
PLX,2022-12-15,28.639921570851786,28.731422917723517,28.27391618336486,28.59417089741592,369400.0
PLX,2022-12-16,28.365417530236595,28.548420223980056,27.90791079587794,28.365417530236595,1115600.0
PLX,2022-12-19,28.365417530236595,28.41116820367246,27.81640944900621,27.81640944900621,490800.0
PLX,2022-12-20,27.81640944900621,27.81640944900621,26.855645306853035,26.855645306853035,997800.0
PLX,2022-12-21,26.901395980288896,27.404653388083418,26.58114126623784,26.99289732716063,606600.0
PLX,2022-12-22,26.901395980288896,28.639921570851786,26.901395980288896,28.045162816185535,608700.0
PLX,2022-12-23,28.0909134896214,28.365417530236595,27.49615473495515,28.27391618336486,465800.0
PLX,2022-12-26,28.548420223980056,28.548420223980056,27.633406755262744,27.633406755262744,752600.0
PLX,2022-12-27,27.17590002090409,28.182414836493134,27.17590002090409,27.999412142749673,422800.0
PLX,2022-12-28,28.27391618336486,29.18892965208217,28.045162816185535,28.822924264595247,734700.0
PLX,2022-12-29,29.18892965208217,29.23468032551804,28.68567224428765,28.68567224428765,748400.0
PLX,2022-12-30,29.18892965208217,29.18892965208217,28.777173591159382,29.00592695833871,512600.0
PLX,2023-01-03,29.143178978646308,30.195444467671212,29.143178978646308,30.14969379423535,744300.0
PLX,2023-01-04,30.10394312079948,32.254224772285156,29.875189753620152,32.254224772285156,1544600.0
PLX,2023-01-05,32.208474098849294,32.75748218007968,31.796718037926503,32.75748218007968,970500.0
PLX,2023-01-06,32.482978139464485,32.84898352695141,32.11697275197756,32.11697275197756,901900.0
PLX,2023-01-09,31.75096736449064,32.66598083320795,31.75096736449064,32.482978139464485,544200.0
PLX,2023-01-10,32.11697275197756,33.99275036284804,32.11697275197756,33.71824632223286,965800.0
PLX,2023-01-11,33.85549834254045,35.045015851872954,33.48949295505353,34.08425170971978,1601300.0
PLX,2023-01-12,34.08425170971978,34.13000238315564,33.48949295505353,33.94699968941218,605700.0
PLX,2023-01-13,33.94699968941218,34.3130050768991,33.3979916081818,33.90124901597631,682200.0
PLX,2023-01-16,33.90124901597631,34.03850103628392,33.3979916081818,33.67249564879699,424300.0
PLX,2023-01-17,33.67249564879699,34.26725440346324,33.53524362848939,34.17575305659151,605000.0
PLX,2023-01-18,34.13000238315564,34.86201315812949,34.13000238315564,34.77051181125776,629800.0
PLX,2023-01-19,34.54175844407843,34.86201315812949,34.40450642377084,34.77051181125776,447700.0
PLX,2023-01-27,35.136517198744684,35.411021239359876,34.77051181125776,34.86201315812949,477900.0
PLX,2023-01-30,34.77051181125776,34.907763831565354,33.90124901597631,33.90124901597631,687000.0
PLX,2023-01-31,34.22150373002737,34.22150373002737,33.48949295505353,33.67249564879699,741100.0
PLX,2023-02-01,33.94699968941218,34.49600777064257,32.94048487382314,33.16923824100247,1294200.0
PLX,2023-02-02,33.16923824100247,33.58099430192526,33.031986220694876,33.123487567566606,525300.0
PLX,2023-02-03,33.3979916081818,34.13000238315564,33.031986220694876,34.13000238315564,800900.0
PLX,2023-02-06,34.13000238315564,35.502522586231606,33.85549834254045,35.502522586231606,1442200.0
PLX,2023-02-07,35.68552527997507,36.60053874869238,35.548273259667475,35.68552527997507,1467200.0
PLX,2023-02-08,35.68552527997507,35.68552527997507,34.03850103628392,34.03850103628392,780100.0
PLX,2023-02-09,34.40450642377084,35.228018545616415,34.17575305659151,34.679010464386025,454900.0
PLX,2023-02-10,34.77051181125776,35.59402393310334,34.13000238315564,35.045015851872954,852700.0
PLX,2023-02-13,34.907763831565354,34.95351450500122,33.85549834254045,34.679010464386025,463500.0
PLX,2023-02-14,34.95351450500122,35.045015851872954,34.03850103628392,34.77051181125776,210000.0
PLX,2023-02-15,34.7247611378219,35.68552527997507,34.49600777064257,35.456771912795745,680500.0
PLX,2023-02-16,35.456771912795745,36.00577999402613,35.456771912795745,35.68552527997507,716200.0
PLX,2023-02-17,35.9142786471544,35.96002932059026,35.319519892488145,35.319519892488145,416200.0
PLX,2023-02-20,35.045015851872954,36.05153066746199,35.045015851872954,36.05153066746199,696000.0
PLX,2023-02-21,36.60053874869238,37.69855491115315,36.14303201433373,37.14954682992276,1820900.0
PLX,2023-02-22,36.60053874869238,37.14954682992276,34.95351450500122,34.95351450500122,860900.0
PLX,2023-02-23,35.136517198744684,35.411021239359876,34.3130050768991,35.09076652530882,1362200.0
PLX,2023-02-24,34.999265178437085,35.228018545616415,34.35875575033497,34.49600777064257,386600.0
PLX,2023-02-27,34.13000238315564,34.3130050768991,33.80974766910459,33.90124901597631,726700.0
PLX,2023-02-28,33.99275036284804,34.587509117514294,33.99275036284804,34.13000238315564,240700.0
PLX,2023-03-01,34.3130050768991,35.59402393310334,34.13000238315564,35.36527056592401,495100.0
PLX,2023-03-02,35.548273259667475,35.868527973718535,32.894734200387276,35.36527056592401,381900.0
PLX,2023-03-03,35.59402393310334,35.639774606539206,34.86201315812949,35.502522586231606,372100.0
PLX,2023-03-06,35.868527973718535,35.96002932059026,35.411021239359876,35.59402393310334,600600.0
PLX,2023-03-07,35.68552527997507,36.09728134089786,35.639774606539206,35.68552527997507,684200.0
PLX,2023-03-08,35.59402393310334,35.96002932059026,35.319519892488145,35.59402393310334,413500.0
PLX,2023-03-09,35.639774606539206,36.41753605494891,35.18226787218055,35.68552527997507,663800.0
PLX,2023-03-10,35.68552527997507,35.68552527997507,34.77051181125776,34.907763831565354,653500.0
PLX,2023-03-13,34.77051181125776,35.045015851872954,34.3130050768991,34.816262484693624,651000.0
PLX,2023-03-14,34.86201315812949,35.136517198744684,33.80974766910459,33.94699968941218,781700.0
PLX,2023-03-15,34.587509117514294,34.587509117514294,33.85549834254045,34.4502570972067,724600.0
PLX,2023-03-16,34.17575305659151,34.17575305659151,33.21498891443833,33.2607395878742,1372800.0
PLX,2023-03-17,33.3979916081818,33.76399699566872,31.9339700582341,32.391476792592755,5502500.0
PLX,2023-03-20,32.482978139464485,33.2607395878742,32.34572611915689,32.391476792592755,1315900.0
PLX,2023-03-21,32.482978139464485,33.031986220694876,31.61371534418304,31.75096736449064,1550500.0
PLX,2023-03-22,32.254224772285156,32.254224772285156,31.61371534418304,31.75096736449064,1568000.0
PLX,2023-03-23,31.61371534418304,32.803232853515546,31.567964670747177,32.803232853515546,2018400.0
PLX,2023-03-24,32.84898352695141,33.53524362848939,32.84898352695141,33.2607395878742,1052000.0
PLX,2023-03-27,33.2607395878742,33.30649026131007,32.66598083320795,32.66598083320795,913200.0
PLX,2023-03-28,33.031986220694876,33.16923824100247,32.66598083320795,32.75748218007968,577400.0
PLX,2023-03-29,32.84898352695141,33.031986220694876,32.66598083320795,32.94048487382314,587900.0
PLX,2023-03-30,33.3979916081818,34.03850103628392,33.30649026131007,33.76399699566872,1565200.0
PLX,2023-03-31,34.3130050768991,34.77051181125776,34.17575305659151,34.26725440346324,2458700.0
PLX,2023-04-03,34.816262484693624,34.816262484693624,33.85549834254045,34.3130050768991,1452000.0
PLX,2023-04-04,34.7247611378219,34.77051181125776,34.35875575033497,34.7247611378219,1627200.0
PLX,2023-04-05,34.77051181125776,34.907763831565354,34.54175844407843,34.816262484693624,965800.0
PLX,2023-04-06,34.95351450500122,34.95351450500122,34.17575305659151,34.17575305659151,1259300.0
PLX,2023-04-07,34.17575305659151,34.86201315812949,34.13000238315564,34.49600777064257,1153500.0
PLX,2023-04-10,34.679010464386025,34.77051181125776,34.03850103628392,34.13000238315564,1303600.0
PLX,2023-04-11,34.13000238315564,34.35875575033497,33.67249564879699,33.80974766910459,793400.0
PLX,2023-04-12,33.85549834254045,34.22150373002737,33.67249564879699,33.85549834254045,561800.0
PLX,2023-04-13,34.03850103628392,34.35875575033497,33.85549834254045,34.03850103628392,580200.0
PLX,2023-04-14,34.13000238315564,34.13000238315564,33.3979916081818,33.3979916081818,587900.0
PLX,2023-04-17,33.21498891443833,33.3979916081818,32.98623554725901,33.031986220694876,607300.0
PLX,2023-04-18,33.123487567566606,33.76399699566872,33.123487567566606,33.67249564879699,492800.0
PLX,2023-04-19,33.80974766910459,33.80974766910459,33.30649026131007,33.30649026131007,324800.0
PLX,2023-04-20,33.30649026131007,33.48949295505353,33.2607395878742,33.352240934745936,407800.0
PLX,2023-04-21,33.352240934745936,33.80974766910459,33.30649026131007,33.62674497536112,573800.0
PLX,2023-04-24,33.67249564879699,33.67249564879699,33.44374228161766,33.62674497536112,361000.0
PLX,2023-04-25,33.62674497536112,33.67249564879699,33.30649026131007,33.30649026131007,338000.0
PLX,2023-04-26,33.62674497536112,33.76399699566872,33.30649026131007,33.76399699566872,489200.0
PLX,2023-04-27,33.85549834254045,34.35875575033497,33.85549834254045,34.26725440346324,853000.0
PLX,2023-04-28,34.35875575033497,34.587509117514294,34.13000238315564,34.26725440346324,350100.0
PLX,2023-05-04,34.4502570972067,34.49600777064257,34.03850103628392,34.26725440346324,662100.0
PLX,2023-05-05,34.4502570972067,34.77051181125776,34.3130050768991,34.587509117514294,1143900.0
PLX,2023-05-08,34.7247611378219,34.95351450500122,34.587509117514294,34.587509117514294,676600.0
PLX,2023-05-09,34.679010464386025,34.907763831565354,34.587509117514294,34.77051181125776,659700.0
PLX,2023-05-10,34.679010464386025,34.77051181125776,34.3130050768991,34.54175844407843,627000.0
PLX,2023-05-11,34.54175844407843,34.679010464386025,34.40450642377084,34.54175844407843,589800.0
PLX,2023-05-12,34.54175844407843,34.54175844407843,34.22150373002737,34.35875575033497,552000.0
PLX,2023-05-15,34.4502570972067,34.7247611378219,34.3130050768991,34.587509117514294,695500.0
PLX,2023-05-16,34.54175844407843,34.907763831565354,34.54175844407843,34.816262484693624,987100.0
PLX,2023-05-17,34.77051181125776,34.86201315812949,34.3130050768991,34.3130050768991,597800.0
PLX,2023-05-18,34.3130050768991,34.40450642377084,34.08425170971978,34.26725440346324,445900.0
PLX,2023-05-19,34.54175844407843,34.7247611378219,34.26725440346324,34.40450642377084,625000.0
PLX,2023-05-22,34.40450642377084,34.7247611378219,34.40450642377084,34.54175844407843,499200.0
PLX,2023-05-23,34.679010464386025,34.77051181125776,34.26725440346324,34.3130050768991,553200.0
PLX,2023-05-24,34.35875575033497,34.4502570972067,34.13000238315564,34.13000238315564,606300.0
PLX,2023-05-25,34.03850103628392,34.40450642377084,33.85549834254045,34.17575305659151,375100.0
PLX,2023-05-26,34.17575305659151,34.95351450500122,34.17575305659151,34.4502570972067,737800.0
PLX,2023-05-29,34.49600777064257,34.907763831565354,34.49600777064257,34.679010464386025,868600.0
PLX,2023-05-30,34.95351450500122,34.95351450500122,34.63325979095016,34.679010464386025,507800.0
PLX,2023-05-31,34.679010464386025,34.7247611378219,34.26725440346324,34.3130050768991,950100.0
PLX,2023-06-01,34.26725440346324,34.49600777064257,34.26725440346324,34.26725440346324,416900.0
PLX,2023-06-02,34.35875575033497,35.228018545616415,34.3130050768991,34.999265178437085,1189000.0
PLX,2023-06-05,35.502522586231606,36.09728134089786,35.228018545616415,35.777026626846805,1441700.0
PLX,2023-06-06,35.777026626846805,36.00577999402613,35.456771912795745,35.59402393310334,690200.0
PLX,2023-06-07,35.68552527997507,35.68552527997507,35.09076652530882,35.59402393310334,1272900.0
PLX,2023-06-08,35.68552527997507,36.05153066746199,35.045015851872954,35.045015851872954,540900.0
PLX,2023-06-09,34.95351450500122,35.045015851872954,34.679010464386025,34.77051181125776,591100.0
PLX,2023-06-12,34.77051181125776,34.95351450500122,34.4502570972067,34.7247611378219,569700.0
PLX,2023-06-13,34.54175844407843,34.816262484693624,34.49600777064257,34.816262484693624,420000.0
PLX,2023-06-14,35.045015851872954,35.136517198744684,34.816262484693624,34.816262484693624,436500.0
PLX,2023-06-15,34.77051181125776,35.411021239359876,34.77051181125776,35.045015851872954,1436500.0
PLX,2023-06-16,35.36527056592401,35.36527056592401,34.03850103628392,34.03850103628392,620800.0
PLX,2023-06-19,34.40450642377084,34.587509117514294,34.03850103628392,34.03850103628392,750500.0
PLX,2023-06-20,34.03850103628392,34.3130050768991,33.85549834254045,34.03850103628392,556100.0
PLX,2023-06-21,34.17575305659151,34.3130050768991,34.03850103628392,34.3130050768991,454900.0
PLX,2023-06-22,34.40450642377084,34.587509117514294,34.35875575033497,34.4502570972067,381100.0
PLX,2023-06-23,34.49600777064257,34.587509117514294,34.13000238315564,34.3130050768991,686500.0
PLX,2023-06-26,34.3130050768991,34.49600777064257,33.90124901597631,34.35875575033497,830200.0
PLX,2023-06-27,34.63325979095016,35.136517198744684,34.49600777064257,34.907763831565354,858700.0
PLX,2023-06-28,35.18226787218055,35.18226787218055,34.679010464386025,34.86201315812949,409900.0
PLX,2023-06-29,34.95351450500122,34.95351450500122,34.3130050768991,34.3130050768991,689000.0
PLX,2023-06-30,34.40450642377084,34.679010464386025,34.17575305659151,34.17575305659151,444000.0
PLX,2023-07-03,34.35875575033497,34.86201315812949,34.22150373002737,34.4502570972067,379100.0
PLX,2023-07-04,34.63325979095016,36.46328672838479,34.63325979095016,36.46328672838479,3702800.0
PLX,2023-07-05,36.87504278930757,37.37830019710209,36.46328672838479,36.87504278930757,2214000.0
PLX,2023-07-06,36.73779076899997,37.51555221740969,36.46328672838479,36.87504278930757,2371600.0
PLX,2023-07-07,37.05804548305103,37.33254952366622,36.69204009556411,36.87504278930757,1478400.0
PLX,2023-07-10,37.2410481767945,38.247562992383536,37.05804548305103,38.247562992383536,2415100.0
PLX,2023-07-11,38.430565686127,38.47631635956286,37.744305584589014,37.744305584589014,1676900.0
PLX,2023-07-12,37.790056258024876,38.384815012691135,37.60705356428142,37.973058951768344,1187300.0
PLX,2023-07-13,38.064560298640075,38.247562992383536,37.652804237717284,37.881557604896614,1142700.0
PLX,2023-07-14,37.835806931460745,38.064560298640075,37.103796156486894,37.424050870537954,1705900.0
PLX,2023-07-17,37.56130289084555,38.018809625204206,36.92079346274344,37.46980154397382,2239700.0
PLX,2023-07-18,37.744305584589014,37.790056258024876,37.103796156486894,37.103796156486894,1122100.0
PLX,2023-07-19,37.33254952366622,37.37830019710209,36.69204009556411,36.69204009556411,1401500.0
PLX,2023-07-20,36.64628942212824,36.87504278930757,36.23453336120546,36.32603470807719,2116600.0
PLX,2023-07-21,36.32603470807719,37.2410481767945,36.28028403464132,37.05804548305103,1741000.0
PLX,2023-07-24,37.14954682992276,37.424050870537954,36.87504278930757,36.87504278930757,1713100.0
PLX,2023-07-25,37.05804548305103,37.744305584589014,36.60053874869238,36.87504278930757,1969500.0
PLX,2023-07-26,36.87504278930757,37.2410481767945,36.78354144243584,37.05804548305103,1219100.0
PLX,2023-07-27,37.05804548305103,37.2410481767945,36.32603470807719,36.50903740182065,2127700.0
PLX,2023-07-28,36.69204009556411,36.78354144243584,36.41753605494891,36.64628942212824,1595300.0
PLX,2023-07-31,36.87504278930757,37.973058951768344,36.87504278930757,37.973058951768344,2751400.0
PLX,2023-08-01,38.613568379870465,38.613568379870465,37.37830019710209,37.51555221740969,3004500.0
PLX,2023-08-02,37.835806931460745,37.835806931460745,37.37830019710209,37.46980154397382,1347500.0
PLX,2023-08-03,37.51555221740969,37.60705356428142,36.69204009556411,36.69204009556411,2016300.0
PLX,2023-08-04,37.14954682992276,37.14954682992276,36.60053874869238,36.87504278930757,1482200.0
PLX,2023-08-07,37.14954682992276,37.2410481767945,36.87504278930757,37.05804548305103,1474800.0
PLX,2023-08-08,37.19529750335863,37.652804237717284,37.19529750335863,37.424050870537954,2949000.0
PLX,2023-08-09,37.69855491115315,37.69855491115315,37.14954682992276,37.2410481767945,1235700.0
PLX,2023-08-10,37.424050870537954,38.339064339255266,37.33254952366622,37.33254952366622,2426300.0
PLX,2023-08-11,37.46980154397382,37.69855491115315,36.60053874869238,37.19529750335863,1139900.0
PLX,2023-08-14,37.28679885023036,37.33254952366622,36.9665441361793,37.103796156486894,2206600.0
PLX,2023-08-15,37.19529750335863,37.19529750335863,36.78354144243584,36.92079346274344,1547800.0
PLX,2023-08-16,36.9665441361793,37.28679885023036,36.64628942212824,36.82929211587171,1006000.0
PLX,2023-08-17,36.78354144243584,36.92079346274344,36.37178538151305,36.37178538151305,1615700.0
PLX,2023-08-18,36.37178538151305,36.50903740182065,34.17575305659151,34.17575305659151,2701800.0
PLX,2023-08-21,34.03850103628392,34.63325979095016,33.99275036284804,34.3130050768991,877800.0
PLX,2023-08-22,34.77051181125776,34.816262484693624,33.85549834254045,34.49600777064257,1252900.0
PLX,2023-08-23,34.86201315812949,34.86201315812949,33.76399699566872,34.22150373002737,1209200.0
PLX,2023-08-24,34.22150373002737,34.587509117514294,34.22150373002737,34.587509117514294,583800.0
PLX,2023-08-25,34.587509117514294,34.679010464386025,34.35875575033497,34.35875575033497,933800.0
PLX,2023-08-28,34.3130050768991,35.136517198744684,34.3130050768991,34.907763831565354,936300.0
PLX,2023-08-29,34.999265178437085,35.045015851872954,34.77051181125776,34.816262484693624,798000.0
PLX,2023-08-30,35.045015851872954,35.639774606539206,35.045015851872954,35.136517198744684,803900.0
PLX,2023-08-31,35.136517198744684,35.36527056592401,35.136517198744684,35.27376921905228,729500.0
PLX,2023-09-05,35.868527973718535,36.09728134089786,35.68552527997507,35.82277730028267,1240400.0
PLX,2023-09-06,36.23453336120546,36.23453336120546,35.868527973718535,35.96002932059026,743400.0
PLX,2023-09-07,36.05153066746199,36.46328672838479,35.9142786471544,36.00577999402613,832100.0
PLX,2023-09-08,35.96002932059026,36.32603470807719,35.868527973718535,36.05153066746199,972300.0
PLX,2023-09-11,36.14303201433373,37.14954682992276,36.14303201433373,36.46328672838479,2041800.0
PLX,2023-09-12,36.60053874869238,36.82929211587171,36.32603470807719,36.60053874869238,685400.0
PLX,2023-09-13,36.87504278930757,37.652804237717284,36.60053874869238,36.87504278930757,2266800.0
PLX,2023-09-14,37.14954682992276,37.2410481767945,36.60053874869238,36.60053874869238,1097300.0
PLX,2023-09-15,37.01229480961517,37.790056258024876,36.69204009556411,36.73779076899997,1805700.0
PLX,2023-09-18,37.19529750335863,37.19529750335863,35.73127595341093,36.23453336120546,1605300.0
PLX,2023-09-19,36.41753605494891,36.60053874869238,35.96002932059026,36.50903740182065,652800.0
PLX,2023-09-20,36.60053874869238,37.14954682992276,36.41753605494891,36.9665441361793,1259800.0
PLX,2023-09-21,37.245888297919585,37.432117739409186,36.87342941494039,37.059658856429984,972500.0
PLX,2023-09-22,36.4078558112164,36.78031469419559,35.38359388302361,36.4544131715888,1065100.0
PLX,2023-09-25,36.4544131715888,36.5009705319612,34.91802027929961,34.91802027929961,1155700.0
PLX,2023-09-26,34.91802027929961,35.33703652265121,34.545561396320416,34.545561396320416,1064900.0
PLX,2023-09-27,34.452446675575615,34.73179083781001,33.52129946812763,34.03343043222402,1698300.0
PLX,2023-09-28,34.49900403594801,35.15080708116161,34.26621723408602,35.15080708116161,2176200.0
PLX,2023-09-29,35.15080708116161,35.15080708116161,34.59211875669281,34.91802027929961,435400.0
PLX,2023-10-02,34.91802027929961,35.29047916227881,34.68523347743761,34.91802027929961,567900.0
PLX,2023-10-03,34.545561396320416,34.638676117065216,33.52129946812763,33.52129946812763,1026000.0
PLX,2023-10-04,32.729824341796835,33.893758351106825,32.729824341796835,33.75408626998963,784600.0
PLX,2023-10-05,33.800643630362025,33.800643630362025,32.03146393621084,32.03146393621084,1530500.0
PLX,2023-10-06,32.49703753993484,33.055725864403634,31.984906575838448,32.59015226067964,2194100.0
PLX,2023-10-09,33.33507002663803,33.42818474738283,33.00916850403124,33.241955305893235,1552600.0
PLX,2023-10-10,33.52129946812763,33.75408626998963,33.47474210775523,33.52129946812763,1524500.0
PLX,2023-10-11,33.75408626998963,34.452446675575615,33.61441418887243,34.359331954830814,1352900.0
PLX,2023-10-12,34.452446675575615,34.91802027929961,34.03343043222402,34.17310251334122,1061800.0
PLX,2023-10-13,34.17310251334122,34.31277459445842,33.986873071851626,34.17310251334122,1299600.0
PLX,2023-10-16,34.91802027929961,35.197364441534006,34.26621723408602,34.26621723408602,1011900.0
PLX,2023-10-17,34.26621723408602,34.31277459445842,33.52129946812763,33.52129946812763,1005800.0
PLX,2023-10-18,33.66097154924483,33.66097154924483,32.078021296583245,32.59015226067964,1299500.0
PLX,2023-10-19,32.636709621052034,33.19539794552083,32.49703753993484,32.59015226067964,593100.0
PLX,2023-10-20,32.729824341796835,33.00916850403124,32.03146393621084,32.96261114365883,610400.0
PLX,2023-10-23,33.33507002663803,33.38162738701043,32.59015226067964,32.916053783286436,377000.0
PLX,2023-10-24,32.916053783286436,33.19539794552083,32.68326698142444,33.055725864403634,303400.0
PLX,2023-10-25,33.00916850403124,33.19539794552083,32.822939062541636,32.916053783286436,373900.0
PLX,2023-10-26,32.403922819190036,32.68326698142444,30.63474312503886,30.63474312503886,1802700.0
PLX,2023-10-27,30.72785784578366,31.193431449507653,29.98294007982527,30.72785784578366,636400.0
PLX,2023-10-30,30.72785784578366,31.007202008018055,30.588185764666463,30.588185764666463,267100.0
PLX,2023-10-31,31.007202008018055,31.007202008018055,29.331137034611675,29.70359591759087,980300.0
PLX,2023-11-01,29.377694394984076,30.262284242059664,29.144907593122078,30.076054800570063,633200.0
PLX,2023-11-02,30.355398962804465,31.23998880988005,30.355398962804465,31.100316728762856,768400.0
PLX,2023-11-03,31.146874089135256,31.193431449507653,30.72785784578366,30.82097256652846,571800.0
PLX,2023-11-06,31.007202008018055,31.146874089135256,30.82097256652846,30.96064464764566,367100.0
PLX,2023-11-07,30.96064464764566,31.612447692859252,30.72785784578366,30.867529926900858,482200.0
PLX,2023-11-08,30.91408728727326,31.84523449472125,30.681300485411263,31.84523449472125,968500.0
PLX,2023-11-09,31.938349215466044,32.12457865695564,31.612447692859252,31.612447692859252,843300.0
PLX,2023-11-10,31.33310353062485,31.65900505323165,31.053759368390455,31.053759368390455,744800.0
PLX,2023-11-13,31.193431449507653,31.286546170252453,30.91408728727326,31.053759368390455,603700.0
PLX,2023-11-14,31.379660890997254,31.42621825136965,31.007202008018055,31.193431449507653,729200.0
PLX,2023-11-15,31.612447692859252,31.984906575838448,31.472775611742048,31.65900505323165,1185900.0
PLX,2023-11-16,31.84523449472125,32.26425073807284,31.65900505323165,32.078021296583245,790400.0
PLX,2023-11-17,32.12457865695564,32.17113601732804,31.193431449507653,31.193431449507653,897400.0
PLX,2023-11-20,30.91408728727326,31.51933297211445,30.91408728727326,31.193431449507653,958300.0
PLX,2023-11-21,31.472775611742048,31.612447692859252,31.193431449507653,31.472775611742048,910900.0
PLX,2023-11-22,31.51933297211445,31.938349215466044,31.472775611742048,31.705562413604046,838700.0
PLX,2023-11-23,31.75211977397645,31.84523449472125,31.379660890997254,31.379660890997254,874000.0
PLX,2023-11-24,31.100316728762856,31.286546170252453,30.72785784578366,31.100316728762856,778400.0
PLX,2023-11-27,31.100316728762856,31.705562413604046,31.100316728762856,31.286546170252453,630200.0
PLX,2023-11-28,31.100316728762856,31.379660890997254,30.774415206156057,31.379660890997254,663700.0
PLX,2023-11-29,31.51933297211445,33.33507002663803,31.51933297211445,33.33507002663803,3135500.0
PLX,2023-11-30,33.148840585148434,33.52129946812763,32.68326698142444,32.68326698142444,817300.0
PLX,2023-12-01,32.68326698142444,33.33507002663803,32.403922819190036,32.77638170216924,923200.0
PLX,2023-12-04,33.241955305893235,33.33507002663803,32.77638170216924,33.055725864403634,934700.0
PLX,2023-12-05,32.822939062541636,33.75408626998963,32.822939062541636,33.10228322477603,884600.0
PLX,2023-12-06,32.916053783286436,33.47474210775523,32.916053783286436,33.42818474738283,720700.0
PLX,2023-12-07,33.33507002663803,33.33507002663803,32.403922819190036,32.729824341796835,955700.0
PLX,2023-12-08,32.729824341796835,33.19539794552083,32.68326698142444,33.19539794552083,629600.0
PLX,2023-12-11,33.42818474738283,33.42818474738283,32.77638170216924,33.19539794552083,371900.0
PLX,2023-12-12,33.19539794552083,33.241955305893235,32.68326698142444,33.00916850403124,547300.0
PLX,2023-12-13,32.96261114365883,33.055725864403634,32.31080809844524,32.31080809844524,939000.0
PLX,2023-12-14,32.59015226067964,32.59015226067964,31.75211977397645,31.984906575838448,441400.0
PLX,2023-12-15,32.12457865695564,32.35736545881764,31.938349215466044,31.938349215466044,447800.0
PLX,2023-12-18,31.938349215466044,32.12457865695564,31.56589033248685,31.56589033248685,351900.0
PLX,2023-12-19,31.65900505323165,31.75211977397645,31.23998880988005,31.612447692859252,304900.0
PLX,2023-12-20,31.65900505323165,32.12457865695564,31.612447692859252,32.03146393621084,266900.0
PLX,2023-12-21,31.65900505323165,31.798677134348846,31.65900505323165,31.65900505323165,358300.0
PLX,2023-12-22,31.75211977397645,31.938349215466044,31.42621825136965,31.472775611742048,635400.0
PLX,2023-12-25,31.51933297211445,32.31080809844524,31.51933297211445,32.26425073807284,674200.0
PLX,2023-12-26,32.21769337770044,32.403922819190036,32.078021296583245,32.078021296583245,782300.0
PLX,2023-12-27,32.31080809844524,32.35736545881764,31.984906575838448,32.078021296583245,457000.0
PLX,2023-12-28,32.03146393621084,32.31080809844524,31.75211977397645,32.12457865695564,1787700.0
PLX,2023-12-29,32.12457865695564,32.26425073807284,32.03146393621084,32.12457865695564,548900.0
PLX,2024-01-02,32.21769337770044,32.26425073807284,32.12457865695564,32.17113601732804,634300.0
PLX,2024-01-03,32.17113601732804,32.49703753993484,32.03146393621084,32.49703753993484,807400.0
PLX,2024-01-04,32.49703753993484,32.86949642291403,32.49703753993484,32.68326698142444,1704200.0
PLX,2024-01-05,32.822939062541636,32.96261114365883,32.68326698142444,32.77638170216924,2089300.0
PLX,2024-01-08,32.77638170216924,33.10228322477603,32.59015226067964,32.86949642291403,1403800.0
PLX,2024-01-09,32.96261114365883,32.96261114365883,32.26425073807284,32.26425073807284,2195400.0
PLX,2024-01-10,32.403922819190036,32.54359490030724,32.21769337770044,32.45048017956244,604900.0
PLX,2024-01-11,32.45048017956244,33.00916850403124,32.45048017956244,33.00916850403124,1744100.0
PLX,2024-01-12,33.055725864403634,33.10228322477603,32.35736545881764,32.54359490030724,1008700.0
PLX,2024-01-15,32.59015226067964,32.77638170216924,32.26425073807284,32.26425073807284,321600.0
PLX,2024-01-16,32.21769337770044,32.403922819190036,32.21769337770044,32.35736545881764,311400.0
PLX,2024-01-17,32.54359490030724,32.77638170216924,32.17113601732804,32.17113601732804,545400.0
PLX,2024-01-18,32.403922819190036,32.403922819190036,32.078021296583245,32.12457865695564,338800.0
PLX,2024-01-19,32.49703753993484,32.54359490030724,32.31080809844524,32.45048017956244,588500.0
PLX,2024-01-22,32.49703753993484,32.54359490030724,32.31080809844524,32.35736545881764,314000.0
PLX,2024-01-23,32.35736545881764,32.59015226067964,32.31080809844524,32.45048017956244,351200.0
PLX,2024-01-24,32.45048017956244,32.54359490030724,32.21769337770044,32.26425073807284,348700.0
PLX,2024-01-25,32.35736545881764,32.403922819190036,32.12457865695564,32.12457865695564,275000.0
PLX,2024-01-26,32.21769337770044,32.403922819190036,32.12457865695564,32.12457865695564,280500.0
PLX,2024-01-29,32.12457865695564,32.403922819190036,32.12457865695564,32.31080809844524,384100.0
PLX,2024-01-30,32.31080809844524,32.49703753993484,32.26425073807284,32.35736545881764,323700.0
PLX,2024-01-31,32.35736545881764,32.403922819190036,32.17113601732804,32.21769337770044,540500.0
PLX,2024-02-01,32.12457865695564,32.35736545881764,32.12457865695564,32.21769337770044,394100.0
PLX,2024-02-02,32.403922819190036,32.403922819190036,32.17113601732804,32.21769337770044,506700.0
PLX,2024-02-05,32.21769337770044,32.403922819190036,32.12457865695564,32.17113601732804,589100.0
PLX,2024-02-06,32.21769337770044,32.31080809844524,32.17113601732804,32.31080809844524,358600.0
PLX,2024-02-07,32.31080809844524,32.59015226067964,32.21769337770044,32.35736545881764,523300.0
PLX,2024-02-15,32.49703753993484,33.055725864403634,32.49703753993484,32.86949642291403,736600.0
PLX,2024-02-16,32.86949642291403,32.916053783286436,32.59015226067964,32.86949642291403,516800.0
PLX,2024-02-19,32.916053783286436,34.07998779259643,32.916053783286436,33.75408626998963,1886200.0
PLX,2024-02-20,33.986873071851626,33.986873071851626,33.52129946812763,33.61441418887243,952300.0
PLX,2024-02-21,33.52129946812763,33.66097154924483,33.19539794552083,33.28851266626563,1009800.0
PLX,2024-02-22,33.241955305893235,33.800643630362025,33.19539794552083,33.38162738701043,1340300.0
PLX,2024-02-23,33.38162738701043,33.42818474738283,32.68326698142444,32.68326698142444,1447400.0
PLX,2024-02-26,32.54359490030724,32.822939062541636,32.49703753993484,32.77638170216924,444000.0
PLX,2024-02-27,32.86949642291403,33.986873071851626,32.86949642291403,33.19539794552083,1008500.0
PLX,2024-02-28,33.42818474738283,34.452446675575615,33.42818474738283,33.70752890961723,2210300.0
PLX,2024-02-29,33.800643630362025,33.893758351106825,33.241955305893235,33.38162738701043,838500.0
PLX,2024-03-01,33.52129946812763,33.61441418887243,33.241955305893235,33.42818474738283,717600.0
PLX,2024-03-04,33.94031571147923,33.94031571147923,33.47474210775523,33.47474210775523,932700.0
PLX,2024-03-05,33.47474210775523,33.52129946812763,33.19539794552083,33.47474210775523,708000.0
PLX,2024-03-06,33.70752890961723,34.359331954830814,33.56785682850003,33.75408626998963,1720600.0
PLX,2024-03-07,33.986873071851626,34.91802027929961,33.800643630362025,34.91802027929961,2773600.0
PLX,2024-03-08,34.91802027929961,35.29047916227881,34.17310251334122,34.26621723408602,1454800.0
PLX,2024-03-11,34.17310251334122,34.219659873713624,33.42818474738283,33.47474210775523,1223900.0
PLX,2024-03-12,33.47474210775523,34.03343043222402,33.47474210775523,33.84720099073443,880100.0
PLX,2024-03-13,34.26621723408602,34.545561396320416,33.986873071851626,34.545561396320416,1169300.0
PLX,2024-03-14,34.68523347743761,35.33703652265121,34.49900403594801,34.778348198182414,2856400.0
PLX,2024-03-15,34.91802027929961,35.197364441534006,34.68523347743761,35.05769236041681,1564900.0
PLX,2024-03-18,35.05769236041681,35.197364441534006,33.47474210775523,33.986873071851626,2848400.0
PLX,2024-03-19,34.07998779259643,35.10424972078921,33.84720099073443,34.871462918927215,3381800.0
PLX,2024-03-20,35.10424972078921,35.197364441534006,34.452446675575615,34.871462918927215,1271600.0
PLX,2024-03-21,34.91802027929961,36.035396928237205,34.59211875669281,35.80261012637521,3062200.0
PLX,2024-03-22,35.849167486747604,35.89572484712,35.197364441534006,35.38359388302361,1528100.0
PLX,2024-03-25,35.47670860376841,35.7560527660028,34.638676117065216,34.82490555855481,1720600.0
PLX,2024-03-26,34.82490555855481,35.38359388302361,34.545561396320416,35.38359388302361,928900.0
PLX,2024-03-27,35.430151243396004,35.849167486747604,35.01113500004441,35.38359388302361,1293500.0
PLX,2024-03-28,35.29047916227881,35.523265964140805,34.871462918927215,34.96457763967201,1265700.0
PLX,2024-03-29,35.10424972078921,35.197364441534006,34.638676117065216,34.73179083781001,1118900.0
PLX,2024-04-01,34.68523347743761,35.197364441534006,34.59211875669281,34.871462918927215,682100.0
PLX,2024-04-02,34.871462918927215,35.33703652265121,34.452446675575615,35.29047916227881,1467500.0
PLX,2024-04-03,35.38359388302361,35.47670860376841,34.91802027929961,35.01113500004441,981900.0
PLX,2024-04-04,35.01113500004441,35.01113500004441,34.49900403594801,34.59211875669281,962700.0
PLX,2024-04-05,34.452446675575615,35.430151243396004,34.452446675575615,34.59211875669281,1295500.0
PLX,2024-04-08,34.68523347743761,34.871462918927215,34.49900403594801,34.49900403594801,540400.0
PLX,2024-04-09,34.49900403594801,34.778348198182414,34.31277459445842,34.59211875669281,437400.0
PLX,2024-04-10,34.73179083781001,34.73179083781001,34.03343043222402,34.07998779259643,863300.0
PLX,2024-04-11,33.986873071851626,33.986873071851626,33.61441418887243,33.800643630362025,1226600.0
PLX,2024-04-12,33.986873071851626,34.40588931520322,33.84720099073443,34.31277459445842,445900.0
PLX,2024-04-15,34.359331954830814,34.638676117065216,32.403922819190036,33.52129946812763,1327300.0
PLX,2024-04-16,33.52129946812763,33.800643630362025,32.729824341796835,33.47474210775523,786100.0
PLX,2024-04-17,33.52129946812763,33.52129946812763,32.77638170216924,32.86949642291403,448800.0
PLX,2024-04-19,32.636709621052034,32.86949642291403,32.17113601732804,32.26425073807284,518500.0
PLX,2024-04-22,32.59015226067964,32.77638170216924,32.17113601732804,32.26425073807284,411300.0
PLX,2024-04-23,32.403922819190036,32.86949642291403,32.17113601732804,32.59015226067964,420900.0
PLX,2024-04-24,32.636709621052034,32.86949642291403,32.54359490030724,32.822939062541636,863000.0
PLX,2024-04-25,32.822939062541636,32.822939062541636,32.49703753993484,32.68326698142444,219500.0
PLX,2024-04-26,32.68326698142444,33.241955305893235,32.59015226067964,33.241955305893235,422300.0
PLX,2024-05-02,33.241955305893235,33.56785682850003,32.822939062541636,33.33507002663803,420900.0
PLX,2024-05-03,33.61441418887243,33.70752890961723,33.38162738701043,33.52129946812763,518700.0
PLX,2024-05-06,34.26621723408602,34.26621723408602,33.893758351106825,34.17310251334122,550800.0
PLX,2024-05-07,34.31277459445842,36.1750690093544,34.26621723408602,36.035396928237205,3665900.0
PLX,2024-05-08,36.035396928237205,37.61834718089878,35.47670860376841,37.245888297919585,2984800.0
PLX,2024-05-09,37.245888297919585,37.80457662238838,36.5475278923336,37.432117739409186,2131200.0
PLX,2024-05-10,37.432117739409186,37.89769134313318,36.96654413568519,37.339003018664386,1932400.0
PLX,2024-05-13,37.71146190164358,37.71146190164358,37.059658856429984,37.10621621680239,1603700.0
PLX,2024-05-14,37.34810810711888,37.44486486387308,36.09027026931436,36.28378378282275,1949200.0
PLX,2024-05-15,36.28378378282275,37.34810810711888,36.28378378282275,36.96108108010211,1256100.0
PLX,2024-05-16,37.29972972874179,37.58999999900437,36.864324323347915,36.96108108010211,1778200.0
PLX,2024-05-17,37.009459458479206,37.009459458479206,36.187027026068556,36.719189188216625,2725400.0
PLX,2024-05-20,36.76756756659372,37.29972972874179,36.76756756659372,36.76756756659372,1630300.0
PLX,2024-05-21,36.477297296331145,36.719189188216625,35.79999999905178,36.28378378282275,2551900.0
PLX,2024-05-22,36.38054053957695,36.96108108010211,36.187027026068556,36.477297296331145,1576100.0
PLX,2024-05-23,36.57405405308533,38.992972971940176,36.38054053957695,38.992972971940176,5334400.0
PLX,2024-05-24,39.86378378272793,41.024864863778255,38.94459459356309,39.67027026921954,5370300.0
PLX,2024-05-27,39.86378378272793,40.49270270163019,39.18648648544857,39.96054053948212,3453400.0
PLX,2024-05-28,40.44432432325309,40.54108108000729,39.76702702597374,40.202432431367605,3261100.0
PLX,2024-05-29,40.44432432325309,41.41189189079503,39.91216216110502,40.15405405299051,4835600.0
PLX,2024-05-30,39.67027026921954,40.105675674613416,39.04135135031728,40.00891891785922,3177800.0
PLX,2024-05-31,39.96054053948212,39.96054053948212,39.47675675571115,39.67027026921954,1185700.0
PLX,2024-06-03,39.86378378272793,41.024864863778255,39.86378378272793,40.15405405299051,2570600.0
PLX,2024-06-04,40.15405405299051,40.78297297189277,40.00891891785922,40.3475675664989,2201000.0
PLX,2024-06-05,40.3475675664989,41.12162162053245,40.15405405299051,40.49270270163019,2509700.0
PLX,2024-06-06,40.395945944876,40.97648648540116,39.47675675571115,40.54108108000729,2391400.0
PLX,2024-06-07,40.63783783676148,40.73459459351567,39.91216216110502,40.15405405299051,1543700.0
PLX,2024-06-10,40.202432431367605,40.83135135026987,40.15405405299051,40.58945945838438,1542900.0
PLX,2024-06-11,40.73459459351567,41.992432431320196,40.73459459351567,41.79891891781181,3782500.0
PLX,2024-06-12,41.79891891781181,41.895675674566,41.12162162053245,41.702162161057615,1529800.0
PLX,2024-06-13,41.895675674566,41.895675674566,40.78297297189277,40.83135135026987,2330400.0
PLX,2024-06-14,40.83135135026987,41.169999998909546,39.18648648544857,39.18648648544857,3495700.0
PLX,2024-06-17,39.283243242202765,39.47675675571115,38.605945944923405,38.605945944923405,2124600.0
PLX,2024-06-18,39.47675675571115,39.96054053948212,38.992972971940176,39.67027026921954,1477100.0
PLX,2024-06-19,39.71864864759664,40.15405405299051,39.23486486382566,40.15405405299051,1124000.0
PLX,2024-06-20,40.54108108000729,40.73459459351567,39.283243242202765,39.96054053948212,1285200.0
PLX,2024-06-21,40.15405405299051,41.26675675566374,39.47675675571115,40.92810810702406,1971100.0
PLX,2024-06-24,41.21837837728665,41.41189189079503,39.428378377334056,39.428378377334056,2505400.0
PLX,2024-06-25,39.428378377334056,40.057297296236314,39.37999999895696,39.67027026921954,854000.0
PLX,2024-06-26,39.67027026921954,41.07324324215536,39.428378377334056,41.024864863778255,2056300.0
PLX,2024-06-27,41.12162162053245,41.12162162053245,39.96054053948212,39.96054053948212,1067600.0
PLX,2024-06-28,40.057297296236314,40.44432432325309,39.283243242202765,39.57351351246535,1455800.0
PLX,2024-07-01,39.71864864759664,40.057297296236314,38.94459459356309,39.47675675571115,682200.0
PLX,2024-07-02,40.00891891785922,40.00891891785922,39.47675675571115,40.00891891785922,660500.0
PLX,2024-07-03,40.250810809744706,40.83135135026987,39.86378378272793,40.49270270163019,1461400.0
PLX,2024-07-04,40.54108108000729,42.86324324210794,40.44432432325309,42.47621621509116,6016400.0
PLX,2024-07-05,42.47621621509116,42.95999999886214,42.37945945833697,42.524594593468265,2475000.0
PLX,2024-07-08,42.57297297184536,45.088648647454406,42.57297297184536,44.99189189070021,5313900.0
PLX,2024-07-09,45.088648647454406,45.088648647454406,44.31459459342085,44.50810810692924,1997900.0
PLX,2024-07-10,44.89513513394601,45.52405405284828,44.50810810692924,45.040270269077304,2762700.0
PLX,2024-07-11,45.1370270258315,45.37891891771699,44.60486486368344,45.28216216096279,2440800.0
PLX,2024-07-12,45.37891891771699,45.66918918797957,44.60486486368344,44.79837837719182,1817400.0
PLX,2024-07-15,45.1854054042086,46.44324324201312,45.040270269077304,46.44324324201312,2714500.0
PLX,2024-07-16,46.830270269029896,46.830270269029896,45.57243243122537,45.57243243122537,2075700.0
PLX,2024-07-17,45.57243243122537,45.57243243122537,42.42783783671407,43.5405405393873,3843300.0
PLX,2024-07-18,43.92756756640407,45.95945945824215,43.5405405393873,45.95945945824215,2699500.0
PLX,2024-07-19,45.95945945824215,46.24972972850473,44.60486486368344,45.37891891771699,2054700.0
PLX,2024-07-22,45.28216216096279,45.28216216096279,43.975945944781174,44.84675675556892,2144800.0
PLX,2024-07-23,44.89513513394601,45.66918918797957,43.734054052895694,44.02432432315827,2257300.0
PLX,2024-07-24,43.588918917764396,44.99189189070021,42.669729728599556,44.99189189070021,3363700.0
PLX,2024-07-25,44.50810810692924,45.1854054042086,43.975945944781174,44.84675675556892,1152000.0
PLX,2024-07-26,44.84675675556892,46.58837837714441,44.84675675556892,46.24972972850473,3342100.0
PLX,2024-07-29,47.120540539292485,47.120540539292485,45.76594594473376,46.24972972850473,1352000.0
PLX,2024-07-30,45.95945945824215,46.7335135122757,45.040270269077304,45.57243243122537,1699000.0
PLX,2024-07-31,45.57243243122537,46.24972972850473,44.31459459342085,44.411351350175046,3183900.0
PLX,2024-08-01,44.60486486368344,45.088648647454406,43.83081080964988,43.83081080964988,2571700.0
PLX,2024-08-02,43.588918917764396,45.95945945824215,43.34702702587891,45.95945945824215,2541300.0
PLX,2024-08-05,44.89513513394601,45.33054053933989,43.6372972961415,44.02432432315827,2337800.0
PLX,2024-08-06,44.89513513394601,45.76594594473376,44.07270270153536,45.475675674471184,2174500.0
PLX,2024-08-07,45.66918918797957,46.39486486363602,44.74999999881472,46.24972972850473,1963600.0
PLX,2024-08-08,46.20135135012764,46.63675675552151,45.475675674471184,46.007837836619245,2286700.0
PLX,2024-08-09,46.44324324201312,46.44324324201312,45.475675674471184,46.44324324201312,1397300.0
PLX,2024-08-12,47.120540539292485,48.18486486358861,47.120540539292485,47.26567567442377,4056100.0
PLX,2024-08-13,47.362432431177965,48.18486486358861,47.16891891766957,47.26567567442377,2214600.0
PLX,2024-08-14,47.41081080955506,48.86216216086797,47.16891891766957,47.60432432306345,3083900.0
PLX,2024-08-15,47.60432432306345,47.89459459332603,47.21729729604667,47.41081080955506,1244300.0
PLX,2024-08-16,47.507567566309255,50.0232432419183,47.459189187932154,48.958918917622164,4586000.0
PLX,2024-08-19,48.958918917622164,49.73297297165571,48.76540540411378,48.76540540411378,1223100.0
PLX,2024-08-20,48.66864864735958,49.636216214901516,47.84621621494894,47.84621621494894,2518500.0
PLX,2024-08-21,47.89459459332603,48.378378377097,46.92702702578409,47.21729729604667,3224800.0
PLX,2024-08-22,47.507567566309255,48.03972972845732,47.31405405280086,47.41081080955506,1065800.0
PLX,2024-08-23,47.02378378253829,47.79783783657184,47.02378378253829,47.41081080955506,1218900.0
PLX,2024-08-26,47.55594594468635,47.79783783657184,46.97540540416119,46.97540540416119,1459100.0
PLX,2024-08-27,46.97540540416119,47.74945945819474,46.92702702578409,47.507567566309255,1207800.0
PLX,2024-08-28,47.74945945819474,48.13648648521151,47.60432432306345,47.79783783657184,1087500.0
PLX,2024-08-29,47.99135135008022,47.99135135008022,47.16891891766957,47.21729729604667,722300.0
PLX,2024-08-30,47.21729729604667,47.41081080955506,46.97540540416119,47.02378378253829,892800.0
PLX,2024-09-04,46.7335135122757,46.7335135122757,45.37891891771699,45.475675674471184,2544400.0
PLX,2024-09-05,45.475675674471184,45.862702701487954,44.07270270153536,44.55648648530634,2969500.0
PLX,2024-09-06,44.16945945828956,45.475675674471184,44.16945945828956,45.42729729609409,1277800.0
PLX,2024-09-09,44.70162162043763,45.57243243122537,44.70162162043763,44.943513512323115,791500.0
PLX,2024-09-10,45.37891891771699,45.42729729609409,44.60486486368344,44.89513513394601,1015000.0
PLX,2024-09-11,44.99189189070021,44.99189189070021,44.266216215043755,44.31459459342085,836300.0
PLX,2024-09-12,44.74999999881472,44.79837837719182,43.92756756640407,43.92756756640407,1269800.0
PLX,2024-09-13,43.92756756640407,44.45972972855215,43.5405405393873,44.31459459342085,726100.0
PLX,2024-09-16,44.943513512323115,44.943513512323115,43.5405405393873,43.5405405393873,813500.0
PLX,2024-09-17,43.5405405393873,43.92756756640407,42.76648648535375,43.5405405393873,1125600.0
PLX,2024-09-18,43.87918918802698,44.121081079912464,43.298648647501814,43.5405405393873,895400.0
PLX,2024-09-19,43.588918917764396,43.87918918802698,43.10513513399342,43.87918918802698,1416300.0
PLX,2024-09-20,43.92756756640407,44.84675675556892,43.87918918802698,44.50810810692924,1269300.0
PLX,2024-09-23,44.50810810692924,44.50810810692924,43.6372972961415,43.78243243127279,964800.0
PLX,2024-09-24,43.83081080964988,44.121081079912464,43.5405405393873,43.734054052895694,1181700.0
PLX,2024-09-25,44.02432432315827,44.31459459342085,43.78243243127279,43.92756756640407,1308800.0
PLX,2024-09-26,44.121081079912464,44.50810810692924,43.83081080964988,44.121081079912464,1671300.0
PLX,2024-09-27,44.21783783666666,44.266216215043755,43.443783782633105,43.49216216101021,1565100.0
PLX,2024-09-30,43.588918917764396,43.588918917764396,43.056756755616334,43.056756755616334,1095700.0
PLX,2024-10-01,42.95999999886214,43.49216216101021,42.95999999886214,43.056756755616334,1075700.0
PLX,2024-10-02,43.34702702587891,43.734054052895694,43.15351351237052,43.49216216101021,957100.0
PLX,2024-10-03,43.25027026912472,43.443783782633105,42.81486486373085,42.95999999886214,1303600.0
PLX,2024-10-04,43.056756755616334,44.02432432315827,43.00837837723924,43.6372972961415,2562100.0
PLX,2024-10-07,43.92756756640407,43.92756756640407,43.298648647501814,43.49216216101021,795900.0
PLX,2024-10-08,43.6372972961415,43.975945944781174,43.20189189074762,43.20189189074762,1700400.0
PLX,2024-10-09,43.15351351237052,43.298648647501814,42.91162162048504,42.95999999886214,1817600.0
PLX,2024-10-10,43.15351351237052,43.734054052895694,42.91162162048504,43.056756755616334,748900.0
PLX,2024-10-11,43.443783782633105,43.68567567451859,43.15351351237052,43.25027026912472,713300.0
PLX,2024-10-14,43.25027026912472,43.25027026912472,42.95999999886214,43.00837837723924,712800.0
PLX,2024-10-15,42.91162162048504,43.00837837723924,41.12162162053245,41.46027026917213,3909500.0
PLX,2024-10-16,41.46027026917213,41.46027026917213,40.250810809744706,40.49270270163019,2453100.0
PLX,2024-10-17,40.63783783676148,40.92810810702406,40.395945944876,40.879729728646964,1199000.0
PLX,2024-10-18,41.024864863778255,41.60540540430342,40.92810810702406,40.97648648540116,797800.0
PLX,2024-10-21,40.83135135026987,40.83135135026987,40.15405405299051,40.250810809744706,1344200.0
PLX,2024-10-22,40.250810809744706,40.83135135026987,40.00891891785922,40.44432432325309,1350000.0
PLX,2024-10-23,40.58945945838438,41.07324324215536,40.54108108000729,40.92810810702406,746200.0
PLX,2024-10-24,40.92810810702406,40.97648648540116,40.395945944876,40.395945944876,738000.0
PLX,2024-10-25,40.44432432325309,40.49270270163019,40.105675674613416,40.202432431367605,475900.0
PLX,2024-10-28,40.202432431367605,40.63783783676148,39.428378377334056,40.63783783676148,770900.0
PLX,2024-10-29,40.15405405299051,40.58945945838438,40.15405405299051,40.54108108000729,532900.0
PLX,2024-10-30,40.63783783676148,40.63783783676148,40.00891891785922,40.057297296236314,581000.0
PLX,2024-10-31,40.057297296236314,40.057297296236314,39.67027026921954,39.76702702597374,560300.0
PLX,2024-11-01,39.76702702597374,39.76702702597374,39.283243242202765,39.283243242202765,815900.0
PLX,2024-11-04,39.23486486382566,39.37999999895696,38.605945944923405,38.605945944923405,1077200.0
PLX,2024-11-05,38.41243243141502,39.04135135031728,38.41243243141502,38.751081080054696,477600.0
PLX,2024-11-06,39.18648648544857,39.18648648544857,38.84783783680889,38.84783783680889,554900.0
PLX,2024-11-07,38.992972971940176,39.33162162057986,38.94459459356309,38.992972971940176,564800.0
PLX,2024-11-08,39.23486486382566,39.23486486382566,38.7027027016776,38.751081080054696,608500.0
PLX,2024-11-11,38.7027027016776,38.896216215185994,37.83189189088986,37.97702702602115,1238300.0
PLX,2024-11-12,37.92864864764405,38.26729729628372,37.83189189088986,38.12216216115244,730700.0
PLX,2024-11-13,38.12216216115244,38.17054053952953,37.34810810711888,37.638378377381464,965100.0
PLX,2024-11-14,37.58999999900437,38.460810809792115,37.44486486387308,37.686756755758566,867400.0
PLX,2024-11-15,37.97702702602115,37.97702702602115,37.1545945936105,37.1545945936105,736000.0
PLX,2024-11-18,37.1062162152334,37.58999999900437,36.13864864769146,36.477297296331145,964100.0
PLX,2024-11-19,36.76756756659372,37.54162162062727,36.76756756659372,37.0578378368563,636100.0
PLX,2024-11-20,36.815945944970814,37.54162162062727,36.76756756659372,37.34810810711888,443300.0
PLX,2024-11-21,37.39648648549598,38.02540540439824,37.1062162152334,37.783513512512755,416500.0
PLX,2024-11-22,38.073783782775344,38.073783782775344,37.638378377381464,37.88027026926695,309800.0
PLX,2024-11-25,38.02540540439824,38.17054053952953,37.73513513413566,38.12216216115244,368000.0
PLX,2024-11-26,37.88027026926695,38.17054053952953,37.54162162062727,37.97702702602115,524700.0
PLX,2024-11-27,37.97702702602115,38.12216216115244,37.783513512512755,37.83189189088986,259900.0
PLX,2024-11-28,37.97702702602115,39.23486486382566,37.83189189088986,38.7027027016776,1179100.0
PLX,2024-11-29,38.992972971940176,39.18648648544857,38.7027027016776,38.7027027016776,462600.0
PLX,2024-12-02,38.7027027016776,38.84783783680889,38.17054053952953,38.460810809792115,601800.0
PLX,2024-12-03,38.36405405303792,39.283243242202765,38.17054053952953,38.7027027016776,762700.0
PLX,2024-12-04,38.751081080054696,39.57351351246535,38.751081080054696,38.992972971940176,651300.0
PLX,2024-12-05,38.992972971940176,39.37999999895696,38.7027027016776,39.283243242202765,716100.0
PLX,2024-12-06,39.283243242202765,39.428378377334056,38.7994594584318,39.138108107071474,787600.0
PLX,2024-12-09,39.138108107071474,39.138108107071474,38.7027027016776,38.84783783680889,573300.0
PLX,2024-12-10,38.84783783680889,39.138108107071474,38.7994594584318,38.992972971940176,284700.0
PLX,2024-12-11,38.896216215185994,38.992972971940176,38.55756756654631,38.605945944923405,546600.0
PLX,2024-12-12,38.55756756654631,38.84783783680889,38.12216216115244,38.12216216115244,842600.0
PLX,2024-12-13,38.12216216115244,38.12216216115244,37.44486486387308,37.44486486387308,1285500.0
PLX,2024-12-16,37.73513513413566,37.73513513413566,37.39648648549598,37.44486486387308,647300.0
PLX,2024-12-17,37.39648648549598,37.638378377381464,37.39648648549598,37.638378377381464,438400.0
PLX,2024-12-18,37.44486486387308,38.460810809792115,37.44486486387308,38.02540540439824,791700.0
PLX,2024-12-19,37.638378377381464,38.7027027016776,37.44486486387308,38.12216216115244,776300.0
PLX,2024-12-20,38.315675674660824,38.460810809792115,37.39648648549598,37.73513513413566,592000.0
PLX,2024-12-23,37.83189189088986,38.12216216115244,37.49324324225017,37.49324324225017,526800.0
PLX,2024-12-24,37.58999999900437,37.58999999900437,37.009459458479206,37.2029729719876,603500.0
PLX,2024-12-25,37.2029729719876,37.638378377381464,37.2029729719876,37.34810810711888,740200.0
PLX,2024-12-26,37.54162162062727,37.83189189088986,37.2029729719876,37.2029729719876,756200.0
PLX,2024-12-27,37.34810810711888,37.44486486387308,37.009459458479206,37.25135135036469,1059900.0
PLX,2024-12-30,37.29972972874179,37.44486486387308,36.96108108010211,36.96108108010211,613600.0
PLX,2024-12-31,37.009459458479206,37.1545945936105,36.28378378282275,36.28378378282275,710600.0
PLX,2025-01-02,36.719189188216625,37.1545945936105,36.719189188216625,36.91270270172501,546600.0
PLX,2025-01-03,37.29972972874179,37.34810810711888,36.864324323347915,37.2029729719876,786900.0
PLX,2025-01-06,37.2029729719876,37.49324324225017,36.91270270172501,37.1062162152334,671000.0
PLX,2025-01-07,37.39648648549598,37.39648648549598,36.67081080983952,36.67081080983952,859500.0
PLX,2025-01-08,36.719189188216625,37.0578378368563,36.09027026931436,37.0578378368563,914900.0
PLX,2025-01-09,37.25135135036469,38.02540540439824,37.0578378368563,37.73513513413566,1723700.0
PLX,2025-01-10,37.58999999900437,37.783513512512755,36.76756756659372,36.864324323347915,715700.0
PLX,2025-01-13,37.29972972874179,37.638378377381464,37.1062162152334,37.638378377381464,988600.0
PLX,2025-01-14,37.783513512512755,38.7994594584318,37.783513512512755,38.460810809792115,1717100.0
PLX,2025-01-15,38.605945944923405,38.94459459356309,38.315675674660824,38.7027027016776,1316400.0
PLX,2025-01-16,39.04135135031728,39.04135135031728,38.460810809792115,38.7027027016776,1053800.0
PLX,2025-01-17,38.65432432330051,38.7027027016776,38.315675674660824,38.7027027016776,771900.0
PLX,2025-01-20,38.7027027016776,38.7027027016776,38.460810809792115,38.55756756654631,402200.0
PLX,2025-01-21,38.65432432330051,39.04135135031728,38.12216216115244,38.55756756654631,873000.0
PLX,2025-01-22,38.605945944923405,38.605945944923405,37.88027026926695,37.88027026926695,873000.0
PLX,2025-01-23,37.92864864764405,38.41243243141502,37.686756755758566,38.315675674660824,505800.0
PLX,2025-01-24,37.83189189088986,38.26729729628372,37.83189189088986,38.21891891790663,570100.0
PLX,2025-02-03,37.92864864764405,38.12216216115244,37.58999999900437,38.02540540439824,540700.0
PLX,2025-02-04,38.12216216115244,38.896216215185994,38.12216216115244,38.7027027016776,946300.0
PLX,2025-02-05,38.84783783680889,38.896216215185994,38.41243243141502,38.605945944923405,623200.0
PLX,2025-02-06,38.7027027016776,38.7027027016776,38.315675674660824,38.605945944923405,601300.0
PLX,2025-02-07,38.605945944923405,38.605945944923405,38.41243243141502,38.55756756654631,734700.0
PLX,2025-02-10,38.50918918816921,39.428378377334056,38.315675674660824,39.08972972869437,2002500.0
PLX,2025-02-11,39.18648648544857,39.96054053948212,39.08972972869437,39.86378378272793,2096000.0
PLX,2025-02-12,39.86378378272793,40.105675674613416,39.76702702597374,40.00891891785922,1136400.0
PLX,2025-02-13,40.00891891785922,40.83135135026987,39.62189189084245,40.63783783676148,2400000.0
PLX,2025-02-14,41.024864863778255,41.36351351241794,40.63783783676148,40.97648648540116,2154600.0
PLX,2025-02-17,41.024864863778255,41.702162161057615,40.54108108000729,40.68621621513857,2503600.0
PLX,2025-02-18,40.63783783676148,41.36351351241794,40.54108108000729,41.21837837728665,1697200.0
PLX,2025-02-19,41.60540540430342,41.895675674566,41.41189189079503,41.79891891781181,2234800.0
PLX,2025-02-20,41.9440540529431,41.9440540529431,41.50864864754922,41.702162161057615,1277000.0
PLX,2025-02-21,41.41189189079503,42.08918918807439,41.315135134040844,41.79891891781181,1857100.0
PLX,2025-02-24,41.702162161057615,41.75054053943471,41.26675675566374,41.60540540430342,1506700.0
PLX,2025-02-25,41.60540540430342,42.18594594482859,41.60540540430342,41.895675674566,1837800.0
PLX,2025-02-26,41.895675674566,42.0408108096973,41.60540540430342,41.847297296188906,1081700.0
PLX,2025-02-27,41.79891891781181,41.992432431320196,41.46027026917213,41.557027025926324,1384900.0
PLX,2025-02-28,41.557027025926324,42.28270270158278,41.557027025926324,42.13756756645149,1736700.0
PLX,2025-03-03,41.992432431320196,42.86324324210794,41.847297296188906,42.76648648535375,2398400.0
PLX,2025-03-04,42.76648648535375,43.10513513399342,42.28270270158278,43.056756755616334,2099000.0
PLX,2025-03-05,43.056756755616334,43.056756755616334,42.33108107995987,42.33108107995987,1231500.0
PLX,2025-03-06,42.28270270158278,42.37945945833697,41.315135134040844,42.23432432320568,2031600.0
PLX,2025-03-07,42.18594594482859,42.18594594482859,41.169999998909546,41.46027026917213,3052600.0
PLX,2025-03-10,41.60540540430342,41.60540540430342,40.83135135026987,41.60540540430342,2077400.0
PLX,2025-03-11,41.21837837728665,41.895675674566,41.024864863778255,41.895675674566,1582300.0
PLX,2025-03-12,41.847297296188906,41.847297296188906,41.21837837728665,41.50864864754922,1183400.0
PLX,2025-03-13,41.46027026917213,41.46027026917213,40.3475675664989,40.3475675664989,2540000.0
PLX,2025-03-14,40.250810809744706,40.44432432325309,39.67027026921954,40.057297296236314,1679700.0
PLX,2025-03-17,40.057297296236314,40.3475675664989,39.52513513408825,40.105675674613416,1372100.0
PLX,2025-03-18,40.250810809744706,40.58945945838438,40.105675674613416,40.3475675664989,1315700.0
PLX,2025-03-19,40.44432432325309,40.44432432325309,39.76702702597374,40.15405405299051,676100.0
PLX,2025-03-20,40.057297296236314,40.250810809744706,39.62189189084245,39.96054053948212,859000.0
PLX,2025-03-21,39.96054053948212,40.057297296236314,39.62189189084245,39.96054053948212,1180400.0
PLX,2025-03-24,39.96054053948212,40.105675674613416,39.57351351246535,39.91216216110502,617200.0
PLX,2025-03-25,40.15405405299051,40.15405405299051,39.57351351246535,39.62189189084245,1756600.0
PLX,2025-03-26,39.76702702597374,40.15405405299051,39.67027026921954,39.81540540435083,792100.0
PLX,2025-03-27,39.81540540435083,39.96054053948212,39.47675675571115,39.62189189084245,792100.0
PLX,2025-03-28,39.47675675571115,39.62189189084245,38.50918918816921,38.50918918816921,1649600.0
PLX,2025-03-31,38.315675674660824,38.36405405303792,37.783513512512755,38.26729729628372,1019000.0
PLX,2025-04-01,38.55756756654631,38.992972971940176,38.41243243141502,38.992972971940176,565000.0
PLX,2025-04-02,39.08972972869437,39.08972972869437,38.7027027016776,38.896216215185994,349700.0
PLX,2025-04-03,36.96108108010211,37.92864864764405,36.187027026068556,36.187027026068556,2895800.0
PLX,2025-04-04,33.67135135045951,34.54216216124726,33.67135135045951,34.54216216124726,4400600.0
PLX,2025-04-08,32.3651351342779,33.768108107213706,32.17162162076951,32.17162162076951,1900200.0
PLX,2025-04-09,29.946216215423043,32.026486485638216,29.946216215423043,29.946216215423043,2654100.0
PLX,2025-04-10,32.026486485638216,32.026486485638216,32.026486485638216,32.026486485638216,241400.0
PLX,2025-04-11,34.25189189098467,34.25189189098467,32.3651351342779,34.20351351260758,3676400.0
PLX,2025-04-14,34.15513513423048,34.20351351260758,33.28432432344273,33.71972972883661,1580500.0
PLX,2025-04-15,33.38108108019693,33.622972972082415,32.51027026940918,32.51027026940918,1652500.0
PLX,2025-04-16,32.51027026940918,32.99405405318016,31.92972972888402,31.92972972888402,1204700.0
PLX,2025-04-17,31.881351350506925,32.800540539671765,31.687837836998536,32.75216216129467,801800.0
PLX,2025-04-18,33.13918918831145,33.332702701819834,32.89729729642596,32.89729729642596,607000.0
PLX,2025-04-21,32.89729729642596,33.13918918831145,32.41351351265499,32.70378378291757,417900.0
PLX,2025-04-22,32.70378378291757,32.70378378291757,30.429999999194013,32.026486485638216,1192700.0
PLX,2025-04-23,32.60702702616338,32.70378378291757,32.07486486401531,32.3651351342779,794900.0
PLX,2025-04-24,32.51027026940918,33.13918918831145,32.51027026940918,32.55864864778628,934400.0
PLX,2025-04-25,32.60702702616338,33.332702701819834,32.55864864778628,33.13918918831145,1458100.0
PLX,2025-04-28,33.13918918831145,33.13918918831145,32.55864864778628,32.70378378291757,607800.0
PLX,2025-04-29,32.70378378291757,32.89729729642596,32.70378378291757,32.800540539671765,501900.0
PLX,2025-05-05,32.655405404540474,32.655405404540474,32.12324324239241,32.55864864778628,657900.0
PLX,2025-05-06,32.800540539671765,33.477837836951124,32.60702702616338,32.800540539671765,1536800.0
PLX,2025-05-07,31.92972972888402,32.70378378291757,31.92972972888402,32.41351351265499,2037600.0
PLX,2025-05-08,32.12324324239241,34.63891891800145,32.12324324239241,34.54216216124726,4092900.0
PLX,2025-05-09,34.54216216124726,34.63891891800145,33.8648648639679,34.00999999909919,1594600.0
PLX,2025-05-12,34.00999999909919,34.54216216124726,34.00999999909919,34.34864864773887,1724800.0
PLX,2025-05-13,34.832432431509844,34.832432431509844,34.397027026115964,34.397027026115964,1535800.0
PLX,2025-05-14,34.54216216124726,35.074324323395324,34.445405404493066,34.54216216124726,2599300.0
PLX,2025-05-15,34.54216216124726,34.78405405313275,34.25189189098467,34.397027026115964,1228900.0
PLX,2025-05-16,34.445405404493066,34.92918918826403,34.397027026115964,34.59054053962436,1451300.0
PLX,2025-05-19,34.54216216124726,34.59054053962436,33.913243242345,33.9616216207221,1050100.0
PLX,2025-05-20,33.9616216207221,34.00999999909919,33.622972972082415,33.67135135045951,847600.0
PLX,2025-05-21,33.81648648559081,34.445405404493066,33.71972972883661,34.15513513423048,907400.0
PLX,2025-05-22,34.15513513423048,34.15513513423048,33.52621621532822,33.67135135045951,813800.0
PLX,2025-05-23,33.67135135045951,33.81648648559081,32.99405405318016,33.23594594506564,1026400.0
PLX,2025-05-26,33.13918918831145,33.67135135045951,32.2683783775237,33.57459459370532,1114500.0
PLX,2025-05-27,33.71972972883661,34.00999999909919,33.52621621532822,33.622972972082415,1033800.0
PLX,2025-05-28,33.913243242345,34.92918918826403,33.913243242345,34.34864864773887,1771500.0
PLX,2025-05-29,34.397027026115964,34.397027026115964,33.67135135045951,33.768108107213706,1258000.0
PLX,2025-05-30,33.57459459370532,33.913243242345,33.38108108019693,33.38108108019693,760700.0
PLX,2025-06-02,33.768108107213706,34.445405404493066,33.57459459370532,34.445405404493066,1837700.0
PLX,2025-06-03,34.59054053962436,34.68729729637855,34.445405404493066,34.49378378287016,1206000.0
PLX,2025-06-04,34.63891891800145,35.5581081071663,34.59054053962436,34.88081080988693,2128200.0
PLX,2025-06-05,35.267837836903716,35.31621621528081,34.78405405313275,34.92918918826403,1411300.0
PLX,2025-06-06,35.074324323395324,36.57405405308533,35.074324323395324,36.187027026068556,3673900.0
PLX,2025-06-09,36.23540540444566,36.23540540444566,35.364594593657905,35.79999999905178,2188700.0
PLX,2025-06-10,35.8,35.8,35.3,35.5,651600.0
PLX,2025-06-11,35.5,35.5,34.95,34.95,897800.0
PLX,2025-06-12,35.45,35.7,35.2,35.25,600800.0
PLX,2025-06-13,36.1,37.7,36.1,37.7,5447600.0
PLX,2025-06-16,40.0,40.3,38.65,40.3,5736900.0
PLX,2025-06-17,40.35,40.35,38.95,39.05,2712900.0
PLX,2025-06-18,40.0,40.2,39.0,39.0,2508200.0
PLX,2025-06-19,39.15,39.9,38.25,39.55,2533800.0
PLX,2025-06-20,39.55,39.8,38.65,39.15,1434800.0
PLX,2025-06-23,41.85,41.85,40.0,40.2,3114400.0
PLX,2025-06-24,37.8,38.9,37.8,38.05,2964800.0
PLX,2025-06-25,38.0,38.4,37.1,37.3,1860000.0
PLX,2025-06-26,37.3,37.7,36.85,37.05,1507600.0
PLX,2025-06-27,37.1,37.6,36.95,37.3,573000.0
PLX,2025-06-30,37.3,37.5,37.0,37.25,930200.0
PLX,2025-07-01,37.25,37.25,36.9,36.9,1078100.0
PLX,2025-07-02,36.9,37.1,36.85,36.95,678300.0
PLX,2025-07-03,37.2,37.4,37.0,37.0,781500.0
PLX,2025-07-04,37.0,37.3,37.0,37.25,937200.0
PLX,2025-07-07,37.25,37.3,37.0,37.1,984200.0
PLX,2025-07-08,37.1,37.35,37.1,37.3,1229900.0
PLX,2025-07-09,37.5,37.85,37.35,37.45,1348500.0
PLX,2025-07-10,37.5,38.35,37.45,37.9,1682800.0
PLX,2025-07-11,37.9,37.95,37.6,37.7,1223000.0
PLX,2025-07-14,37.9,37.9,37.3,37.5,1239200.0
PLX,2025-07-15,37.5,37.7,37.3,37.3,1511400.0
PLX,2025-07-16,37.3,37.5,37.05,37.25,1002100.0
PLX,2025-07-17,37.25,37.35,37.05,37.1,1791300.0
PLX,2025-07-18,37.15,37.6,37.15,37.3,2295400.0
PLX,2025-07-21,37.55,37.6,37.1,37.1,1174400.0
PLX,2025-07-22,37.1,37.15,36.9,37.15,1523400.0
PLX,2025-07-23,37.25,37.5,37.0,37.25,2046600.0
PLX,2025-07-24,37.35,38.2,37.3,38.1,4400700.0
PLX,2025-07-25,38.2,38.6,38.0,38.1,2922100.0
PLX,2025-07-28,38.15,38.2,37.7,37.85,3965000.0
PLX,2025-07-29,37.9,38.5,36.5,36.5,7470400.0
PLX,2025-07-30,37.0,37.0,36.2,36.3,3099700.0
PLX,2025-07-31,36.6,37.1,36.15,36.25,2104500.0
PLX,2025-08-01,36.25,36.3,35.65,35.8,3046700.0
PLX,2025-08-04,36.3,36.85,36.0,36.6,2611700.0
PLX,2025-08-05,36.9,37.1,36.2,36.6,3923500.0
PLX,2025-08-06,36.8,37.6,36.7,37.45,2980400.0
PLX,2025-08-07,37.5,37.55,37.0,37.1,2324500.0
PLX,2025-08-08,37.1,38.5,37.1,38.2,6375200.0
PLX,2025-08-11,38.25,38.5,37.65,37.95,2344600.0
PLX,2025-08-12,38.0,38.85,37.65,38.5,4940600.0
PLX,2025-08-13,38.65,38.95,37.5,38.0,3546500.0
PLX,2025-08-14,38.4,38.4,37.55,37.9,2328900.0
PLX,2025-08-15,38.0,39.75,37.7,38.5,7512200.0
PLX,2025-08-18,39.2,39.35,38.45,38.8,3223300.0
PLX,2025-08-19,38.8,39.3,38.35,38.35,4029200.0
PLX,2025-08-20,38.3,38.35,36.65,37.0,4907300.0
PLX,2025-08-21,37.0,37.4,36.7,36.9,2486700.0
PLX,2025-08-22,36.7,36.85,35.85,35.95,3927900.0
PLX,2025-08-25,36.1,36.5,35.75,35.85,2063900.0
PLX,2025-08-26,36.0,36.4,35.9,36.35,2245400.0
PLX,2025-08-27,36.35,36.85,36.15,36.4,1392400.0
PLX,2025-08-28,36.45,36.8,36.1,36.15,1883600.0
PLX,2025-08-29,36.5,36.5,36.05,36.1,1694600.0
PLX,2025-09-03,36.4,36.95,36.3,36.55,2090600.0
PLX,2025-09-04,36.6,37.0,36.5,36.65,1443500.0
PLX,2025-09-05,36.8,37.2,36.6,36.6,2740600.0
PLX,2025-09-08,36.5,36.6,35.5,35.5,3117400.0
PLX,2025-09-09,35.55,35.7,35.15,35.45,1657600.0
PLX,2025-09-10,35.6,35.85,35.25,35.4,951800.0
PLX,2025-09-11,35.6,35.7,34.85,35.35,2030600.0
PLX,2025-09-12,35.4,36.0,35.25,35.6,1759700.0
PLX,2025-09-15,36.0,36.05,35.6,35.75,1254400.0
PLX,2025-09-16,36.0,36.3,35.8,35.95,2344000.0
PLX,2025-09-17,36.15,36.65,36.0,36.1,1910400.0
PLX,2025-09-18,36.1,36.15,35.55,35.6,1609700.0
PLX,2025-09-19,35.55,35.75,35.3,35.35,2152000.0
PLX,2025-09-22,35.4,35.55,34.85,34.85,1866700.0
PLX,2025-09-23,35.0,35.2,34.75,34.75,1169300.0
PLX,2025-09-24,34.8,35.05,34.6,35.0,1194300.0
PLX,2025-09-25,35.15,35.3,35.05,35.05,1032600.0
PLX,2025-09-26,35.3,35.3,34.8,34.8,804600.0
PLX,2025-09-29,35.2,35.3,34.65,34.75,1020300.0
PLX,2025-09-30,34.75,34.8,34.0,34.2,1610600.0
PLX,2025-10-01,34.2,34.45,34.15,34.15,696000.0
PLX,2025-10-02,34.15,34.35,34.0,34.0,1039500.0
PLX,2025-10-03,34.15,34.15,33.3,33.45,2004500.0
PLX,2025-10-06,34.0,34.15,33.7,34.15,921500.0
PLX,2025-10-07,34.3,34.35,33.9,33.9,891600.0
PLX,2025-10-08,34.3,34.4,33.9,33.95,1039400.0
PLX,2025-10-09,34.0,34.4,33.85,34.1,1216800.0
PLX,2025-10-10,34.15,34.25,33.95,34.05,1171100.0
PLX,2025-10-13,33.7,34.05,33.55,34.05,1238600.0
PLX,2025-10-14,34.05,34.3,33.5,33.6,1916500.0
PLX,2025-10-15,33.6,33.9,33.55,33.7,1660100.0
PLX,2025-10-16,33.7,33.9,33.4,33.7,1735700.0
PLX,2025-10-17,33.7,33.75,33.45,33.55,1940900.0
PLX,2025-10-20,33.5,33.5,32.5,32.7,2222300.0
PLX,2025-10-21,32.8,33.5,32.8,33.35,1522900.0
PLX,2025-10-22,33.5,34.5,33.4,34.25,2047700.0
PLX,2025-10-23,34.6,34.95,34.25,34.25,1270200.0
PLX,2025-10-24,34.8,34.85,34.25,34.3,1108600.0
PLX,2025-10-27,34.8,34.8,34.15,34.15,776900.0
PLX,2025-10-28,34.15,34.3,33.85,34.05,641700.0
PLX,2025-10-29,34.1,34.5,34.0,34.5,1345200.0
PLX,2025-10-30,34.6,34.8,34.4,34.55,793900.0
PLX,2025-10-31,34.55,35.5,34.55,34.55,4937600.0
PLX,2025-11-03,35.0,35.0,34.3,34.3,1161500.0
PLX,2025-11-04,34.2,34.5,33.75,34.2,1942900.0
PLX,2025-11-05,34.3,36.1,34.3,35.2,4302700.0
PLX,2025-11-06,35.3,35.4,34.7,34.75,2001900.0
PLX,2025-11-07,34.8,35.0,34.0,34.0,2556500.0
PLX,2025-11-10,34.15,34.4,33.9,33.9,1622400.0
PLX,2025-11-11,33.95,34.1,33.7,33.75,1320500.0
PLX,2025-11-12,34.0,34.05,33.75,34.05,1081700.0
PLX,2025-11-13,34.05,35.05,34.0,34.5,2597000.0
PLX,2025-11-14,34.55,34.85,34.4,34.5,1409500.0
PLX,2025-11-17,34.55,34.7,34.4,34.7,1654200.0
PLX,2025-11-18,34.65,35.1,34.55,34.55,2769100.0
PLX,2025-11-19,34.55,34.85,34.4,34.7,1997700.0
PLX,2025-11-20,34.75,34.85,34.3,34.4,1406200.0
PLX,2025-11-21,34.25,34.35,33.8,33.95,2146100.0
PLX,2025-11-24,33.9,34.1,33.75,33.85,806300.0
PLX,2025-11-25,33.85,33.95,33.45,33.5,1547200.0
PLX,2025-11-26,33.55,34.05,33.55,33.85,592900.0
PLX,2025-11-27,33.85,34.1,33.7,34.0,684000.0
PLX,2025-11-28,34.0,34.05,33.7,33.9,913400.0
PLX,2025-12-01,33.9,34.5,33.9,34.45,1418900.0
PLX,2025-12-02,34.4,34.9,34.2,34.85,1938700.0
PLX,2025-12-03,35.2,35.35,34.55,34.6,1597900.0
PLX,2025-12-04,34.8,35.1,34.55,34.95,1749600.0
PLX,2025-12-05,34.95,34.95,34.3,34.4,1113500.0
PLX,2025-12-08,34.45,36.3,34.4,36.05,3941600.0
PLX,2025-12-09,35.8,35.8,34.9,35.0,1603100.0
PLX,2025-12-10,35.1,35.1,34.5,34.6,1073800.0
PLX,2025-12-11,34.7,34.8,34.35,34.4,898200.0
PLX,2025-12-12,34.4,34.45,33.5,33.7,1618800.0
PLX,2025-12-15,33.85,33.9,33.6,33.9,629200.0
PLX,2025-12-16,34.0,34.55,33.3,34.4,1592700.0
PLX,2025-12-17,34.3,35.6,34.3,34.65,3301800.0
PLX,2025-12-18,34.85,35.15,34.6,34.8,935500.0
PLX,2025-12-19,34.8,35.2,34.65,34.85,1134500.0
PLX,2025-12-22,34.9,35.3,34.9,35.3,1460400.0
PLX,2025-12-23,35.45,36.1,34.9,35.6,3530800.0
PLX,2025-12-24,35.55,35.65,35.15,35.15,1058800.0
PLX,2025-12-25,35.45,35.9,35.05,35.05,1864700.0
PLX,2025-12-26,35.05,35.55,34.7,35.55,1963300.0
PLX,2025-12-29,35.7,37.0,35.6,36.5,5305400.0
PLX,2025-12-30,36.6,36.6,35.7,35.75,1525900.0
PLX,2025-12-31,35.95,36.3,35.3,35.3,1541000.0
PLX,2026-01-05,35.9,37.0,35.35,36.3,6072100.0
PLX,2026-01-06,36.35,38.8,36.3,38.75,13251500.0
PLX,2026-01-07,39.4,41.45,38.85,41.45,15146400.0
PLX,2026-01-08,44.0,44.0,40.0,41.5,12736300.0
PLX,2026-01-09,41.7,44.0,41.5,43.0,8135100.0
PLX,2026-01-12,44.0,45.55,41.55,42.4,9725000.0
PLX,2026-01-13,42.4,45.35,42.3,45.35,9964700.0
PLX,2026-01-14,47.6,48.5,47.0,48.5,15641100.0
PLX,2026-01-15,48.1,51.8,47.0,51.8,15407000.0
PLX,2026-01-16,52.0,55.4,50.0,52.0,14325800.0
PLX,2026-01-19,52.8,55.6,51.5,55.6,11820900.0
PLX,2026-01-20,58.4,59.4,57.5,59.0,11931600.0
PLX,2026-01-21,57.8,60.6,55.4,59.1,12501000.0
PLX,2026-01-22,60.0,61.2,56.3,56.5,9461200.0
PLX,2026-01-23,56.4,57.3,53.0,54.6,12328300.0
PLX,2026-01-26,54.3,58.4,54.2,57.0,14211800.0
PLX,2026-01-27,58.0,60.9,56.5,60.9,13432600.0
PLX,2026-01-28,63.2,64.8,57.2,58.9,15553600.0
PLX,2026-01-29,58.2,58.8,56.4,57.7,10120500.0
PLX,2026-01-30,58.4,59.5,57.7,58.9,6913800.0
PLX,2026-02-02,57.3,60.9,56.8,60.9,10121500.0
PLX,2026-02-03,60.5,62.7,59.5,60.0,8365200.0
PLX,2026-02-04,60.0,61.3,58.7,60.0,5519900.0
PLX,2026-02-05,60.0,60.7,57.4,57.4,7237200.0
PLX,2026-02-06,56.5,59.6,54.3,57.0,10233300.0
PLX,2026-02-09,57.5,58.2,56.5,57.3,2437900.0
PLX,2026-02-10,57.6,58.4,53.3,53.3,11387800.0
PLX,2026-02-11,52.0,53.6,50.5,51.7,7516800.0
PLX,2026-02-12,52.6,53.3,51.6,51.7,2640700.0
PLX,2026-02-13,51.6,52.7,50.7,52.0,3678600.0
PLX,2026-02-23,54.5,55.6,53.3,55.6,2808000.0
PLX,2026-02-24,57.5,58.5,56.7,57.7,9898400.0
PLX,2026-02-25,57.7,59.8,57.0,58.0,9033300.0
PLX,2026-02-26,58.5,58.6,56.0,57.5,4712800.0
PLX,2026-02-27,58.3,61.2,57.5,57.8,6852500.0
PLX,2026-03-02,61.3,61.8,60.0,61.8,10141600.0
PLX,2026-03-03,64.1,66.1,58.9,66.1,17753500.0
PLX,2026-03-04,68.0,70.4,66.0,69.5,11579000.0
PLX,2026-03-05,69.4,69.5,64.7,64.7,10215500.0
PLX,2026-03-06,63.6,67.0,60.8,62.0,11602800.0
PLX,2026-03-09,65.9,65.9,57.7,57.7,13231700.0
PLX,2026-03-10,55.0,58.1,53.7,53.7,8193700.0
PLX,2026-03-11,51.6,55.2,51.4,55.2,8718600.0
PLX,2026-03-12,55.0,55.2,52.0,52.0,7032400.0
PLX,2026-03-13,52.0,54.4,48.4,48.4,11908400.0
PLX,2026-03-16,48.0,48.1,45.05,46.7,10155600.0
PLX,2026-03-17,47.9,48.1,45.35,45.65,3705400.0
PLX,2026-03-18,45.2,48.8,45.2,48.45,6619900.0
PLX,2026-03-19,48.1,48.1,45.6,46.0,3988500.0
PLX,2026-03-20,46.6,46.6,42.8,42.8,7430100.0
PLX,2026-03-23,41.1,42.95,40.05,41.0,6716900.0
PLX,2026-03-24,42.0,42.1,38.5,39.8,8805600.0
PLX,2026-03-25,40.4,42.3,40.4,41.3,4323200.0
PLX,2026-03-26,41.3,41.3,39.7,39.9,4222400.0
PLX,2026-03-27,40.2,42.4,40.0,42.25,6104900.0
PLX,2026-03-30,42.0,43.0,41.4,41.4,5415300.0
PLX,2026-03-31,41.9,41.9,40.35,40.4,4149100.0
PLX,2026-04-01,41.1,41.85,40.5,40.7,4263100.0
PLX,2026-04-02,41.0,41.45,40.05,40.4,2560600.0
PLX,2026-04-03,40.9,41.35,40.2,40.2,2933800.0
PLX,2026-04-06,40.2,40.2,38.9,38.9,3124000.0
PLX,2026-04-07,38.95,39.55,38.55,38.6,1984000.0
PLX,2026-04-08,39.5,40.75,38.95,40.5,3490600.0
PLX,2026-04-09,40.5,40.5,39.5,39.5,2983000.0
PLX,2026-04-10,39.95,42.0,39.55,41.15,5697200.0
PLX,2026-04-13,41.9,41.95,40.5,40.7,3019000.0
PLX,2026-04-14,41.2,41.2,40.1,40.15,2218200.0
PLX,2026-04-15,40.15,40.7,39.65,39.8,2864800.0
PLX,2026-04-16,40.1,40.1,38.9,39.1,3333400.0
PLX,2026-04-17,39.4,40.45,38.95,39.95,2901300.0
PLX,2026-04-20,40.1,40.3,39.3,39.45,1765400.0
PLX,2026-04-21,39.45,40.0,39.3,39.35,1986400.0
PLX,2026-04-22,39.6,39.6,39.0,39.0,1910900.0
PLX,2026-04-23,39.1,39.7,38.0,39.3,3786500.0
PLX,2026-04-24,39.65,41.35,39.55,39.7,6401800.0
PLX,2026-04-28,38.2,39.2,36.95,36.95,6503400.0
PLX,2026-04-29,37.0,37.45,36.25,37.15,3564100.0
PLX,2026-05-04,38.5,39.75,38.1,38.7,4403600.0
PLX,2026-05-05,38.65,39.7,37.8,39.25,3878000.0
PLX,2026-05-06,39.25,39.6,38.65,39.0,3098200.0
PLX,2026-05-07,38.9,38.9,37.7,37.7,4485600.0
PLX,2026-05-08,38.1,38.35,37.5,37.6,1959300.0
PLX,2026-05-11,38.0,38.0,36.6,36.8,5094400.0
PLX,2026-05-12,37.2,37.9,37.0,37.8,1738800.0
PLX,2026-05-13,37.8,40.4,37.5,40.35,10796000.0
PLX,2026-05-14,40.5,41.75,39.75,39.85,5371100.0
