Symbol,Date,Open,High,Low,Close,Volume
POW,2021-05-17,9.999697935422715,10.162294649819831,9.877750399624876,9.877750399624876,7355700.0
POW,2021-05-18,9.837101221025597,9.959048756823435,9.715153685227758,9.755802863827038,9919200.0
POW,2021-05-19,9.755802863827038,9.837101221025597,9.430609435032803,9.511907792231362,17202900.0
POW,2021-05-20,9.511907792231362,9.6338553280292,9.268012720635687,9.308661899234965,14892600.0
POW,2021-05-21,9.308661899234965,9.715153685227758,9.186714363437128,9.511907792231362,10073200.0
POW,2021-05-24,9.6338553280292,9.715153685227758,9.511907792231362,9.593206149429921,7294500.0
POW,2021-05-25,9.755802863827038,9.877750399624876,9.6338553280292,9.67450450662848,8904500.0
POW,2021-05-26,9.67450450662848,9.67450450662848,9.471258613632083,9.471258613632083,10227800.0
POW,2021-05-27,9.552556970830642,9.6338553280292,9.389960256433525,9.471258613632083,10037800.0
POW,2021-05-28,9.471258613632083,9.593206149429921,9.430609435032803,9.511907792231362,11050400.0
POW,2021-05-31,9.511907792231362,9.552556970830642,9.308661899234965,9.552556970830642,10786100.0
POW,2021-06-01,9.837101221025597,9.999697935422715,9.755802863827038,9.837101221025597,15306200.0
POW,2021-06-02,9.877750399624876,9.918399578224156,9.6338553280292,9.67450450662848,10585300.0
POW,2021-06-03,9.715153685227758,10.324891364216947,9.715153685227758,10.324891364216947,29483700.0
POW,2021-06-04,10.568786435812624,10.650084793011183,10.28424218561767,10.650084793011183,28089300.0
POW,2021-06-07,10.812681507408302,10.934629043206138,10.406189721415508,10.487488078614067,16365800.0
POW,2021-06-08,10.324891364216947,10.406189721415508,9.796452042426319,9.837101221025597,17997100.0
POW,2021-06-09,9.755802863827038,9.918399578224156,9.593206149429921,9.837101221025597,14736400.0
POW,2021-06-10,9.837101221025597,9.918399578224156,9.593206149429921,9.67450450662848,11610500.0
POW,2021-06-11,9.67450450662848,9.877750399624876,9.67450450662848,9.796452042426319,7187300.0
POW,2021-06-14,9.877750399624876,10.040347114021992,9.755802863827038,9.918399578224156,10929200.0
POW,2021-06-15,9.918399578224156,10.040347114021992,9.755802863827038,9.796452042426319,7093600.0
POW,2021-06-16,9.796452042426319,9.999697935422715,9.755802863827038,9.796452042426319,8674000.0
POW,2021-06-17,9.715153685227758,10.24359300701839,9.67450450662848,10.080996292621274,16648000.0
POW,2021-06-18,10.24359300701839,10.24359300701839,9.959048756823435,9.999697935422715,9572300.0
POW,2021-06-21,9.999697935422715,10.324891364216947,9.918399578224156,10.162294649819831,17757700.0
POW,2021-06-22,10.24359300701839,10.406189721415508,10.162294649819831,10.20294382841911,13555100.0
POW,2021-06-23,10.24359300701839,10.28424218561767,9.918399578224156,9.999697935422715,8212200.0
POW,2021-06-24,9.959048756823435,10.040347114021992,9.796452042426319,9.877750399624876,9627100.0
POW,2021-06-25,9.877750399624876,9.959048756823435,9.715153685227758,9.877750399624876,8387300.0
POW,2021-06-28,9.918399578224156,9.959048756823435,9.837101221025597,9.877750399624876,6854600.0
POW,2021-06-29,9.918399578224156,9.959048756823435,9.796452042426319,9.796452042426319,7940100.0
POW,2021-06-30,9.796452042426319,9.999697935422715,9.755802863827038,9.796452042426319,8169100.0
POW,2021-07-01,9.796452042426319,9.877750399624876,9.715153685227758,9.837101221025597,7807900.0
POW,2021-07-02,9.837101221025597,9.918399578224156,9.755802863827038,9.755802863827038,6398400.0
POW,2021-07-05,9.715153685227758,9.755802863827038,9.471258613632083,9.511907792231362,15564100.0
POW,2021-07-06,9.552556970830642,9.6338553280292,9.308661899234965,9.308661899234965,10712400.0
POW,2021-07-07,9.308661899234965,9.430609435032803,9.105416006238569,9.268012720635687,10777600.0
POW,2021-07-08,9.268012720635687,9.389960256433525,9.186714363437128,9.227363542036407,6718600.0
POW,2021-07-09,9.186714363437128,9.186714363437128,8.780222577444334,8.780222577444334,12818700.0
POW,2021-07-12,8.780222577444334,8.820871756043614,8.170484898455145,8.251783255653704,17743200.0
POW,2021-07-13,8.292432434252982,8.576976684447938,8.211134077054423,8.576976684447938,10774400.0
POW,2021-07-14,8.617625863047216,8.698924220245775,8.41437997005082,8.495678327249378,6468200.0
POW,2021-07-15,8.495678327249378,8.698924220245775,8.37373079145154,8.698924220245775,5825100.0
POW,2021-07-16,8.698924220245775,8.698924220245775,8.536327505848659,8.617625863047216,5733300.0
POW,2021-07-19,8.37373079145154,8.4550291486501,8.113576048416153,8.211134077054423,11011600.0
POW,2021-07-20,8.292432434252982,8.37373079145154,8.170484898455145,8.37373079145154,7529300.0
POW,2021-07-21,8.37373079145154,8.4550291486501,8.292432434252982,8.333081612852261,4317000.0
POW,2021-07-22,8.37373079145154,8.536327505848659,8.292432434252982,8.41437997005082,8910900.0
POW,2021-07-23,8.4550291486501,8.739573398845055,8.4550291486501,8.536327505848659,12222200.0
POW,2021-07-26,8.4550291486501,8.576976684447938,8.41437997005082,8.536327505848659,3884200.0
POW,2021-07-27,8.617625863047216,8.902170113242171,8.576976684447938,8.780222577444334,11297500.0
POW,2021-07-28,8.698924220245775,8.780222577444334,8.617625863047216,8.617625863047216,5322700.0
POW,2021-07-29,8.698924220245775,8.698924220245775,8.576976684447938,8.658275041646498,4549800.0
POW,2021-07-30,8.658275041646498,8.780222577444334,8.576976684447938,8.698924220245775,7996900.0
POW,2021-08-02,8.698924220245775,8.861520934642893,8.658275041646498,8.739573398845055,8168300.0
POW,2021-08-03,8.780222577444334,8.820871756043614,8.698924220245775,8.780222577444334,5277700.0
POW,2021-08-04,8.780222577444334,8.902170113242171,8.739573398845055,8.820871756043614,7279310.0
POW,2021-08-05,8.780222577444334,8.861520934642893,8.698924220245775,8.780222577444334,5149400.0
POW,2021-08-06,8.780222577444334,9.105416006238569,8.739573398845055,8.942819291841452,13384300.0
POW,2021-08-09,8.983468470440732,9.105416006238569,8.861520934642893,9.06476682763929,6608900.0
POW,2021-08-10,9.105416006238569,9.268012720635687,9.06476682763929,9.146065184837848,8710300.0
POW,2021-08-11,9.146065184837848,9.552556970830642,9.105416006238569,9.308661899234965,14088400.0
POW,2021-08-12,9.349311077834244,9.389960256433525,9.227363542036407,9.227363542036407,7889100.0
POW,2021-08-13,9.186714363437128,9.308661899234965,9.02411764904001,9.186714363437128,9936000.0
POW,2021-08-16,9.186714363437128,9.389960256433525,9.186714363437128,9.308661899234965,9434700.0
POW,2021-08-17,9.349311077834244,9.349311077834244,9.186714363437128,9.227363542036407,6582200.0
POW,2021-08-18,9.227363542036407,9.308661899234965,9.146065184837848,9.268012720635687,8895200.0
POW,2021-08-19,9.268012720635687,9.268012720635687,9.146065184837848,9.227363542036407,6789800.0
POW,2021-08-20,9.227363542036407,9.268012720635687,8.739573398845055,8.861520934642893,15373900.0
POW,2021-08-23,8.820871756043614,8.861520934642893,8.576976684447938,8.576976684447938,8650400.0
POW,2021-08-24,8.617625863047216,8.739573398845055,8.4550291486501,8.576976684447938,9744200.0
POW,2021-08-25,8.658275041646498,9.146065184837848,8.576976684447938,9.146065184837848,13978200.0
POW,2021-08-26,9.430609435032803,9.471258613632083,9.105416006238569,9.227363542036407,11872100.0
POW,2021-08-27,9.146065184837848,9.755802863827038,8.983468470440732,9.67450450662848,26372500.0
POW,2021-08-30,9.755802863827038,9.918399578224156,9.6338553280292,9.715153685227758,13359030.0
POW,2021-08-31,9.715153685227758,9.755802863827038,9.552556970830642,9.6338553280292,9509900.0
POW,2021-09-01,9.552556970830642,10.121645471220551,9.511907792231362,10.121645471220551,29850300.0
POW,2021-09-06,10.162294649819831,10.365540542816229,10.040347114021992,10.080996292621274,14454100.0
POW,2021-09-07,10.080996292621274,10.162294649819831,9.796452042426319,9.796452042426319,14859100.0
POW,2021-09-08,9.755802863827038,9.918399578224156,9.6338553280292,9.67450450662848,12086400.0
POW,2021-09-09,9.715153685227758,10.040347114021992,9.6338553280292,9.837101221025597,9601500.0
POW,2021-09-10,9.796452042426319,10.040347114021992,9.796452042426319,9.837101221025597,7819800.0
POW,2021-09-13,9.837101221025597,9.877750399624876,9.6338553280292,9.6338553280292,10403000.0
POW,2021-09-14,9.593206149429921,9.755802863827038,9.308661899234965,9.349311077834244,15831400.0
POW,2021-09-15,9.349311077834244,9.6338553280292,9.349311077834244,9.593206149429921,6169800.0
POW,2021-09-16,9.6338553280292,9.67450450662848,9.471258613632083,9.593206149429921,6024200.0
POW,2021-09-17,9.67450450662848,9.877750399624876,9.511907792231362,9.552556970830642,15584500.0
POW,2021-09-20,9.715153685227758,9.755802863827038,9.511907792231362,9.552556970830642,9918000.0
POW,2021-09-21,9.430609435032803,9.552556970830642,9.349311077834244,9.471258613632083,10082200.0
POW,2021-09-22,9.511907792231362,9.6338553280292,9.389960256433525,9.593206149429921,9702400.0
POW,2021-09-23,9.715153685227758,9.715153685227758,9.552556970830642,9.552556970830642,7630800.0
POW,2021-09-24,9.593206149429921,9.593206149429921,9.430609435032803,9.430609435032803,8079100.0
POW,2021-09-27,9.471258613632083,9.67450450662848,9.389960256433525,9.389960256433525,9429800.0
POW,2021-09-28,9.389960256433525,9.593206149429921,9.308661899234965,9.552556970830642,7279400.0
POW,2021-09-29,9.552556970830642,10.080996292621274,9.552556970830642,9.918399578224156,31407160.0
POW,2021-09-30,10.083706238191837,10.12503290310246,9.794419583817481,9.877072913638726,9275300.0
POW,2021-10-01,9.75309291890686,10.207686232923704,9.75309291890686,10.083706238191837,18875710.0
POW,2021-10-04,10.290339562744949,10.66227954694055,10.290339562744949,10.455646222387438,32008500.0
POW,2021-10-05,10.49697288729806,10.66227954694055,10.372992892566195,10.538299552208683,22312000.0
POW,2021-10-06,10.620952882029927,10.827586206583039,10.49697288729806,10.620952882029927,18554500.0
POW,2021-10-07,10.620952882029927,10.620952882029927,10.414319557476816,10.455646222387438,17201900.0
POW,2021-10-08,10.49697288729806,10.49697288729806,10.249012897834326,10.290339562744949,18392600.0
POW,2021-10-11,10.249012897834326,10.414319557476816,10.083706238191837,10.249012897834326,22294500.0
POW,2021-10-12,10.249012897834326,10.49697288729806,10.249012897834326,10.49697288729806,22239000.0
POW,2021-10-13,10.579626217119305,10.579626217119305,10.290339562744949,10.331666227655571,15189100.0
POW,2021-10-14,10.331666227655571,10.414319557476816,10.249012897834326,10.331666227655571,13780000.0
POW,2021-10-15,10.331666227655571,10.414319557476816,10.083706238191837,10.166359568013084,17316800.0
POW,2021-10-18,10.166359568013084,10.331666227655571,10.12503290310246,10.207686232923704,13434000.0
POW,2021-10-19,10.166359568013084,10.331666227655571,10.12503290310246,10.166359568013084,10371700.0
POW,2021-10-20,10.166359568013084,10.249012897834326,9.959726243459972,10.166359568013084,13667100.0
POW,2021-10-21,10.166359568013084,10.166359568013084,9.959726243459972,9.959726243459972,13635800.0
POW,2021-10-22,9.959726243459972,10.083706238191837,9.918399578549348,10.001052908370593,10268400.0
POW,2021-10-25,10.12503290310246,10.249012897834326,10.001052908370593,10.12503290310246,13707600.0
POW,2021-10-26,10.12503290310246,10.249012897834326,10.001052908370593,10.207686232923704,8647600.0
POW,2021-10-27,10.249012897834326,10.331666227655571,10.12503290310246,10.249012897834326,15973300.0
POW,2021-10-28,10.290339562744949,10.703606211851172,10.290339562744949,10.538299552208683,28317600.0
POW,2021-10-29,10.620952882029927,10.66227954694055,10.331666227655571,10.455646222387438,15593700.0
POW,2021-11-01,10.744932876761794,10.992892866225528,10.66227954694055,10.827586206583039,32971900.0
POW,2021-11-02,10.827586206583039,10.827586206583039,10.620952882029927,10.620952882029927,20217000.0
POW,2021-11-03,10.66227954694055,10.703606211851172,10.372992892566195,10.414319557476816,22332500.0
POW,2021-11-04,10.414319557476816,10.579626217119305,10.331666227655571,10.455646222387438,12984900.0
POW,2021-11-05,10.49697288729806,10.910239536404283,10.49697288729806,10.744932876761794,19544900.0
POW,2021-11-08,10.786259541672417,11.03421953113615,10.744932876761794,10.827586206583039,19732600.0
POW,2021-11-09,10.786259541672417,10.868912871493661,10.620952882029927,10.620952882029927,15208300.0
POW,2021-11-10,10.66227954694055,10.992892866225528,10.620952882029927,10.827586206583039,23014100.0
POW,2021-11-11,10.868912871493661,10.951566201314906,10.620952882029927,10.66227954694055,16964600.0
POW,2021-11-12,10.620952882029927,10.868912871493661,10.620952882029927,10.703606211851172,12822000.0
POW,2021-11-15,10.827586206583039,11.447486180242374,10.579626217119305,11.447486180242374,45392800.0
POW,2021-11-16,11.654119504795485,11.860752829348595,11.406159515331751,11.612792839884863,29708400.0
POW,2021-11-17,11.57146617497424,11.860752829348595,11.447486180242374,11.695446169706107,16772500.0
POW,2021-11-18,11.654119504795485,12.356672808276063,11.612792839884863,12.10871281881233,31056300.0
POW,2021-11-19,12.232692813544197,12.232692813544197,11.282179520599884,11.530139510063616,32311600.0
POW,2021-11-22,11.488812845152996,11.530139510063616,10.786259541672417,10.786259541672417,24041200.0
POW,2021-11-23,10.992892866225528,11.406159515331751,10.827586206583039,11.406159515331751,15381900.0
POW,2021-11-24,11.488812845152996,11.57146617497424,11.158199525868017,11.240852855689262,15044800.0
POW,2021-11-25,11.282179520599884,11.736772834616728,11.240852855689262,11.447486180242374,18694800.0
POW,2021-11-26,11.530139510063616,11.57146617497424,11.075546196046773,11.19952619077864,18793300.0
POW,2021-11-29,10.910239536404283,11.282179520599884,10.868912871493661,11.116872860957395,15010600.0
POW,2021-11-30,11.282179520599884,11.488812845152996,11.075546196046773,11.158199525868017,14880000.0
POW,2021-12-01,11.158199525868017,11.695446169706107,11.158199525868017,11.57146617497424,20122500.0
POW,2021-12-02,11.57146617497424,12.10871281881233,11.57146617497424,11.695446169706107,23210300.0
POW,2021-12-03,11.736772834616728,11.860752829348595,11.19952619077864,11.19952619077864,16516800.0
POW,2021-12-06,11.406159515331751,11.819426164437974,11.19952619077864,11.488812845152996,21543500.0
POW,2021-12-07,11.654119504795485,12.274019478454818,11.654119504795485,12.274019478454818,30383800.0
POW,2021-12-08,12.769939457382286,12.976572781935397,12.439326138097309,12.48065280300793,42333300.0
POW,2021-12-09,12.397999473186685,12.893919452114153,12.356672808276063,12.769939457382286,26158500.0
POW,2021-12-10,12.728612792471663,13.51381942577349,12.604632797739797,13.431166095952243,38820900.0
POW,2021-12-13,13.431166095952243,13.679126085415977,13.183206106488509,13.38983943104162,31246200.0
POW,2021-12-14,13.307186101220378,14.009739404700955,13.183206106488509,13.7204527503266,27020600.0
POW,2021-12-15,13.7204527503266,13.885759409969088,13.307186101220378,13.307186101220378,25648400.0
POW,2021-12-16,13.265859436309754,14.216372729254065,13.224532771399131,14.216372729254065,41619500.0
POW,2021-12-17,14.4643327187178,14.877599367824024,14.133719399432822,14.133719399432822,29619200.0
POW,2021-12-20,14.216372729254065,15.084232692377133,13.885759409969088,15.084232692377133,38681600.0
POW,2021-12-21,14.960252697645268,16.11739931514269,14.8362727029134,15.456172676572734,36657800.0
POW,2021-12-22,15.662806001125846,16.11739931514269,15.456172676572734,15.704132666036468,28400300.0
POW,2021-12-23,15.704132666036468,15.993419320410826,14.712292708181534,15.290866016930245,44696200.0
POW,2021-12-24,15.001579362555889,15.16688602219838,14.257699394164689,14.257699394164689,68470100.0
POW,2021-12-27,14.0923927345222,15.249539352019623,13.637799420505354,15.249539352019623,32946900.0
POW,2021-12-28,15.249539352019623,15.869439325678957,14.877599367824024,15.16688602219838,25227800.0
POW,2021-12-29,14.960252697645268,15.456172676572734,14.753619373092157,14.877599367824024,21429000.0
POW,2021-12-30,14.877599367824024,15.125559357287758,14.340352723985934,14.423006053807176,23924800.0
POW,2021-12-31,14.423006053807176,14.794946038002777,14.299026059075311,14.4643327187178,16082400.0
POW,2022-01-04,14.629639378360288,15.456172676572734,14.629639378360288,15.456172676572734,20541700.0
POW,2022-01-05,15.869439325678957,16.48933929933829,15.704132666036468,15.704132666036468,38894500.0
POW,2022-01-06,15.580152671304603,16.365359304606425,15.580152671304603,15.91076599058958,27080700.0
POW,2022-01-07,15.91076599058958,16.819952618623272,15.91076599058958,16.65464595898078,32962400.0
POW,2022-01-10,16.943932613355138,17.19189260281887,15.497499341483357,15.497499341483357,31601600.0
POW,2022-01-11,15.704132666036468,16.034745985321447,15.249539352019623,15.414846011662112,32346600.0
POW,2022-01-12,15.414846011662112,15.869439325678957,14.340352723985934,15.001579362555889,43008400.0
POW,2022-01-13,15.001579362555889,15.414846011662112,13.968412739790331,13.968412739790331,39428500.0
POW,2022-01-14,13.637799420505354,14.712292708181534,13.637799420505354,14.629639378360288,21921400.0
POW,2022-01-17,14.629639378360288,14.629639378360288,13.637799420505354,13.637799420505354,31333400.0
POW,2022-01-18,13.059226111756644,13.555146090684108,12.687286127561041,12.728612792471663,27566100.0
POW,2022-01-19,12.893919452114153,13.307186101220378,12.811266122292908,13.265859436309754,14804200.0
POW,2022-01-20,13.307186101220378,14.133719399432822,13.059226111756644,14.051066069611577,13110700.0
POW,2022-01-21,14.051066069611577,14.175046064343443,13.7204527503266,13.76177941523722,15333600.0
POW,2022-01-24,13.637799420505354,13.637799420505354,12.811266122292908,12.811266122292908,19100700.0
POW,2022-01-25,12.48065280300793,13.679126085415977,12.48065280300793,13.679126085415977,14575700.0
POW,2022-01-26,13.885759409969088,13.927086074879712,13.472492760862865,13.472492760862865,10704700.0
POW,2022-01-27,13.472492760862865,13.555146090684108,13.224532771399131,13.555146090684108,7937600.0
POW,2022-01-28,13.555146090684108,14.009739404700955,13.38983943104162,13.885759409969088,13677000.0
POW,2022-02-07,14.051066069611577,14.8362727029134,13.968412739790331,14.753619373092157,21963200.0
POW,2022-02-08,14.712292708181534,15.001579362555889,14.505659383628423,14.794946038002777,18412600.0
POW,2022-02-09,14.794946038002777,15.001579362555889,14.629639378360288,14.712292708181534,13664300.0
POW,2022-02-10,14.753619373092157,15.53882600639398,14.753619373092157,15.33219268184087,30747500.0
POW,2022-02-11,15.290866016930245,15.456172676572734,14.960252697645268,15.125559357287758,14853800.0
POW,2022-02-14,14.794946038002777,15.16688602219838,14.629639378360288,14.629639378360288,19173400.0
POW,2022-02-15,14.629639378360288,15.001579362555889,14.299026059075311,14.960252697645268,18577300.0
POW,2022-02-16,15.208212687109,15.373519346751491,14.960252697645268,15.042906027466511,14321700.0
POW,2022-02-17,15.208212687109,15.662806001125846,15.001579362555889,15.373519346751491,34267000.0
POW,2022-02-18,15.208212687109,15.53882600639398,15.125559357287758,15.33219268184087,18704500.0
POW,2022-02-21,15.33219268184087,15.456172676572734,15.16688602219838,15.208212687109,18521400.0
POW,2022-02-22,15.042906027466511,15.084232692377133,14.4643327187178,14.712292708181534,37357500.0
POW,2022-02-23,14.8362727029134,15.373519346751491,14.794946038002777,15.001579362555889,16988300.0
POW,2022-02-24,15.042906027466511,15.208212687109,14.340352723985934,14.670966043270912,23983800.0
POW,2022-02-25,14.877599367824024,15.001579362555889,14.670966043270912,14.753619373092157,12072000.0
POW,2022-02-28,14.753619373092157,14.877599367824024,14.299026059075311,14.340352723985934,28351900.0
POW,2022-03-01,14.257699394164689,14.629639378360288,13.927086074879712,14.423006053807176,26541600.0
POW,2022-03-02,14.423006053807176,14.794946038002777,14.257699394164689,14.423006053807176,13421100.0
POW,2022-03-03,14.423006053807176,14.588312713449666,14.133719399432822,14.216372729254065,18767300.0
POW,2022-03-04,14.216372729254065,14.546986048539045,14.175046064343443,14.299026059075311,15772500.0
POW,2022-03-07,14.216372729254065,14.216372729254065,13.968412739790331,14.0923927345222,20154400.0
POW,2022-03-08,14.051066069611577,14.4643327187178,13.968412739790331,14.216372729254065,18365200.0
POW,2022-03-09,14.299026059075311,14.381679388896554,13.844432745058466,13.844432745058466,18866600.0
POW,2022-03-10,14.051066069611577,14.175046064343443,13.7204527503266,13.7204527503266,13857500.0
POW,2022-03-11,13.555146090684108,13.803106080147844,13.307186101220378,13.348512766130996,22346800.0
POW,2022-03-14,13.348512766130996,13.38983943104162,12.893919452114153,12.935246117024775,16927900.0
POW,2022-03-15,12.976572781935397,13.555146090684108,12.935246117024775,13.555146090684108,13718800.0
POW,2022-03-16,13.555146090684108,13.803106080147844,13.431166095952243,13.472492760862865,8458000.0
POW,2022-03-17,13.472492760862865,13.596472755594732,13.431166095952243,13.472492760862865,7373600.0
POW,2022-03-18,13.472492760862865,13.596472755594732,13.265859436309754,13.307186101220378,11952900.0
POW,2022-03-21,13.38983943104162,13.51381942577349,13.307186101220378,13.38983943104162,8155900.0
POW,2022-03-22,13.472492760862865,13.637799420505354,13.431166095952243,13.637799420505354,13207500.0
POW,2022-03-23,13.7204527503266,14.257699394164689,13.679126085415977,13.968412739790331,21180800.0
POW,2022-03-24,13.968412739790331,14.133719399432822,13.844432745058466,13.885759409969088,8339300.0
POW,2022-03-25,13.885759409969088,13.885759409969088,13.7204527503266,13.7204527503266,8579500.0
POW,2022-03-28,13.555146090684108,13.637799420505354,13.100552776667264,13.265859436309754,15965500.0
POW,2022-03-29,13.265859436309754,13.51381942577349,13.265859436309754,13.431166095952243,6043000.0
POW,2022-03-30,13.265859436309754,13.472492760862865,13.141879441577887,13.183206106488509,10562100.0
POW,2022-03-31,13.183206106488509,13.348512766130996,13.100552776667264,13.100552776667264,7165600.0
POW,2022-04-01,13.059226111756644,13.348512766130996,12.976572781935397,13.224532771399131,8096000.0
POW,2022-04-04,13.348512766130996,13.51381942577349,13.307186101220378,13.38983943104162,7392200.0
POW,2022-04-05,13.472492760862865,13.7204527503266,13.38983943104162,13.51381942577349,9687000.0
POW,2022-04-06,13.472492760862865,13.7204527503266,13.348512766130996,13.555146090684108,8752600.0
POW,2022-04-07,13.596472755594732,14.009739404700955,13.555146090684108,13.76177941523722,25186300.0
POW,2022-04-08,13.76177941523722,13.844432745058466,13.38983943104162,13.38983943104162,9047800.0
POW,2022-04-12,13.38983943104162,13.472492760862865,12.893919452114153,12.893919452114153,10488800.0
POW,2022-04-13,12.976572781935397,13.059226111756644,12.64595946265042,12.976572781935397,11996000.0
POW,2022-04-14,12.976572781935397,13.100552776667264,12.852592787203532,12.852592787203532,6384400.0
POW,2022-04-15,12.811266122292908,12.811266122292908,11.984732824080464,12.150039483722951,19625500.0
POW,2022-04-18,12.150039483722951,12.439326138097309,11.902079494259219,11.984732824080464,11108100.0
POW,2022-04-19,11.984732824080464,12.191366148633575,11.158199525868017,11.158199525868017,11857500.0
POW,2022-04-20,11.158199525868017,11.406159515331751,10.744932876761794,10.786259541672417,16699900.0
POW,2022-04-21,10.744932876761794,11.19952619077864,10.372992892566195,10.992892866225528,16254500.0
POW,2022-04-22,11.158199525868017,11.364832850421129,10.703606211851172,11.03421953113615,9210700.0
POW,2022-04-25,11.116872860957395,11.158199525868017,10.290339562744949,10.290339562744949,13769800.0
POW,2022-04-26,9.918399578549348,10.744932876761794,9.629112924174994,10.744932876761794,12858100.0
POW,2022-04-27,10.620952882029927,10.868912871493661,10.49697288729806,10.703606211851172,7115000.0
POW,2022-04-28,10.703606211851172,10.868912871493661,10.579626217119305,10.579626217119305,5831000.0
POW,2022-04-29,10.579626217119305,11.03421953113615,10.49697288729806,10.868912871493661,10360800.0
POW,2022-05-04,11.19952619077864,11.612792839884863,11.116872860957395,11.612792839884863,20794300.0
POW,2022-05-05,11.94340615916984,11.984732824080464,11.488812845152996,11.695446169706107,13093700.0
POW,2022-05-06,11.406159515331751,11.94340615916984,11.364832850421129,11.488812845152996,11543100.0
POW,2022-05-09,11.240852855689262,11.447486180242374,10.703606211851172,10.703606211851172,15783500.0
POW,2022-05-10,10.166359568013084,10.992892866225528,10.12503290310246,10.992892866225528,12050700.0
POW,2022-05-11,11.075546196046773,11.158199525868017,10.786259541672417,10.910239536404283,6996600.0
POW,2022-05-12,10.868912871493661,10.951566201314906,10.166359568013084,10.166359568013084,10799900.0
POW,2022-05-13,10.207686232923704,10.372992892566195,9.463806264532503,9.463806264532503,19896800.0
POW,2022-05-16,9.918399578549348,10.12503290310246,9.546459594353749,9.58778625926437,9065600.0
POW,2022-05-17,9.629112924174994,10.249012897834326,9.58778625926437,10.249012897834326,10411300.0
POW,2022-05-18,10.49697288729806,10.66227954694055,10.331666227655571,10.455646222387438,11226900.0
POW,2022-05-19,10.083706238191837,10.744932876761794,10.083706238191837,10.579626217119305,12482900.0
POW,2022-05-20,10.703606211851172,10.910239536404283,10.49697288729806,10.579626217119305,10780000.0
POW,2022-05-23,10.744932876761794,10.868912871493661,10.372992892566195,10.538299552208683,11742800.0
POW,2022-05-24,10.538299552208683,10.620952882029927,10.166359568013084,10.620952882029927,9745900.0
POW,2022-05-25,10.66227954694055,11.116872860957395,10.620952882029927,11.075546196046773,13931200.0
POW,2022-05-26,11.158199525868017,11.158199525868017,10.827586206583039,10.868912871493661,10222600.0
POW,2022-05-27,10.910239536404283,11.240852855689262,10.827586206583039,11.03421953113615,11357700.0
POW,2022-05-30,11.116872860957395,11.240852855689262,11.03421953113615,11.116872860957395,9966000.0
POW,2022-05-31,11.075546196046773,11.240852855689262,10.992892866225528,11.19952619077864,11618700.0
POW,2022-06-01,11.19952619077864,11.736772834616728,11.116872860957395,11.530139510063616,19270100.0
POW,2022-06-02,11.57146617497424,11.654119504795485,11.158199525868017,11.19952619077864,9434900.0
POW,2022-06-03,11.158199525868017,11.282179520599884,10.951566201314906,11.158199525868017,9983700.0
POW,2022-06-06,11.158199525868017,11.736772834616728,10.910239536404283,11.406159515331751,24932300.0
POW,2022-06-07,11.406159515331751,12.191366148633575,11.323506185510505,12.191366148633575,38045400.0
POW,2022-06-08,12.64595946265042,13.01789944684602,12.48065280300793,12.728612792471663,26255700.0
POW,2022-06-09,12.48065280300793,13.141879441577887,12.48065280300793,13.141879441577887,22833000.0
POW,2022-06-10,12.852592787203532,13.183206106488509,12.274019478454818,12.397999473186685,26983200.0
POW,2022-06-13,12.067386153901706,13.059226111756644,12.026059488991086,12.604632797739797,40895700.0
POW,2022-06-14,12.563306132829174,12.976572781935397,12.232692813544197,12.604632797739797,21158500.0
POW,2022-06-15,12.604632797739797,12.769939457382286,11.736772834616728,11.984732824080464,26243000.0
POW,2022-06-16,12.232692813544197,12.811266122292908,11.819426164437974,12.728612792471663,34414700.0
POW,2022-06-17,12.397999473186685,13.51381942577349,12.356672808276063,13.307186101220378,37946700.0
POW,2022-06-20,13.38983943104162,13.555146090684108,12.397999473186685,12.397999473186685,26227400.0
POW,2022-06-21,12.232692813544197,12.521979467918554,11.530139510063616,11.530139510063616,32210000.0
POW,2022-06-22,11.406159515331751,11.612792839884863,10.744932876761794,10.744932876761794,37401500.0
POW,2022-06-23,10.414319557476816,11.488812845152996,10.414319557476816,11.488812845152996,18283200.0
POW,2022-06-24,11.612792839884863,11.612792839884863,11.19952619077864,11.19952619077864,11086300.0
POW,2022-06-27,11.282179520599884,11.654119504795485,11.158199525868017,11.447486180242374,13339200.0
POW,2022-06-28,11.447486180242374,11.902079494259219,11.364832850421129,11.488812845152996,18876900.0
POW,2022-06-29,11.406159515331751,11.612792839884863,11.282179520599884,11.364832850421129,11340100.0
POW,2022-06-30,11.488812845152996,11.819426164437974,11.240852855689262,11.240852855689262,13179700.0
POW,2022-07-01,11.282179520599884,11.447486180242374,10.744932876761794,11.240852855689262,15886400.0
POW,2022-07-04,11.406159515331751,11.447486180242374,11.075546196046773,11.158199525868017,8954100.0
POW,2022-07-05,11.158199525868017,11.240852855689262,10.579626217119305,10.744932876761794,21074400.0
POW,2022-07-06,10.579626217119305,10.992892866225528,10.579626217119305,10.579626217119305,15064800.0
POW,2022-07-07,10.579626217119305,10.744932876761794,10.455646222387438,10.579626217119305,9939600.0
POW,2022-07-08,10.703606211851172,10.868912871493661,10.66227954694055,10.744932876761794,6824400.0
POW,2022-07-11,10.703606211851172,10.744932876761794,10.207686232923704,10.331666227655571,13694400.0
POW,2022-07-12,10.331666227655571,10.827586206583039,10.331666227655571,10.703606211851172,7991500.0
POW,2022-07-13,10.703606211851172,10.951566201314906,10.66227954694055,10.744932876761794,7670200.0
POW,2022-07-14,10.620952882029927,10.827586206583039,10.620952882029927,10.827586206583039,9878100.0
POW,2022-07-15,10.951566201314906,10.992892866225528,10.744932876761794,10.744932876761794,11003100.0
POW,2022-07-18,10.786259541672417,11.075546196046773,10.744932876761794,10.827586206583039,7615100.0
POW,2022-07-19,11.03421953113615,11.240852855689262,10.910239536404283,11.116872860957395,14638800.0
POW,2022-07-20,11.282179520599884,11.364832850421129,11.075546196046773,11.158199525868017,10633300.0
POW,2022-07-21,11.158199525868017,11.19952619077864,10.951566201314906,11.03421953113615,8963000.0
POW,2022-07-22,11.075546196046773,11.116872860957395,10.786259541672417,10.868912871493661,8481200.0
POW,2022-07-25,10.827586206583039,10.992892866225528,10.786259541672417,10.868912871493661,7707200.0
POW,2022-07-26,10.868912871493661,10.951566201314906,10.744932876761794,10.744932876761794,6413000.0
POW,2022-07-27,10.744932876761794,10.827586206583039,10.620952882029927,10.827586206583039,5630000.0
POW,2022-07-28,10.951566201314906,11.323506185510505,10.868912871493661,11.19952619077864,20051800.0
POW,2022-07-29,11.19952619077864,11.323506185510505,11.03421953113615,11.03421953113615,10811600.0
POW,2022-08-01,11.03421953113615,11.19952619077864,10.992892866225528,11.158199525868017,10610300.0
POW,2022-08-02,11.19952619077864,11.488812845152996,11.116872860957395,11.364832850421129,18450500.0
POW,2022-08-03,11.323506185510505,11.488812845152996,11.19952619077864,11.323506185510505,14001600.0
POW,2022-08-04,11.406159515331751,11.406159515331751,11.19952619077864,11.240852855689262,9854300.0
POW,2022-08-05,11.19952619077864,11.695446169706107,11.116872860957395,11.57146617497424,25259000.0
POW,2022-08-08,11.654119504795485,11.778099499527352,11.530139510063616,11.57146617497424,10276100.0
POW,2022-08-09,11.612792839884863,11.860752829348595,11.530139510063616,11.612792839884863,15530300.0
POW,2022-08-10,11.57146617497424,11.695446169706107,11.447486180242374,11.530139510063616,10909900.0
POW,2022-08-11,11.654119504795485,11.695446169706107,11.323506185510505,11.406159515331751,15627200.0
POW,2022-08-12,11.406159515331751,11.654119504795485,11.323506185510505,11.57146617497424,10031700.0
POW,2022-08-15,11.654119504795485,11.860752829348595,11.530139510063616,11.57146617497424,15095600.0
POW,2022-08-16,11.695446169706107,11.778099499527352,11.530139510063616,11.654119504795485,10116600.0
POW,2022-08-17,11.736772834616728,11.778099499527352,11.488812845152996,11.530139510063616,10765700.0
POW,2022-08-18,11.447486180242374,11.530139510063616,11.364832850421129,11.406159515331751,11639800.0
POW,2022-08-19,11.406159515331751,11.530139510063616,11.158199525868017,11.240852855689262,11859700.0
POW,2022-08-22,11.240852855689262,11.364832850421129,11.158199525868017,11.282179520599884,8738200.0
POW,2022-08-23,11.282179520599884,11.488812845152996,11.240852855689262,11.488812845152996,9776000.0
POW,2022-08-24,11.488812845152996,11.778099499527352,11.447486180242374,11.612792839884863,15620100.0
POW,2022-08-25,11.654119504795485,11.819426164437974,11.57146617497424,11.654119504795485,10613500.0
POW,2022-08-26,11.736772834616728,12.026059488991086,11.654119504795485,11.778099499527352,25202400.0
POW,2022-08-29,11.57146617497424,11.736772834616728,11.240852855689262,11.530139510063616,14877000.0
POW,2022-08-30,11.736772834616728,11.736772834616728,11.364832850421129,11.447486180242374,11044700.0
POW,2022-08-31,11.364832850421129,11.902079494259219,11.364832850421129,11.57146617497424,15219200.0
POW,2022-09-05,11.57146617497424,11.778099499527352,11.57146617497424,11.57146617497424,10861000.0
POW,2022-09-06,11.695446169706107,12.150039483722951,11.612792839884863,11.819426164437974,30632900.0
POW,2022-09-07,11.819426164437974,11.984732824080464,11.57146617497424,11.57146617497424,17775200.0
POW,2022-09-08,11.695446169706107,11.736772834616728,11.323506185510505,11.323506185510505,18270900.0
POW,2022-09-09,11.364832850421129,11.736772834616728,11.323506185510505,11.612792839884863,17780200.0
POW,2022-09-12,11.736772834616728,11.94340615916984,11.654119504795485,11.654119504795485,10724700.0
POW,2022-09-13,11.654119504795485,11.819426164437974,11.530139510063616,11.695446169706107,12187500.0
POW,2022-09-14,11.488812845152996,11.902079494259219,11.488812845152996,11.695446169706107,21505200.0
POW,2022-09-15,11.736772834616728,12.191366148633575,11.736772834616728,11.94340615916984,27360000.0
POW,2022-09-16,11.94340615916984,12.191366148633575,11.736772834616728,11.778099499527352,22946600.0
POW,2022-09-19,11.819426164437974,11.860752829348595,11.075546196046773,11.158199525868017,26175100.0
POW,2022-09-20,11.240852855689262,11.406159515331751,11.116872860957395,11.323506185510505,14242600.0
POW,2022-09-21,11.240852855689262,11.323506185510505,11.116872860957395,11.116872860957395,12276900.0
POW,2022-09-22,11.03421953113615,11.282179520599884,10.910239536404283,11.282179520599884,13487600.0
POW,2022-09-23,11.323506185510505,11.323506185510505,11.075546196046773,11.075546196046773,10615400.0
POW,2022-09-26,10.951566201314906,10.992892866225528,10.455646222387438,10.579626217119305,19515400.0
POW,2022-09-27,10.620952882029927,10.951566201314906,10.538299552208683,10.703606211851172,9669600.0
POW,2022-09-28,10.703606211851172,10.827586206583039,10.455646222387438,10.620952882029927,8809200.0
POW,2022-09-29,10.744932876761794,10.827586206583039,10.372992892566195,10.372992892566195,8448000.0
POW,2022-09-30,10.331666227655571,10.372992892566195,9.877072913638726,10.207686232923704,12184100.0
POW,2022-10-03,10.207686232923704,10.249012897834326,9.505132929443125,9.505132929443125,10828100.0
POW,2022-10-04,9.75309291890686,9.835746248728105,9.505132929443125,9.58778625926437,9867000.0
POW,2022-10-05,9.794419583817481,10.083706238191837,9.711766253996236,10.001052908370593,7028800.0
POW,2022-10-06,10.042379573281215,10.042379573281215,9.422479599621882,9.422479599621882,8674200.0
POW,2022-10-07,9.257172939979391,9.505132929443125,8.802579625962547,8.802579625962547,20666500.0
POW,2022-10-10,8.513292971588191,9.174519610158146,8.513292971588191,9.091866280336903,9891900.0
POW,2022-10-11,9.091866280336903,9.091866280336903,8.471966306677569,8.471966306677569,12531500.0
POW,2022-10-12,8.513292971588191,9.009212950515659,8.430639641766946,8.761252961051925,10734600.0
POW,2022-10-13,8.885232955783792,8.885232955783792,8.67859963123068,8.761252961051925,6797600.0
POW,2022-10-14,9.009212950515659,9.091866280336903,8.885232955783792,8.926559620694414,11401800.0
POW,2022-10-17,8.802579625962547,9.21584627506877,8.802579625962547,9.21584627506877,11090500.0
POW,2022-10-18,9.339826269800637,9.422479599621882,9.091866280336903,9.174519610158146,6391800.0
POW,2022-10-19,9.21584627506877,9.257172939979391,8.967886285605037,9.091866280336903,7135100.0
POW,2022-10-20,9.009212950515659,9.133192945247526,8.885232955783792,8.967886285605037,5281800.0
POW,2022-10-21,9.009212950515659,9.009212950515659,8.389312976856324,8.513292971588191,12157300.0
POW,2022-10-24,8.637272966320056,8.719926296141303,8.058699657571346,8.166148986338964,11473900.0
POW,2022-10-25,8.058699657571346,8.513292971588191,7.827270334071861,8.240536983178083,10434200.0
POW,2022-10-26,8.30665964703508,8.430639641766946,8.23227165019596,8.265332982124457,4882300.0
POW,2022-10-27,8.265332982124457,8.67859963123068,8.265332982124457,8.595946301409436,7075900.0
POW,2022-10-28,8.67859963123068,8.761252961051925,8.513292971588191,8.554619636498813,6174600.0
POW,2022-10-31,8.554619636498813,8.554619636498813,8.149618320374714,8.554619636498813,10690300.0
POW,2022-11-01,8.554619636498813,8.67859963123068,8.471966306677569,8.554619636498813,5166900.0
POW,2022-11-02,8.595946301409436,8.595946301409436,8.430639641766946,8.430639641766946,6413000.0
POW,2022-11-03,8.30665964703508,8.430639641766946,8.265332982124457,8.347986311945702,3900200.0
POW,2022-11-04,8.347986311945702,8.347986311945702,8.017372992660723,8.100026322481968,7977200.0
POW,2022-11-07,8.100026322481968,8.224006317213835,8.050434324589222,8.091760989499843,6596500.0
POW,2022-11-08,8.050434324589222,8.637272966320056,8.025638325642849,8.637272966320056,10855800.0
POW,2022-11-09,8.802579625962547,9.05053961542628,8.761252961051925,8.967886285605037,10436300.0
POW,2022-11-10,8.802579625962547,8.926559620694414,8.347986311945702,8.471966306677569,12467000.0
POW,2022-11-11,8.761252961051925,8.926559620694414,8.513292971588191,8.761252961051925,7887600.0
POW,2022-11-14,8.67859963123068,8.719926296141303,8.23227165019596,8.513292971588191,7140300.0
POW,2022-11-15,8.347986311945702,8.389312976856324,7.91818899687523,7.91818899687523,13492200.0
POW,2022-11-16,7.3644116870728915,8.389312976856324,7.3644116870728915,8.347986311945702,11312400.0
POW,2022-11-17,8.347986311945702,8.637272966320056,8.265332982124457,8.347986311945702,6965000.0
POW,2022-11-18,8.347986311945702,8.471966306677569,7.893392997928857,8.347986311945702,8219200.0
POW,2022-11-21,8.347986311945702,8.67859963123068,8.347986311945702,8.513292971588191,7636900.0
POW,2022-11-22,8.513292971588191,8.926559620694414,8.430639641766946,8.554619636498813,11403800.0
POW,2022-11-23,8.595946301409436,8.885232955783792,8.554619636498813,8.637272966320056,8055200.0
POW,2022-11-24,8.637272966320056,8.761252961051925,8.513292971588191,8.761252961051925,4923200.0
POW,2022-11-25,8.885232955783792,8.967886285605037,8.719926296141303,8.967886285605037,7832500.0
POW,2022-11-28,9.05053961542628,9.339826269800637,8.926559620694414,9.339826269800637,13539700.0
POW,2022-11-29,9.339826269800637,9.463806264532503,9.091866280336903,9.339826269800637,11265900.0
POW,2022-11-30,9.422479599621882,9.711766253996236,9.21584627506877,9.629112924174994,11924900.0
POW,2022-12-01,9.794419583817481,9.835746248728105,9.257172939979391,9.257172939979391,12492200.0
POW,2022-12-02,9.133192945247526,9.670439589085614,9.091866280336903,9.670439589085614,11549000.0
POW,2022-12-05,9.877072913638726,9.877072913638726,9.505132929443125,9.505132929443125,13745100.0
POW,2022-12-06,9.505132929443125,9.546459594353749,9.009212950515659,9.009212950515659,12336700.0
POW,2022-12-07,9.009212950515659,9.21584627506877,8.885232955783792,9.05053961542628,8784400.0
POW,2022-12-08,9.174519610158146,9.381152934711258,9.091866280336903,9.257172939979391,7987600.0
POW,2022-12-09,9.339826269800637,9.339826269800637,9.133192945247526,9.257172939979391,4895100.0
POW,2022-12-12,9.257172939979391,9.546459594353749,9.21584627506877,9.21584627506877,9549900.0
POW,2022-12-13,9.257172939979391,9.422479599621882,9.091866280336903,9.422479599621882,6695200.0
POW,2022-12-14,9.546459594353749,9.546459594353749,9.298499604890015,9.422479599621882,8081200.0
POW,2022-12-15,9.339826269800637,9.463806264532503,9.298499604890015,9.422479599621882,6406100.0
POW,2022-12-16,9.257172939979391,9.505132929443125,9.21584627506877,9.463806264532503,7569800.0
POW,2022-12-19,9.381152934711258,9.505132929443125,9.133192945247526,9.174519610158146,9353700.0
POW,2022-12-20,9.133192945247526,9.21584627506877,8.761252961051925,8.843906290873168,9038200.0
POW,2022-12-21,8.926559620694414,9.009212950515659,8.595946301409436,8.637272966320056,6046800.0
POW,2022-12-22,8.761252961051925,8.967886285605037,8.637272966320056,8.843906290873168,6822400.0
POW,2022-12-23,8.761252961051925,9.257172939979391,8.761252961051925,9.05053961542628,9759400.0
POW,2022-12-26,9.133192945247526,9.174519610158146,8.513292971588191,8.513292971588191,6534600.0
POW,2022-12-27,8.67859963123068,8.802579625962547,8.554619636498813,8.802579625962547,5246100.0
POW,2022-12-28,8.761252961051925,8.885232955783792,8.719926296141303,8.802579625962547,3577400.0
POW,2022-12-29,8.802579625962547,8.843906290873168,8.67859963123068,8.67859963123068,3098300.0
POW,2022-12-30,8.761252961051925,8.885232955783792,8.719926296141303,8.802579625962547,3547500.0
POW,2023-01-03,8.761252961051925,9.174519610158146,8.761252961051925,9.133192945247526,6100800.0
POW,2023-01-04,9.091866280336903,9.21584627506877,9.009212950515659,9.091866280336903,6173400.0
POW,2023-01-05,9.091866280336903,9.711766253996236,9.05053961542628,9.711766253996236,23637300.0
POW,2023-01-06,9.835746248728105,10.083706238191837,9.58778625926437,9.711766253996236,15097700.0
POW,2023-01-09,9.794419583817481,9.918399578549348,9.422479599621882,9.58778625926437,8656600.0
POW,2023-01-10,9.58778625926437,9.711766253996236,9.381152934711258,9.670439589085614,6062700.0
POW,2023-01-11,9.670439589085614,9.794419583817481,9.58778625926437,9.629112924174994,6157300.0
POW,2023-01-12,9.629112924174994,10.001052908370593,9.546459594353749,9.711766253996236,7555800.0
POW,2023-01-13,9.835746248728105,10.001052908370593,9.711766253996236,9.794419583817481,9287700.0
POW,2023-01-16,9.918399578549348,9.918399578549348,9.711766253996236,9.794419583817481,4540400.0
POW,2023-01-17,9.835746248728105,10.083706238191837,9.794419583817481,10.042379573281215,10913100.0
POW,2023-01-18,10.12503290310246,10.166359568013084,9.959726243459972,10.042379573281215,6386000.0
POW,2023-01-19,10.001052908370593,10.12503290310246,9.918399578549348,10.083706238191837,7463800.0
POW,2023-01-27,10.207686232923704,10.290339562744949,10.042379573281215,10.083706238191837,7247000.0
POW,2023-01-30,10.12503290310246,10.414319557476816,10.001052908370593,10.207686232923704,11216700.0
POW,2023-01-31,10.290339562744949,10.331666227655571,10.12503290310246,10.249012897834326,7521200.0
POW,2023-02-01,10.372992892566195,10.66227954694055,9.877072913638726,9.877072913638726,15662100.0
POW,2023-02-02,10.001052908370593,10.001052908370593,9.794419583817481,9.918399578549348,7694100.0
POW,2023-02-03,10.042379573281215,10.083706238191837,9.794419583817481,10.042379573281215,6517100.0
POW,2023-02-06,9.959726243459972,10.414319557476816,9.877072913638726,10.372992892566195,9136200.0
POW,2023-02-07,10.414319557476816,10.538299552208683,9.959726243459972,10.083706238191837,9341500.0
POW,2023-02-08,10.083706238191837,10.207686232923704,9.918399578549348,10.12503290310246,4580300.0
POW,2023-02-09,10.12503290310246,10.166359568013084,9.918399578549348,9.918399578549348,3869700.0
POW,2023-02-10,10.001052908370593,10.166359568013084,9.877072913638726,9.918399578549348,7572400.0
POW,2023-02-13,9.877072913638726,10.042379573281215,9.546459594353749,9.670439589085614,6202600.0
POW,2023-02-14,9.75309291890686,9.877072913638726,9.711766253996236,9.794419583817481,3555200.0
POW,2023-02-15,9.794419583817481,9.959726243459972,9.711766253996236,9.918399578549348,5005900.0
POW,2023-02-16,10.001052908370593,10.207686232923704,9.959726243459972,10.207686232923704,7976500.0
POW,2023-02-17,10.166359568013084,10.331666227655571,10.083706238191837,10.249012897834326,8017700.0
POW,2023-02-20,10.249012897834326,10.49697288729806,10.207686232923704,10.455646222387438,11234100.0
POW,2023-02-21,10.49697288729806,10.49697288729806,10.290339562744949,10.290339562744949,9962600.0
POW,2023-02-22,10.207686232923704,10.331666227655571,9.918399578549348,9.918399578549348,11188500.0
POW,2023-02-23,9.918399578549348,10.083706238191837,9.835746248728105,10.083706238191837,7552500.0
POW,2023-02-24,10.12503290310246,10.207686232923704,9.918399578549348,9.918399578549348,4372700.0
POW,2023-02-27,9.794419583817481,10.001052908370593,9.794419583817481,9.918399578549348,6322200.0
POW,2023-02-28,10.001052908370593,10.12503290310246,9.918399578549348,10.001052908370593,5174600.0
POW,2023-03-01,9.959726243459972,10.207686232923704,9.877072913638726,10.207686232923704,5404700.0
POW,2023-03-02,10.207686232923704,10.66227954694055,10.207686232923704,10.49697288729806,22744500.0
POW,2023-03-03,10.538299552208683,10.620952882029927,10.207686232923704,10.207686232923704,7251700.0
POW,2023-03-06,10.290339562744949,10.455646222387438,10.207686232923704,10.290339562744949,6097300.0
POW,2023-03-07,10.331666227655571,10.538299552208683,10.331666227655571,10.372992892566195,7923100.0
POW,2023-03-08,10.331666227655571,10.579626217119305,10.290339562744949,10.538299552208683,7743500.0
POW,2023-03-09,10.538299552208683,10.910239536404283,10.455646222387438,10.744932876761794,20902900.0
POW,2023-03-10,10.66227954694055,10.827586206583039,10.620952882029927,10.703606211851172,8921900.0
POW,2023-03-13,10.579626217119305,10.868912871493661,10.579626217119305,10.868912871493661,13893600.0
POW,2023-03-14,10.744932876761794,10.827586206583039,10.49697288729806,10.620952882029927,12245900.0
POW,2023-03-15,10.827586206583039,11.19952619077864,10.66227954694055,11.158199525868017,16381500.0
POW,2023-03-16,11.075546196046773,11.075546196046773,10.868912871493661,10.951566201314906,9365200.0
POW,2023-03-17,11.075546196046773,11.116872860957395,10.910239536404283,11.075546196046773,10682900.0
POW,2023-03-20,10.992892866225528,10.992892866225528,10.579626217119305,10.620952882029927,9784800.0
POW,2023-03-21,10.744932876761794,10.992892866225528,10.620952882029927,10.910239536404283,5582900.0
POW,2023-03-22,10.992892866225528,11.03421953113615,10.827586206583039,10.868912871493661,4001200.0
POW,2023-03-23,10.744932876761794,10.910239536404283,10.703606211851172,10.910239536404283,6558400.0
POW,2023-03-24,10.910239536404283,10.992892866225528,10.786259541672417,10.951566201314906,5338500.0
POW,2023-03-27,10.951566201314906,11.116872860957395,10.827586206583039,10.992892866225528,6391300.0
POW,2023-03-28,11.075546196046773,11.158199525868017,10.951566201314906,10.992892866225528,5289000.0
POW,2023-03-29,10.992892866225528,11.075546196046773,10.951566201314906,11.03421953113615,3577600.0
POW,2023-03-30,11.116872860957395,11.116872860957395,10.786259541672417,10.910239536404283,5762300.0
POW,2023-03-31,10.827586206583039,11.03421953113615,10.786259541672417,10.910239536404283,6202000.0
POW,2023-04-03,10.992892866225528,11.075546196046773,10.827586206583039,10.910239536404283,8998300.0
POW,2023-04-04,10.992892866225528,11.240852855689262,10.910239536404283,11.158199525868017,11687200.0
POW,2023-04-05,11.158199525868017,11.19952619077864,10.992892866225528,11.116872860957395,5962300.0
POW,2023-04-06,11.116872860957395,11.116872860957395,10.868912871493661,10.868912871493661,10191400.0
POW,2023-04-07,10.910239536404283,10.992892866225528,10.786259541672417,10.786259541672417,4738100.0
POW,2023-04-10,10.868912871493661,11.116872860957395,10.786259541672417,11.03421953113615,12230600.0
POW,2023-04-11,11.075546196046773,11.075546196046773,10.910239536404283,11.075546196046773,4908300.0
POW,2023-04-12,11.075546196046773,11.488812845152996,11.075546196046773,11.282179520599884,16953500.0
POW,2023-04-13,11.323506185510505,11.612792839884863,11.116872860957395,11.116872860957395,12100700.0
POW,2023-04-14,11.240852855689262,11.282179520599884,10.827586206583039,10.827586206583039,6677000.0
POW,2023-04-17,10.910239536404283,11.03421953113615,10.868912871493661,11.03421953113615,6057000.0
POW,2023-04-18,11.116872860957395,11.158199525868017,10.992892866225528,11.158199525868017,4644300.0
POW,2023-04-19,11.158199525868017,11.19952619077864,10.827586206583039,10.910239536404283,5670000.0
POW,2023-04-20,10.910239536404283,11.03421953113615,10.827586206583039,10.868912871493661,3095100.0
POW,2023-04-21,10.868912871493661,10.868912871493661,10.455646222387438,10.579626217119305,11791600.0
POW,2023-04-24,10.579626217119305,10.744932876761794,10.538299552208683,10.744932876761794,3369300.0
POW,2023-04-25,10.827586206583039,10.951566201314906,10.579626217119305,10.579626217119305,5863600.0
POW,2023-04-26,10.538299552208683,10.620952882029927,10.414319557476816,10.579626217119305,6814178.0
POW,2023-04-27,10.579626217119305,10.744932876761794,10.579626217119305,10.620952882029927,2966000.0
POW,2023-04-28,10.868912871493661,10.910239536404283,10.786259541672417,10.827586206583039,6130100.0
POW,2023-05-04,10.786259541672417,11.03421953113615,10.744932876761794,10.744932876761794,8288900.0
POW,2023-05-05,10.744932876761794,10.868912871493661,10.703606211851172,10.786259541672417,4654900.0
POW,2023-05-08,10.868912871493661,10.992892866225528,10.827586206583039,10.992892866225528,8132400.0
POW,2023-05-09,10.992892866225528,11.075546196046773,10.951566201314906,11.03421953113615,5635800.0
POW,2023-05-10,11.03421953113615,11.075546196046773,10.951566201314906,11.075546196046773,4911600.0
POW,2023-05-11,11.116872860957395,11.19952619077864,10.992892866225528,10.992892866225528,6393200.0
POW,2023-05-12,10.951566201314906,11.075546196046773,10.910239536404283,11.075546196046773,4864500.0
POW,2023-05-15,11.116872860957395,11.116872860957395,10.951566201314906,10.992892866225528,5494600.0
POW,2023-05-16,11.116872860957395,11.240852855689262,11.075546196046773,11.158199525868017,11136600.0
POW,2023-05-17,11.158199525868017,11.240852855689262,10.992892866225528,10.992892866225528,7134700.0
POW,2023-05-18,11.03421953113615,11.19952619077864,10.992892866225528,11.075546196046773,5726300.0
POW,2023-05-19,11.075546196046773,11.406159515331751,11.075546196046773,11.158199525868017,11078100.0
POW,2023-05-22,11.240852855689262,11.364832850421129,11.158199525868017,11.240852855689262,8670800.0
POW,2023-05-23,11.323506185510505,11.488812845152996,11.282179520599884,11.282179520599884,14734300.0
POW,2023-05-24,11.364832850421129,11.364832850421129,11.158199525868017,11.158199525868017,4872501.0
POW,2023-05-25,11.158199525868017,11.282179520599884,11.116872860957395,11.116872860957395,6053700.0
POW,2023-05-26,11.19952619077864,11.323506185510505,11.158199525868017,11.240852855689262,5886000.0
POW,2023-05-29,11.240852855689262,11.406159515331751,11.19952619077864,11.240852855689262,6272300.0
POW,2023-05-30,11.282179520599884,11.364832850421129,11.19952619077864,11.282179520599884,5709500.0
POW,2023-05-31,11.282179520599884,11.447486180242374,11.19952619077864,11.282179520599884,11996300.0
POW,2023-06-01,11.323506185510505,11.364832850421129,11.19952619077864,11.282179520599884,5145600.0
POW,2023-06-02,11.323506185510505,11.364832850421129,11.240852855689262,11.282179520599884,6661100.0
POW,2023-06-05,11.323506185510505,11.654119504795485,11.282179520599884,11.530139510063616,16792700.0
POW,2023-06-06,11.57146617497424,11.57146617497424,11.364832850421129,11.406159515331751,6038301.0
POW,2023-06-07,11.488812845152996,11.530139510063616,11.364832850421129,11.364832850421129,9267100.0
POW,2023-06-08,11.447486180242374,11.736772834616728,11.364832850421129,11.406159515331751,15149300.0
POW,2023-06-09,11.447486180242374,11.488812845152996,11.323506185510505,11.364832850421129,5123000.0
POW,2023-06-12,11.364832850421129,11.612792839884863,11.364832850421129,11.488812845152996,7949200.0
POW,2023-06-13,11.612792839884863,11.612792839884863,11.364832850421129,11.447486180242374,5754600.0
POW,2023-06-14,11.447486180242374,11.530139510063616,11.364832850421129,11.364832850421129,6980401.0
POW,2023-06-15,11.364832850421129,11.364832850421129,11.19952619077864,11.19952619077864,5863000.0
POW,2023-06-16,11.240852855689262,11.364832850421129,11.158199525868017,11.158199525868017,7348700.0
POW,2023-06-19,11.19952619077864,11.282179520599884,11.158199525868017,11.19952619077864,3465100.0
POW,2023-06-20,11.19952619077864,11.282179520599884,11.116872860957395,11.240852855689262,3980400.0
POW,2023-06-21,11.240852855689262,11.364832850421129,11.19952619077864,11.282179520599884,5540500.0
POW,2023-06-22,11.323506185510505,11.447486180242374,11.240852855689262,11.364832850421129,8545500.0
POW,2023-06-23,11.447486180242374,11.488812845152996,11.282179520599884,11.323506185510505,5242800.0
POW,2023-06-26,11.364832850421129,11.364832850421129,11.19952619077864,11.282179520599884,4815800.0
POW,2023-06-27,11.282179520599884,11.364832850421129,11.19952619077864,11.240852855689262,4676600.0
POW,2023-06-28,11.323506185510505,11.488812845152996,11.282179520599884,11.406159515331751,8794601.0
POW,2023-06-29,11.323506185510505,11.406159515331751,11.19952619077864,11.19952619077864,5218100.0
POW,2023-06-30,11.19952619077864,11.240852855689262,11.03421953113615,11.075546196046773,6924501.0
POW,2023-07-03,11.075546196046773,11.19952619077864,10.992892866225528,10.992892866225528,6065100.0
POW,2023-07-04,11.116872860957395,11.116872860957395,10.951566201314906,11.075546196046773,5540001.0
POW,2023-07-05,11.116872860957395,11.19952619077864,11.075546196046773,11.158199525868017,4851200.0
POW,2023-07-06,11.158199525868017,11.19952619077864,10.868912871493661,10.951566201314906,6733000.0
POW,2023-07-07,10.951566201314906,10.951566201314906,10.66227954694055,10.827586206583039,10147100.0
POW,2023-07-10,10.827586206583039,10.951566201314906,10.827586206583039,10.910239536404283,5453801.0
POW,2023-07-11,10.951566201314906,11.03421953113615,10.868912871493661,10.951566201314906,7512800.0
POW,2023-07-12,11.03421953113615,11.075546196046773,10.868912871493661,10.951566201314906,4831300.0
POW,2023-07-13,10.992892866225528,11.116872860957395,10.951566201314906,11.03421953113615,8294000.0
POW,2023-07-14,11.03421953113615,11.075546196046773,10.910239536404283,10.992892866225528,8929056.0
POW,2023-07-17,11.075546196046773,11.075546196046773,10.951566201314906,11.03421953113615,6167801.0
POW,2023-07-18,11.03421953113615,11.19952619077864,10.992892866225528,11.158199525868017,11065156.0
POW,2023-07-19,11.19952619077864,11.19952619077864,10.992892866225528,10.992892866225528,6085500.0
POW,2023-07-20,10.992892866225528,10.992892866225528,10.827586206583039,10.992892866225528,10395872.0
POW,2023-07-21,10.992892866225528,10.992892866225528,10.827586206583039,10.951566201314906,10103051.0
POW,2023-07-24,11.03421953113615,11.075546196046773,10.910239536404283,10.992892866225528,9543949.0
POW,2023-07-25,11.075546196046773,11.075546196046773,10.910239536404283,10.951566201314906,9660322.0
POW,2023-07-26,10.992892866225528,11.406159515331751,10.910239536404283,11.19952619077864,27296879.0
POW,2023-07-27,11.240852855689262,11.282179520599884,10.992892866225528,10.992892866225528,12785341.0
POW,2023-07-28,10.992892866225528,11.240852855689262,10.992892866225528,11.19952619077864,16974506.0
POW,2023-07-31,11.282179520599884,11.488812845152996,11.19952619077864,11.323506185510505,14990180.0
POW,2023-08-01,11.447486180242374,11.447486180242374,11.075546196046773,11.116872860957395,14690201.0
POW,2023-08-02,11.158199525868017,11.323506185510505,11.075546196046773,11.323506185510505,10190297.0
POW,2023-08-03,11.323506185510505,11.323506185510505,11.116872860957395,11.158199525868017,8300879.0
POW,2023-08-04,11.158199525868017,11.323506185510505,11.075546196046773,11.240852855689262,11754027.0
POW,2023-08-07,11.282179520599884,11.406159515331751,11.19952619077864,11.323506185510505,12017021.0
POW,2023-08-08,11.364832850421129,11.695446169706107,11.364832850421129,11.654119504795485,28513190.0
POW,2023-08-09,11.736772834616728,11.736772834616728,11.447486180242374,11.488812845152996,10720755.0
POW,2023-08-10,11.530139510063616,11.57146617497424,11.364832850421129,11.406159515331751,14988922.0
POW,2023-08-11,11.406159515331751,11.488812845152996,11.19952619077864,11.282179520599884,11049422.0
POW,2023-08-14,11.406159515331751,11.447486180242374,11.282179520599884,11.364832850421129,9293927.0
POW,2023-08-15,11.406159515331751,11.695446169706107,11.282179520599884,11.488812845152996,12931525.0
POW,2023-08-16,11.57146617497424,11.57146617497424,11.364832850421129,11.488812845152996,8894212.0
POW,2023-08-17,11.488812845152996,11.654119504795485,11.406159515331751,11.57146617497424,15406516.0
POW,2023-08-18,11.612792839884863,11.612792839884863,10.786259541672417,10.786259541672417,21676540.0
POW,2023-08-21,10.786259541672417,10.868912871493661,10.49697288729806,10.744932876761794,9465316.0
POW,2023-08-22,10.744932876761794,10.744932876761794,10.166359568013084,10.579626217119305,15554517.0
POW,2023-08-23,10.620952882029927,10.703606211851172,10.207686232923704,10.207686232923704,13505830.0
POW,2023-08-24,10.331666227655571,10.455646222387438,10.207686232923704,10.414319557476816,8917747.0
POW,2023-08-25,10.372992892566195,10.49697288729806,10.290339562744949,10.331666227655571,6763298.0
POW,2023-08-28,10.414319557476816,10.49697288729806,10.331666227655571,10.49697288729806,5445437.0
POW,2023-08-29,10.49697288729806,10.538299552208683,10.331666227655571,10.414319557476816,8649096.0
POW,2023-08-30,10.455646222387438,10.579626217119305,10.414319557476816,10.49697288729806,5476625.0
POW,2023-08-31,10.538299552208683,10.579626217119305,10.49697288729806,10.579626217119305,7255499.0
POW,2023-09-05,10.620952882029927,10.786259541672417,10.579626217119305,10.744932876761794,9308383.0
POW,2023-09-06,10.744932876761794,10.827586206583039,10.620952882029927,10.744932876761794,6737870.0
POW,2023-09-07,10.827586206583039,10.868912871493661,10.66227954694055,10.66227954694055,8435451.0
POW,2023-09-08,10.66227954694055,10.744932876761794,10.620952882029927,10.620952882029927,10414631.0
POW,2023-09-11,10.744932876761794,10.786259541672417,10.49697288729806,10.49697288729806,8195000.0
POW,2023-09-12,10.579626217119305,10.703606211851172,10.49697288729806,10.66227954694055,3267400.0
POW,2023-09-13,10.703606211851172,10.910239536404283,10.66227954694055,10.703606211851172,10778032.0
POW,2023-09-14,10.744932876761794,10.744932876761794,10.538299552208683,10.538299552208683,6690628.0
POW,2023-09-15,10.579626217119305,10.786259541672417,10.538299552208683,10.538299552208683,6491767.0
POW,2023-09-18,10.620952882029927,10.620952882029927,10.414319557476816,10.455646222387438,5672311.0
POW,2023-09-19,10.49697288729806,10.620952882029927,10.331666227655571,10.538299552208683,5470204.0
POW,2023-09-20,10.538299552208683,10.620952882029927,10.49697288729806,10.579626217119305,3626487.0
POW,2023-09-21,10.579626217119305,10.66227954694055,10.455646222387438,10.49697288729806,5685528.0
POW,2023-09-22,10.414319557476816,10.455646222387438,10.042379573281215,10.166359568013084,9838497.0
POW,2023-09-25,10.207686232923704,10.249012897834326,9.75309291890686,9.75309291890686,7935301.0
POW,2023-09-26,9.794419583817481,9.877072913638726,9.629112924174994,9.629112924174994,7568801.0
POW,2023-09-27,9.670439589085614,9.711766253996236,9.505132929443125,9.711766253996236,4547733.0
POW,2023-09-28,9.711766253996236,9.75309291890686,9.505132929443125,9.505132929443125,4856915.0
POW,2023-09-29,9.877072913638726,9.877072913638726,9.58778625926437,9.58778625926437,5495571.0
POW,2023-10-02,9.629112924174994,9.794419583817481,9.58778625926437,9.711766253996236,2863694.0
POW,2023-10-03,9.670439589085614,9.711766253996236,9.257172939979391,9.257172939979391,7906810.0
POW,2023-10-04,9.257172939979391,9.422479599621882,9.174519610158146,9.298499604890015,5552366.0
POW,2023-10-05,9.298499604890015,9.339826269800637,9.009212950515659,9.009212950515659,8237391.0
POW,2023-10-06,9.05053961542628,9.298499604890015,9.009212950515659,9.257172939979391,5141724.0
POW,2023-10-09,9.091866280336903,9.257172939979391,9.091866280336903,9.257172939979391,9548146.0
POW,2023-10-10,9.298499604890015,9.463806264532503,9.298499604890015,9.463806264532503,5117319.0
POW,2023-10-11,9.629112924174994,9.629112924174994,9.381152934711258,9.505132929443125,3941724.0
POW,2023-10-12,9.546459594353749,9.546459594353749,9.422479599621882,9.463806264532503,3238731.0
POW,2023-10-13,9.298499604890015,9.463806264532503,9.257172939979391,9.422479599621882,4775017.0
POW,2023-10-16,9.422479599621882,9.505132929443125,9.298499604890015,9.381152934711258,3670041.0
POW,2023-10-17,9.381152934711258,9.463806264532503,9.298499604890015,9.298499604890015,3317945.0
POW,2023-10-18,9.298499604890015,9.339826269800637,9.009212950515659,9.298499604890015,6950525.0
POW,2023-10-19,9.21584627506877,9.257172939979391,9.05053961542628,9.133192945247526,3038234.0
POW,2023-10-20,9.174519610158146,9.257172939979391,9.05053961542628,9.257172939979391,3866450.0
POW,2023-10-23,9.257172939979391,9.298499604890015,9.05053961542628,9.133192945247526,3287825.0
POW,2023-10-24,9.133192945247526,9.257172939979391,9.05053961542628,9.257172939979391,3876400.0
POW,2023-10-25,9.257172939979391,9.381152934711258,9.21584627506877,9.257172939979391,2846800.0
POW,2023-10-26,9.21584627506877,9.21584627506877,8.885232955783792,8.926559620694414,8779800.0
POW,2023-10-27,9.009212950515659,9.091866280336903,8.885232955783792,9.091866280336903,3606800.0
POW,2023-10-30,9.009212950515659,9.091866280336903,8.967886285605037,8.967886285605037,2475200.0
POW,2023-10-31,9.009212950515659,9.05053961542628,8.761252961051925,8.761252961051925,5343300.0
POW,2023-11-01,8.802579625962547,8.843906290873168,8.719926296141303,8.843906290873168,3328300.0
POW,2023-11-02,8.926559620694414,9.21584627506877,8.926559620694414,9.174519610158146,4834700.0
POW,2023-11-03,9.21584627506877,9.257172939979391,9.091866280336903,9.174519610158146,4794700.0
POW,2023-11-06,9.21584627506877,9.298499604890015,9.174519610158146,9.298499604890015,4854700.0
POW,2023-11-07,9.257172939979391,9.339826269800637,9.174519610158146,9.21584627506877,3184300.0
POW,2023-11-08,9.257172939979391,9.505132929443125,9.174519610158146,9.505132929443125,5094000.0
POW,2023-11-09,9.505132929443125,9.75309291890686,9.422479599621882,9.546459594353749,10908400.0
POW,2023-11-10,9.711766253996236,9.918399578549348,9.58778625926437,9.670439589085614,12128600.0
POW,2023-11-13,9.794419583817481,10.001052908370593,9.75309291890686,9.835746248728105,12245700.0
POW,2023-11-14,9.918399578549348,9.918399578549348,9.670439589085614,9.794419583817481,6806900.0
POW,2023-11-15,9.877072913638726,10.001052908370593,9.711766253996236,9.711766253996236,9811800.0
POW,2023-11-16,9.75309291890686,9.794419583817481,9.629112924174994,9.794419583817481,3788600.0
POW,2023-11-17,9.794419583817481,9.877072913638726,9.58778625926437,9.629112924174994,5791900.0
POW,2023-11-20,9.546459594353749,9.670439589085614,9.463806264532503,9.629112924174994,4704800.0
POW,2023-11-21,9.670439589085614,9.75309291890686,9.58778625926437,9.670439589085614,2911000.0
POW,2023-11-22,9.670439589085614,9.670439589085614,9.505132929443125,9.629112924174994,4812300.0
POW,2023-11-23,9.670439589085614,9.670439589085614,9.463806264532503,9.463806264532503,5684500.0
POW,2023-11-24,9.463806264532503,9.505132929443125,9.257172939979391,9.422479599621882,6311600.0
POW,2023-11-27,9.422479599621882,9.463806264532503,9.339826269800637,9.339826269800637,2236400.0
POW,2023-11-28,9.339826269800637,9.381152934711258,9.21584627506877,9.339826269800637,4291700.0
POW,2023-11-29,9.381152934711258,9.422479599621882,9.339826269800637,9.339826269800637,3554900.0
POW,2023-11-30,9.422479599621882,9.463806264532503,9.257172939979391,9.298499604890015,4393300.0
POW,2023-12-01,9.381152934711258,9.381152934711258,9.257172939979391,9.339826269800637,2525200.0
POW,2023-12-04,9.381152934711258,9.58778625926437,9.339826269800637,9.546459594353749,5672800.0
POW,2023-12-05,9.546459594353749,9.629112924174994,9.463806264532503,9.463806264532503,3692700.0
POW,2023-12-06,9.505132929443125,9.58778625926437,9.463806264532503,9.546459594353749,2318900.0
POW,2023-12-07,9.546459594353749,9.670439589085614,9.463806264532503,9.505132929443125,5040900.0
POW,2023-12-08,9.58778625926437,9.794419583817481,9.546459594353749,9.629112924174994,6565500.0
POW,2023-12-11,9.670439589085614,9.711766253996236,9.546459594353749,9.58778625926437,2423300.0
POW,2023-12-12,9.629112924174994,9.670439589085614,9.505132929443125,9.58778625926437,3002900.0
POW,2023-12-13,9.58778625926437,9.58778625926437,9.422479599621882,9.422479599621882,4452700.0
POW,2023-12-14,9.463806264532503,9.505132929443125,9.298499604890015,9.339826269800637,3182300.0
POW,2023-12-15,9.381152934711258,9.422479599621882,9.257172939979391,9.257172939979391,6925300.0
POW,2023-12-18,9.298499604890015,9.339826269800637,9.174519610158146,9.174519610158146,3359100.0
POW,2023-12-19,9.174519610158146,9.298499604890015,9.174519610158146,9.257172939979391,2564200.0
POW,2023-12-20,9.339826269800637,9.381152934711258,9.257172939979391,9.339826269800637,2902000.0
POW,2023-12-21,9.339826269800637,9.381152934711258,9.298499604890015,9.339826269800637,2282790.0
POW,2023-12-22,9.381152934711258,9.381152934711258,9.21584627506877,9.298499604890015,4125900.0
POW,2023-12-25,9.339826269800637,9.422479599621882,9.257172939979391,9.339826269800637,3859800.0
POW,2023-12-26,9.339826269800637,9.422479599621882,9.257172939979391,9.298499604890015,4108390.0
POW,2023-12-27,9.381152934711258,9.381152934711258,9.21584627506877,9.21584627506877,6907600.0
POW,2023-12-28,9.298499604890015,9.339826269800637,9.21584627506877,9.298499604890015,3302200.0
POW,2023-12-29,9.298499604890015,9.339826269800637,9.257172939979391,9.298499604890015,5690200.0
POW,2024-01-02,9.339826269800637,9.381152934711258,9.257172939979391,9.298499604890015,3502100.0
POW,2024-01-03,9.298499604890015,9.422479599621882,9.257172939979391,9.422479599621882,4600200.0
POW,2024-01-04,9.463806264532503,9.58778625926437,9.422479599621882,9.463806264532503,7908000.0
POW,2024-01-05,9.463806264532503,9.505132929443125,9.339826269800637,9.339826269800637,4310300.0
POW,2024-01-08,9.381152934711258,9.463806264532503,9.339826269800637,9.422479599621882,6005800.0
POW,2024-01-09,9.422479599621882,9.463806264532503,9.381152934711258,9.463806264532503,4060000.0
POW,2024-01-10,9.505132929443125,9.546459594353749,9.381152934711258,9.422479599621882,4321200.0
POW,2024-01-11,9.422479599621882,9.75309291890686,9.422479599621882,9.629112924174994,11453500.0
POW,2024-01-12,9.711766253996236,9.711766253996236,9.381152934711258,9.463806264532503,8294100.0
POW,2024-01-15,9.546459594353749,9.58778625926437,9.422479599621882,9.422479599621882,4254200.0
POW,2024-01-16,9.422479599621882,9.505132929443125,9.381152934711258,9.505132929443125,2788400.0
POW,2024-01-17,9.505132929443125,9.546459594353749,9.422479599621882,9.422479599621882,4245500.0
POW,2024-01-18,9.422479599621882,9.463806264532503,9.381152934711258,9.422479599621882,3571700.0
POW,2024-01-19,9.463806264532503,9.58778625926437,9.463806264532503,9.546459594353749,5917700.0
POW,2024-01-22,9.58778625926437,9.629112924174994,9.463806264532503,9.546459594353749,4024000.0
POW,2024-01-23,9.546459594353749,9.58778625926437,9.422479599621882,9.463806264532503,6408500.0
POW,2024-01-24,9.463806264532503,9.505132929443125,9.381152934711258,9.422479599621882,3625700.0
POW,2024-01-25,9.422479599621882,9.463806264532503,9.381152934711258,9.463806264532503,1763500.0
POW,2024-01-26,9.422479599621882,9.463806264532503,9.422479599621882,9.422479599621882,8315600.0
POW,2024-01-29,9.463806264532503,9.505132929443125,9.422479599621882,9.422479599621882,6026000.0
POW,2024-01-30,9.463806264532503,9.629112924174994,9.422479599621882,9.505132929443125,7274600.0
POW,2024-01-31,9.546459594353749,9.546459594353749,9.381152934711258,9.381152934711258,4573100.0
POW,2024-02-01,9.381152934711258,9.463806264532503,9.339826269800637,9.381152934711258,2541200.0
POW,2024-02-02,9.422479599621882,9.422479599621882,9.339826269800637,9.339826269800637,8892500.0
POW,2024-02-05,9.381152934711258,9.381152934711258,9.298499604890015,9.298499604890015,3680400.0
POW,2024-02-06,9.339826269800637,9.381152934711258,9.298499604890015,9.381152934711258,3944300.0
POW,2024-02-07,9.381152934711258,9.422479599621882,9.339826269800637,9.381152934711258,2857700.0
POW,2024-02-15,9.422479599621882,9.463806264532503,9.381152934711258,9.422479599621882,4291100.0
POW,2024-02-16,9.463806264532503,9.505132929443125,9.422479599621882,9.505132929443125,4296000.0
POW,2024-02-19,9.505132929443125,10.001052908370593,9.505132929443125,9.918399578549348,22515100.0
POW,2024-02-20,9.959726243459972,10.12503290310246,9.794419583817481,9.835746248728105,9075800.0
POW,2024-02-21,9.794419583817481,9.835746248728105,9.711766253996236,9.75309291890686,6651900.0
POW,2024-02-22,9.75309291890686,9.835746248728105,9.711766253996236,9.711766253996236,5905200.0
POW,2024-02-23,9.75309291890686,9.794419583817481,9.505132929443125,9.505132929443125,9330900.0
POW,2024-02-26,9.505132929443125,9.58778625926437,9.463806264532503,9.546459594353749,7362700.0
POW,2024-02-27,9.58778625926437,9.75309291890686,9.546459594353749,9.711766253996236,6554500.0
POW,2024-02-28,9.794419583817481,9.835746248728105,9.711766253996236,9.75309291890686,7607300.0
POW,2024-02-29,9.835746248728105,9.835746248728105,9.629112924174994,9.629112924174994,6477300.0
POW,2024-03-01,9.629112924174994,9.711766253996236,9.58778625926437,9.711766253996236,4801200.0
POW,2024-03-04,9.794419583817481,9.835746248728105,9.711766253996236,9.794419583817481,7086300.0
POW,2024-03-05,9.794419583817481,9.835746248728105,9.711766253996236,9.794419583817481,4589800.0
POW,2024-03-06,9.75309291890686,10.001052908370593,9.75309291890686,9.835746248728105,8874000.0
POW,2024-03-07,9.835746248728105,9.877072913638726,9.711766253996236,9.794419583817481,5715400.0
POW,2024-03-08,9.835746248728105,9.959726243459972,9.670439589085614,9.670439589085614,13571700.0
POW,2024-03-11,9.711766253996236,9.75309291890686,9.505132929443125,9.58778625926437,7450400.0
POW,2024-03-12,9.58778625926437,9.629112924174994,9.505132929443125,9.505132929443125,6238700.0
POW,2024-03-13,9.505132929443125,9.629112924174994,9.505132929443125,9.58778625926437,4770100.0
POW,2024-03-14,9.58778625926437,9.670439589085614,9.546459594353749,9.58778625926437,7245100.0
POW,2024-03-15,9.58778625926437,9.629112924174994,9.422479599621882,9.463806264532503,10949100.0
POW,2024-03-18,9.463806264532503,9.546459594353749,9.257172939979391,9.339826269800637,12880800.0
POW,2024-03-19,9.339826269800637,9.422479599621882,9.257172939979391,9.298499604890015,4170400.0
POW,2024-03-20,9.339826269800637,9.463806264532503,9.298499604890015,9.422479599621882,5540400.0
POW,2024-03-21,9.463806264532503,9.505132929443125,9.422479599621882,9.422479599621882,6481600.0
POW,2024-03-22,9.422479599621882,9.546459594353749,9.381152934711258,9.505132929443125,8835900.0
POW,2024-03-25,9.546459594353749,9.629112924174994,9.422479599621882,9.422479599621882,8263200.0
POW,2024-03-26,9.422479599621882,9.463806264532503,9.339826269800637,9.463806264532503,5588200.0
POW,2024-03-27,9.505132929443125,9.58778625926437,9.463806264532503,9.463806264532503,6100600.0
POW,2024-03-28,9.505132929443125,9.546459594353749,9.422479599621882,9.463806264532503,4069500.0
POW,2024-03-29,9.505132929443125,9.505132929443125,9.381152934711258,9.422479599621882,5807100.0
POW,2024-04-01,9.422479599621882,9.463806264532503,9.381152934711258,9.381152934711258,5405700.0
POW,2024-04-02,9.422479599621882,9.629112924174994,9.339826269800637,9.546459594353749,8867600.0
POW,2024-04-03,9.546459594353749,9.58778625926437,9.381152934711258,9.422479599621882,6917000.0
POW,2024-04-04,9.422479599621882,9.463806264532503,9.298499604890015,9.339826269800637,8451600.0
POW,2024-04-05,9.339826269800637,9.381152934711258,9.257172939979391,9.298499604890015,7430000.0
POW,2024-04-08,9.298499604890015,9.339826269800637,9.21584627506877,9.257172939979391,4388700.0
POW,2024-04-09,9.339826269800637,9.381152934711258,9.257172939979391,9.339826269800637,5564800.0
POW,2024-04-10,9.339826269800637,9.381152934711258,9.257172939979391,9.339826269800637,5373400.0
POW,2024-04-11,9.298499604890015,9.298499604890015,9.257172939979391,9.257172939979391,5510500.0
POW,2024-04-12,9.257172939979391,9.339826269800637,9.257172939979391,9.298499604890015,5365300.0
POW,2024-04-15,9.381152934711258,9.546459594353749,9.21584627506877,9.21584627506877,13347600.0
POW,2024-04-16,9.257172939979391,9.257172939979391,8.926559620694414,9.009212950515659,11229400.0
POW,2024-04-17,9.009212950515659,9.174519610158146,8.967886285605037,9.05053961542628,6623700.0
POW,2024-04-19,9.009212950515659,9.05053961542628,8.761252961051925,8.761252961051925,8536900.0
POW,2024-04-22,8.843906290873168,8.926559620694414,8.761252961051925,8.802579625962547,3804500.0
POW,2024-04-23,8.802579625962547,8.843906290873168,8.595946301409436,8.637272966320056,4953200.0
POW,2024-04-24,8.637272966320056,8.885232955783792,8.637272966320056,8.802579625962547,5505900.0
POW,2024-04-25,8.802579625962547,8.843906290873168,8.67859963123068,8.719926296141303,3360000.0
POW,2024-04-26,8.67859963123068,8.761252961051925,8.637272966320056,8.67859963123068,4967600.0
POW,2024-05-02,8.761252961051925,9.21584627506877,8.719926296141303,9.174519610158146,9025800.0
POW,2024-05-03,9.174519610158146,9.21584627506877,9.009212950515659,9.05053961542628,4985400.0
POW,2024-05-06,9.091866280336903,9.298499604890015,9.05053961542628,9.174519610158146,6261300.0
POW,2024-05-07,9.174519610158146,9.21584627506877,9.091866280336903,9.174519610158146,3262900.0
POW,2024-05-08,9.174519610158146,9.298499604890015,9.05053961542628,9.21584627506877,6760700.0
POW,2024-05-09,9.257172939979391,9.298499604890015,9.133192945247526,9.174519610158146,3679800.0
POW,2024-05-10,9.174519610158146,9.21584627506877,9.05053961542628,9.05053961542628,5979500.0
POW,2024-05-13,9.05053961542628,9.133192945247526,9.05053961542628,9.091866280336903,3323850.0
POW,2024-05-14,9.091866280336903,9.133192945247526,9.05053961542628,9.05053961542628,3290900.0
POW,2024-05-15,9.091866280336903,9.133192945247526,9.009212950515659,9.091866280336903,6135200.0
POW,2024-05-16,9.133192945247526,9.339826269800637,9.091866280336903,9.21584627506877,7817300.0
POW,2024-05-17,9.298499604890015,9.339826269800637,9.21584627506877,9.298499604890015,8090800.0
POW,2024-05-20,9.298499604890015,9.505132929443125,9.298499604890015,9.381152934711258,9756200.0
POW,2024-05-21,9.422479599621882,9.422479599621882,9.257172939979391,9.339826269800637,6434500.0
POW,2024-05-22,9.339826269800637,9.58778625926437,9.257172939979391,9.381152934711258,12534000.0
POW,2024-05-23,9.422479599621882,9.629112924174994,9.339826269800637,9.546459594353749,16406800.0
POW,2024-05-24,9.546459594353749,9.629112924174994,9.298499604890015,9.381152934711258,13365600.0
POW,2024-05-27,9.463806264532503,10.001052908370593,9.422479599621882,10.001052908370593,43071900.0
POW,2024-05-28,10.249012897834326,10.372992892566195,10.12503290310246,10.290339562744949,25331200.0
POW,2024-05-29,10.331666227655571,10.538299552208683,10.166359568013084,10.372992892566195,28319800.0
POW,2024-05-30,10.331666227655571,10.66227954694055,10.249012897834326,10.579626217119305,21581800.0
POW,2024-05-31,10.579626217119305,10.620952882029927,10.372992892566195,10.414319557476816,11448800.0
POW,2024-06-03,10.49697288729806,11.116872860957395,10.455646222387438,11.116872860957395,43097900.0
POW,2024-06-04,11.19952619077864,11.695446169706107,11.03421953113615,11.57146617497424,42208200.0
POW,2024-06-05,11.57146617497424,11.819426164437974,11.364832850421129,11.364832850421129,26182000.0
POW,2024-06-06,11.364832850421129,11.654119504795485,11.19952619077864,11.19952619077864,15942300.0
POW,2024-06-07,11.364832850421129,11.695446169706107,11.282179520599884,11.530139510063616,14504200.0
POW,2024-06-10,11.57146617497424,11.612792839884863,11.19952619077864,11.282179520599884,17471400.0
POW,2024-06-11,11.364832850421129,11.902079494259219,11.282179520599884,11.695446169706107,23588100.0
POW,2024-06-12,11.695446169706107,11.736772834616728,11.447486180242374,11.57146617497424,14575600.0
POW,2024-06-13,11.654119504795485,11.94340615916984,11.530139510063616,11.695446169706107,17730500.0
POW,2024-06-14,11.695446169706107,11.736772834616728,11.364832850421129,11.364832850421129,15722200.0
POW,2024-06-17,11.323506185510505,11.695446169706107,11.19952619077864,11.530139510063616,13789400.0
POW,2024-06-18,11.612792839884863,12.315346143365442,11.57146617497424,12.315346143365442,36877000.0
POW,2024-06-19,12.48065280300793,12.728612792471663,12.356672808276063,12.356672808276063,16186200.0
POW,2024-06-20,12.439326138097309,12.687286127561041,12.274019478454818,12.48065280300793,13235400.0
POW,2024-06-21,12.521979467918554,12.64595946265042,12.150039483722951,12.150039483722951,15655004.0
POW,2024-06-24,12.150039483722951,12.64595946265042,11.902079494259219,12.397999473186685,29286700.0
POW,2024-06-25,12.563306132829174,12.563306132829174,12.150039483722951,12.397999473186685,12352001.0
POW,2024-06-26,12.397999473186685,12.811266122292908,12.397999473186685,12.64595946265042,15892700.0
POW,2024-06-27,12.64595946265042,12.64595946265042,12.191366148633575,12.191366148633575,19374200.0
POW,2024-06-28,12.191366148633575,12.397999473186685,11.94340615916984,12.315346143365442,11438306.0
POW,2024-07-01,12.232692813544197,12.315346143365442,11.902079494259219,12.026059488991086,18316201.0
POW,2024-07-02,12.150039483722951,12.150039483722951,11.902079494259219,11.984732824080464,9441101.0
POW,2024-07-03,12.10871281881233,12.687286127561041,12.026059488991086,12.48065280300793,18086100.0
POW,2024-07-04,12.604632797739797,12.687286127561041,12.150039483722951,12.191366148633575,11047800.0
POW,2024-07-05,12.191366148633575,12.315346143365442,12.067386153901706,12.067386153901706,11273000.0
POW,2024-07-08,12.10871281881233,12.439326138097309,12.067386153901706,12.439326138097309,15956200.0
POW,2024-07-09,12.604632797739797,13.141879441577887,12.48065280300793,12.64595946265042,24417200.0
POW,2024-07-10,12.64595946265042,12.728612792471663,12.397999473186685,12.439326138097309,14890601.0
POW,2024-07-11,12.48065280300793,12.769939457382286,12.439326138097309,12.48065280300793,10985401.0
POW,2024-07-12,12.48065280300793,12.604632797739797,12.397999473186685,12.563306132829174,8613814.0
POW,2024-07-15,12.687286127561041,12.687286127561041,12.274019478454818,12.563306132829174,9147809.0
POW,2024-07-16,12.64595946265042,12.852592787203532,12.315346143365442,12.315346143365442,15418802.0
POW,2024-07-17,12.356672808276063,12.48065280300793,11.488812845152996,11.488812845152996,31977504.0
POW,2024-07-18,11.57146617497424,11.736772834616728,11.406159515331751,11.736772834616728,16764207.0
POW,2024-07-19,11.736772834616728,11.778099499527352,10.951566201314906,10.992892866225528,24764404.0
POW,2024-07-22,11.075546196046773,11.364832850421129,10.827586206583039,11.116872860957395,12705601.0
POW,2024-07-23,11.158199525868017,11.282179520599884,10.579626217119305,10.620952882029927,11634702.0
POW,2024-07-24,10.538299552208683,10.992892866225528,10.49697288729806,10.910239536404283,11351401.0
POW,2024-07-25,10.868912871493661,10.951566201314906,10.49697288729806,10.66227954694055,8600010.0
POW,2024-07-26,10.744932876761794,11.240852855689262,10.744932876761794,11.19952619077864,12849203.0
POW,2024-07-29,11.323506185510505,11.323506185510505,11.03421953113615,11.240852855689262,7194301.0
POW,2024-07-30,11.364832850421129,11.447486180242374,11.075546196046773,11.075546196046773,10095000.0
POW,2024-07-31,11.240852855689262,11.323506185510505,10.992892866225528,11.116872860957395,6437905.0
POW,2024-08-01,11.19952619077864,11.240852855689262,10.66227954694055,10.868912871493661,11728301.0
POW,2024-08-02,10.703606211851172,11.406159515331751,10.66227954694055,11.406159515331751,13966200.0
POW,2024-08-05,11.19952619077864,11.364832850421129,10.786259541672417,10.992892866225528,12036901.0
POW,2024-08-06,10.992892866225528,11.447486180242374,10.992892866225528,11.364832850421129,11832001.0
POW,2024-08-07,11.364832850421129,11.447486180242374,11.116872860957395,11.364832850421129,5928800.0
POW,2024-08-08,11.364832850421129,11.695446169706107,11.19952619077864,11.406159515331751,12626804.0
POW,2024-08-09,11.57146617497424,11.57146617497424,11.282179520599884,11.447486180242374,7389601.0
POW,2024-08-12,11.530139510063616,11.530139510063616,11.240852855689262,11.240852855689262,8115303.0
POW,2024-08-13,11.19952619077864,11.240852855689262,10.786259541672417,11.075546196046773,12008305.0
POW,2024-08-14,11.116872860957395,11.116872860957395,10.951566201314906,11.03421953113615,3128035.0
POW,2024-08-15,10.951566201314906,11.03421953113615,10.786259541672417,10.786259541672417,5342113.0
POW,2024-08-16,10.827586206583039,11.19952619077864,10.827586206583039,11.116872860957395,7606930.0
POW,2024-08-19,11.19952619077864,11.364832850421129,11.158199525868017,11.158199525868017,8438731.0
POW,2024-08-20,11.19952619077864,11.240852855689262,10.992892866225528,11.158199525868017,9152028.0
POW,2024-08-21,11.158199525868017,11.530139510063616,11.075546196046773,11.364832850421129,12635455.0
POW,2024-08-22,11.406159515331751,11.406159515331751,11.19952619077864,11.240852855689262,6038133.0
POW,2024-08-23,11.240852855689262,11.323506185510505,11.158199525868017,11.19952619077864,5784550.0
POW,2024-08-26,11.323506185510505,11.323506185510505,11.075546196046773,11.075546196046773,6596336.0
POW,2024-08-27,11.075546196046773,11.158199525868017,10.951566201314906,11.116872860957395,5942140.0
POW,2024-08-28,11.116872860957395,11.323506185510505,11.075546196046773,11.282179520599884,7769616.0
POW,2024-08-29,11.323506185510505,11.447486180242374,11.19952619077864,11.19952619077864,4854037.0
POW,2024-08-30,11.19952619077864,11.240852855689262,11.116872860957395,11.116872860957395,4119301.0
POW,2024-09-04,11.03421953113615,11.075546196046773,10.910239536404283,10.910239536404283,6585725.0
POW,2024-09-05,10.910239536404283,10.992892866225528,10.66227954694055,10.786259541672417,7830048.0
POW,2024-09-06,10.868912871493661,10.868912871493661,10.579626217119305,10.827586206583039,5592800.0
POW,2024-09-09,10.827586206583039,10.868912871493661,10.66227954694055,10.786259541672417,2627903.0
POW,2024-09-10,10.951566201314906,10.951566201314906,10.703606211851172,10.744932876761794,3367519.0
POW,2024-09-11,10.703606211851172,10.786259541672417,10.579626217119305,10.620952882029927,3884573.0
POW,2024-09-12,10.66227954694055,10.786259541672417,10.66227954694055,10.66227954694055,1649258.0
POW,2024-09-13,10.703606211851172,10.744932876761794,10.579626217119305,10.579626217119305,2316211.0
POW,2024-09-16,10.620952882029927,10.703606211851172,10.12503290310246,10.166359568013084,9058902.0
POW,2024-09-17,10.207686232923704,10.372992892566195,10.12503290310246,10.372992892566195,4649740.0
POW,2024-09-18,10.414319557476816,10.538299552208683,10.290339562744949,10.538299552208683,7447925.0
POW,2024-09-19,10.538299552208683,10.579626217119305,10.372992892566195,10.372992892566195,3166226.0
POW,2024-09-20,10.414319557476816,10.538299552208683,10.331666227655571,10.372992892566195,5332414.0
POW,2024-09-23,10.455646222387438,10.49697288729806,10.331666227655571,10.331666227655571,3154700.0
POW,2024-09-24,10.372992892566195,10.455646222387438,10.331666227655571,10.414319557476816,2322224.0
POW,2024-09-25,10.49697288729806,10.786259541672417,10.414319557476816,10.786259541672417,15412516.0
POW,2024-09-26,10.786259541672417,10.868912871493661,10.703606211851172,10.786259541672417,6034427.0
POW,2024-09-27,10.744932876761794,10.951566201314906,10.744932876761794,10.786259541672417,7500100.0
POW,2024-09-30,10.786259541672417,10.827586206583039,10.66227954694055,10.827586206583039,4604138.0
POW,2024-10-01,10.827586206583039,10.951566201314906,10.786259541672417,10.910239536404283,7410901.0
POW,2024-10-02,10.910239536404283,10.910239536404283,10.786259541672417,10.868912871493661,3963100.0
POW,2024-10-03,10.827586206583039,10.992892866225528,10.579626217119305,10.579626217119305,7901200.0
POW,2024-10-04,10.66227954694055,10.744932876761794,10.579626217119305,10.703606211851172,3379200.0
POW,2024-10-07,10.786259541672417,10.827586206583039,10.538299552208683,10.538299552208683,4623000.0
POW,2024-10-08,10.579626217119305,10.703606211851172,10.49697288729806,10.579626217119305,2874122.0
POW,2024-10-09,10.620952882029927,10.703606211851172,10.538299552208683,10.703606211851172,4342975.0
POW,2024-10-10,10.744932876761794,10.827586206583039,10.620952882029927,10.66227954694055,3054936.0
POW,2024-10-11,10.744932876761794,10.744932876761794,10.414319557476816,10.414319557476816,8909629.0
POW,2024-10-14,10.579626217119305,10.827586206583039,10.579626217119305,10.579626217119305,8349200.0
POW,2024-10-15,10.579626217119305,10.703606211851172,10.331666227655571,10.414319557476816,5622840.0
POW,2024-10-16,10.49697288729806,10.538299552208683,10.331666227655571,10.414319557476816,2941300.0
POW,2024-10-17,10.331666227655571,10.455646222387438,10.249012897834326,10.372992892566195,4808541.0
POW,2024-10-18,10.372992892566195,10.49697288729806,10.331666227655571,10.331666227655571,3656052.0
POW,2024-10-21,10.331666227655571,10.372992892566195,10.249012897834326,10.290339562744949,3480319.0
POW,2024-10-22,10.290339562744949,10.290339562744949,9.959726243459972,10.083706238191837,9162313.0
POW,2024-10-23,10.12503290310246,10.249012897834326,10.042379573281215,10.12503290310246,3839409.0
POW,2024-10-24,10.12503290310246,10.207686232923704,10.001052908370593,10.001052908370593,3852707.0
POW,2024-10-25,10.083706238191837,10.083706238191837,9.835746248728105,9.835746248728105,4969307.0
POW,2024-10-28,9.877072913638726,9.918399578549348,9.794419583817481,9.877072913638726,3000018.0
POW,2024-10-29,9.877072913638726,10.042379573281215,9.877072913638726,9.959726243459972,4169912.0
POW,2024-10-30,9.959726243459972,10.001052908370593,9.877072913638726,9.959726243459972,2482003.0
POW,2024-10-31,10.083706238191837,10.083706238191837,9.877072913638726,9.877072913638726,6057113.0
POW,2024-11-01,9.918399578549348,9.918399578549348,9.58778625926437,9.58778625926437,7503200.0
POW,2024-11-04,9.670439589085614,9.670439589085614,9.463806264532503,9.463806264532503,5064300.0
POW,2024-11-05,9.463806264532503,9.58778625926437,9.463806264532503,9.546459594353749,3472300.0
POW,2024-11-06,9.58778625926437,9.794419583817481,9.58778625926437,9.75309291890686,5947200.0
POW,2024-11-07,9.835746248728105,9.835746248728105,9.670439589085614,9.670439589085614,2648010.0
POW,2024-11-08,9.670439589085614,9.835746248728105,9.629112924174994,9.670439589085614,4359014.0
POW,2024-11-11,9.670439589085614,9.75309291890686,9.546459594353749,9.670439589085614,3995414.0
POW,2024-11-12,9.711766253996236,9.835746248728105,9.670439589085614,9.670439589085614,6230002.0
POW,2024-11-13,9.670439589085614,9.711766253996236,9.546459594353749,9.670439589085614,3729601.0
POW,2024-11-14,9.670439589085614,9.711766253996236,9.463806264532503,9.505132929443125,5168603.0
POW,2024-11-15,9.463806264532503,9.505132929443125,9.298499604890015,9.298499604890015,7708002.0
POW,2024-11-18,9.298499604890015,9.422479599621882,9.257172939979391,9.339826269800637,4207202.0
POW,2024-11-19,9.381152934711258,9.422479599621882,9.257172939979391,9.257172939979391,3538300.0
POW,2024-11-20,9.21584627506877,9.505132929443125,9.21584627506877,9.381152934711258,4657400.0
POW,2024-11-21,9.381152934711258,9.463806264532503,9.339826269800637,9.463806264532503,2166800.0
POW,2024-11-22,9.463806264532503,9.505132929443125,9.339826269800637,9.422479599621882,3114200.0
POW,2024-11-25,9.422479599621882,10.042379573281215,9.422479599621882,10.042379573281215,19114000.0
POW,2024-11-26,10.083706238191837,10.331666227655571,10.083706238191837,10.207686232923704,10904000.0
POW,2024-11-27,10.12503290310246,10.455646222387438,10.042379573281215,10.372992892566195,13053100.0
POW,2024-11-28,10.455646222387438,10.455646222387438,10.290339562744949,10.290339562744949,4779600.0
POW,2024-11-29,10.290339562744949,10.372992892566195,10.249012897834326,10.249012897834326,6650000.0
POW,2024-12-02,10.331666227655571,10.414319557476816,10.12503290310246,10.249012897834326,4981200.0
POW,2024-12-03,10.249012897834326,10.538299552208683,10.083706238191837,10.455646222387438,13626600.0
POW,2024-12-04,10.455646222387438,10.455646222387438,10.12503290310246,10.166359568013084,5774600.0
POW,2024-12-05,10.166359568013084,10.372992892566195,10.12503290310246,10.331666227655571,8789400.0
POW,2024-12-06,10.372992892566195,10.455646222387438,10.249012897834326,10.290339562744949,6590400.0
POW,2024-12-09,10.290339562744949,10.372992892566195,10.207686232923704,10.331666227655571,5185000.0
POW,2024-12-10,10.372992892566195,10.744932876761794,10.372992892566195,10.455646222387438,12759200.0
POW,2024-12-11,10.455646222387438,10.49697288729806,10.207686232923704,10.249012897834326,5617700.0
POW,2024-12-12,10.331666227655571,10.372992892566195,10.166359568013084,10.166359568013084,5484900.0
POW,2024-12-13,10.207686232923704,10.207686232923704,10.083706238191837,10.12503290310246,3419000.0
POW,2024-12-16,10.166359568013084,10.249012897834326,10.12503290310246,10.249012897834326,3610800.0
POW,2024-12-17,10.249012897834326,10.290339562744949,10.12503290310246,10.207686232923704,5391700.0
POW,2024-12-18,10.207686232923704,10.414319557476816,10.166359568013084,10.414319557476816,8525600.0
POW,2024-12-19,10.290339562744949,10.331666227655571,10.166359568013084,10.249012897834326,6592100.0
POW,2024-12-20,10.331666227655571,10.331666227655571,10.083706238191837,10.083706238191837,9068400.0
POW,2024-12-23,10.12503290310246,10.166359568013084,10.001052908370593,10.001052908370593,7643100.0
POW,2024-12-24,10.001052908370593,10.042379573281215,9.794419583817481,9.959726243459972,8756900.0
POW,2024-12-25,9.877072913638726,10.12503290310246,9.877072913638726,10.042379573281215,4582200.0
POW,2024-12-26,10.042379573281215,10.12503290310246,9.959726243459972,10.042379573281215,3522102.0
POW,2024-12-27,10.083706238191837,10.083706238191837,9.918399578549348,9.918399578549348,4154403.0
POW,2024-12-30,9.918399578549348,10.042379573281215,9.877072913638726,10.042379573281215,3269501.0
POW,2024-12-31,10.042379573281215,10.042379573281215,9.918399578549348,9.918399578549348,2971801.0
POW,2025-01-02,9.918399578549348,10.042379573281215,9.877072913638726,9.918399578549348,3025302.0
POW,2025-01-03,9.918399578549348,9.918399578549348,9.711766253996236,9.75309291890686,4994501.0
POW,2025-01-06,9.75309291890686,9.877072913638726,9.505132929443125,9.546459594353749,5442900.0
POW,2025-01-07,9.58778625926437,9.629112924174994,9.463806264532503,9.463806264532503,4024801.0
POW,2025-01-08,9.463806264532503,9.711766253996236,9.463806264532503,9.629112924174994,2851601.0
POW,2025-01-09,9.670439589085614,9.711766253996236,9.58778625926437,9.670439589085614,2021701.0
POW,2025-01-10,9.670439589085614,10.001052908370593,9.629112924174994,9.629112924174994,4739704.0
POW,2025-01-13,9.670439589085614,9.835746248728105,9.670439589085614,9.75309291890686,3423801.0
POW,2025-01-14,9.794419583817481,9.835746248728105,9.629112924174994,9.629112924174994,2465101.0
POW,2025-01-15,9.711766253996236,9.835746248728105,9.629112924174994,9.835746248728105,2611101.0
POW,2025-01-16,9.918399578549348,9.918399578549348,9.711766253996236,9.794419583817481,2709300.0
POW,2025-01-17,9.794419583817481,9.794419583817481,9.670439589085614,9.711766253996236,3183397.0
POW,2025-01-20,9.711766253996236,9.75309291890686,9.58778625926437,9.58778625926437,3735400.0
POW,2025-01-21,9.670439589085614,9.670439589085614,9.381152934711258,9.422479599621882,5698695.0
POW,2025-01-22,9.463806264532503,9.546459594353749,9.339826269800637,9.339826269800637,3798400.0
POW,2025-01-23,9.381152934711258,9.505132929443125,9.381152934711258,9.463806264532503,7087200.0
POW,2025-01-24,9.505132929443125,9.505132929443125,9.381152934711258,9.505132929443125,5915500.0
POW,2025-02-03,9.546459594353749,9.629112924174994,9.505132929443125,9.546459594353749,3584300.0
POW,2025-02-04,9.58778625926437,9.75309291890686,9.546459594353749,9.711766253996236,9227100.0
POW,2025-02-05,9.835746248728105,9.835746248728105,9.711766253996236,9.711766253996236,3443100.0
POW,2025-02-06,9.75309291890686,9.877072913638726,9.711766253996236,9.75309291890686,2868201.0
POW,2025-02-07,9.794419583817481,10.083706238191837,9.75309291890686,9.877072913638726,9583503.0
POW,2025-02-10,9.877072913638726,9.918399578549348,9.75309291890686,9.75309291890686,3341804.0
POW,2025-02-11,9.794419583817481,9.918399578549348,9.75309291890686,9.877072913638726,3703301.0
POW,2025-02-12,9.877072913638726,9.959726243459972,9.75309291890686,9.835746248728105,2947601.0
POW,2025-02-13,9.794419583817481,10.12503290310246,9.794419583817481,10.042379573281215,7204700.0
POW,2025-02-14,10.042379573281215,10.166359568013084,10.001052908370593,10.042379573281215,4039600.0
POW,2025-02-17,10.12503290310246,10.331666227655571,10.001052908370593,10.12503290310246,10162802.0
POW,2025-02-18,10.207686232923704,10.249012897834326,10.083706238191837,10.12503290310246,2380101.0
POW,2025-02-19,10.12503290310246,10.331666227655571,10.12503290310246,10.249012897834326,7539800.0
POW,2025-02-20,10.290339562744949,10.290339562744949,10.083706238191837,10.083706238191837,6509404.0
POW,2025-02-21,10.083706238191837,10.290339562744949,10.083706238191837,10.207686232923704,6170901.0
POW,2025-02-24,10.166359568013084,10.249012897834326,10.12503290310246,10.207686232923704,3680600.0
POW,2025-02-25,10.249012897834326,10.290339562744949,10.083706238191837,10.12503290310246,6294901.0
POW,2025-02-26,10.166359568013084,10.166359568013084,9.959726243459972,10.001052908370593,4522701.0
POW,2025-02-27,10.001052908370593,10.042379573281215,9.835746248728105,9.918399578549348,6321601.0
POW,2025-02-28,9.959726243459972,10.249012897834326,9.959726243459972,10.12503290310246,8478301.0
POW,2025-03-03,10.166359568013084,10.372992892566195,10.12503290310246,10.166359568013084,6175801.0
POW,2025-03-04,10.12503290310246,10.207686232923704,10.001052908370593,10.042379573281215,5233200.0
POW,2025-03-05,10.083706238191837,10.12503290310246,9.877072913638726,9.877072913638726,7218100.0
POW,2025-03-06,9.918399578549348,10.001052908370593,9.877072913638726,10.001052908370593,3585100.0
POW,2025-03-07,10.001052908370593,10.042379573281215,9.918399578549348,10.001052908370593,3976100.0
POW,2025-03-10,10.042379573281215,10.083706238191837,9.959726243459972,9.959726243459972,5385000.0
POW,2025-03-11,9.877072913638726,9.959726243459972,9.835746248728105,9.959726243459972,3274701.0
POW,2025-03-12,9.918399578549348,10.042379573281215,9.918399578549348,10.001052908370593,4648900.0
POW,2025-03-13,10.001052908370593,10.083706238191837,9.835746248728105,9.877072913638726,5811100.0
POW,2025-03-14,9.877072913638726,9.918399578549348,9.75309291890686,9.918399578549348,8341201.0
POW,2025-03-17,10.001052908370593,10.042379573281215,9.918399578549348,10.001052908370593,3997201.0
POW,2025-03-18,10.083706238191837,10.66227954694055,10.083706238191837,10.66227954694055,35501000.0
POW,2025-03-19,10.910239536404283,10.910239536404283,10.579626217119305,10.66227954694055,11084101.0
POW,2025-03-20,10.66227954694055,10.786259541672417,10.455646222387438,10.620952882029927,10714002.0
POW,2025-03-21,10.538299552208683,10.620952882029927,10.290339562744949,10.290339562744949,14341300.0
POW,2025-03-24,10.331666227655571,10.538299552208683,10.249012897834326,10.538299552208683,10267700.0
POW,2025-03-25,10.538299552208683,11.158199525868017,10.455646222387438,10.786259541672417,25255100.0
POW,2025-03-26,10.868912871493661,10.910239536404283,10.620952882029927,10.744932876761794,11214000.0
POW,2025-03-27,10.827586206583039,10.827586206583039,10.579626217119305,10.620952882029927,4892900.0
POW,2025-03-28,10.66227954694055,10.868912871493661,10.579626217119305,10.579626217119305,8955700.0
POW,2025-03-31,10.538299552208683,10.827586206583039,10.455646222387438,10.579626217119305,10118200.0
POW,2025-04-01,10.620952882029927,10.786259541672417,10.620952882029927,10.703606211851172,9850302.0
POW,2025-04-02,10.744932876761794,10.868912871493661,10.579626217119305,10.579626217119305,6889901.0
POW,2025-04-03,10.166359568013084,10.331666227655571,9.877072913638726,9.877072913638726,18089600.0
POW,2025-04-04,9.21584627506877,9.58778625926437,9.21584627506877,9.422479599621882,26892600.0
POW,2025-04-08,9.21584627506877,9.422479599621882,8.802579625962547,8.802579625962547,18663101.0
POW,2025-04-09,8.199210318267461,9.091866280336903,8.199210318267461,8.207475651249586,15901101.0
POW,2025-04-10,8.761252961051925,8.761252961051925,8.761252961051925,8.761252961051925,390200.0
POW,2025-04-11,9.339826269800637,9.339826269800637,9.091866280336903,9.339826269800637,16294601.0
POW,2025-04-14,9.546459594353749,9.794419583817481,9.463806264532503,9.711766253996236,9199200.0
POW,2025-04-15,9.711766253996236,9.835746248728105,9.463806264532503,9.75309291890686,10970500.0
POW,2025-04-16,9.75309291890686,10.042379573281215,9.670439589085614,9.835746248728105,9939700.0
POW,2025-04-17,9.75309291890686,9.918399578549348,9.711766253996236,9.918399578549348,6047200.0
POW,2025-04-18,10.001052908370593,10.001052908370593,9.877072913638726,9.918399578549348,7530100.0
POW,2025-04-21,10.166359568013084,10.166359568013084,9.918399578549348,10.001052908370593,5944000.0
POW,2025-04-22,9.959726243459972,10.12503290310246,9.339826269800637,9.794419583817481,18705900.0
POW,2025-04-23,9.918399578549348,9.918399578549348,9.75309291890686,9.877072913638726,4704600.0
POW,2025-04-24,9.918399578549348,9.959726243459972,9.794419583817481,9.918399578549348,8438200.0
POW,2025-04-25,9.959726243459972,9.959726243459972,9.75309291890686,9.835746248728105,8415700.0
POW,2025-04-28,9.877072913638726,9.877072913638726,9.670439589085614,9.711766253996236,7459700.0
POW,2025-04-29,9.711766253996236,9.918399578549348,9.670439589085614,9.794419583817481,7497800.0
POW,2025-05-05,9.918399578549348,10.166359568013084,9.75309291890686,10.166359568013084,15417200.0
POW,2025-05-06,10.207686232923704,10.249012897834326,10.042379573281215,10.083706238191837,6559700.0
POW,2025-05-07,10.083706238191837,10.786259541672417,10.083706238191837,10.49697288729806,26540700.0
POW,2025-05-08,10.579626217119305,10.66227954694055,10.455646222387438,10.579626217119305,9095900.0
POW,2025-05-09,10.66227954694055,10.703606211851172,10.455646222387438,10.538299552208683,7224800.0
POW,2025-05-12,10.868912871493661,11.03421953113615,10.579626217119305,10.703606211851172,14920700.0
POW,2025-05-13,10.744932876761794,10.744932876761794,10.579626217119305,10.579626217119305,8069900.0
POW,2025-05-14,10.620952882029927,10.827586206583039,10.538299552208683,10.66227954694055,9360400.0
POW,2025-05-15,10.703606211851172,10.744932876761794,10.49697288729806,10.620952882029927,8514600.0
POW,2025-05-16,10.620952882029927,10.910239536404283,10.579626217119305,10.66227954694055,11141600.0
POW,2025-05-19,10.66227954694055,11.03421953113615,10.620952882029927,10.66227954694055,13868600.0
POW,2025-05-20,10.744932876761794,10.910239536404283,10.620952882029927,10.786259541672417,13438900.0
POW,2025-05-21,10.786259541672417,10.992892866225528,10.744932876761794,10.868912871493661,12876500.0
POW,2025-05-22,10.868912871493661,11.364832850421129,10.868912871493661,11.240852855689262,24104900.0
POW,2025-05-23,11.406159515331751,11.406159515331751,10.992892866225528,11.03421953113615,7539900.0
POW,2025-05-26,11.075546196046773,11.158199525868017,10.703606211851172,11.158199525868017,11066300.0
POW,2025-05-27,11.240852855689262,11.447486180242374,11.075546196046773,11.158199525868017,15612400.0
POW,2025-05-28,11.240852855689262,11.282179520599884,10.951566201314906,11.158199525868017,12669000.0
POW,2025-05-29,11.158199525868017,11.158199525868017,10.951566201314906,10.992892866225528,7532000.0
POW,2025-05-30,10.951566201314906,11.116872860957395,10.827586206583039,10.827586206583039,10585400.0
POW,2025-06-02,10.827586206583039,11.19952619077864,10.786259541672417,11.116872860957395,10457400.0
POW,2025-06-03,11.158199525868017,11.282179520599884,11.03421953113615,11.116872860957395,8179500.0
POW,2025-06-04,11.19952619077864,11.57146617497424,11.158199525868017,11.19952619077864,24341200.0
POW,2025-06-05,11.282179520599884,11.323506185510505,11.03421953113615,11.323506185510505,7804500.0
POW,2025-06-06,11.323506185510505,11.447486180242374,11.075546196046773,11.075546196046773,9647200.0
POW,2025-06-09,11.116872860957395,11.19952619077864,10.827586206583039,10.827586206583039,10443500.0
POW,2025-06-10,10.827586206583039,10.951566201314906,10.786259541672417,10.786259541672417,6344500.0
POW,2025-06-11,10.827586206583039,10.868912871493661,10.66227954694055,10.703606211851172,6848400.0
POW,2025-06-12,10.744932876761794,10.827586206583039,10.703606211851172,10.786259541672417,5390300.0
POW,2025-06-13,10.703606211851172,10.744932876761794,10.455646222387438,10.579626217119305,11592400.0
POW,2025-06-16,10.620952882029927,10.868912871493661,10.620952882029927,10.786259541672417,7551100.0
POW,2025-06-17,10.744932876761794,10.910239536404283,10.66227954694055,10.910239536404283,13114400.0
POW,2025-06-18,10.992892866225528,10.992892866225528,10.744932876761794,10.827586206583039,7889500.0
POW,2025-06-19,10.786259541672417,10.827586206583039,10.620952882029927,10.744932876761794,12175500.0
POW,2025-06-20,10.744932876761794,10.786259541672417,10.66227954694055,10.786259541672417,12521000.0
POW,2025-06-23,10.827586206583039,10.951566201314906,10.744932876761794,10.786259541672417,8280000.0
POW,2025-06-24,10.827586206583039,10.910239536404283,10.744932876761794,10.827586206583039,13361700.0
POW,2025-06-25,10.868912871493661,10.910239536404283,10.703606211851172,10.744932876761794,6506900.0
POW,2025-06-26,10.703606211851172,10.786259541672417,10.66227954694055,10.703606211851172,11049900.0
POW,2025-06-27,10.744932876761794,10.786259541672417,10.620952882029927,10.703606211851172,4369900.0
POW,2025-06-30,10.744932876761794,10.827586206583039,10.703606211851172,10.744932876761794,5091000.0
POW,2025-07-01,10.744932876761794,10.786259541672417,10.620952882029927,10.744932876761794,9741500.0
POW,2025-07-02,10.703606211851172,10.744932876761794,10.620952882029927,10.66227954694055,4500000.0
POW,2025-07-03,10.744932876761794,11.075546196046773,10.744932876761794,10.951566201314906,24817300.0
POW,2025-07-04,10.992892866225528,11.240852855689262,10.910239536404283,11.116872860957395,16602500.0
POW,2025-07-07,11.158199525868017,11.282179520599884,11.03421953113615,11.116872860957395,13590400.0
POW,2025-07-08,11.116872860957395,11.19952619077864,10.992892866225528,11.116872860957395,10418700.0
POW,2025-07-09,11.158199525868017,11.406159515331751,11.075546196046773,11.19952619077864,22446700.0
POW,2025-07-10,11.19952619077864,11.282179520599884,11.116872860957395,11.158199525868017,10785300.0
POW,2025-07-11,11.19952619077864,11.282179520599884,11.03421953113615,11.116872860957395,13355300.0
POW,2025-07-14,11.364832850421129,11.695446169706107,11.323506185510505,11.530139510063616,26628000.0
POW,2025-07-15,11.57146617497424,11.57146617497424,11.323506185510505,11.323506185510505,12664400.0
POW,2025-07-16,11.323506185510505,11.488812845152996,11.282179520599884,11.364832850421129,7086000.0
POW,2025-07-17,11.447486180242374,11.612792839884863,11.282179520599884,11.364832850421129,11335200.0
POW,2025-07-18,11.488812845152996,11.819426164437974,11.282179520599884,11.57146617497424,22903200.0
POW,2025-07-21,11.695446169706107,11.819426164437974,11.530139510063616,11.530139510063616,16300800.0
POW,2025-07-22,11.530139510063616,11.57146617497424,11.364832850421129,11.530139510063616,12534700.0
POW,2025-07-23,11.654119504795485,11.778099499527352,11.488812845152996,11.57146617497424,15790100.0
POW,2025-07-24,11.654119504795485,11.695446169706107,11.447486180242374,11.57146617497424,9095800.0
POW,2025-07-25,11.612792839884863,11.984732824080464,11.612792839884863,11.778099499527352,21347500.0
POW,2025-07-28,11.984732824080464,12.315346143365442,11.778099499527352,12.232692813544197,24431100.0
POW,2025-07-29,12.48065280300793,12.604632797739797,11.984732824080464,12.026059488991086,30717600.0
POW,2025-07-30,12.191366148633575,12.274019478454818,11.778099499527352,11.984732824080464,18098400.0
POW,2025-07-31,12.315346143365442,12.356672808276063,11.902079494259219,11.902079494259219,15584600.0
POW,2025-08-01,11.902079494259219,12.191366148633575,11.695446169706107,11.778099499527352,13451600.0
POW,2025-08-04,11.860752829348595,12.274019478454818,11.736772834616728,12.191366148633575,13371900.0
POW,2025-08-05,12.315346143365442,12.439326138097309,11.57146617497424,11.984732824080464,27647400.0
POW,2025-08-06,12.150039483722951,12.315346143365442,11.94340615916984,12.191366148633575,11321900.0
POW,2025-08-07,12.315346143365442,12.356672808276063,12.026059488991086,12.315346143365442,11418000.0
POW,2025-08-08,12.521979467918554,12.893919452114153,12.356672808276063,12.521979467918554,23795500.0
POW,2025-08-11,12.687286127561041,12.728612792471663,12.439326138097309,12.48065280300793,10666800.0
POW,2025-08-12,12.604632797739797,13.348512766130996,12.397999473186685,13.348512766130996,39953500.0
POW,2025-08-13,13.679126085415977,13.844432745058466,13.348512766130996,13.679126085415977,21049200.0
POW,2025-08-14,13.803106080147844,13.844432745058466,13.307186101220378,13.555146090684108,17399100.0
POW,2025-08-15,13.51381942577349,13.51381942577349,13.100552776667264,13.100552776667264,23808000.0
POW,2025-08-18,13.38983943104162,13.679126085415977,13.141879441577887,13.51381942577349,16266100.0
POW,2025-08-19,13.7204527503266,13.844432745058466,13.38983943104162,13.38983943104162,16199800.0
POW,2025-08-20,13.555146090684108,13.555146090684108,12.604632797739797,13.183206106488509,21386000.0
POW,2025-08-21,13.348512766130996,13.637799420505354,13.100552776667264,13.307186101220378,13696700.0
POW,2025-08-22,13.183206106488509,14.051066069611577,12.893919452114153,13.637799420505354,32099900.0
POW,2025-08-25,13.803106080147844,13.803106080147844,12.852592787203532,13.141879441577887,13421400.0
POW,2025-08-26,12.976572781935397,13.348512766130996,12.893919452114153,13.348512766130996,12638000.0
POW,2025-08-27,13.38983943104162,13.927086074879712,13.100552776667264,13.555146090684108,24973500.0
POW,2025-08-28,13.637799420505354,13.7204527503266,13.431166095952243,13.596472755594732,10978000.0
POW,2025-08-29,13.7204527503266,13.927086074879712,13.51381942577349,13.596472755594732,15463300.0
POW,2025-09-03,13.7204527503266,13.885759409969088,13.555146090684108,13.679126085415977,10212600.0
POW,2025-09-04,13.885759409969088,14.423006053807176,13.76177941523722,13.844432745058466,26151100.0
POW,2025-09-05,13.968412739790331,14.0923927345222,13.348512766130996,13.348512766130996,16827800.0
POW,2025-09-08,13.38983943104162,13.472492760862865,12.563306132829174,12.563306132829174,21941300.0
POW,2025-09-09,12.687286127561041,12.852592787203532,12.356672808276063,12.563306132829174,14656900.0
POW,2025-09-10,12.604632797739797,12.604632797739797,12.397999473186685,12.48065280300793,6136700.0
POW,2025-09-11,12.439326138097309,12.604632797739797,12.150039483722951,12.521979467918554,12464600.0
POW,2025-09-12,12.64595946265042,12.852592787203532,12.563306132829174,12.769939457382286,16847400.0
POW,2025-09-15,12.811266122292908,13.01789944684602,12.728612792471663,12.935246117024775,28035400.0
POW,2025-09-16,13.01789944684602,13.100552776667264,12.64595946265042,12.769939457382286,18703900.0
POW,2025-09-17,12.769939457382286,12.852592787203532,12.563306132829174,12.604632797739797,11583900.0
POW,2025-09-18,12.687286127561041,12.769939457382286,12.521979467918554,12.687286127561041,6208500.0
POW,2025-09-19,12.728612792471663,13.01789944684602,12.604632797739797,12.64595946265042,14787800.0
POW,2025-09-22,12.64595946265042,12.687286127561041,12.315346143365442,12.439326138097309,11692900.0
POW,2025-09-23,12.48065280300793,12.563306132829174,12.356672808276063,12.356672808276063,7078200.0
POW,2025-09-24,12.439326138097309,12.48065280300793,12.191366148633575,12.48065280300793,7981500.0
POW,2025-09-25,12.563306132829174,12.728612792471663,12.521979467918554,12.563306132829174,9109100.0
POW,2025-09-26,12.604632797739797,12.64595946265042,12.356672808276063,12.356672808276063,9098500.0
POW,2025-09-29,12.397999473186685,12.48065280300793,12.150039483722951,12.191366148633575,7085100.0
POW,2025-09-30,12.232692813544197,12.315346143365442,11.778099499527352,11.860752829348595,12031900.0
POW,2025-10-01,11.902079494259219,12.026059488991086,11.860752829348595,11.902079494259219,7507300.0
POW,2025-10-02,11.94340615916984,12.026059488991086,11.736772834616728,11.736772834616728,7051000.0
POW,2025-10-03,11.778099499527352,11.778099499527352,11.530139510063616,11.612792839884863,11636300.0
POW,2025-10-06,11.654119504795485,11.94340615916984,11.654119504795485,11.94340615916984,9187100.0
POW,2025-10-07,12.10871281881233,12.10871281881233,11.819426164437974,11.819426164437974,10187300.0
POW,2025-10-08,11.984732824080464,12.026059488991086,11.778099499527352,11.860752829348595,5915900.0
POW,2025-10-09,11.902079494259219,12.067386153901706,11.736772834616728,12.067386153901706,6528500.0
POW,2025-10-10,12.150039483722951,12.150039483722951,12.026059488991086,12.067386153901706,5419000.0
POW,2025-10-13,11.902079494259219,11.94340615916984,11.736772834616728,11.860752829348595,6032900.0
POW,2025-10-14,11.94340615916984,12.10871281881233,11.819426164437974,11.860752829348595,9459000.0
POW,2025-10-15,11.984732824080464,12.026059488991086,11.778099499527352,11.819426164437974,7782300.0
POW,2025-10-16,11.819426164437974,11.94340615916984,11.778099499527352,11.860752829348595,12092600.0
POW,2025-10-17,11.902079494259219,11.984732824080464,11.695446169706107,11.695446169706107,8992900.0
POW,2025-10-20,11.695446169706107,11.778099499527352,10.910239536404283,10.910239536404283,20566800.0
POW,2025-10-21,10.868912871493661,11.075546196046773,10.66227954694055,11.03421953113615,10150100.0
POW,2025-10-22,11.158199525868017,11.282179520599884,11.03421953113615,11.19952619077864,5135900.0
POW,2025-10-23,11.240852855689262,11.282179520599884,11.116872860957395,11.19952619077864,3071300.0
POW,2025-10-24,11.19952619077864,11.240852855689262,10.868912871493661,11.075546196046773,6420200.0
POW,2025-10-27,11.116872860957395,11.447486180242374,11.116872860957395,11.447486180242374,8312700.0
POW,2025-10-28,11.488812845152996,11.488812845152996,11.158199525868017,11.447486180242374,4519700.0
POW,2025-10-29,11.488812845152996,11.902079494259219,11.406159515331751,11.819426164437974,11214600.0
POW,2025-10-30,11.860752829348595,11.860752829348595,11.57146617497424,11.736772834616728,4839800.0
POW,2025-10-31,11.860752829348595,12.10871281881233,11.860752829348595,11.860752829348595,10117100.0
POW,2025-11-03,11.94340615916984,12.067386153901706,11.778099499527352,11.778099499527352,5334200.0
POW,2025-11-04,11.819426164437974,11.860752829348595,11.323506185510505,11.778099499527352,6586300.0
POW,2025-11-05,11.736772834616728,12.315346143365442,11.654119504795485,12.150039483722951,12769600.0
POW,2025-11-06,12.191366148633575,12.232692813544197,11.984732824080464,12.026059488991086,4125400.0
POW,2025-11-07,12.067386153901706,12.10871281881233,11.612792839884863,11.736772834616728,6856400.0
POW,2025-11-10,11.654119504795485,11.902079494259219,11.57146617497424,11.654119504795485,4369800.0
POW,2025-11-11,11.695446169706107,11.819426164437974,11.57146617497424,11.612792839884863,3352400.0
POW,2025-11-12,11.654119504795485,11.778099499527352,11.612792839884863,11.778099499527352,4953800.0
POW,2025-11-13,11.819426164437974,12.274019478454818,11.778099499527352,12.150039483722951,31099700.0
POW,2025-11-14,12.10871281881233,12.439326138097309,12.10871281881233,12.315346143365442,9730100.0
POW,2025-11-17,12.439326138097309,12.728612792471663,12.315346143365442,12.64595946265042,30234400.0
POW,2025-11-18,12.563306132829174,12.64595946265042,12.356672808276063,12.48065280300793,6155000.0
POW,2025-11-19,12.439326138097309,12.521979467918554,12.274019478454818,12.315346143365442,4885800.0
POW,2025-11-20,12.356672808276063,12.439326138097309,12.232692813544197,12.356672808276063,4134300.0
POW,2025-11-21,12.397999473186685,12.563306132829174,12.232692813544197,12.356672808276063,8514000.0
POW,2025-11-24,12.397999473186685,12.728612792471663,12.356672808276063,12.48065280300793,10548600.0
POW,2025-11-25,12.604632797739797,12.604632797739797,12.232692813544197,12.232692813544197,7901900.0
POW,2025-11-26,12.356672808276063,12.563306132829174,12.315346143365442,12.563306132829174,9430100.0
POW,2025-11-27,12.687286127561041,12.728612792471663,12.521979467918554,12.604632797739797,26229400.0
POW,2025-11-28,12.769939457382286,13.059226111756644,12.604632797739797,12.604632797739797,12370000.0
POW,2025-12-01,12.64595946265042,12.687286127561041,12.315346143365442,12.315346143365442,10223700.0
POW,2025-12-02,12.356672808276063,12.563306132829174,12.150039483722951,12.315346143365442,9647400.0
POW,2025-12-03,12.439326138097309,12.439326138097309,12.274019478454818,12.274019478454818,8353600.0
POW,2025-12-04,12.315346143365442,12.64595946265042,12.315346143365442,12.439326138097309,9212900.0
POW,2025-12-05,12.48065280300793,12.64595946265042,12.397999473186685,12.439326138097309,8142400.0
POW,2025-12-08,12.521979467918554,12.563306132829174,12.232692813544197,12.232692813544197,8508300.0
POW,2025-12-09,12.274019478454818,12.356672808276063,11.984732824080464,11.984732824080464,14788000.0
POW,2025-12-10,12.3,12.55,12.2,12.3,18401300.0
POW,2025-12-11,12.35,12.35,12.05,12.1,3715500.0
POW,2025-12-12,12.1,12.15,11.5,11.55,18518100.0
POW,2025-12-15,11.6,12.0,11.6,12.0,5197900.0
POW,2025-12-16,12.05,12.4,11.85,12.4,20129800.0
POW,2025-12-17,12.35,12.4,12.15,12.3,9489800.0
POW,2025-12-18,12.3,12.35,12.15,12.3,15030600.0
POW,2025-12-19,12.35,12.35,12.2,12.2,10149700.0
POW,2025-12-22,12.25,12.75,12.2,12.7,22581500.0
POW,2025-12-23,12.7,12.9,12.55,12.8,15185300.0
POW,2025-12-24,12.85,12.85,12.6,12.75,6164900.0
POW,2025-12-25,12.7,12.9,12.6,12.6,13474800.0
POW,2025-12-26,12.5,12.85,12.45,12.8,10187400.0
POW,2025-12-29,12.85,13.15,12.85,13.0,25180100.0
POW,2025-12-30,13.05,13.1,12.75,12.8,4526600.0
POW,2025-12-31,12.8,12.9,12.7,12.7,12805400.0
POW,2026-01-05,12.75,12.9,12.5,12.65,10432400.0
POW,2026-01-06,12.65,13.15,12.65,12.75,16439400.0
POW,2026-01-07,12.85,13.6,12.85,13.6,24435000.0
POW,2026-01-08,14.1,14.55,13.85,14.0,41937800.0
POW,2026-01-09,14.05,14.8,14.05,14.4,24392800.0
POW,2026-01-12,14.55,14.75,13.8,14.15,27214700.0
POW,2026-01-13,14.15,14.95,13.9,14.6,26788100.0
POW,2026-01-14,14.9,15.2,14.4,14.6,30743400.0
POW,2026-01-15,14.6,14.65,14.1,14.25,16912800.0
POW,2026-01-16,14.45,14.85,14.2,14.25,19219400.0
POW,2026-01-19,14.35,14.5,14.15,14.25,9798300.0
POW,2026-01-20,14.45,14.8,14.25,14.3,16837400.0
POW,2026-01-21,14.25,14.65,14.1,14.65,17983100.0
POW,2026-01-22,15.0,15.2,14.65,14.8,24156000.0
POW,2026-01-23,14.8,14.8,13.9,13.9,18342700.0
POW,2026-01-26,13.95,14.3,13.75,14.0,17346500.0
POW,2026-01-27,13.9,14.2,13.6,14.0,15959100.0
POW,2026-01-28,14.2,14.3,13.8,13.8,17763300.0
POW,2026-01-29,13.85,13.95,13.35,13.4,16579300.0
POW,2026-01-30,13.55,13.85,13.5,13.75,13390500.0
POW,2026-02-02,13.95,14.35,13.7,14.35,20015100.0
POW,2026-02-03,14.5,14.65,14.3,14.3,21236600.0
POW,2026-02-04,14.4,14.75,14.25,14.45,27814500.0
POW,2026-02-05,14.5,14.7,14.2,14.2,13901600.0
POW,2026-02-06,14.05,14.15,13.5,13.5,21388700.0
POW,2026-02-09,13.7,13.8,13.4,13.45,8185700.0
POW,2026-02-10,13.5,13.55,12.8,12.95,18560100.0
POW,2026-02-11,13.0,13.35,13.0,13.2,7311600.0
POW,2026-02-12,13.25,13.45,13.2,13.3,3920800.0
POW,2026-02-13,13.3,13.45,13.2,13.4,4231000.0
POW,2026-02-23,13.6,13.9,13.55,13.85,10127000.0
POW,2026-02-24,13.85,14.0,13.7,13.9,8912800.0
POW,2026-02-25,14.0,14.4,13.95,14.3,17945000.0
POW,2026-02-26,14.3,14.35,13.95,14.1,10419200.0
POW,2026-02-27,14.3,14.95,14.3,14.5,24747100.0
POW,2026-03-02,14.9,15.5,14.6,15.5,70786000.0
POW,2026-03-03,16.25,16.55,15.45,16.55,72190400.0
POW,2026-03-04,16.8,16.85,15.4,15.45,73310896.0
POW,2026-03-05,15.65,15.9,15.0,15.15,36127200.0
POW,2026-03-06,15.05,15.35,14.5,14.55,32295600.0
POW,2026-03-09,13.9,13.95,13.55,13.55,16329400.0
POW,2026-03-10,13.55,13.75,12.75,13.1,47237500.0
POW,2026-03-11,13.1,13.65,13.0,13.55,14643700.0
POW,2026-03-12,13.6,13.75,13.2,13.4,14291100.0
POW,2026-03-13,13.45,13.85,13.2,13.3,25916300.0
POW,2026-03-16,13.3,13.35,12.95,13.2,17592300.0
POW,2026-03-17,13.25,13.4,13.1,13.1,9690000.0
POW,2026-03-18,13.1,13.45,13.0,13.3,10649700.0
POW,2026-03-19,13.2,13.2,12.9,12.95,11885900.0
POW,2026-03-20,13.0,13.55,12.8,13.15,17241200.0
POW,2026-03-23,13.05,13.2,12.4,12.7,14234000.0
POW,2026-03-24,13.0,13.0,12.45,12.7,12573000.0
POW,2026-03-25,12.85,13.4,12.8,13.35,17316000.0
POW,2026-03-26,13.35,13.35,13.05,13.1,7804900.0
POW,2026-03-27,13.05,13.15,12.9,13.05,12089900.0
POW,2026-03-30,12.95,13.25,12.85,13.05,13360300.0
POW,2026-03-31,13.15,13.15,12.95,13.0,8543100.0
POW,2026-04-01,13.1,13.15,12.95,13.05,10934900.0
POW,2026-04-02,13.05,13.1,12.75,12.85,11135300.0
POW,2026-04-03,12.9,12.95,12.6,12.65,11310100.0
POW,2026-04-06,12.65,12.75,12.4,12.4,8428500.0
POW,2026-04-07,12.45,12.65,12.35,12.5,5744100.0
POW,2026-04-08,12.8,13.0,12.65,13.0,11313600.0
POW,2026-04-09,12.9,13.1,12.75,13.0,8734400.0
POW,2026-04-10,13.05,13.2,13.0,13.0,13155900.0
POW,2026-04-13,13.0,13.3,12.95,13.1,10297600.0
POW,2026-04-14,13.25,13.3,13.0,13.15,9614400.0
POW,2026-04-15,13.2,13.25,13.05,13.05,10253100.0
POW,2026-04-16,13.25,13.6,13.2,13.35,24624300.0
POW,2026-04-17,13.4,13.4,13.2,13.25,6797200.0
POW,2026-04-20,13.3,13.35,13.1,13.15,7217800.0
POW,2026-04-21,13.15,13.3,13.1,13.1,7674300.0
POW,2026-04-22,13.1,13.15,13.0,13.0,6087200.0
POW,2026-04-23,13.05,13.1,12.55,12.75,21685400.0
POW,2026-04-24,12.8,12.85,12.65,12.8,4944700.0
POW,2026-04-28,12.8,12.85,12.55,12.65,7007100.0
POW,2026-04-29,12.6,12.75,12.55,12.65,4984200.0
POW,2026-05-04,12.9,13.3,12.85,13.3,19912100.0
POW,2026-05-05,13.35,13.65,13.15,13.65,28262300.0
POW,2026-05-06,13.75,14.35,13.55,14.35,38449000.0
POW,2026-05-07,14.35,14.45,14.1,14.35,23409200.0
POW,2026-05-08,14.3,14.45,13.85,14.0,22764900.0
POW,2026-05-11,14.0,14.25,13.9,13.95,10484700.0
POW,2026-05-12,14.0,14.3,13.95,14.05,10575500.0
POW,2026-05-13,14.05,14.4,14.0,14.2,13043000.0
POW,2026-05-14,14.25,14.4,13.9,14.0,14677800.0
