Symbol,Date,Open,High,Low,Close,Volume
SAB,2021-05-17,60.96602435491849,60.96602435491849,60.379812582275044,60.379812582275044,340200.0
SAB,2021-05-18,60.379812582275044,60.575216506489525,59.98900473384608,60.18440865806056,308100.0
SAB,2021-05-19,60.18440865806056,60.26257022774635,59.59819688541711,59.98900473384608,372100.0
SAB,2021-05-20,59.98900473384608,59.98900473384608,59.20738903698815,59.44187374604552,280100.0
SAB,2021-05-21,59.011985112773665,59.40279296120263,58.6602580491876,58.69933883403049,250500.0
SAB,2021-05-24,59.20738903698815,60.653378076175315,58.738419618873394,60.14532787321767,213200.0
SAB,2021-05-25,60.96602435491849,61.74764005177642,60.61429729133242,61.70855926693353,288200.0
SAB,2021-05-26,61.66947848209063,64.20972949687891,60.96602435491849,64.01432557266442,160900.0
SAB,2021-05-27,64.01432557266442,64.09248714235021,62.52925574863435,63.701679293921245,329100.0
SAB,2021-05-28,62.52925574863435,64.01432557266442,62.52925574863435,63.11546752127779,250100.0
SAB,2021-05-31,62.138447900205385,62.72465967284883,60.18440865806056,60.77062043070401,169300.0
SAB,2021-06-01,59.87176237931738,61.04418592460428,59.40279296120263,60.18440865806056,152300.0
SAB,2021-06-02,59.52003531573133,60.18440865806056,59.24646982183104,59.40279296120263,207300.0
SAB,2021-06-03,59.40279296120263,60.18440865806056,59.40279296120263,60.14532787321767,353000.0
SAB,2021-06-04,60.8487820003898,60.8487820003898,59.59819688541711,60.06716630353186,197400.0
SAB,2021-06-07,60.06716630353186,60.96602435491849,59.7936008096316,60.61429729133242,191500.0
SAB,2021-06-08,60.92694357007559,62.60741731832014,60.575216506489525,61.27867063366167,348400.0
SAB,2021-06-09,61.78672083661932,62.52925574863435,60.96602435491849,61.31775141850456,160900.0
SAB,2021-06-10,61.47407455787615,63.50627536970676,61.47407455787615,62.52925574863435,981700.0
SAB,2021-06-11,62.92006359706331,64.44421420593628,62.92006359706331,64.1315679271931,563200.0
SAB,2021-06-14,64.1315679271931,64.87410283920813,64.1315679271931,64.67869891499366,264600.0
SAB,2021-06-15,64.28789106656468,66.63273815713848,63.85800243329283,65.85112246028055,296600.0
SAB,2021-06-16,65.65571853606606,66.04652638449502,64.87410283920813,66.04652638449502,461200.0
SAB,2021-06-17,64.67869891499366,65.61663775122317,64.67869891499366,64.87410283920813,378760.0
SAB,2021-06-18,65.2649106876371,67.21894992978193,65.06950676342262,66.90630365103875,225800.0
SAB,2021-06-21,67.21894992978193,67.21894992978193,66.04652638449502,66.437334232924,119200.0
SAB,2021-06-22,67.21894992978193,67.21894992978193,65.30399147247999,65.30399147247999,312000.0
SAB,2021-06-23,65.30399147247999,66.82814208135296,65.30399147247999,66.51549580260978,214000.0
SAB,2021-06-24,66.71089972682427,67.33619228431061,66.437334232924,67.17986914493903,148100.0
SAB,2021-06-25,67.17986914493903,67.21894992978193,65.85112246028055,67.17986914493903,172700.0
SAB,2021-06-28,67.17986914493903,67.21894992978193,66.437334232924,66.86722286619586,262300.0
SAB,2021-06-29,66.86722286619586,66.86722286619586,66.24193030870951,66.28101109355241,190800.0
SAB,2021-06-30,66.04652638449502,66.28101109355241,65.65571853606606,66.08560716933792,148800.0
SAB,2021-07-01,66.24193030870951,66.24193030870951,64.99134519373683,65.53847618153738,185000.0
SAB,2021-07-02,66.16376873902372,66.16376873902372,64.99134519373683,66.12468795418081,174000.0
SAB,2021-07-05,66.437334232924,66.437334232924,64.67869891499366,65.06950676342262,204900.0
SAB,2021-07-06,65.06950676342262,65.10858754826552,64.09248714235021,64.09248714235021,159200.0
SAB,2021-07-07,64.09248714235021,64.170648712036,62.685578888005935,63.50627536970676,405100.0
SAB,2021-07-08,62.9982251667491,63.623517724235455,62.959144381906206,63.50627536970676,398550.0
SAB,2021-07-09,63.701679293921245,63.701679293921245,62.52925574863435,62.52925574863435,112300.0
SAB,2021-07-12,62.52925574863435,62.52925574863435,60.18440865806056,62.060286330519595,165900.0
SAB,2021-07-13,61.74764005177642,61.9430439759909,61.00510513976138,61.35683220334745,83700.0
SAB,2021-07-14,61.35683220334745,63.27179066064939,61.35683220334745,62.52925574863435,184200.0
SAB,2021-07-15,61.74764005177642,62.49017496379145,60.96602435491849,62.49017496379145,230400.0
SAB,2021-07-16,62.49017496379145,62.49017496379145,61.74764005177642,61.74764005177642,83900.0
SAB,2021-07-19,61.35683220334745,61.35683220334745,59.98900473384608,60.379812582275044,173000.0
SAB,2021-07-20,60.379812582275044,61.16142827913297,60.18440865806056,60.575216506489525,230300.0
SAB,2021-07-21,61.16142827913297,61.55223612756194,60.96602435491849,61.27867063366167,110500.0
SAB,2021-07-22,60.77062043070401,61.16142827913297,60.69245886101822,61.08326670944718,294400.0
SAB,2021-07-23,60.96602435491849,61.70855926693353,60.028085518688975,60.028085518688975,256800.0
SAB,2021-07-26,60.028085518688975,60.22348944290346,59.7936008096316,59.98900473384608,115000.0
SAB,2021-07-27,60.96602435491849,62.138447900205385,60.18440865806056,60.379812582275044,120000.0
SAB,2021-07-28,60.45797415196083,60.96602435491849,60.379812582275044,60.379812582275044,38500.0
SAB,2021-07-29,60.41889336711794,61.35683220334745,60.41889336711794,61.35683220334745,104800.0
SAB,2021-07-30,62.29477103957697,62.52925574863435,60.96602435491849,62.138447900205385,571300.0
SAB,2021-08-02,61.66947848209063,61.66947848209063,60.575216506489525,60.61429729133242,307200.0
SAB,2021-08-03,60.96602435491849,60.96602435491849,60.69245886101822,60.69245886101822,121000.0
SAB,2021-08-04,60.96602435491849,61.74764005177642,60.96602435491849,61.47407455787615,273200.0
SAB,2021-08-05,60.77062043070401,61.35683220334745,60.53613572164663,60.8487820003898,185900.0
SAB,2021-08-06,61.39591298819035,61.39591298819035,60.61429729133242,60.653378076175315,100900.0
SAB,2021-08-09,60.653378076175315,61.35683220334745,60.61429729133242,60.61429729133242,219100.0
SAB,2021-08-10,60.653378076175315,61.27867063366167,60.22348944290346,60.22348944290346,314100.0
SAB,2021-08-11,60.575216506489525,60.69245886101822,60.26257022774635,60.26257022774635,185900.0
SAB,2021-08-12,60.22348944290346,60.26257022774635,59.83268159447449,59.83268159447449,282000.0
SAB,2021-08-13,59.83268159447449,59.83268159447449,59.24646982183104,59.324631391516846,181200.0
SAB,2021-08-16,59.324631391516846,59.59819688541711,59.16830825214525,59.24646982183104,218600.0
SAB,2021-08-17,59.24646982183104,59.24646982183104,56.66713802219988,56.86254194641436,628200.0
SAB,2021-08-18,56.97978430094305,58.23036941591574,56.97978430094305,57.05794587062884,467910.0
SAB,2021-08-19,57.253349794843324,57.839561567486776,56.74529959188567,57.839561567486776,543300.0
SAB,2021-08-20,57.72231921295808,57.72231921295808,55.88552232534195,55.88552232534195,417160.0
SAB,2021-08-23,55.88552232534195,55.88552232534195,54.713098780055056,54.713098780055056,351500.0
SAB,2021-08-24,55.10390662848402,55.84644154049906,54.634937210369266,55.651037616284576,300300.0
SAB,2021-08-25,55.651037616284576,57.761399997800986,55.651037616284576,57.526915288743595,240000.0
SAB,2021-08-26,57.4878345039007,57.80048078264388,57.253349794843324,57.68323842811518,257800.0
SAB,2021-08-27,57.565996073586504,58.23036941591574,56.94070351610015,58.03496549170126,137300.0
SAB,2021-08-30,58.03496549170126,58.42577334013022,57.448753719057805,57.526915288743595,323280.0
SAB,2021-08-31,57.526915288743595,58.6211772643447,57.253349794843324,58.6211772643447,162700.0
SAB,2021-09-01,58.50393490981601,58.50393490981601,57.839561567486776,58.11312706138704,146500.0
SAB,2021-09-06,57.64415764327229,58.6211772643447,57.64415764327229,58.30853098560153,177800.0
SAB,2021-09-07,58.42577334013022,58.933823543087875,58.03496549170126,58.11312706138704,128900.0
SAB,2021-09-08,58.15220784622995,58.58209647950181,57.95680392201547,58.58209647950181,171400.0
SAB,2021-09-09,58.6602580491876,58.6602580491876,57.87864235232966,58.15220784622995,271700.0
SAB,2021-09-10,58.11312706138704,59.36371217635973,58.11312706138704,59.16830825214525,207900.0
SAB,2021-09-13,61.16142827913297,63.27179066064939,60.77062043070401,63.11546752127779,978000.0
SAB,2021-09-14,63.27179066064939,66.04652638449502,62.72465967284883,64.87410283920813,503200.0
SAB,2021-09-15,64.87410283920813,64.87410283920813,61.9430439759909,64.87410283920813,239700.0
SAB,2021-09-16,63.74076007876414,63.77984086360703,61.9430439759909,62.92006359706331,228200.0
SAB,2021-09-17,62.52925574863435,62.92006359706331,61.59131691240483,62.92006359706331,1808700.0
SAB,2021-09-20,63.310871445492275,63.310871445492275,61.864882406305114,61.864882406305114,103500.0
SAB,2021-09-21,61.78672083661932,62.49017496379145,60.96602435491849,61.74764005177642,112100.0
SAB,2021-09-22,61.9430439759909,62.33385182441987,61.74764005177642,61.74764005177642,153500.0
SAB,2021-09-23,62.84190202737752,62.84190202737752,61.70855926693353,61.825801621462205,81000.0
SAB,2021-09-24,62.41201339410566,62.52925574863435,61.825801621462205,62.52925574863435,110100.0
SAB,2021-09-27,62.52925574863435,62.60741731832014,61.66947848209063,62.138447900205385,142500.0
SAB,2021-09-28,61.74764005177642,61.90396319114801,61.35683220334745,61.39591298819035,180400.0
SAB,2021-09-29,61.47407455787615,61.47407455787615,60.22348944290346,61.27867063366167,202500.0
SAB,2021-09-30,61.16142827913297,61.35683220334745,61.04418592460428,61.122347494290075,142000.0
SAB,2021-10-01,61.16142827913297,61.16142827913297,60.18440865806056,60.26257022774635,249150.0
SAB,2021-10-04,60.301651012589254,62.138447900205385,60.26257022774635,60.575216506489525,75900.0
SAB,2021-10-05,61.90396319114801,62.88098281222042,60.61429729133242,62.72465967284883,279300.0
SAB,2021-10-06,62.52925574863435,62.52925574863435,61.513155342719045,61.90396319114801,42300.0
SAB,2021-10-07,62.138447900205385,62.33385182441987,61.47407455787615,61.9821247608338,72000.0
SAB,2021-10-08,61.9821247608338,63.81892164844994,61.55223612756194,63.584436939392546,209700.0
SAB,2021-10-11,63.701679293921245,64.48329499077917,63.584436939392546,63.701679293921245,79200.0
SAB,2021-10-12,64.28789106656468,64.44421420593628,63.310871445492275,63.701679293921245,83700.0
SAB,2021-10-13,64.05340635750731,64.44421420593628,62.84190202737752,62.92006359706331,219900.0
SAB,2021-10-14,62.92006359706331,64.44421420593628,62.37293260926276,62.52925574863435,132300.0
SAB,2021-10-15,62.60741731832014,63.701679293921245,62.60741731832014,63.623517724235455,80900.0
SAB,2021-10-18,62.92006359706331,63.310871445492275,62.216609469891175,62.52925574863435,332800.0
SAB,2021-10-19,62.56833653347724,62.56833653347724,60.96602435491849,61.9430439759909,248200.0
SAB,2021-10-20,61.9430439759909,62.64649810316304,60.61429729133242,60.653378076175315,490600.0
SAB,2021-10-21,61.04418592460428,61.9430439759909,59.40279296120263,59.40279296120263,286700.0
SAB,2021-10-22,60.379812582275044,61.16142827913297,60.34073179743215,61.16142827913297,51800.0
SAB,2021-10-25,61.16142827913297,61.74764005177642,61.16142827913297,61.23958984881876,68000.0
SAB,2021-10-26,61.31775141850456,61.70855926693353,60.73153964586111,60.73153964586111,135200.0
SAB,2021-10-27,61.47407455787615,62.49017496379145,60.96602435491849,62.49017496379145,191000.0
SAB,2021-10-28,63.310871445492275,64.40513342109338,62.60741731832014,64.32697185140758,205900.0
SAB,2021-10-29,64.32697185140758,64.32697185140758,62.72465967284883,62.72465967284883,222200.0
SAB,2021-11-01,62.80282124253462,63.701679293921245,62.80282124253462,63.310871445492275,265000.0
SAB,2021-11-02,63.623517724235455,64.67869891499366,63.310871445492275,64.56145656046496,180100.0
SAB,2021-11-03,64.56145656046496,67.5315962085251,64.09248714235021,67.4534346388393,404200.0
SAB,2021-11-04,66.28101109355241,67.4534346388393,65.49939539669448,67.14078836009614,106400.0
SAB,2021-11-05,65.69479932090896,67.21894992978193,65.69479932090896,67.21894992978193,303300.0
SAB,2021-11-08,67.21894992978193,67.96148484179696,66.51549580260978,67.88332327211116,269900.0
SAB,2021-11-09,67.76608091758247,68.00056562663985,66.82814208135296,68.00056562663985,312700.0
SAB,2021-11-10,68.00056562663985,68.00056562663985,66.82814208135296,68.00056562663985,93300.0
SAB,2021-11-11,67.92240405695406,68.35229269022592,67.21894992978193,67.21894992978193,156300.0
SAB,2021-11-12,67.21894992978193,67.96148484179696,67.17986914493903,67.21894992978193,160800.0
SAB,2021-11-15,67.17986914493903,67.60975777821089,66.437334232924,66.437334232924,169300.0
SAB,2021-11-16,66.82814208135296,66.82814208135296,65.06950676342262,66.67181894198137,109800.0
SAB,2021-11-17,66.71089972682427,66.71089972682427,66.04652638449502,66.63273815713848,74500.0
SAB,2021-11-18,66.78906129651007,66.78906129651007,65.73388010575185,65.73388010575185,163400.0
SAB,2021-11-19,65.73388010575185,66.12468795418081,65.2649106876371,65.30399147247999,92100.0
SAB,2021-11-22,65.2649106876371,66.35917266323821,64.09248714235021,65.65571853606606,346100.0
SAB,2021-11-23,65.69479932090896,66.35917266323821,65.3821530421658,65.65571853606606,190600.0
SAB,2021-11-24,65.65571853606606,66.04652638449502,64.1315679271931,65.65571853606606,108200.0
SAB,2021-11-25,65.65571853606606,65.65571853606606,64.48329499077917,64.48329499077917,130600.0
SAB,2021-11-26,64.71777969983656,64.71777969983656,62.52925574863435,62.60741731832014,271800.0
SAB,2021-11-29,62.52925574863435,62.52925574863435,61.00510513976138,61.00510513976138,184300.0
SAB,2021-11-30,61.08326670944718,62.52925574863435,60.18440865806056,60.18440865806056,489300.0
SAB,2021-12-01,61.74764005177642,61.74764005177642,60.41889336711794,61.16142827913297,82000.0
SAB,2021-12-02,61.16142827913297,62.52925574863435,61.16142827913297,62.138447900205385,230600.0
SAB,2021-12-03,62.138447900205385,62.138447900205385,61.35683220334745,61.35683220334745,312100.0
SAB,2021-12-06,61.27867063366167,61.27867063366167,59.24646982183104,59.24646982183104,151600.0
SAB,2021-12-07,59.324631391516846,60.379812582275044,59.324631391516846,59.7936008096316,196400.0
SAB,2021-12-08,59.83268159447449,60.028085518688975,59.6763584551029,59.754520024788704,210800.0
SAB,2021-12-09,59.7936008096316,60.26257022774635,59.55911610057422,59.59819688541711,357200.0
SAB,2021-12-10,59.59819688541711,60.18440865806056,59.36371217635973,59.52003531573133,150200.0
SAB,2021-12-13,59.7936008096316,59.91084316416029,59.52003531573133,59.52003531573133,206100.0
SAB,2021-12-14,59.52003531573133,60.18440865806056,59.40279296120263,59.71543923994581,156400.0
SAB,2021-12-15,59.7936008096316,59.7936008096316,59.48095453088842,59.59819688541711,133400.0
SAB,2021-12-16,59.52003531573133,59.6763584551029,58.85566197340208,59.011985112773665,121400.0
SAB,2021-12-17,59.011985112773665,59.12922746730236,58.6211772643447,58.6211772643447,219300.0
SAB,2021-12-20,58.6602580491876,58.6602580491876,58.15220784622995,58.23036941591574,369600.0
SAB,2021-12-21,58.23036941591574,58.50393490981601,58.15220784622995,58.191288631072844,153000.0
SAB,2021-12-22,58.23036941591574,58.23036941591574,57.64415764327229,57.68323842811518,159400.0
SAB,2021-12-23,57.565996073586504,57.68323842811518,57.37059214937202,57.40967293421491,197200.0
SAB,2021-12-24,57.253349794843324,58.15220784622995,57.13610744031463,57.448753719057805,168800.0
SAB,2021-12-27,57.565996073586504,59.011985112773665,57.526915288743595,57.80048078264388,108300.0
SAB,2021-12-28,58.42577334013022,58.42577334013022,57.64415764327229,57.95680392201547,156500.0
SAB,2021-12-29,57.95680392201547,57.95680392201547,57.72231921295808,57.95680392201547,181300.0
SAB,2021-12-30,58.23036941591574,58.23036941591574,58.03496549170126,58.191288631072844,112100.0
SAB,2021-12-31,58.191288631072844,62.17752868504828,58.191288631072844,59.011985112773665,331100.0
SAB,2022-01-04,59.40279296120263,61.55223612756194,59.40279296120263,61.35683220334745,826300.0
SAB,2022-01-05,61.74764005177642,62.41201339410566,61.74764005177642,62.25569025473408,395300.0
SAB,2022-01-06,62.138447900205385,62.216609469891175,60.96602435491849,61.200509063975865,99800.0
SAB,2022-01-07,61.24009542122962,61.24009542122962,60.21085012003248,60.64630005515434,511100.0
SAB,2022-01-10,61.002577274799506,61.002577274799506,59.81498654264897,60.17126376229413,195900.0
SAB,2022-01-11,60.17126376229413,60.56712733967765,59.57746839621886,60.527540981939296,154200.0
SAB,2022-01-12,60.487954624200945,60.527540981939296,59.73581382717227,60.487954624200945,253300.0
SAB,2022-01-13,60.56712733967765,60.606713697416,59.775400184910616,59.775400184910616,180000.0
SAB,2022-01-14,59.37953660752711,60.21085012003248,59.37953660752711,60.13167740455578,104900.0
SAB,2022-01-17,60.17126376229413,61.31926813670633,58.98367303014359,59.37953660752711,275000.0
SAB,2022-01-18,59.41912296526545,60.527540981939296,59.41912296526545,59.775400184910616,319400.0
SAB,2022-01-19,60.17126376229413,60.17126376229413,58.98367303014359,59.37953660752711,111500.0
SAB,2022-01-20,58.38987766406832,60.80464548610775,57.954427728946456,59.37953660752711,238100.0
SAB,2022-01-21,60.13167740455578,60.13167740455578,57.40021872060954,58.58780945276008,198700.0
SAB,2022-01-24,58.706568525975136,58.706568525975136,57.202286931917776,57.40021872060954,161600.0
SAB,2022-01-25,57.360632362871186,58.78574124145183,56.568905208104155,57.40021872060954,155900.0
SAB,2022-01-26,57.40021872060954,57.40021872060954,56.608491565842506,56.88559607001096,130100.0
SAB,2022-01-27,57.40021872060954,58.94408667240524,57.00435514322602,58.90450031466689,337500.0
SAB,2022-01-28,58.90450031466689,59.300363892050406,58.23153223311491,58.86491395692853,164800.0
SAB,2022-02-07,59.181604818835346,61.35885449444467,59.181604818835346,60.21085012003248,245700.0
SAB,2022-02-08,60.7650591283694,61.279681778967976,60.13167740455578,61.279681778967976,193100.0
SAB,2022-02-09,61.121336348014566,61.279681778967976,59.775400184910616,60.88381820158446,170500.0
SAB,2022-02-10,61.279681778967976,62.1505816492117,59.894159258125676,62.1505816492117,261100.0
SAB,2022-02-11,62.19016800695005,63.17982695040884,61.55678628313643,63.17982695040884,352500.0
SAB,2022-02-14,61.43802720992137,66.46549464269201,61.43802720992137,66.46549464269201,768500.0
SAB,2022-02-15,66.42590828495366,67.45515358615079,66.0696310653085,67.29680815519738,430400.0
SAB,2022-02-16,67.41556722841244,67.41556722841244,65.31749026827981,66.66342643138377,137500.0
SAB,2022-02-17,66.46549464269201,68.16770802544112,66.3071492117386,67.49473994388914,405300.0
SAB,2022-02-18,66.50508100043035,67.25722179745904,66.03004470757014,67.05929000876728,189100.0
SAB,2022-02-21,66.90094457781387,67.29680815519738,66.10921742304684,67.13846272424398,135500.0
SAB,2022-02-22,66.86135822007552,66.86135822007552,63.33817238136224,66.66342643138377,219200.0
SAB,2022-02-23,66.54466735816871,67.45515358615079,66.54466735816871,67.21763543972068,273550.0
SAB,2022-02-24,65.75294020340168,67.45515358615079,65.51542205697157,67.17804908198232,338000.0
SAB,2022-02-25,66.98011729329058,67.29680815519738,66.50508100043035,67.13846272424398,148000.0
SAB,2022-02-28,66.90094457781387,67.25722179745904,65.95087199209344,67.21763543972068,70600.0
SAB,2022-03-01,67.21763543972068,67.21763543972068,66.3071492117386,66.50508100043035,72900.0
SAB,2022-03-02,66.70479595779402,67.50365578962389,66.30536604187908,67.50365578962389,93200.0
SAB,2022-03-03,67.30394083166642,67.4637127980324,66.7447389493855,66.7447389493855,23700.0
SAB,2022-03-04,66.30536604187908,66.30536604187908,63.908786546389486,63.908786546389486,152700.0
SAB,2022-03-07,62.910211756602145,63.86884355479799,61.15272012657643,61.75186500044884,286400.0
SAB,2022-03-08,61.23260610975943,62.15129491636377,61.19266311816793,62.15129491636377,96800.0
SAB,2022-03-09,61.791807992040326,64.30821646230442,61.512207050899875,61.91163696681481,219800.0
SAB,2022-03-10,61.91163696681481,63.50935663047455,61.91163696681481,62.71049679864468,143000.0
SAB,2022-03-11,63.429470647291566,63.429470647291566,61.39237807612539,61.512207050899875,262700.0
SAB,2022-03-14,61.112777134984945,61.87169397522332,60.31391730315507,61.512207050899875,174500.0
SAB,2022-03-15,61.512207050899875,61.512207050899875,60.114202345197604,60.43374627792956,138100.0
SAB,2022-03-16,60.51363226111254,61.55215004249137,60.19408832838059,61.512207050899875,252000.0
SAB,2022-03-17,61.512207050899875,61.512207050899875,60.79323320225299,61.512207050899875,122600.0
SAB,2022-03-18,61.791807992040326,61.87169397522332,60.51363226111254,60.51363226111254,240200.0
SAB,2022-03-21,61.47226405930839,61.47226405930839,60.7532902106615,60.79323320225299,115500.0
SAB,2022-03-22,61.43232106771689,61.671979017265855,61.03289115180196,61.512207050899875,157300.0
SAB,2022-03-23,61.512207050899875,63.908786546389486,61.07283414339345,62.910211756602145,145400.0
SAB,2022-03-24,63.03004073137663,63.069983722968125,61.91163696681481,63.03004073137663,144200.0
SAB,2022-03-25,63.10992671455961,63.10992671455961,62.27112389113825,62.910211756602145,162600.0
SAB,2022-03-28,63.14986970615111,63.14986970615111,61.512207050899875,62.95015474819364,168100.0
SAB,2022-03-29,62.95015474819364,63.469413638883054,62.031465941589296,63.10992671455961,219100.0
SAB,2022-03-30,63.10992671455961,63.10992671455961,62.47083884909572,63.069983722968125,199900.0
SAB,2022-03-31,63.069983722968125,63.50935663047455,62.87026876501066,63.50935663047455,376900.0
SAB,2022-04-01,64.10850150434695,66.30536604187908,63.54929962206604,66.02576510073864,538200.0
SAB,2022-04-04,66.62490997461104,66.82462493256851,66.10565108392161,66.50508099983655,311400.0
SAB,2022-04-05,66.50508099983655,66.70479595779402,66.30536604187908,66.38525202506207,249400.0
SAB,2022-04-06,66.30536604187908,67.9829716887218,65.14701928572578,67.70337074758136,296600.0
SAB,2022-04-07,67.4237698064409,67.4237698064409,66.50508099983655,66.50508099983655,129600.0
SAB,2022-04-08,64.54787441185337,66.34530903347058,64.54787441185337,65.5863921932322,175200.0
SAB,2022-04-12,65.54644920164071,66.70479595779402,65.22690526890877,65.22690526890877,131700.0
SAB,2022-04-13,65.26684826050027,65.90593612596416,64.78753236140233,65.30679125209176,172800.0
SAB,2022-04-14,65.46656321845772,66.70479595779402,64.54787441185337,66.66485296620253,310300.0
SAB,2022-04-15,66.30536604187908,68.22262963827077,66.30536604187908,67.34388382325791,240100.0
SAB,2022-04-18,67.26399784007494,69.10137545328362,67.10422587370896,67.90308570553883,819800.0
SAB,2022-04-19,67.90308570553883,68.30251562145376,66.30536604187908,67.4637127980324,349300.0
SAB,2022-04-20,67.4637127980324,69.06143246169214,66.70479595779402,68.70194553736869,322500.0
SAB,2022-04-21,67.94302869713032,68.62205955418571,66.66485296620253,67.78325673076434,501700.0
SAB,2022-04-22,67.74331373917285,72.45658674696908,63.069983722968125,68.0229146803133,403200.0
SAB,2022-04-25,67.58354177280687,67.58354177280687,63.26969868092559,63.26969868092559,308900.0
SAB,2022-04-26,60.31391730315507,67.62348476439837,60.31391730315507,67.50365578962389,500300.0
SAB,2022-04-27,64.78753236140233,67.50365578962389,64.78753236140233,67.50365578962389,176500.0
SAB,2022-04-28,65.94587911755565,66.70479595779402,65.18696227731726,65.90593612596416,43700.0
SAB,2022-04-29,65.66627817641519,66.30536604187908,63.908786546389486,64.74758936981084,221500.0
SAB,2022-05-04,63.8289005632065,65.50650621004922,63.8289005632065,65.30679125209176,105900.0
SAB,2022-05-05,65.30679125209176,67.66342775598987,64.3881024454874,67.66342775598987,112300.0
SAB,2022-05-06,66.30536604187908,67.62348476439837,65.90593612596416,66.90451091575149,215000.0
SAB,2022-05-09,65.22690526890877,66.70479595779402,63.908786546389486,63.948729537980974,216100.0
SAB,2022-05-10,62.83032577341916,65.90593612596416,62.71049679864468,65.86599313437266,147000.0
SAB,2022-05-11,65.82605014278117,66.02576510073864,64.70764637821935,65.30679125209176,219400.0
SAB,2022-05-12,65.30679125209176,66.54502399142805,64.66770338662786,65.86599313437266,269400.0
SAB,2022-05-13,65.50650621004922,65.90593612596416,61.47226405930839,64.9872473193598,331600.0
SAB,2022-05-16,63.50935663047455,64.66770338662786,61.71192200885734,63.03004073137663,99700.0
SAB,2022-05-17,61.43232106771689,66.10565108392161,61.112777134984945,66.10565108392161,202300.0
SAB,2022-05-18,64.70764637821935,65.0271903109513,63.50935663047455,64.50793142026188,215400.0
SAB,2022-05-19,62.31106688272975,65.0671333025428,62.31106688272975,65.0671333025428,191900.0
SAB,2022-05-20,63.2297556893341,64.18838748752994,62.31106688272975,62.510781840687216,196700.0
SAB,2022-05-23,62.5507248322787,63.10992671455961,61.512207050899875,61.55215004249137,156400.0
SAB,2022-05-24,61.55215004249137,61.91163696681481,61.112777134984945,61.512207050899875,178100.0
SAB,2022-05-25,61.512207050899875,62.15129491636377,61.15272012657643,61.512207050899875,226200.0
SAB,2022-05-26,61.512207050899875,62.19123790795526,60.91306217702748,61.112777134984945,287400.0
SAB,2022-05-27,61.15272012657643,61.791807992040326,60.99294816021046,61.512207050899875,228700.0
SAB,2022-05-30,61.512207050899875,61.87169397522332,60.99294816021046,61.27254910135092,140900.0
SAB,2022-05-31,61.27254910135092,61.791807992040326,60.673404227478514,61.312492092942406,284600.0
SAB,2022-06-01,60.953005168618965,61.71192200885734,60.953005168618965,61.15272012657643,359100.0
SAB,2022-06-02,61.15272012657643,61.512207050899875,60.953005168618965,61.112777134984945,114900.0
SAB,2022-06-03,61.112777134984945,62.6306108154617,61.112777134984945,61.991522949997794,368700.0
SAB,2022-06-06,61.91163696681481,63.469413638883054,61.91163696681481,63.30964167251708,221300.0
SAB,2022-06-07,63.069983722968125,63.86884355479799,62.67055380705319,63.86884355479799,137700.0
SAB,2022-06-08,63.86884355479799,64.78753236140233,63.069983722968125,63.788957571615,288900.0
SAB,2022-06-09,63.788957571615,63.8289005632065,62.71049679864468,62.71049679864468,111000.0
SAB,2022-06-10,62.71049679864468,63.2297556893341,62.510781840687216,62.99009773978513,76800.0
SAB,2022-06-13,61.91163696681481,61.91163696681481,60.593518244295524,61.112777134984945,241500.0
SAB,2022-06-14,60.71334721907001,60.87311918543598,59.75471542087416,59.914487387240136,196400.0
SAB,2022-06-15,60.71334721907001,60.99294816021046,59.914487387240136,60.71334721907001,171800.0
SAB,2022-06-16,60.91306217702748,63.10992671455961,60.91306217702748,62.47083884909572,267700.0
SAB,2022-06-17,61.07283414339345,62.71049679864468,60.31391730315507,62.31106688272975,150800.0
SAB,2022-06-20,61.112777134984945,61.791807992040326,60.51363226111254,60.71334721907001,52400.0
SAB,2022-06-21,61.312492092942406,63.10992671455961,59.51505747132521,61.91163696681481,222900.0
SAB,2022-06-22,62.99009773978513,62.99009773978513,61.512207050899875,62.31106688272975,185500.0
SAB,2022-06-23,60.553575252704036,61.87169397522332,60.553575252704036,61.27254910135092,23500.0
SAB,2022-06-24,60.79323320225299,62.231180899546764,60.79323320225299,62.15129491636377,124000.0
SAB,2022-06-27,62.31106688272975,62.67055380705319,61.91163696681481,62.6306108154617,149100.0
SAB,2022-06-28,62.6306108154617,62.83032577341916,61.03289115180196,62.75043979023617,69100.0
SAB,2022-06-29,62.75043979023617,62.75043979023617,61.312492092942406,61.512207050899875,59300.0
SAB,2022-06-30,61.512207050899875,62.31106688272975,61.512207050899875,61.75186500044884,94300.0
SAB,2022-07-01,62.19123790795526,62.19123790795526,60.91306217702748,61.47226405930839,61500.0
SAB,2022-07-04,61.512207050899875,61.91163696681481,60.91306217702748,61.312492092942406,40800.0
SAB,2022-07-05,61.83175098363183,61.87169397522332,60.23403131997209,60.23403131997209,171300.0
SAB,2022-07-06,60.23403131997209,61.112777134984945,59.914487387240136,60.953005168618965,110300.0
SAB,2022-07-07,61.07283414339345,62.39095286591273,60.47368926952105,62.39095286591273,72100.0
SAB,2022-07-08,61.07283414339345,62.43089585750423,61.07283414339345,61.9515799584063,111500.0
SAB,2022-07-11,61.3524350845339,61.9515799584063,61.112777134984945,61.9515799584063,104500.0
SAB,2022-07-12,61.03289115180196,61.91163696681481,61.03289115180196,61.3524350845339,45900.0
SAB,2022-07-13,61.19266311816793,62.231180899546764,61.19266311816793,61.3524350845339,61700.0
SAB,2022-07-14,61.112777134984945,61.91163696681481,61.112777134984945,61.87169397522332,72400.0
SAB,2022-07-15,61.512207050899875,61.63203602567436,60.953005168618965,61.512207050899875,58500.0
SAB,2022-07-18,61.23260610975943,61.59209303408286,61.19266311816793,61.59209303408286,32000.0
SAB,2022-07-19,61.71192200885734,62.67055380705319,61.19266311816793,62.6306108154617,189000.0
SAB,2022-07-20,62.910211756602145,63.8289005632065,62.6306108154617,63.8289005632065,127200.0
SAB,2022-07-21,63.908786546389486,66.30536604187908,63.908786546389486,65.90593612596416,293300.0
SAB,2022-07-22,65.50650621004922,67.06428288211747,64.30821646230442,66.30536604187908,246400.0
SAB,2022-07-25,66.30536604187908,66.30536604187908,65.10707629413429,65.90593612596416,486900.0
SAB,2022-07-26,64.70764637821935,67.10422587370896,64.70764637821935,66.98439689893448,165100.0
SAB,2022-07-27,67.02433989052598,67.02433989052598,66.2254800586961,66.98439689893448,186700.0
SAB,2022-07-28,67.58354177280687,69.9002352851135,67.58354177280687,69.10137545328362,483300.0
SAB,2022-07-29,70.06000725147948,73.69481948630538,70.06000725147948,71.89738486468816,445300.0
SAB,2022-08-01,72.69624469651804,73.49510452834791,72.01721383946266,73.09567461243297,284600.0
SAB,2022-08-02,72.69624469651804,75.05288120041615,72.69624469651804,75.01293820882466,262500.0
SAB,2022-08-03,74.29396436017777,76.29111393975245,73.81464846107986,75.85174103224603,356400.0
SAB,2022-08-04,75.09282419200764,76.01151299861199,71.89738486468816,73.89453444426285,342700.0
SAB,2022-08-05,72.73618768810952,75.89168402383751,72.53647273015206,72.93590264606699,244700.0
SAB,2022-08-08,73.25544657879895,75.09282419200764,71.49795494877323,72.2968147806031,167600.0
SAB,2022-08-09,73.49510452834791,73.49510452834791,71.97727084787115,71.97727084787115,188800.0
SAB,2022-08-10,72.69624469651804,72.69624469651804,71.41806896559025,72.69624469651804,155400.0
SAB,2022-08-11,73.01578862924998,73.77470546948835,71.89738486468816,72.69624469651804,218700.0
SAB,2022-08-12,72.49652973856057,72.8959596544755,72.13704281423712,72.69624469651804,139400.0
SAB,2022-08-15,72.69624469651804,74.6933942760927,72.33675777219459,74.29396436017777,282900.0
SAB,2022-08-16,74.85316624245868,75.29253914996511,74.33390735176927,75.09282419200764,212800.0
SAB,2022-08-17,75.09282419200764,75.37242513314808,73.49510452834791,75.29253914996511,230800.0
SAB,2022-08-18,75.25259615837362,79.04718035956549,74.33390735176927,77.28968872953978,394200.0
SAB,2022-08-19,76.33105693134394,78.3282065109186,76.33105693134394,77.88883360341218,124300.0
SAB,2022-08-22,78.04860556977816,78.04860556977816,76.77042983885036,77.48940368749724,117800.0
SAB,2022-08-23,77.28968872953978,77.88883360341218,75.89168402383751,75.89168402383751,129400.0
SAB,2022-08-24,75.89168402383751,76.81037283044186,74.49367931813524,74.6933942760927,143100.0
SAB,2022-08-25,74.73333726768419,77.01008778839933,74.61350829290973,74.89310923405017,91400.0
SAB,2022-08-26,74.8132232508672,75.29253914996511,73.61493350312239,75.09282419200764,131500.0
SAB,2022-08-29,73.29538957039044,75.85174103224603,73.29538957039044,75.09282419200764,126300.0
SAB,2022-08-30,75.29253914996511,75.49225410792258,74.61350829290973,75.05288120041615,127400.0
SAB,2022-08-31,75.01293820882466,75.25259615837362,74.0942494022203,75.05288120041615,296000.0
SAB,2022-09-05,75.05288120041615,75.13276718359913,74.33390735176927,75.09282419200764,175900.0
SAB,2022-09-06,75.09282419200764,76.17128496497796,75.01293820882466,75.3324821415566,103500.0
SAB,2022-09-07,75.3324821415566,75.49225410792258,74.01436341903732,75.09282419200764,178400.0
SAB,2022-09-08,75.49225410792258,77.12991676317381,75.09282419200764,76.5707148808929,268200.0
SAB,2022-09-09,76.89025881362484,78.08854856136965,76.5707148808929,77.40951770431427,300100.0
SAB,2022-09-12,77.40951770431427,79.007237367974,77.40951770431427,77.88883360341218,262500.0
SAB,2022-09-13,77.88883360341218,78.56786446046756,76.29111393975245,76.29111393975245,213100.0
SAB,2022-09-14,75.89168402383751,75.89168402383751,73.49510452834791,73.49510452834791,272400.0
SAB,2022-09-15,73.69481948630538,75.09282419200764,73.09567461243297,74.01436341903732,249800.0
SAB,2022-09-16,75.45231111633109,75.45231111633109,73.09567461243297,74.01436341903732,189100.0
SAB,2022-09-19,74.01436341903732,74.89310923405017,73.85459145267134,74.01436341903732,232300.0
SAB,2022-09-20,74.29396436017777,75.69196906588004,74.21407837699479,74.89310923405017,81800.0
SAB,2022-09-21,74.0942494022203,75.69196906588004,73.97442042744582,75.09282419200764,81700.0
SAB,2022-09-22,75.65202607428856,75.65202607428856,74.21407837699479,74.6933942760927,189900.0
SAB,2022-09-23,75.09282419200764,75.09282419200764,74.17413538540329,74.6933942760927,232000.0
SAB,2022-09-26,74.29396436017777,75.09282419200764,73.49510452834791,73.89453444426285,180700.0
SAB,2022-09-27,74.45373632654375,74.45373632654375,73.09567461243297,74.01436341903732,125500.0
SAB,2022-09-28,73.49510452834791,73.81464846107986,69.9002352851135,73.09567461243297,78800.0
SAB,2022-09-29,74.1341923938118,74.1341923938118,72.09709982264563,73.01578862924998,289000.0
SAB,2022-09-30,71.0985250328583,74.49367931813524,71.0985250328583,73.89453444426285,150200.0
SAB,2022-10-03,72.2968147806031,74.29396436017777,72.2968147806031,72.77613067970101,107400.0
SAB,2022-10-04,72.77613067970101,75.45231111633109,72.77613067970101,75.09282419200764,417800.0
SAB,2022-10-05,75.73191205747153,76.29111393975245,74.73333726768419,75.49225410792258,285100.0
SAB,2022-10-06,73.97442042744582,74.49367931813524,73.89453444426285,74.21407837699479,84100.0
SAB,2022-10-07,73.09567461243297,74.6933942760927,73.09567461243297,74.6933942760927,233100.0
SAB,2022-10-10,74.29396436017777,74.33390735176927,72.37670076378609,73.69481948630538,306000.0
SAB,2022-10-11,73.29538957039044,74.0942494022203,72.73618768810952,73.29538957039044,178300.0
SAB,2022-10-12,74.89310923405017,74.89310923405017,73.29538957039044,73.29538957039044,600200.0
SAB,2022-10-13,73.29538957039044,75.89168402383751,72.49652973856057,75.89168402383751,245600.0
SAB,2022-10-14,77.08997377158231,77.08997377158231,73.49510452834791,75.25259615837362,119100.0
SAB,2022-10-17,74.0942494022203,75.81179804065452,73.33533256198193,73.93447743585433,136700.0
SAB,2022-10-18,75.65202607428856,75.81179804065452,74.01436341903732,75.81179804065452,680300.0
SAB,2022-10-19,75.89168402383751,76.25117094816095,75.29253914996511,76.25117094816095,173900.0
SAB,2022-10-20,75.89168402383751,76.65060086407588,75.57214009110555,76.41094291452693,114400.0
SAB,2022-10-21,76.49082889770992,77.88883360341218,75.65202607428856,77.08997377158231,247500.0
SAB,2022-10-24,78.28826351932712,81.08427293073166,72.2968147806031,72.2968147806031,299300.0
SAB,2022-10-25,73.33533256198193,76.89025881362484,73.29538957039044,75.01293820882466,422100.0
SAB,2022-10-26,77.32963172113128,77.32963172113128,74.33390735176927,74.33390735176927,170600.0
SAB,2022-10-27,74.37385034336076,75.45231111633109,73.29538957039044,75.05288120041615,471800.0
SAB,2022-10-28,75.89168402383751,76.13134197338647,74.33390735176927,74.33390735176927,219000.0
SAB,2022-10-31,75.29253914996511,75.29253914996511,72.8959596544755,74.01436341903732,105700.0
SAB,2022-11-01,74.01436341903732,74.65345128450122,73.17556059561595,73.33533256198193,170700.0
SAB,2022-11-02,73.33533256198193,73.33533256198193,71.93732785627967,73.29538957039044,334700.0
SAB,2022-11-03,73.09567461243297,73.09567461243297,72.13704281423712,72.69624469651804,176500.0
SAB,2022-11-04,72.69624469651804,73.89453444426285,71.49795494877323,72.69624469651804,347000.0
SAB,2022-11-07,72.73618768810952,73.49510452834791,72.33675777219459,73.49510452834791,225700.0
SAB,2022-11-08,73.49510452834791,73.57499051153088,73.01578862924998,73.09567461243297,314000.0
SAB,2022-11-09,73.13561760402446,74.21407837699479,73.13561760402446,73.69481948630538,145300.0
SAB,2022-11-10,74.0942494022203,74.29396436017777,73.09567461243297,73.69481948630538,267600.0
SAB,2022-11-11,75.09282419200764,76.65060086407588,74.21407837699479,75.01293820882466,162000.0
SAB,2022-11-14,75.01293820882466,78.24832052773563,72.69624469651804,77.88883360341218,360000.0
SAB,2022-11-15,77.84889061182069,77.84889061182069,74.49367931813524,74.49367931813524,159000.0
SAB,2022-11-16,72.69624469651804,74.29396436017777,72.21692879742012,72.21692879742012,371400.0
SAB,2022-11-17,73.05573162084148,77.24974573794829,71.6976699067307,73.09567461243297,282600.0
SAB,2022-11-18,74.05430641062881,74.0942494022203,71.29823999081577,71.57784093195622,295400.0
SAB,2022-11-21,72.69624469651804,73.49510452834791,71.89738486468816,72.93590264606699,115300.0
SAB,2022-11-22,72.17698580582862,73.89453444426285,71.93732785627967,72.37670076378609,140100.0
SAB,2022-11-23,72.21692879742012,73.09567461243297,72.21692879742012,72.69624469651804,95900.0
SAB,2022-11-24,73.09567461243297,73.09567461243297,71.89738486468816,72.09709982264563,189600.0
SAB,2022-11-25,72.09709982264563,72.77613067970101,71.85744187309668,71.89738486468816,144400.0
SAB,2022-11-28,66.86456792416,71.89738486468816,66.86456792416,70.73903810853486,376700.0
SAB,2022-11-29,70.77898110012634,71.85744187309668,69.62063434397305,70.29966520102843,410700.0
SAB,2022-11-30,71.81749888150519,72.17698580582862,70.33960819261992,71.89738486468816,367300.0
SAB,2022-12-01,71.49795494877323,72.09709982264563,69.9002352851135,70.06000725147948,377600.0
SAB,2022-12-02,70.09995024307096,72.21692879742012,70.09995024307096,70.69909511694337,414200.0
SAB,2022-12-05,70.73903810853486,72.2968147806031,70.73903810853486,71.77755588991369,167200.0
SAB,2022-12-06,71.7376128983222,71.89738486468816,71.0585820412668,71.29823999081577,292500.0
SAB,2022-12-07,70.53932315057739,71.85744187309668,70.4993801589859,71.49795494877323,251100.0
SAB,2022-12-08,71.85744187309668,71.89738486468816,70.69909511694337,71.0985250328583,230000.0
SAB,2022-12-09,71.61778392354772,71.61778392354772,70.69909511694337,71.0985250328583,217600.0
SAB,2022-12-12,71.0985250328583,71.85744187309668,71.0985250328583,71.21835400763278,405700.0
SAB,2022-12-13,71.21835400763278,71.6976699067307,71.0985250328583,71.0985250328583,361900.0
SAB,2022-12-14,71.65772691513921,71.77755588991369,70.81892409171785,71.49795494877323,342200.0
SAB,2022-12-15,71.53789794036473,71.81749888150519,71.25829699922427,71.49795494877323,139600.0
SAB,2022-12-16,71.49795494877323,71.49795494877323,70.73903810853486,70.73903810853486,515900.0
SAB,2022-12-19,70.77898110012634,71.29823999081577,69.9002352851135,69.9002352851135,162100.0
SAB,2022-12-20,70.06232278562246,71.72371968221616,69.69762590588238,70.10284466114913,306400.0
SAB,2022-12-21,69.90023528351576,71.48058842905611,69.90023528351576,70.91328217168264,173000.0
SAB,2022-12-22,71.03484779826267,72.08841656195625,71.03484779826267,71.03484779826267,123200.0
SAB,2022-12-23,71.68319780668949,71.72371968221616,70.91328217168264,70.91328217168264,470300.0
SAB,2022-12-26,71.3185009269494,71.68319780668949,70.10284466114913,70.10284466114913,220800.0
SAB,2022-12-27,71.03484779826267,71.48058842905611,69.495016528249,69.495016528249,173400.0
SAB,2022-12-28,69.61658215482902,71.52111030458278,69.53553840377566,71.52111030458278,492000.0
SAB,2022-12-29,70.30545403878251,71.19693530036938,70.06232278562246,70.06232278562246,158400.0
SAB,2022-12-30,70.5080634164159,71.27797905142273,67.6310102540219,67.6310102540219,202300.0
SAB,2023-01-03,69.33292902614228,70.30545403878251,68.15779463586868,68.4819696400821,121700.0
SAB,2023-01-04,68.56301339113544,70.5080634164159,68.4819696400821,69.495016528249,171900.0
SAB,2023-01-05,69.69762590588238,74.35764159145009,69.495016528249,70.58910716746924,255300.0
SAB,2023-01-06,71.80476343326951,73.99294471171001,70.58910716746924,73.22302907670316,150100.0
SAB,2023-01-09,72.73676657038305,73.74981345854995,71.23745717589605,72.77728844590973,46900.0
SAB,2023-01-10,72.8178103214364,73.02041969906978,71.35902280247608,71.35902280247608,151800.0
SAB,2023-01-11,72.93937594801643,73.70929158302327,72.93937594801643,73.34459470328319,155000.0
SAB,2023-01-12,73.74981345854995,73.74981345854995,72.53415719274967,72.85833219696309,50600.0
SAB,2023-01-13,72.85833219696309,75.53277598172369,72.85833219696309,75.33016660409031,218100.0
SAB,2023-01-16,76.1811259901505,76.95104162515734,75.41121035514365,76.38373536778387,105300.0
SAB,2023-01-17,76.1811259901505,76.38373536778387,73.87137908512999,75.77590723488375,177000.0
SAB,2023-01-18,77.80200101121753,77.80200101121753,75.77590723488375,75.77590723488375,166000.0
SAB,2023-01-19,76.99156350068401,78.20721976648429,75.24912285303695,75.24912285303695,201700.0
SAB,2023-01-27,75.28964472856363,79.0176572770178,75.28964472856363,78.24774164201096,133600.0
SAB,2023-01-30,78.24774164201096,78.24774164201096,76.78895412305063,76.99156350068401,177800.0
SAB,2023-01-31,75.77590723488375,77.31573850489742,75.57329785725037,76.58634474541725,55500.0
SAB,2023-02-01,76.58634474541725,77.19417287831739,75.61381973277703,75.77590723488375,170700.0
SAB,2023-02-02,76.99156350068401,77.59939163358415,75.41121035514365,75.97851661251713,88700.0
SAB,2023-02-03,75.28964472856363,78.12617601543094,75.28964472856363,78.12617601543094,105300.0
SAB,2023-02-06,77.19417287831739,79.1797447791245,77.03208537621069,79.1797447791245,78800.0
SAB,2023-02-07,77.80200101121753,79.82809478755132,77.47782600700413,77.47782600700413,28900.0
SAB,2023-02-08,76.58634474541725,80.43592292045146,76.58634474541725,79.90913853860467,109700.0
SAB,2023-02-09,79.94966041413136,80.63853229808484,77.80200101121753,78.5313947706977,69900.0
SAB,2023-02-10,79.42287603228456,79.42287603228456,76.66738849647061,76.74843224752397,70900.0
SAB,2023-02-13,76.58634474541725,77.76147913569086,75.53277598172369,77.76147913569086,107900.0
SAB,2023-02-14,78.16669789095762,78.16669789095762,75.81642911041041,76.1811259901505,51400.0
SAB,2023-02-15,76.22164786567717,77.59939163358415,76.1811259901505,76.58634474541725,77000.0
SAB,2023-02-16,76.22164786567717,77.19417287831739,76.1811259901505,76.86999787410399,47700.0
SAB,2023-02-17,76.86999787410399,76.99156350068401,75.61381973277703,75.81642911041041,76200.0
SAB,2023-02-20,77.39678225595077,78.16669789095762,76.38373536778387,77.07260725173737,89800.0
SAB,2023-02-21,76.01903848804379,77.31573850489742,76.01903848804379,77.19417287831739,84500.0
SAB,2023-02-22,77.39678225595077,77.39678225595077,75.77590723488375,75.77590723488375,102100.0
SAB,2023-02-23,76.58634474541725,76.62686662094393,74.96546972435023,75.81642911041041,77700.0
SAB,2023-02-24,75.81642911041041,76.82947599857731,74.96546972435023,76.58634474541725,120300.0
SAB,2023-02-27,76.99156350068401,76.99156350068401,75.0059915998769,75.08703535093025,57600.0
SAB,2023-02-28,76.99156350068401,77.11312912726405,75.16807910198361,76.1811259901505,196900.0
SAB,2023-03-01,75.37068847961699,78.0046103888509,75.20860097751027,78.0046103888509,173300.0
SAB,2023-03-02,76.82333952542807,77.39360821755744,76.21233735528946,76.61967213538186,88300.0
SAB,2023-03-03,77.10847387149276,77.10847387149276,75.43840127311388,76.17160387728022,92400.0
SAB,2023-03-06,78.16754429973302,78.16754429973302,75.35693431709541,75.35693431709541,76300.0
SAB,2023-03-07,75.7642690971878,76.98627343746503,75.43840127311388,76.13087039927098,122700.0
SAB,2023-03-08,75.11253344903996,75.96793648723401,75.11253344903996,75.96793648723401,117300.0
SAB,2023-03-09,75.96793648723401,76.21233735528946,75.92720300922478,75.96793648723401,297200.0
SAB,2023-03-10,75.23473388306768,76.21233735528946,75.23473388306768,75.60133518515084,417200.0
SAB,2023-03-13,76.09013692126175,76.17160387728022,75.7642690971878,76.17160387728022,453500.0
SAB,2023-03-14,76.4567382233449,77.39360821755744,76.17160387728022,77.39360821755744,281300.0
SAB,2023-03-15,77.63800908561288,78.00461038769605,77.02700691547427,77.18994082751124,233800.0
SAB,2023-03-16,77.3528747395482,79.83761689811189,76.17160387728022,77.80094299764986,328100.0
SAB,2023-03-17,77.80094299764986,78.20827777774225,77.0677403934835,78.20827777774225,506900.0
SAB,2023-03-20,77.43434169556669,78.28974473376073,75.80500257519705,76.98627343746503,82400.0
SAB,2023-03-21,76.98627343746503,77.39360821755744,75.72353561917858,75.7642690971878,184600.0
SAB,2023-03-22,75.5606017071416,76.9455399594558,74.74593214695679,76.37527126732643,221600.0
SAB,2023-03-23,76.37527126732643,76.6604056133911,75.03106649302147,76.57893865737263,129500.0
SAB,2023-03-24,75.35693431709541,76.6604056133911,75.35693431709541,76.49747170135414,170600.0
SAB,2023-03-27,75.80500257519705,76.57893865737263,75.60133518515084,75.7642690971878,101400.0
SAB,2023-03-28,75.7642690971878,75.96793648723401,75.43840127311388,75.7642690971878,59800.0
SAB,2023-03-29,76.09013692126175,76.09013692126175,74.99033301501224,75.51986822913237,59900.0
SAB,2023-03-30,75.88646953121554,75.88646953121554,75.11253344903996,75.35693431709541,70100.0
SAB,2023-03-31,75.35693431709541,75.68280214116933,74.74593214695679,75.23473388306768,66400.0
SAB,2023-04-03,74.949599537003,75.1532669270492,73.72759519672577,73.72759519672577,93900.0
SAB,2023-04-04,73.80906215274425,73.97199606478121,72.42412390043008,72.50559085644855,185000.0
SAB,2023-04-05,72.5463243344578,72.5463243344578,71.48725390621753,71.89458868630994,237100.0
SAB,2023-04-06,72.70925824649476,72.70925824649476,71.89458868630994,72.0575225983469,184526.0
SAB,2023-04-07,72.09825607635614,72.4648573784393,71.73165477427297,72.09825607635614,135400.0
SAB,2023-04-10,72.34265694441159,72.34265694441159,71.69092129626374,71.93532216431917,213700.0
SAB,2023-04-11,71.60945434024526,71.77238825228221,71.28358651617133,71.28358651617133,301400.0
SAB,2023-04-12,70.9577186920974,70.9577186920974,69.53204696177397,69.6542473958017,376000.0
SAB,2023-04-13,69.8579147858479,70.34671652195878,68.63591044557067,69.04324522566309,236600.0
SAB,2023-04-14,69.04324522566309,69.24691261570929,68.02490827543207,68.02490827543207,316600.0
SAB,2023-04-17,67.8619743633951,68.02490827543207,66.80290393515484,66.80290393515484,282600.0
SAB,2023-04-18,67.08803828121953,68.43224305552448,67.04730480321028,67.53610653932118,219500.0
SAB,2023-04-19,68.31004262149675,69.6542473958017,67.69904045135813,69.40984652774625,349100.0
SAB,2023-04-20,69.93938174186638,70.63185086802348,69.4505800057555,69.4505800057555,291200.0
SAB,2023-04-21,70.26524956594031,70.30598304394955,69.4505800057555,69.4505800057555,169900.0
SAB,2023-04-24,69.4505800057555,69.73571435182018,69.4505800057555,69.69498087381093,126500.0
SAB,2023-04-25,69.69498087381093,69.73571435182018,68.83957783561688,69.6542473958017,237600.0
SAB,2023-04-26,69.6542473958017,69.8579147858479,69.57278043978322,69.6542473958017,177500.0
SAB,2023-04-27,69.6542473958017,70.87625173607891,69.04324522566309,70.87625173607891,194600.0
SAB,2023-04-28,70.99845217010665,71.20211956015285,70.0615821758941,70.0615821758941,75300.0
SAB,2023-05-04,70.0615821758941,70.0615821758941,67.6583069733489,67.8619743633951,148000.0
SAB,2023-05-05,67.9434413194136,68.22857566547827,67.33243914927498,67.41390610529345,110200.0
SAB,2023-05-08,67.61757349533966,67.9434413194136,67.53610653932118,67.82124088538586,107900.0
SAB,2023-05-09,68.02490827543207,68.02490827543207,67.21023871524726,67.25097219325649,79400.0
SAB,2023-05-10,67.25097219325649,67.53610653932118,67.25097219325649,67.29170567126573,141300.0
SAB,2023-05-11,67.33243914927498,68.83957783561688,66.80290393515484,67.00657132520105,164300.0
SAB,2023-05-12,67.37317262728422,67.49537306131194,66.3548356770532,66.7621704571456,189700.0
SAB,2023-05-15,67.08803828121953,67.4546395833027,66.80290393515484,66.84363741316409,119000.0
SAB,2023-05-16,67.21023871524726,67.21023871524726,66.31410219904396,66.39556915506243,153400.0
SAB,2023-05-17,66.39556915506243,66.39556915506243,66.02896785297926,66.19190176501623,103000.0
SAB,2023-05-18,66.19190176501623,66.39556915506243,65.82530046293306,66.11043480899775,259900.0
SAB,2023-05-19,66.11043480899775,66.11043480899775,65.21429829279445,65.45869916084989,75700.0
SAB,2023-05-22,65.45869916084989,65.90676741895155,65.2550317708037,65.45869916084989,146500.0
SAB,2023-05-23,65.78456698492383,65.90676741895155,64.44036221061887,64.76623003469281,144600.0
SAB,2023-05-24,65.01063090274825,65.13283133677598,64.5625626446466,64.5625626446466,196500.0
SAB,2023-05-25,64.5625626446466,64.68476307867434,63.54422569441558,64.3588952546004,97500.0
SAB,2023-05-26,64.3588952546004,64.3588952546004,63.136890914323175,63.34055830436938,150600.0
SAB,2023-05-29,63.38129178237862,64.11449438654496,63.218357870341656,63.2590913483509,90900.0
SAB,2023-05-30,63.299824826360144,63.66642612844331,63.2590913483509,63.54422569441558,205600.0
SAB,2023-05-31,63.54422569441558,64.5625626446466,63.54422569441558,64.3588952546004,157900.0
SAB,2023-06-01,63.70715960645255,64.76623003469281,63.70715960645255,64.44036221061887,186100.0
SAB,2023-06-02,64.96989742473902,64.96989742473902,64.19596134256344,64.3588952546004,138700.0
SAB,2023-06-05,65.17356481478521,65.29576524881294,64.80696351270204,64.92916394672977,173300.0
SAB,2023-06-06,65.13283133677598,65.21429829279445,64.88843046872053,65.17356481478521,127800.0
SAB,2023-06-07,65.21429829279445,65.29576524881294,65.01063090274825,65.09209785876673,225100.0
SAB,2023-06-08,65.2550317708037,65.2550317708037,64.96989742473902,65.09209785876673,158200.0
SAB,2023-06-09,65.58553132389574,65.58553132389574,64.96873949326348,64.96873949326348,77400.0
SAB,2023-06-12,65.00985894863896,66.69575661903377,65.00985894863896,66.61351770828281,109100.0
SAB,2023-06-13,66.6546371636583,66.69575661903377,66.03784533302606,66.53127879753185,134600.0
SAB,2023-06-14,66.53127879753185,67.23030953891507,66.03784533302606,66.61351770828281,203200.0
SAB,2023-06-15,66.9424733512867,66.9424733512867,65.37993404701832,65.37993404701832,178600.0
SAB,2023-06-16,66.20232315452799,66.20232315452799,63.735155831998995,63.735155831998995,234900.0
SAB,2023-06-19,64.55754493950866,64.55754493950866,64.10523093037834,64.4753060287577,199400.0
SAB,2023-06-20,64.4753060287577,64.4753060287577,63.817394742749954,63.85851419812545,97800.0
SAB,2023-06-21,63.85851419812545,64.06411147500286,63.488439099746095,63.735155831998995,206800.0
SAB,2023-06-22,64.14635038575382,64.14635038575382,63.65291692124803,63.65291692124803,145800.0
SAB,2023-06-23,63.65291692124803,64.35194766263125,63.488439099746095,64.35194766263125,248600.0
SAB,2023-06-26,64.927620037888,64.927620037888,64.14635038575382,64.14635038575382,139900.0
SAB,2023-06-27,63.98187256425189,64.55754493950866,63.488439099746095,63.488439099746095,244600.0
SAB,2023-06-28,63.89963365350093,63.89963365350093,63.570678010497055,63.61179746587254,124800.0
SAB,2023-06-29,63.817394742749954,63.817394742749954,63.32396127824416,63.32396127824416,229800.0
SAB,2023-06-30,63.488439099746095,63.488439099746095,63.11836400136674,63.15948345674222,192700.0
SAB,2023-07-03,63.32396127824416,63.65291692124803,63.11836400136674,63.20060291211771,78100.0
SAB,2023-07-04,63.20060291211771,63.447319644370616,63.07724454599126,63.15948345674222,189000.0
SAB,2023-07-05,63.241722367493196,63.65291692124803,63.15948345674222,63.241722367493196,80000.0
SAB,2023-07-06,63.241722367493196,63.32396127824416,63.07724454599126,63.07724454599126,181400.0
SAB,2023-07-07,63.15948345674222,63.488439099746095,62.049258161604186,62.090377616979666,203600.0
SAB,2023-07-10,62.131497072355145,62.21373598310612,61.67918306322483,61.80254142935129,287800.0
SAB,2023-07-11,61.67918306322483,62.0081387062287,61.67918306322483,61.67918306322483,203500.0
SAB,2023-07-12,61.67918306322483,62.5015721707345,61.67918306322483,62.090377616979666,169000.0
SAB,2023-07-13,62.172616527730625,63.32396127824416,62.172616527730625,63.11836400136674,206700.0
SAB,2023-07-14,63.15948345674222,63.241722367493196,62.95388617986481,63.241722367493196,189200.0
SAB,2023-07-17,63.447319644370616,63.776275287374474,62.91276672448933,63.11836400136674,121100.0
SAB,2023-07-18,63.241722367493196,63.40620018899512,62.74828890298739,62.95388617986481,173200.0
SAB,2023-07-19,62.95388617986481,63.15948345674222,62.830527813738364,62.830527813738364,151100.0
SAB,2023-07-20,62.830527813738364,63.28284182286868,62.78940835836288,62.99500563524029,181000.0
SAB,2023-07-21,62.95388617986481,62.99500563524029,62.66604999223643,62.95388617986481,122400.0
SAB,2023-07-24,63.03612509061578,63.94075310887641,63.03612509061578,63.735155831998995,302100.0
SAB,2023-07-25,64.06411147500286,65.00985894863896,63.817394742749954,64.96873949326348,379300.0
SAB,2023-07-26,64.927620037888,66.53127879753185,64.927620037888,66.44903988678088,264200.0
SAB,2023-07-27,66.20232315452799,66.4079204314054,65.58553132389574,65.87336751152412,341300.0
SAB,2023-07-28,65.79112860077315,65.87336751152412,64.55754493950866,64.55754493950866,389400.0
SAB,2023-07-31,64.51642548413318,65.6677702346467,64.39306711800673,64.4753060287577,398000.0
SAB,2023-08-01,65.4210535023938,65.79112860077315,64.96873949326348,65.13321731476543,222400.0
SAB,2023-08-02,65.50329241314478,65.50329241314478,64.84538112713703,65.33881459164284,122100.0
SAB,2023-08-03,65.62665077927122,66.4079204314054,65.37993404701832,66.4079204314054,370200.0
SAB,2023-08-04,66.81911498516024,66.81911498516024,65.58553132389574,65.99672587765058,245900.0
SAB,2023-08-07,65.87336751152412,66.69575661903377,65.62665077927122,66.20232315452799,350100.0
SAB,2023-08-08,66.73687607440927,66.73687607440927,66.03784533302606,66.44903988678088,200000.0
SAB,2023-08-09,66.44903988678088,66.49015934215636,65.9144869668996,66.20232315452799,197500.0
SAB,2023-08-10,66.32568152065444,66.32568152065444,65.79112860077315,66.03784533302606,244300.0
SAB,2023-08-11,65.79112860077315,66.03784533302606,65.17433677014091,65.58553132389574,257300.0
SAB,2023-08-14,65.37993404701832,65.62665077927122,64.96873949326348,64.96873949326348,183000.0
SAB,2023-08-15,64.96873949326348,64.96873949326348,64.4341865733822,64.68090330563511,217600.0
SAB,2023-08-16,65.37993404701832,65.58553132389574,64.55754493950866,64.68090330563511,238500.0
SAB,2023-08-17,64.68090330563511,64.68090330563511,63.94075310887641,64.02299201962737,395800.0
SAB,2023-08-18,63.94075310887641,65.17433677014091,62.78940835836288,63.15948345674222,325400.0
SAB,2023-08-21,63.529558555121575,63.529558555121575,62.5015721707345,62.78940835836288,278300.0
SAB,2023-08-22,62.78940835836288,63.07724454599126,61.67918306322483,61.67918306322483,410700.0
SAB,2023-08-23,62.70716944761191,62.830527813738364,61.67918306322483,61.72030251860031,458700.0
SAB,2023-08-24,63.694036376623515,63.735155831998995,62.99500563524029,63.11836400136674,629400.0
SAB,2023-08-25,63.85851419812545,65.05097840401446,63.61179746587254,64.2285892965048,500600.0
SAB,2023-08-28,64.96873949326348,64.96873949326348,64.10523093037834,64.26970875188027,306700.0
SAB,2023-08-29,64.35194766263125,65.50329241314478,64.10523093037834,65.00985894863896,345400.0
SAB,2023-08-30,65.58553132389574,66.12008424377703,65.25657568089187,65.70888969002219,299300.0
SAB,2023-08-31,65.79112860077315,65.99672587765058,64.96873949326348,64.96873949326348,365100.0
SAB,2023-09-05,65.37993404701832,65.95560642227508,65.17433677014091,65.29769513626736,355400.0
SAB,2023-09-06,65.09209785938994,65.79112860077315,65.09209785938994,65.37993404701832,337500.0
SAB,2023-09-07,65.54441186852026,66.20232315452799,65.50329241314478,65.99672587765058,255200.0
SAB,2023-09-08,66.12008424377703,66.53127879753185,65.79112860077315,66.03784533302606,355700.0
SAB,2023-09-11,66.44903988678088,69.86195468294599,66.44903988678088,68.8750877539344,864600.0
SAB,2023-09-12,69.86195468294599,70.1086714151989,68.99844612006085,69.45076012919117,552800.0
SAB,2023-09-13,69.53299903994213,69.82083522757051,68.46389320017957,68.58725156630602,705100.0
SAB,2023-09-14,72.37024146085047,72.37024146085047,69.16292394156277,70.0675519598234,1232600.0
SAB,2023-09-15,70.72546324583114,70.72546324583114,68.3405348340531,68.3405348340531,511300.0
SAB,2023-09-18,68.3405348340531,68.3405348340531,66.12008424377703,66.44903988678088,573600.0
SAB,2023-09-19,66.36680097602992,67.27142899429055,64.55754493950866,64.96873949326348,665800.0
SAB,2023-09-20,65.05097840401446,66.61351770828281,64.96873949326348,66.20232315452799,613000.0
SAB,2023-09-21,66.28456206527895,67.27142899429055,65.79112860077315,65.79112860077315,610400.0
SAB,2023-09-22,64.96873949326348,65.29769513626736,63.488439099746095,64.63978385025962,553700.0
SAB,2023-09-25,64.72202276101059,65.29769513626736,62.5015721707345,62.5015721707345,226500.0
SAB,2023-09-26,62.5015721707345,62.99500563524029,61.67918306322483,61.925899795477726,414000.0
SAB,2023-09-27,61.925899795477726,62.172616527730625,60.7745550449642,60.93903286646613,599500.0
SAB,2023-09-28,61.0212717772171,61.26798850947,59.540971383699706,59.540971383699706,452200.0
SAB,2023-09-29,60.034404848205504,60.2811215804584,59.540971383699706,59.62321029445067,451200.0
SAB,2023-10-02,60.2811215804584,60.2811215804584,59.70544920520163,60.034404848205504,218300.0
SAB,2023-10-03,60.19888266970744,60.19888266970744,57.81395425792941,57.81395425792941,678100.0
SAB,2023-10-04,57.56723752567651,57.731715347178444,56.991565150419746,57.56723752567651,355600.0
SAB,2023-10-05,57.731715347178444,58.389626633186175,57.15604297192168,57.15604297192168,235000.0
SAB,2023-10-06,57.15604297192168,57.56723752567651,56.16917604291008,57.23828188267264,320300.0
SAB,2023-10-09,57.32052079342361,57.40275970417458,56.58037059666491,56.58037059666491,548200.0
SAB,2023-10-10,56.744848418166846,57.40275970417458,55.92245931065718,56.58037059666491,616000.0
SAB,2023-10-11,56.58037059666491,56.66260950741589,55.75798148915525,55.92245931065718,671000.0
SAB,2023-10-12,56.251414953661055,56.66260950741589,56.086937132159115,56.66260950741589,546200.0
SAB,2023-10-13,56.49813168591395,57.89619316868038,56.086937132159115,57.64947643642747,625600.0
SAB,2023-10-16,57.64947643642747,59.0475379191939,57.64947643642747,58.30738772243521,714200.0
SAB,2023-10-17,58.80082118694101,58.88306009769197,57.484998614925544,57.484998614925544,392500.0
SAB,2023-10-18,57.484998614925544,57.484998614925544,55.51126475690235,56.16917604291008,561400.0
SAB,2023-10-19,56.16917604291008,56.58037059666491,55.75798148915525,56.16917604291008,329500.0
SAB,2023-10-20,56.251414953661055,57.56723752567651,55.92245931065718,57.56723752567651,259500.0
SAB,2023-10-23,57.56723752567651,57.56723752567651,55.75798148915525,55.75798148915525,355200.0
SAB,2023-10-24,55.67574257840428,57.40275970417458,55.67574257840428,56.827087328917806,225100.0
SAB,2023-10-25,56.744848418166846,57.32052079342361,56.333653864412014,56.90932623966878,263500.0
SAB,2023-10-26,55.92245931065718,56.333653864412014,54.27768109563785,54.442158917139786,439100.0
SAB,2023-10-27,54.19544218488689,54.19544218488689,51.07036357635016,51.892752683859825,1037300.0
SAB,2023-10-30,51.892752683859825,51.892752683859825,50.0012577365876,50.0012577365876,519900.0
SAB,2023-10-31,50.08349664733856,50.16573555808953,46.62946239579797,46.62946239579797,860800.0
SAB,2023-11-01,46.87617912805087,47.5340904140586,45.149162002280576,47.20513477105474,895700.0
SAB,2023-11-02,47.61632932480957,50.494691201093396,47.61632932480957,50.494691201093396,719700.0
SAB,2023-11-03,50.494691201093396,53.20857525587529,50.494691201093396,52.55066396986756,905600.0
SAB,2023-11-06,53.044097434373356,54.442158917139786,52.55066396986756,54.442158917139786,591800.0
SAB,2023-11-07,54.52439782789075,54.935592381645584,53.37305307737723,53.53753089887915,626800.0
SAB,2023-11-08,53.86648654188302,53.86648654188302,51.48155813010499,53.53753089887915,989800.0
SAB,2023-11-09,53.86648654188302,54.11320327413592,52.30394723761466,52.55066396986756,1195500.0
SAB,2023-11-10,52.46842505911659,52.46842505911659,51.234841397852094,51.31708030860306,760700.0
SAB,2023-11-13,51.31708030860306,52.22170832686369,50.247974468840496,50.41245229034243,733500.0
SAB,2023-11-14,50.82364684409726,52.05723050536176,50.741407933346295,50.988124665599194,754800.0
SAB,2023-11-15,51.97499159461079,53.044097434373356,51.892752683859825,51.97499159461079,1454600.0
SAB,2023-11-16,52.386186148365624,53.126336345124315,51.97499159461079,52.797380702120456,989900.0
SAB,2023-11-17,52.87961961287142,53.78424763113206,52.139469416112725,52.386186148365624,1309300.0
SAB,2023-11-20,51.56379704085596,52.30394723761466,51.39931921935403,51.81051377310886,708500.0
SAB,2023-11-21,51.97499159461079,52.46842505911659,51.72827486235789,51.892752683859825,894600.0
SAB,2023-11-22,51.892752683859825,52.55066396986756,51.892752683859825,52.22170832686369,523900.0
SAB,2023-11-23,52.30394723761466,52.55066396986756,49.67230209358373,49.67230209358373,748600.0
SAB,2023-11-24,49.7545410043347,51.81051377310886,49.7545410043347,51.81051377310886,913100.0
SAB,2023-11-27,51.39931921935403,52.961858523622396,51.31708030860306,52.87961961287142,1077000.0
SAB,2023-11-28,53.044097434373356,53.37305307737723,52.139469416112725,53.37305307737723,546100.0
SAB,2023-11-29,53.37305307737723,54.935592381645584,52.797380702120456,54.442158917139786,901200.0
SAB,2023-11-30,54.11320327413592,54.606636738641726,53.45529198812819,53.45529198812819,549900.0
SAB,2023-12-01,53.45529198812819,53.61976980963012,52.71514179136948,53.45529198812819,448000.0
SAB,2023-12-04,53.45529198812819,54.19544218488689,52.797380702120456,53.20857525587529,622500.0
SAB,2023-12-05,53.86648654188302,53.86648654188302,52.63290288061852,52.63290288061852,850700.0
SAB,2023-12-06,52.63290288061852,53.70200872038109,52.63290288061852,53.61976980963012,866800.0
SAB,2023-12-07,54.19544218488689,54.19544218488689,53.45529198812819,53.94872545263398,993500.0
SAB,2023-12-08,54.27768109563785,54.27768109563785,53.53753089887915,53.94872545263398,616900.0
SAB,2023-12-11,54.03096436338495,54.35992000638881,53.53753089887915,53.86648654188302,502500.0
SAB,2023-12-12,53.86648654188302,54.19544218488689,53.37305307737723,53.45529198812819,421800.0
SAB,2023-12-13,53.61976980963012,54.11320327413592,52.63290288061852,52.63290288061852,864900.0
SAB,2023-12-14,52.961858523622396,53.37305307737723,51.81051377310886,51.81051377310886,488100.0
SAB,2023-12-15,51.892752683859825,52.30394723761466,51.646035951606926,51.646035951606926,1063700.0
SAB,2023-12-18,51.72827486235789,51.72827486235789,50.41245229034243,50.57693011184436,652300.0
SAB,2023-12-19,50.90588575484823,51.39931921935403,50.57693011184436,51.15260248710113,725200.0
SAB,2023-12-20,51.15260248710113,51.56379704085596,50.90588575484823,50.988124665599194,626300.0
SAB,2023-12-21,50.57693011184436,51.15260248710113,50.57693011184436,50.988124665599194,564100.0
SAB,2023-12-22,50.988124665599194,51.07036357635016,50.57693011184436,50.57693011184436,700900.0
SAB,2023-12-25,50.494691201093396,51.892752683859825,50.494691201093396,50.988124665599194,665700.0
SAB,2023-12-26,51.234841397852094,51.81051377310886,51.234841397852094,51.56379704085596,786500.0
SAB,2023-12-27,51.72827486235789,52.05723050536176,51.07036357635016,51.07036357635016,1165500.0
SAB,2023-12-28,51.48155813010499,51.892752683859825,51.15260248710113,51.15260248710113,1661500.0
SAB,2023-12-29,51.81051377310886,52.22170832686369,51.56379704085596,51.81051377310886,2207600.0
SAB,2024-01-02,52.55066396986756,52.87961961287142,52.05723050536176,52.22170832686369,831100.0
SAB,2024-01-03,52.386186148365624,52.386186148365624,51.97499159461079,52.22170832686369,676100.0
SAB,2024-01-04,52.39016545115877,52.72707969843311,52.39016545115877,52.55862257479594,773600.0
SAB,2024-01-05,52.55862257479594,52.55862257479594,51.884794080247275,52.13747976570302,788500.0
SAB,2024-01-08,52.13747976570302,52.474394012977356,52.13747976570302,52.30593688934019,754700.0
SAB,2024-01-09,52.221708327521604,52.474394012977356,51.80056551842869,51.884794080247275,638500.0
SAB,2024-01-10,51.884794080247275,51.884794080247275,51.04250846206144,51.2109655856986,922000.0
SAB,2024-01-11,51.2109655856986,52.053251203884436,51.2109655856986,51.71633695661011,569400.0
SAB,2024-01-12,51.71633695661011,51.71633695661011,50.95827990024286,51.46365127115436,597900.0
SAB,2024-01-15,51.37942270933578,51.80056551842869,50.87405133842427,50.87405133842427,523100.0
SAB,2024-01-16,50.95827990024286,51.04250846206144,50.62136565296853,50.87405133842427,366500.0
SAB,2024-01-17,50.87405133842427,51.04250846206144,50.70559421478711,50.87405133842427,657900.0
SAB,2024-01-18,51.126737023880025,51.126737023880025,50.87405133842427,50.95827990024286,546200.0
SAB,2024-01-19,52.053251203884436,52.053251203884436,51.2109655856986,51.71633695661011,794800.0
SAB,2024-01-22,51.884794080247275,51.884794080247275,51.2109655856986,51.295194147517186,440100.0
SAB,2024-01-23,51.295194147517186,51.37942270933578,50.78982277660569,50.78982277660569,426300.0
SAB,2024-01-24,50.78982277660569,50.95827990024286,50.62136565296853,50.78982277660569,572300.0
SAB,2024-01-25,50.78982277660569,50.87405133842427,49.52639434932694,49.52639434932694,1453900.0
SAB,2024-01-26,49.69485147296411,49.779080034782694,47.92605167477386,48.262965922048195,2146000.0
SAB,2024-01-29,48.262965922048195,49.69485147296411,48.262965922048195,48.76833729295969,831800.0
SAB,2024-01-30,48.85256585477828,48.85256585477828,48.17873736022961,48.17873736022961,782100.0
SAB,2024-01-31,48.262965922048195,48.76833729295969,47.42068030386236,47.42068030386236,1205600.0
SAB,2024-02-01,47.504908865680946,48.59988016932253,47.504908865680946,48.431423045685364,856000.0
SAB,2024-02-02,48.51565160750395,48.76833729295969,48.01028023659244,48.01028023659244,714200.0
SAB,2024-02-05,48.17873736022961,48.34719448386678,47.92605167477386,48.01028023659244,932600.0
SAB,2024-02-06,48.01028023659244,48.34719448386678,47.841823112955275,48.262965922048195,801200.0
SAB,2024-02-07,48.262965922048195,48.76833729295969,48.09450879841103,48.68410873114111,618300.0
SAB,2024-02-15,48.76833729295969,49.52639434932694,48.76833729295969,49.189480102052606,994400.0
SAB,2024-02-16,49.27370866387119,49.442165787508365,48.68410873114111,48.85256585477828,1128900.0
SAB,2024-02-19,48.85256585477828,48.93679441659686,48.17873736022961,48.76833729295969,1398000.0
SAB,2024-02-20,49.10525154023402,50.20022284387561,48.85256585477828,49.35793722568978,1692700.0
SAB,2024-02-21,49.69485147296411,49.69485147296411,48.76833729295969,48.93679441659686,1261900.0
SAB,2024-02-22,48.93679441659686,49.27370866387119,48.76833729295969,48.85256585477828,838900.0
SAB,2024-02-23,48.85256585477828,49.021022978415445,47.92605167477386,48.01028023659244,1629400.0
SAB,2024-02-26,48.17873736022961,48.34719448386678,47.504908865680946,47.673365989318114,859500.0
SAB,2024-02-27,47.673365989318114,47.673365989318114,46.99953749476944,47.42068030386236,2072100.0
SAB,2024-02-28,47.58913742749953,48.59988016932253,47.58913742749953,48.59988016932253,1140300.0
SAB,2024-02-29,48.85256585477828,49.86330859660128,48.76833729295969,49.27370866387119,2800400.0
SAB,2024-03-01,49.52639434932694,49.610622911145526,48.93679441659686,49.35793722568978,897400.0
SAB,2024-03-04,49.442165787508365,49.69485147296411,49.021022978415445,49.10525154023402,1382100.0
SAB,2024-03-05,49.189480102052606,49.610622911145526,48.76833729295969,49.610622911145526,1053900.0
SAB,2024-03-06,49.86330859660128,52.053251203884436,49.779080034782694,51.63210839479152,4369400.0
SAB,2024-03-07,51.63210839479152,52.474394012977356,50.78982277660569,51.04250846206144,2599100.0
SAB,2024-03-08,51.295194147517186,51.46365127115436,50.115994282057024,50.537137091149944,1946300.0
SAB,2024-03-11,50.537137091149944,50.95827990024286,49.69485147296411,49.947537158419856,2436300.0
SAB,2024-03-12,49.947537158419856,50.537137091149944,49.69485147296411,49.779080034782694,1411100.0
SAB,2024-03-13,49.947537158419856,50.20022284387561,49.35793722568978,50.20022284387561,1574500.0
SAB,2024-03-14,50.45290852933136,50.537137091149944,49.442165787508365,49.442165787508365,1579500.0
SAB,2024-03-15,49.442165787508365,49.52639434932694,48.34719448386678,48.85256585477828,2127000.0
SAB,2024-03-18,48.93679441659686,49.35793722568978,47.252223180225194,47.7575945511367,1953900.0
SAB,2024-03-19,48.262965922048195,48.34719448386678,47.673365989318114,47.92605167477386,788600.0
SAB,2024-03-20,48.01028023659244,48.09450879841103,47.504908865680946,47.92605167477386,860600.0
SAB,2024-03-21,48.34719448386678,48.51565160750395,48.09450879841103,48.17873736022961,828100.0
SAB,2024-03-22,48.431423045685364,48.51565160750395,48.09450879841103,48.262965922048195,818900.0
SAB,2024-03-25,48.262965922048195,48.59988016932253,47.841823112955275,48.01028023659244,1176200.0
SAB,2024-03-26,48.01028023659244,48.17873736022961,47.673365989318114,47.92605167477386,1031200.0
SAB,2024-03-27,48.01028023659244,48.68410873114111,47.92605167477386,48.431423045685364,658000.0
SAB,2024-03-28,48.431423045685364,48.431423045685364,47.92605167477386,48.17873736022961,1246600.0
SAB,2024-03-29,48.34719448386678,48.34719448386678,47.7575945511367,47.7575945511367,678700.0
SAB,2024-04-01,47.7575945511367,48.09450879841103,47.673365989318114,47.841823112955275,751000.0
SAB,2024-04-02,47.92605167477386,47.92605167477386,47.42068030386236,47.504908865680946,1086300.0
SAB,2024-04-03,47.504908865680946,47.7575945511367,47.16799461840661,47.16799461840661,1586400.0
SAB,2024-04-04,47.336451742043785,47.673365989318114,47.336451742043785,47.58913742749953,1051100.0
SAB,2024-04-05,47.58913742749953,47.58913742749953,47.252223180225194,47.252223180225194,1098400.0
SAB,2024-04-08,47.336451742043785,47.336451742043785,46.57839468567653,46.57839468567653,1097800.0
SAB,2024-04-09,46.66262324749511,46.746851809313696,46.2414804384022,46.32570900022078,1128600.0
SAB,2024-04-10,46.57839468567653,46.746851809313696,46.40993756203937,46.57839468567653,622900.0
SAB,2024-04-11,46.40993756203937,46.83108037113228,46.32570900022078,46.66262324749511,604700.0
SAB,2024-04-12,46.746851809313696,47.42068030386236,46.66262324749511,47.16799461840661,1017300.0
SAB,2024-04-15,47.16799461840661,47.16799461840661,45.90456619112786,46.32570900022078,1079800.0
SAB,2024-04-16,46.32570900022078,46.32570900022078,44.641137763849116,46.15725187658361,1164300.0
SAB,2024-04-17,46.15725187658361,46.2414804384022,45.48342338203495,45.48342338203495,475600.0
SAB,2024-04-19,45.2307376965792,45.399194820216366,43.79885214566328,44.2199949547562,1244600.0
SAB,2024-04-22,44.978052011123445,45.2307376965792,44.641137763849116,44.809594887486284,487500.0
SAB,2024-04-23,45.06228057294203,45.14650913476061,44.05153783111903,44.641137763849116,453300.0
SAB,2024-04-24,44.89382344930486,45.31496625839778,44.7253663256677,45.14650913476061,598000.0
SAB,2024-04-25,45.14650913476061,46.746851809313696,45.14650913476061,45.82033762930928,1187400.0
SAB,2024-04-26,45.82033762930928,46.57839468567653,45.567651943853534,45.82033762930928,836100.0
SAB,2024-05-02,45.98879475294645,47.7575945511367,45.90456619112786,47.673365989318114,1660600.0
SAB,2024-05-03,48.01028023659244,48.09450879841103,47.673365989318114,47.7575945511367,915600.0
SAB,2024-05-06,47.7575945511367,48.431423045685364,47.58913742749953,48.01028023659244,964900.0
SAB,2024-05-07,48.01028023659244,48.76833729295969,47.58913742749953,48.59988016932253,1044500.0
SAB,2024-05-08,48.51565160750395,50.537137091149944,48.01028023659244,49.610622911145526,2323700.0
SAB,2024-05-09,49.610622911145526,49.69485147296411,48.431423045685364,48.51565160750395,1170900.0
SAB,2024-05-10,48.59988016932253,48.93679441659686,48.262965922048195,48.51565160750395,864000.0
SAB,2024-05-13,48.51565160750395,48.76833729295969,47.7575945511367,47.92605167477386,856500.0
SAB,2024-05-14,48.01028023659244,48.431423045685364,47.92605167477386,48.09450879841103,559300.0
SAB,2024-05-15,48.17873736022961,48.85256585477828,48.17873736022961,48.51565160750395,1027100.0
SAB,2024-05-16,48.59988016932253,48.93679441659686,48.431423045685364,48.431423045685364,849400.0
SAB,2024-05-17,48.68410873114111,49.610622911145526,48.431423045685364,48.93679441659686,1454500.0
SAB,2024-05-20,48.93679441659686,49.52639434932694,48.68410873114111,48.68410873114111,859900.0
SAB,2024-05-21,48.68410873114111,49.52639434932694,48.431423045685364,48.85256585477828,1191200.0
SAB,2024-05-22,49.10525154023402,49.35793722568978,48.431423045685364,48.431423045685364,1118000.0
SAB,2024-05-23,48.68410873114111,50.28445140569419,48.431423045685364,50.115994282057024,1932100.0
SAB,2024-05-24,50.115994282057024,50.115994282057024,48.68410873114111,48.85256585477828,1513300.0
SAB,2024-05-27,48.85256585477828,49.35793722568978,48.85256585477828,49.27370866387119,674000.0
SAB,2024-05-28,49.442165787508365,51.37942270933578,49.189480102052606,51.37942270933578,2665000.0
SAB,2024-05-29,51.37942270933578,51.63210839479152,50.78982277660569,50.95827990024286,1518300.0
SAB,2024-05-30,50.20022284387561,50.537137091149944,49.10525154023402,49.947537158419856,1747200.0
SAB,2024-05-31,49.947537158419856,49.947537158419856,49.10525154023402,49.10525154023402,1563200.0
SAB,2024-06-03,49.69485147296411,50.62136565296853,49.442165787508365,50.03176572023844,1148600.0
SAB,2024-06-04,50.28445140569419,51.96902264206586,50.115994282057024,51.71633695661011,2409000.0
SAB,2024-06-05,52.221708327521604,55.253936552990595,52.053251203884436,55.253936552990595,2916100.0
SAB,2024-06-06,56.01199360935785,57.69656484572952,54.91702230571627,55.16970799117202,2405900.0
SAB,2024-06-07,55.253936552990595,58.45462190209677,55.253936552990595,57.19119347481802,2597800.0
SAB,2024-06-10,57.780793407548096,57.780793407548096,56.34890785663219,57.02273635118085,2212900.0
SAB,2024-06-11,57.02273635118085,57.44387916027377,56.18045073299502,56.93850778936226,1785200.0
SAB,2024-06-12,56.93850778936226,56.93850778936226,55.927765047539275,56.43313641845077,1891900.0
SAB,2024-06-13,56.68582210390652,56.68582210390652,55.16970799117202,55.253936552990595,1886900.0
SAB,2024-06-14,54.58010805844194,54.83279374389768,52.72707969843311,53.400908192981774,3957700.0
SAB,2024-06-17,53.400908192981774,54.24319381116761,52.72707969843311,53.56936531661894,3076900.0
SAB,2024-06-18,53.7378224402561,53.90627956389327,53.232451069344606,53.56936531661894,844100.0
SAB,2024-06-19,53.56936531661894,53.82205100207469,52.053251203884436,52.221708327521604,1484400.0
SAB,2024-06-20,52.474394012977356,52.89553682207027,51.04250846206144,52.30593688934019,1052800.0
SAB,2024-06-21,52.72707969843311,52.89553682207027,51.80056551842869,51.80056551842869,1430200.0
SAB,2024-06-24,52.30593688934019,52.979765383888854,51.126737023880025,51.80056551842869,1557700.0
SAB,2024-06-25,51.80056551842869,52.053251203884436,49.947537158419856,51.04250846206144,1170200.0
SAB,2024-06-26,51.04250846206144,51.2109655856986,50.368679967512776,50.537137091149944,928100.0
SAB,2024-06-27,50.87405133842427,51.96902264206586,50.45290852933136,51.04250846206144,1096400.0
SAB,2024-06-28,51.37942270933578,51.63210839479152,50.537137091149944,50.537137091149944,1027400.0
SAB,2024-07-01,51.04250846206144,51.295194147517186,50.70559421478711,51.295194147517186,298900.0
SAB,2024-07-02,51.37942270933578,51.547879832972946,51.126737023880025,51.547879832972946,504800.0
SAB,2024-07-03,51.63210839479152,51.80056551842869,51.37942270933578,51.80056551842869,470400.0
SAB,2024-07-04,52.30593688934019,52.30593688934019,51.37942270933578,51.37942270933578,679800.0
SAB,2024-07-05,51.81484154662004,51.90192531392528,50.508585037041385,50.508585037041385,1232800.0
SAB,2024-07-08,50.508585037041385,50.508585037041385,48.50565838902078,49.11524476015748,4506300.0
SAB,2024-07-09,49.202328527462726,50.9440038735676,48.50565838902078,49.89899866590468,1623200.0
SAB,2024-07-10,49.98608243320992,50.16024996782041,49.11524476015748,49.11524476015748,644100.0
SAB,2024-07-11,49.5506635966837,49.5506635966837,48.941077225547,49.028160992852236,3809400.0
SAB,2024-07-12,49.202328527462726,49.202328527462726,48.50565838902078,48.76690969093651,838400.0
SAB,2024-07-15,49.11524476015748,49.11524476015748,48.50565838902078,48.59274215632602,3650920.0
SAB,2024-07-16,48.59274215632602,48.85399345824175,48.418574621715535,48.59274215632602,948900.0
SAB,2024-07-17,48.59274215632602,48.85399345824175,46.7639830429159,47.02523434483163,1228200.0
SAB,2024-07-18,47.19940187944212,48.33149085441029,46.58981550830541,47.286485646747366,4392020.0
SAB,2024-07-19,47.286485646747366,48.1573233197998,47.286485646747366,48.07023955249456,828700.0
SAB,2024-07-22,48.07023955249456,49.202328527462726,47.634820715968345,48.50565838902078,1050500.0
SAB,2024-07-23,48.50565838902078,48.50565838902078,47.634820715968345,47.634820715968345,499700.0
SAB,2024-07-24,47.80898825057883,47.80898825057883,46.938150577526386,47.5477369486631,423300.0
SAB,2024-07-25,47.80898825057883,47.80898825057883,46.7639830429159,47.02523434483163,516200.0
SAB,2024-07-26,47.634820715968345,48.50565838902078,47.460653181357856,47.89607201788407,1452400.0
SAB,2024-07-29,48.33149085441029,48.418574621715535,47.80898825057883,47.80898825057883,507300.0
SAB,2024-07-30,47.634820715968345,48.33149085441029,47.634820715968345,47.72190448327358,754700.0
SAB,2024-07-31,47.72190448327358,48.418574621715535,47.634820715968345,48.244407087105046,1026300.0
SAB,2024-08-01,48.59274215632602,50.07316620051517,47.89607201788407,47.89607201788407,1325700.0
SAB,2024-08-02,47.89607201788407,48.244407087105046,47.460653181357856,47.98315578518932,677000.0
SAB,2024-08-05,47.634820715968345,47.80898825057883,45.28355899872676,45.28355899872676,1649500.0
SAB,2024-08-06,45.980229137168706,47.02523434483163,45.370642766032006,46.415647973694924,838500.0
SAB,2024-08-07,46.938150577526386,46.938150577526386,45.89314536986347,46.06731290447395,724300.0
SAB,2024-08-08,46.154396671779196,46.85106681022114,45.980229137168706,45.980229137168706,992100.0
SAB,2024-08-09,46.50273174100017,47.19940187944212,46.415647973694924,46.67689927561066,471000.0
SAB,2024-08-12,46.85106681022114,47.37356941405261,46.50273174100017,47.02523434483163,582700.0
SAB,2024-08-13,47.460653181357856,47.72190448327358,46.85106681022114,47.286485646747366,732900.0
SAB,2024-08-14,47.37356941405261,49.376496062073215,47.286485646747366,48.50565838902078,1649400.0
SAB,2024-08-15,48.59274215632602,49.202328527462726,48.50565838902078,48.50565838902078,899700.0
SAB,2024-08-16,48.418574621715535,49.202328527462726,48.33149085441029,49.028160992852236,1006500.0
SAB,2024-08-19,49.028160992852236,50.334417502430895,48.85399345824175,50.334417502430895,1218400.0
SAB,2024-08-20,50.334417502430895,50.9440038735676,49.89899866590468,50.508585037041385,1010200.0
SAB,2024-08-21,50.508585037041385,50.508585037041385,49.81191489859944,49.98608243320992,937500.0
SAB,2024-08-22,50.16024996782041,50.334417502430895,49.28941229476797,49.63774736398894,785800.0
SAB,2024-08-23,49.28941229476797,50.07316620051517,49.28941229476797,49.5506635966837,851200.0
SAB,2024-08-26,49.5506635966837,50.24733373512566,49.376496062073215,49.376496062073215,578500.0
SAB,2024-08-27,49.376496062073215,49.98608243320992,49.376496062073215,49.63774736398894,892700.0
SAB,2024-08-28,49.724831131294195,50.59566880434663,49.63774736398894,49.98608243320992,997600.0
SAB,2024-08-29,49.98608243320992,50.682752571651875,49.98608243320992,49.98608243320992,1024600.0
SAB,2024-08-30,50.24733373512566,50.9440038735676,49.98608243320992,50.07316620051517,1404900.0
SAB,2024-09-04,49.81191489859944,50.24733373512566,49.63774736398894,49.81191489859944,898100.0
SAB,2024-09-05,49.89899866590468,50.682752571651875,49.376496062073215,49.63774736398894,824100.0
SAB,2024-09-06,49.63774736398894,49.89899866590468,49.376496062073215,49.376496062073215,654100.0
SAB,2024-09-09,49.376496062073215,49.5506635966837,48.418574621715535,48.941077225547,1129500.0
SAB,2024-09-10,49.28941229476797,49.5506635966837,48.1573233197998,48.1573233197998,1389900.0
SAB,2024-09-11,48.50565838902078,48.50565838902078,47.89607201788407,48.244407087105046,729500.0
SAB,2024-09-12,49.11524476015748,49.202328527462726,48.1573233197998,48.244407087105046,665800.0
SAB,2024-09-13,48.33149085441029,49.028160992852236,48.33149085441029,48.85399345824175,698100.0
SAB,2024-09-16,48.50565838902078,49.11524476015748,48.50565838902078,48.59274215632602,567100.0
SAB,2024-09-17,48.50565838902078,49.202328527462726,48.50565838902078,49.202328527462726,441500.0
SAB,2024-09-18,49.202328527462726,49.28941229476797,48.85399345824175,48.85399345824175,586900.0
SAB,2024-09-19,49.028160992852236,49.376496062073215,48.941077225547,49.202328527462726,378900.0
SAB,2024-09-20,49.46357982937845,49.98608243320992,49.202328527462726,49.98608243320992,1126400.0
SAB,2024-09-23,50.07316620051517,50.334417502430895,49.724831131294195,49.98608243320992,666600.0
SAB,2024-09-24,50.24733373512566,50.334417502430895,49.81191489859944,50.07316620051517,758600.0
SAB,2024-09-25,50.07316620051517,50.24733373512566,49.89899866590468,49.98608243320992,357400.0
SAB,2024-09-26,50.07316620051517,50.9440038735676,50.07316620051517,50.59566880434663,1271100.0
SAB,2024-09-27,50.76983633895711,51.20525517548333,50.42150126973614,50.9440038735676,814200.0
SAB,2024-09-30,51.20525517548333,51.20525517548333,50.24733373512566,50.334417502430895,731500.0
SAB,2024-10-01,50.508585037041385,50.508585037041385,50.16024996782041,50.334417502430895,579300.0
SAB,2024-10-02,50.334417502430895,50.334417502430895,49.46357982937845,49.5506635966837,635600.0
SAB,2024-10-03,49.81191489859944,50.24733373512566,49.46357982937845,49.46357982937845,606400.0
SAB,2024-10-04,49.46357982937845,49.63774736398894,49.28941229476797,49.28941229476797,381200.0
SAB,2024-10-07,49.28941229476797,49.724831131294195,49.202328527462726,49.376496062073215,414800.0
SAB,2024-10-08,49.376496062073215,49.5506635966837,48.85399345824175,49.028160992852236,599800.0
SAB,2024-10-09,49.11524476015748,49.28941229476797,48.67982592363126,49.11524476015748,633900.0
SAB,2024-10-10,49.28941229476797,50.42150126973614,49.202328527462726,50.24733373512566,770400.0
SAB,2024-10-11,50.42150126973614,50.682752571651875,49.98608243320992,50.07316620051517,449300.0
SAB,2024-10-14,50.16024996782041,50.24733373512566,49.724831131294195,49.81191489859944,515400.0
SAB,2024-10-15,49.81191489859944,50.682752571651875,49.724831131294195,49.724831131294195,642600.0
SAB,2024-10-16,49.724831131294195,50.334417502430895,49.724831131294195,50.334417502430895,601800.0
SAB,2024-10-17,50.508585037041385,50.508585037041385,49.5506635966837,49.89899866590468,294700.0
SAB,2024-10-18,50.07316620051517,50.59566880434663,49.89899866590468,49.98608243320992,410300.0
SAB,2024-10-21,49.98608243320992,50.16024996782041,49.202328527462726,49.28941229476797,735600.0
SAB,2024-10-22,49.11524476015748,49.202328527462726,48.67982592363126,48.76690969093651,646300.0
SAB,2024-10-23,48.76690969093651,49.202328527462726,48.418574621715535,48.76690969093651,479000.0
SAB,2024-10-24,48.76690969093651,48.76690969093651,48.50565838902078,48.67982592363126,433400.0
SAB,2024-10-25,48.67982592363126,48.76690969093651,48.07023955249456,48.33149085441029,469500.0
SAB,2024-10-28,48.418574621715535,48.418574621715535,48.1573233197998,48.33149085441029,563900.0
SAB,2024-10-29,48.33149085441029,48.50565838902078,48.07023955249456,48.244407087105046,968400.0
SAB,2024-10-30,48.33149085441029,48.50565838902078,47.98315578518932,48.07023955249456,357300.0
SAB,2024-10-31,48.1573233197998,48.941077225547,48.07023955249456,48.07023955249456,621300.0
SAB,2024-11-01,48.418574621715535,48.85399345824175,48.1573233197998,48.1573233197998,436900.0
SAB,2024-11-04,48.67982592363126,48.85399345824175,48.33149085441029,48.33149085441029,571700.0
SAB,2024-11-05,48.67982592363126,48.85399345824175,48.244407087105046,48.33149085441029,316600.0
SAB,2024-11-06,48.50565838902078,48.76690969093651,48.33149085441029,48.59274215632602,526500.0
SAB,2024-11-07,48.76690969093651,48.85399345824175,48.418574621715535,48.418574621715535,339500.0
SAB,2024-11-08,48.50565838902078,48.67982592363126,48.07023955249456,48.07023955249456,651500.0
SAB,2024-11-11,48.1573233197998,48.59274215632602,48.07023955249456,48.1573233197998,491500.0
SAB,2024-11-12,48.244407087105046,49.98608243320992,48.244407087105046,49.28941229476797,1134200.0
SAB,2024-11-13,49.376496062073215,49.63774736398894,49.028160992852236,49.46357982937845,379300.0
SAB,2024-11-14,49.46357982937845,49.46357982937845,48.76690969093651,48.85399345824175,364700.0
SAB,2024-11-15,48.76690969093651,48.85399345824175,48.33149085441029,48.33149085441029,476200.0
SAB,2024-11-18,49.028160992852236,49.028160992852236,48.1573233197998,48.33149085441029,628600.0
SAB,2024-11-19,48.76690969093651,48.76690969093651,47.89607201788407,47.89607201788407,520500.0
SAB,2024-11-20,47.634820715968345,48.33149085441029,47.634820715968345,48.33149085441029,436600.0
SAB,2024-11-21,48.418574621715535,48.418574621715535,47.98315578518932,48.1573233197998,266200.0
SAB,2024-11-22,48.1573233197998,48.76690969093651,48.1573233197998,48.244407087105046,539000.0
SAB,2024-11-25,48.67982592363126,48.76690969093651,48.33149085441029,48.33149085441029,411600.0
SAB,2024-11-26,48.418574621715535,49.028160992852236,48.418574621715535,48.85399345824175,853100.0
SAB,2024-11-27,48.85399345824175,49.28941229476797,48.85399345824175,48.85399345824175,477400.0
SAB,2024-11-28,49.11524476015748,49.202328527462726,48.33149085441029,48.33149085441029,454800.0
SAB,2024-11-29,48.33149085441029,48.85399345824175,48.07023955249456,48.85399345824175,503600.0
SAB,2024-12-02,48.941077225547,49.5506635966837,48.76690969093651,48.941077225547,385300.0
SAB,2024-12-03,48.941077225547,49.028160992852236,48.59274215632602,48.941077225547,524400.0
SAB,2024-12-04,48.941077225547,50.508585037041385,48.76690969093651,49.98608243320992,1411400.0
SAB,2024-12-05,50.16024996782041,50.508585037041385,49.5506635966837,50.07316620051517,826400.0
SAB,2024-12-06,50.24733373512566,50.9440038735676,49.89899866590468,50.24733373512566,1099700.0
SAB,2024-12-09,50.24733373512566,50.42150126973614,49.81191489859944,50.07316620051517,612400.0
SAB,2024-12-10,50.07316620051517,50.76983633895711,49.98608243320992,50.59566880434663,765300.0
SAB,2024-12-11,50.682752571651875,50.85692010626236,50.16024996782041,50.16024996782041,927200.0
SAB,2024-12-12,50.16024996782041,50.59566880434663,50.07316620051517,50.07316620051517,577300.0
SAB,2024-12-13,50.07316620051517,50.24733373512566,49.81191489859944,49.98608243320992,571700.0
SAB,2024-12-16,49.98608243320992,50.16024996782041,49.81191489859944,49.89899866590468,276600.0
SAB,2024-12-17,50.07316620051517,50.16024996782041,49.63774736398894,49.89899866590468,449400.0
SAB,2024-12-18,49.89899866590468,50.16024996782041,49.89899866590468,49.98608243320992,340100.0
SAB,2024-12-19,49.63774736398894,49.89899866590468,49.11524476015748,49.5506635966837,859800.0
SAB,2024-12-20,49.5506635966837,49.724831131294195,49.11524476015748,49.202328527462726,868600.0
SAB,2024-12-23,49.63774736398894,50.59566880434663,49.376496062073215,49.81191489859944,613200.0
SAB,2024-12-24,49.89899866590468,50.07316620051517,49.63774736398894,49.81191489859944,623800.0
SAB,2024-12-25,50.07316620051517,50.334417502430895,49.81191489859944,49.98608243320992,845200.0
SAB,2024-12-26,49.805627260409054,50.527447945342516,49.805627260409054,50.25676518849247,959500.0
SAB,2024-12-27,50.34699277410915,50.34699277410915,49.71539967479237,50.34699277410915,632700.0
SAB,2024-12-30,50.25676518849247,50.617675530959204,49.805627260409054,50.617675530959204,478700.0
SAB,2024-12-31,50.437220359725835,50.437220359725835,50.076310017259104,50.076310017259104,416000.0
SAB,2025-01-02,50.34699277410915,50.34699277410915,49.71539967479237,50.166537602875785,489100.0
SAB,2025-01-03,50.166537602875785,50.25676518849247,49.625172089175685,49.625172089175685,417400.0
SAB,2025-01-06,49.534944503559004,50.25676518849247,48.36198589054212,48.36198589054212,1071500.0
SAB,2025-01-07,48.45221347615881,48.90335140424222,48.45221347615881,48.45221347615881,453600.0
SAB,2025-01-08,48.45221347615881,48.63266864739217,48.36198589054212,48.45221347615881,626600.0
SAB,2025-01-09,48.45221347615881,48.72289623300885,48.27175830492544,48.36198589054212,461400.0
SAB,2025-01-10,48.36198589054212,48.72289623300885,48.36198589054212,48.36198589054212,605600.0
SAB,2025-01-13,48.18153071930875,49.083806575475585,48.09130313369207,48.81312381862554,512200.0
SAB,2025-01-14,48.72289623300885,49.17403416109227,48.72289623300885,49.17403416109227,459200.0
SAB,2025-01-15,49.625172089175685,49.625172089175685,49.083806575475585,49.625172089175685,354800.0
SAB,2025-01-16,49.444716917942316,49.986082431642416,48.542441061775484,48.72289623300885,729400.0
SAB,2025-01-17,48.63266864739217,49.625172089175685,48.00107554807539,48.18153071930875,660800.0
SAB,2025-01-20,48.36198589054212,48.90335140424222,48.36198589054212,48.81312381862554,357400.0
SAB,2025-01-21,49.083806575475585,49.083806575475585,48.27175830492544,48.36198589054212,336600.0
SAB,2025-01-22,48.63266864739217,48.81312381862554,48.36198589054212,48.45221347615881,358200.0
SAB,2025-01-23,48.72289623300885,48.81312381862554,48.36198589054212,48.72289623300885,258100.0
SAB,2025-01-24,48.45221347615881,48.81312381862554,48.45221347615881,48.542441061775484,438900.0
SAB,2025-02-03,48.36198589054212,48.542441061775484,47.45971003437529,47.54993761999198,621200.0
SAB,2025-02-04,47.64016520560865,47.82062037684202,47.27925486314192,47.54993761999198,735000.0
SAB,2025-02-05,47.64016520560865,47.91084796245871,47.54993761999198,47.91084796245871,518500.0
SAB,2025-02-06,48.00107554807539,48.00107554807539,47.54993761999198,47.54993761999198,684600.0
SAB,2025-02-07,47.54993761999198,47.64016520560865,47.18902727752524,47.27925486314192,929200.0
SAB,2025-02-10,47.09879969190856,47.27925486314192,46.91834452067519,47.09879969190856,802100.0
SAB,2025-02-11,47.00857210629188,47.09879969190856,46.46720659259178,46.55743417820846,770000.0
SAB,2025-02-12,46.64766176382515,46.91834452067519,46.64766176382515,46.82811693505851,247500.0
SAB,2025-02-13,46.82811693505851,46.91834452067519,46.64766176382515,46.64766176382515,297800.0
SAB,2025-02-14,47.27925486314192,47.27925486314192,46.46720659259178,46.55743417820846,825700.0
SAB,2025-02-17,46.46720659259178,46.55743417820846,46.01606866450837,46.10629625012505,1138900.0
SAB,2025-02-18,46.10629625012505,46.46720659259178,46.01606866450837,46.19652383574173,646700.0
SAB,2025-02-19,46.19652383574173,46.3769790069751,46.10629625012505,46.28675142135841,894100.0
SAB,2025-02-20,46.46720659259178,46.55743417820846,46.28675142135841,46.3769790069751,737300.0
SAB,2025-02-21,46.55743417820846,47.09879969190856,46.3769790069751,46.73788934944183,774900.0
SAB,2025-02-24,46.73788934944183,47.27925486314192,46.73788934944183,47.27925486314192,870800.0
SAB,2025-02-25,48.27175830492544,48.27175830492544,47.00857210629188,47.27925486314192,507400.0
SAB,2025-02-26,47.36948244875861,47.36948244875861,46.91834452067519,47.09879969190856,844700.0
SAB,2025-02-27,47.09879969190856,47.18902727752524,46.73788934944183,47.09879969190856,480200.0
SAB,2025-02-28,46.91834452067519,47.18902727752524,46.46720659259178,46.46720659259178,1085900.0
SAB,2025-03-03,46.91834452067519,46.91834452067519,46.46720659259178,46.64766176382515,603400.0
SAB,2025-03-04,46.64766176382515,47.00857210629188,46.46720659259178,46.91834452067519,736100.0
SAB,2025-03-05,46.91834452067519,47.00857210629188,46.55743417820846,46.73788934944183,480300.0
SAB,2025-03-06,46.73788934944183,46.82811693505851,46.28675142135841,46.3769790069751,1466600.0
SAB,2025-03-07,46.82811693505851,46.91834452067519,46.10629625012505,46.19652383574173,1447200.0
SAB,2025-03-10,46.46720659259178,46.64766176382515,46.01606866450837,46.3769790069751,1371300.0
SAB,2025-03-11,46.28675142135841,46.3769790069751,45.92584107889168,46.19652383574173,1594800.0
SAB,2025-03-12,46.01606866450837,46.46720659259178,46.01606866450837,46.10629625012505,1733300.0
SAB,2025-03-13,46.10629625012505,46.46720659259178,46.01606866450837,46.10629625012505,1148100.0
SAB,2025-03-14,46.28675142135841,47.27925486314192,46.19652383574173,46.55743417820846,1544600.0
SAB,2025-03-17,46.91834452067519,47.00857210629188,46.3769790069751,46.55743417820846,761900.0
SAB,2025-03-18,46.55743417820846,46.82811693505851,46.10629625012505,46.10629625012505,1776800.0
SAB,2025-03-19,46.28675142135841,46.28675142135841,45.835613493275,45.835613493275,2211100.0
SAB,2025-03-20,45.92584107889168,46.10629625012505,45.56493073642495,45.655158322041636,1541600.0
SAB,2025-03-21,45.835613493275,45.835613493275,45.38447556519158,45.38447556519158,1227900.0
SAB,2025-03-24,45.38447556519158,45.47470315080827,45.02356522272485,45.02356522272485,1706500.0
SAB,2025-03-25,45.20402039395822,45.294247979574905,44.707768673066454,44.707768673066454,1626600.0
SAB,2025-03-26,44.707768673066454,45.20402039395822,44.572427294641436,44.707768673066454,1419300.0
SAB,2025-03-27,44.707768673066454,44.843110051491486,44.61754108744978,44.707768673066454,1011300.0
SAB,2025-03-28,44.752882465874805,44.843110051491486,44.391972123408074,44.48219970902475,1296000.0
SAB,2025-03-31,44.43708591621641,44.572427294641436,44.12128936655802,44.12128936655802,1148000.0
SAB,2025-04-01,44.25663074498304,44.752882465874805,44.07617557374968,44.52731350183309,1112800.0
SAB,2025-04-02,44.572427294641436,44.61754108744978,44.301744537791386,44.48219970902475,653100.0
SAB,2025-04-03,43.57992385285792,43.57992385285792,41.369348005249186,41.369348005249186,3313200.0
SAB,2025-04-04,38.482065265515324,40.467072149082355,38.482065265515324,39.11365836483211,3848700.0
SAB,2025-04-08,39.11365836483211,40.196389392232305,38.25649630147362,38.43695147270699,3689800.0
SAB,2025-04-09,37.444448030923475,40.24150318504065,37.444448030923475,39.79036525695723,3452100.0
SAB,2025-04-10,42.54230661826607,42.54230661826607,42.497192825457724,42.54230661826607,598500.0
SAB,2025-04-11,43.309241096007874,44.752882465874805,42.54230661826607,44.211516952174705,4010000.0
SAB,2025-04-14,44.66265488025812,44.88822384429982,43.80549281689962,44.66265488025812,2653300.0
SAB,2025-04-15,44.25663074498304,44.301744537791386,43.128785924774505,43.940834195324655,2331300.0
SAB,2025-04-16,43.48969626724124,43.760379024091286,42.72276178949943,42.94833075354114,1523400.0
SAB,2025-04-17,42.677647996691086,42.858103167924455,42.361851447032706,42.40696523984104,1363100.0
SAB,2025-04-18,42.767875582307774,43.309241096007874,42.58742041107441,42.72276178949943,1025000.0
SAB,2025-04-21,42.677647996691086,42.94833075354114,42.497192825457724,42.497192825457724,472500.0
SAB,2025-04-22,42.40696523984104,42.858103167924455,40.60241352750738,42.04605489737431,1384500.0
SAB,2025-04-23,43.128785924774505,43.850606609707974,42.767875582307774,43.850606609707974,1164100.0
SAB,2025-04-24,44.211516952174705,44.52731350183309,44.031061780941336,44.391972123408074,1823900.0
SAB,2025-04-25,44.391972123408074,44.66265488025812,44.12128936655802,44.66265488025812,2004100.0
SAB,2025-04-28,44.61754108744978,46.28675142135841,44.43708591621641,46.19652383574173,2093300.0
SAB,2025-04-29,45.835613493275,45.835613493275,43.399468681624555,43.399468681624555,4602000.0
SAB,2025-05-05,43.219013510391186,43.44458247443289,42.54230661826607,43.219013510391186,1357000.0
SAB,2025-05-06,43.71526523128295,43.71526523128295,43.08367213196616,43.17389971758285,862500.0
SAB,2025-05-07,43.35435488881621,43.670151438474605,43.309241096007874,43.35435488881621,874300.0
SAB,2025-05-08,43.399468681624555,43.98594798813299,43.399468681624555,43.80549281689962,931200.0
SAB,2025-05-09,44.843110051491486,44.843110051491486,44.07617557374968,44.211516952174705,1046400.0
SAB,2025-05-12,44.391972123408074,44.66265488025812,44.211516952174705,44.61754108744978,1298700.0
SAB,2025-05-13,44.752882465874805,44.752882465874805,44.391972123408074,44.43708591621641,1112900.0
SAB,2025-05-14,44.301744537791386,44.79799625868314,44.301744537791386,44.66265488025812,1201000.0
SAB,2025-05-15,44.66265488025812,45.655158322041636,44.66265488025812,45.38447556519158,1386400.0
SAB,2025-05-16,45.38447556519158,45.74538590765832,45.294247979574905,45.56493073642495,772800.0
SAB,2025-05-19,45.294247979574905,45.294247979574905,44.752882465874805,44.843110051491486,860400.0
SAB,2025-05-20,44.66265488025812,45.02356522272485,44.61754108744978,44.93333763710817,656600.0
SAB,2025-05-21,44.93333763710817,45.06867901553319,44.66265488025812,44.752882465874805,683400.0
SAB,2025-05-22,44.752882465874805,44.843110051491486,44.572427294641436,44.79799625868314,866900.0
SAB,2025-05-23,44.79799625868314,44.843110051491486,44.48219970902475,44.61754108744978,503500.0
SAB,2025-05-26,45.02356522272485,45.02356522272485,43.940834195324655,44.61754108744978,788800.0
SAB,2025-05-27,44.88822384429982,44.88822384429982,44.572427294641436,44.61754108744978,697800.0
SAB,2025-05-28,44.752882465874805,44.843110051491486,44.43708591621641,44.61754108744978,670900.0
SAB,2025-05-29,44.66265488025812,44.93333763710817,44.43708591621641,44.43708591621641,880000.0
SAB,2025-05-30,44.43708591621641,44.48219970902475,43.940834195324655,43.98594798813299,1845100.0
SAB,2025-06-02,43.98594798813299,44.52731350183309,43.80549281689962,44.34685833059972,676400.0
SAB,2025-06-03,44.391972123408074,44.707768673066454,44.391972123408074,44.66265488025812,761000.0
SAB,2025-06-04,44.752882465874805,45.74538590765832,44.707768673066454,45.20402039395822,1590800.0
SAB,2025-06-05,45.113792808341536,45.294247979574905,44.66265488025812,44.66265488025812,1665000.0
SAB,2025-06-06,44.66265488025812,44.88822384429982,44.25663074498304,44.25663074498304,901000.0
SAB,2025-06-09,44.25663074498304,44.572427294641436,44.07617557374968,44.07617557374968,996500.0
SAB,2025-06-10,44.43708591621641,44.43708591621641,44.031061780941336,44.07617557374968,991500.0
SAB,2025-06-11,44.12128936655802,44.301744537791386,44.07617557374968,44.211516952174705,420400.0
SAB,2025-06-12,44.301744537791386,44.752882465874805,44.301744537791386,44.61754108744978,778300.0
SAB,2025-06-13,44.572427294641436,44.572427294641436,44.12128936655802,44.301744537791386,1034900.0
SAB,2025-06-16,44.211516952174705,44.843110051491486,44.211516952174705,44.707768673066454,1123600.0
SAB,2025-06-17,44.752882465874805,45.835613493275,44.707768673066454,45.06867901553319,1578900.0
SAB,2025-06-18,45.06867901553319,45.20402039395822,44.66265488025812,44.66265488025812,1444100.0
SAB,2025-06-19,44.843110051491486,44.97845142991651,44.391972123408074,44.61754108744978,1097900.0
SAB,2025-06-20,44.66265488025812,44.752882465874805,44.48219970902475,44.66265488025812,1058600.0
SAB,2025-06-23,44.391972123408074,44.61754108744978,44.301744537791386,44.43708591621641,1207000.0
SAB,2025-06-24,44.66265488025812,44.79799625868314,44.52731350183309,44.79799625868314,857200.0
SAB,2025-06-25,44.52731350183309,45.56493073642495,44.52731350183309,45.38447556519158,1835000.0
SAB,2025-06-26,45.74538590765832,45.835613493275,45.38447556519158,45.56493073642495,1366600.0
SAB,2025-06-27,45.655158322041636,45.92584107889168,45.38447556519158,45.655158322041636,3074500.0
SAB,2025-06-30,45.65515832272736,45.79902961996284,44.98375893562842,45.07967313378541,2030100.0
SAB,2025-07-01,45.07967313378541,45.07967313378541,44.60010214300046,44.64805924207896,977400.0
SAB,2025-07-02,44.60010214300046,44.60010214300046,44.2164453503725,44.50418794484347,1956500.0
SAB,2025-07-03,44.50418794484347,44.69601634115745,44.36031664760799,44.36031664760799,1608400.0
SAB,2025-07-04,44.69601634115745,44.69601634115745,44.408273746686476,44.50418794484347,955400.0
SAB,2025-07-07,44.60010214300046,44.74397344023595,44.408273746686476,44.50418794484347,1393400.0
SAB,2025-07-08,44.55214504392197,44.93580183654993,44.55214504392197,44.93580183654993,1746400.0
SAB,2025-07-09,45.07967313378541,45.79902961996284,44.98375893562842,45.70311542180585,3806900.0
SAB,2025-07-10,45.75107252088435,46.374514808904785,45.75107252088435,46.13472931351231,2257900.0
SAB,2025-07-11,46.13472931351231,46.278600610747795,45.55924412457036,46.1826864125908,2517000.0
SAB,2025-07-14,46.1826864125908,46.374514808904785,45.70311542180585,46.03881511535531,1379000.0
SAB,2025-07-15,46.03881511535531,46.90204289876823,45.990858016276825,46.08677221443381,2224700.0
SAB,2025-07-16,46.08677221443381,46.1826864125908,45.70311542180585,46.03881511535531,1090900.0
SAB,2025-07-17,46.08677221443381,46.71021450245425,45.894943818119835,46.42247190798327,2115400.0
SAB,2025-07-18,46.56634320521876,46.56634320521876,46.03881511535531,46.2306435116693,1445400.0
SAB,2025-07-21,46.08677221443381,46.374514808904785,45.75107252088435,45.75107252088435,3417300.0
SAB,2025-07-22,45.79902961996284,45.94290091719832,45.55924412457036,45.84698671904133,904900.0
SAB,2025-07-23,45.894943818119835,46.90204289876823,45.55924412457036,46.61430030429726,2870200.0
SAB,2025-07-24,46.949999997846724,47.95709907849512,46.71021450245425,46.99795709692522,2352700.0
SAB,2025-07-25,46.99795709692522,47.09387129508221,46.854085799689734,47.09387129508221,1408000.0
SAB,2025-07-28,47.333656790474684,47.47752808771017,46.90204289876823,47.28569969139619,2775300.0
SAB,2025-07-29,47.28569969139619,47.47752808771017,45.41537282733488,45.41537282733488,2711000.0
SAB,2025-07-30,45.46332992641337,45.84698671904133,45.41537282733488,45.65515832272736,2127500.0
SAB,2025-07-31,45.75107252088435,46.42247190798327,45.55924412457036,45.70311542180585,1987100.0
SAB,2025-08-01,45.75107252088435,46.08677221443381,45.75107252088435,45.990858016276825,1138600.0
SAB,2025-08-04,46.03881511535531,46.13472931351231,45.70311542180585,46.13472931351231,877800.0
SAB,2025-08-05,46.13472931351231,46.2306435116693,45.46332992641337,45.55924412457036,2208200.0
SAB,2025-08-06,45.65515832272736,46.1826864125908,45.41537282733488,45.84698671904133,1752360.0
SAB,2025-08-07,46.03881511535531,46.03881511535531,45.60720122364886,45.75107252088435,1567100.0
SAB,2025-08-08,45.75107252088435,46.1826864125908,45.65515832272736,45.894943818119835,1003800.0
SAB,2025-08-11,46.03881511535531,46.56634320521876,46.03881511535531,46.2306435116693,1574500.0
SAB,2025-08-12,46.42247190798327,46.56634320521876,46.2306435116693,46.32655770982628,1331100.0
SAB,2025-08-13,46.470429007061774,46.470429007061774,45.894943818119835,45.990858016276825,1233700.0
SAB,2025-08-14,46.13472931351231,46.13472931351231,45.79902961996284,45.94290091719832,1216800.0
SAB,2025-08-15,45.990858016276825,45.990858016276825,45.46332992641337,45.55924412457036,1660000.0
SAB,2025-08-18,45.60720122364886,45.79902961996284,45.2235444310209,45.2235444310209,1035200.0
SAB,2025-08-19,45.31945862917789,45.41537282733488,45.12763023286391,45.2235444310209,1112500.0
SAB,2025-08-20,45.2235444310209,45.2235444310209,44.64805924207896,44.83988763839294,1326700.0
SAB,2025-08-21,44.64805924207896,44.98375893562842,44.408273746686476,44.69601634115745,1496200.0
SAB,2025-08-22,44.60010214300046,44.69601634115745,43.83278855774454,43.928702755901526,1961600.0
SAB,2025-08-25,43.928702755901526,44.12053115221551,43.64096016143056,43.73687435958755,1056900.0
SAB,2025-08-26,43.73687435958755,44.02461695405852,43.59300306235207,44.02461695405852,810900.0
SAB,2025-08-27,44.2164453503725,44.408273746686476,43.97665985498003,44.12053115221551,1275900.0
SAB,2025-08-28,44.12053115221551,44.74397344023595,44.12053115221551,44.64805924207896,639500.0
SAB,2025-08-29,44.88784473747143,44.98375893562842,44.64805924207896,44.64805924207896,874100.0
SAB,2025-09-03,44.69601634115745,44.69601634115745,44.36031664760799,44.45623084576498,652900.0
SAB,2025-09-04,44.60010214300046,45.2715015300994,44.45623084576498,45.1755873319424,1099000.0
SAB,2025-09-05,45.31945862917789,45.55924412457036,45.1755873319424,45.36741572825638,1336400.0
SAB,2025-09-08,45.55924412457036,45.60720122364886,44.83988763839294,44.88784473747143,955100.0
SAB,2025-09-09,44.83988763839294,44.88784473747143,44.31235954852949,44.408273746686476,952200.0
SAB,2025-09-10,44.60010214300046,44.69601634115745,44.264402449451,44.36031664760799,592700.0
SAB,2025-09-11,44.50418794484347,44.60010214300046,43.83278855774454,44.50418794484347,799600.0
SAB,2025-09-12,44.408273746686476,45.46332992641337,44.408273746686476,44.74397344023595,1217800.0
SAB,2025-09-15,45.03171603470692,45.07967313378541,44.74397344023595,44.79193053931444,507500.0
SAB,2025-09-16,45.03171603470692,46.1826864125908,44.69601634115745,45.84698671904133,2924100.0
SAB,2025-09-17,45.84698671904133,46.1826864125908,45.36741572825638,45.36741572825638,983000.0
SAB,2025-09-18,45.511287025491875,45.60720122364886,44.79193053931444,44.88784473747143,1190400.0
SAB,2025-09-19,45.03171603470692,45.03171603470692,44.12053115221551,44.12053115221551,1385500.0
SAB,2025-09-22,44.2164453503725,44.55214504392197,43.64096016143056,43.83278855774454,1534200.0
SAB,2025-09-23,43.928702755901526,44.2164453503725,43.78483145866604,43.928702755901526,447500.0
SAB,2025-09-24,44.02461695405852,44.2164453503725,43.64096016143056,44.2164453503725,683600.0
SAB,2025-09-25,44.264402449451,44.36031664760799,43.88074565682304,43.97665985498003,468600.0
SAB,2025-09-26,44.168488251294,44.168488251294,43.78483145866604,43.78483145866604,660800.0
SAB,2025-09-29,43.83278855774454,43.83278855774454,43.49708886419508,43.64096016143056,571100.0
SAB,2025-09-30,43.64096016143056,43.73687435958755,43.30526046788109,43.35321756695959,657000.0
SAB,2025-10-01,43.449131765116576,43.68891726050905,43.35321756695959,43.449131765116576,400100.0
SAB,2025-10-02,43.545045963273566,43.88074565682304,43.545045963273566,43.545045963273566,840400.0
SAB,2025-10-03,43.59300306235207,43.928702755901526,43.545045963273566,43.68891726050905,501600.0
SAB,2025-10-06,44.168488251294,44.31235954852949,43.83278855774454,44.264402449451,998200.0
SAB,2025-10-07,44.55214504392197,44.55214504392197,44.02461695405852,44.12053115221551,766800.0
SAB,2025-10-08,44.408273746686476,44.50418794484347,44.07257405313702,44.07257405313702,621900.0
SAB,2025-10-09,44.12053115221551,44.168488251294,43.68891726050905,43.73687435958755,633300.0
SAB,2025-10-10,43.73687435958755,44.07257405313702,43.68891726050905,43.97665985498003,585500.0
SAB,2025-10-13,43.64096016143056,44.07257405313702,43.49708886419508,44.07257405313702,597600.0
SAB,2025-10-14,43.928702755901526,44.07257405313702,43.545045963273566,43.545045963273566,683100.0
SAB,2025-10-15,43.59300306235207,43.83278855774454,43.40117466603808,43.40117466603808,867100.0
SAB,2025-10-16,43.449131765116576,43.73687435958755,43.2573033688026,43.35321756695959,571500.0
SAB,2025-10-17,43.35321756695959,43.64096016143056,43.065474972488616,43.40117466603808,901800.0
SAB,2025-10-20,43.2093462697241,43.40117466603808,42.202247189075706,42.202247189075706,1065100.0
SAB,2025-10-21,42.34611848631119,42.681818179860656,42.202247189075706,42.63386108078217,882800.0
SAB,2025-10-22,42.63386108078217,42.969560774331626,42.44203268446818,42.969560774331626,494300.0
SAB,2025-10-23,42.969560774331626,43.78483145866604,42.72977527893915,43.59300306235207,806200.0
SAB,2025-10-24,43.64096016143056,43.64096016143056,43.161389170645606,43.30526046788109,458200.0
SAB,2025-10-27,43.64096016143056,43.88074565682304,43.35321756695959,43.59300306235207,767600.0
SAB,2025-10-28,43.59300306235207,43.78483145866604,43.49708886419508,43.59300306235207,449600.0
SAB,2025-10-29,43.928702755901526,44.12053115221551,43.59300306235207,43.88074565682304,898700.0
SAB,2025-10-30,44.02461695405852,44.02461695405852,43.545045963273566,43.83278855774454,667700.0
SAB,2025-10-31,43.97665985498003,44.02461695405852,43.73687435958755,43.97665985498003,711000.0
SAB,2025-11-03,43.928702755901526,44.74397344023595,43.88074565682304,44.408273746686476,902900.0
SAB,2025-11-04,44.55214504392197,44.55214504392197,43.64096016143056,44.36031664760799,987500.0
SAB,2025-11-05,44.408273746686476,44.45623084576498,44.07257405313702,44.31235954852949,610500.0
SAB,2025-11-06,44.12053115221551,44.408273746686476,44.02461695405852,44.264402449451,679600.0
SAB,2025-11-07,44.02461695405852,44.50418794484347,44.02461695405852,44.2164453503725,604000.0
SAB,2025-11-10,44.31235954852949,44.45623084576498,44.12053115221551,44.12053115221551,651600.0
SAB,2025-11-11,44.07257405313702,45.31945862917789,44.02461695405852,44.88784473747143,1315900.0
SAB,2025-11-12,44.88784473747143,45.1755873319424,44.69601634115745,45.03171603470692,889600.0
SAB,2025-11-13,45.1755873319424,45.60720122364886,44.93580183654993,45.46332992641337,1166200.0
SAB,2025-11-14,45.46332992641337,45.60720122364886,45.12763023286391,45.1755873319424,978800.0
SAB,2025-11-17,45.1755873319424,45.65515832272736,45.1755873319424,45.31945862917789,1076700.0
SAB,2025-11-18,45.36741572825638,45.55924412457036,44.88784473747143,45.2715015300994,759200.0
SAB,2025-11-19,45.2715015300994,45.2715015300994,44.98375893562842,45.07967313378541,709000.0
SAB,2025-11-20,45.46332992641337,45.55924412457036,45.03171603470692,45.12763023286391,912700.0
SAB,2025-11-21,45.03171603470692,45.03171603470692,44.60010214300046,44.79193053931444,586300.0
SAB,2025-11-24,44.79193053931444,45.07967313378541,44.264402449451,44.264402449451,999800.0
SAB,2025-11-25,44.31235954852949,44.88784473747143,44.2164453503725,44.408273746686476,479300.0
SAB,2025-11-26,44.50418794484347,44.88784473747143,44.50418794484347,44.60010214300046,510600.0
SAB,2025-11-27,44.83988763839294,44.83988763839294,44.45623084576498,44.50418794484347,345100.0
SAB,2025-11-28,44.50418794484347,44.74397344023595,44.408273746686476,44.50418794484347,517200.0
SAB,2025-12-01,44.64805924207896,47.57344228586716,44.64805924207896,46.99795709692522,4148800.0
SAB,2025-12-02,46.99795709692522,50.259039834262886,46.854085799689734,50.259039834262886,5832800.0
SAB,2025-12-03,51.79366700477473,52.17732379740269,49.779468843477936,49.779468843477936,3275900.0
SAB,2025-12-04,49.395812050849976,50.067211437948906,48.43667006928007,48.82032686190803,2941000.0
SAB,2025-12-05,48.82032686190803,49.20398365453599,47.76527068218114,47.76527068218114,2586700.0
SAB,2025-12-08,47.76527068218114,51.02635341951881,47.66935648402415,51.02635341951881,5534000.0
SAB,2025-12-09,52.27323799555968,53.0405515808156,51.122267617675796,51.122267617675796,4372800.0
SAB,2025-12-10,51.122267617675796,51.218181815832786,49.299897852692986,49.395812050849976,2569700.0
SAB,2025-12-11,49.587640447163956,50.834525023204826,49.395812050849976,50.163125636105896,1687600.0
SAB,2025-12-12,49.875383041634926,50.450868230576866,47.90914197941663,47.95709907849512,2634000.0
SAB,2025-12-15,48.24484167296609,49.395812050849976,47.95709907849512,48.43667006928007,1637200.0
SAB,2025-12-16,48.916241060065026,49.875383041634926,46.13472931351231,49.587640447163956,2083100.0
SAB,2025-12-17,49.68355464532094,49.68355464532094,48.05301327665211,48.05301327665211,1608300.0
SAB,2025-12-18,48.532584267437066,48.628498465594056,47.76527068218114,48.148927474809106,1042600.0
SAB,2025-12-19,48.148927474809106,48.148927474809106,47.57344228586716,47.66935648402415,1191800.0
SAB,2025-12-22,47.66935648402415,48.24484167296609,47.429570988631674,47.57344228586716,995900.0
SAB,2025-12-23,47.66935648402415,47.86118488033813,46.90204289876823,47.47752808771017,1839100.0
SAB,2025-12-24,47.47752808771017,47.57344228586716,46.80612870061123,46.80612870061123,1037100.0
SAB,2025-12-25,46.80612870061123,47.47752808771017,46.2306435116693,46.2306435116693,1325900.0
SAB,2025-12-26,46.13472931351231,47.1897854932392,46.13472931351231,46.758171601532744,1433800.0
SAB,2025-12-29,46.80612870061123,47.237742592317694,46.61430030429726,46.80612870061123,882900.0
SAB,2025-12-30,46.90204289876823,47.86118488033813,46.42247190798327,47.57344228586716,1279000.0
SAB,2025-12-31,47.57344228586716,47.57344228586716,46.99795709692522,46.99795709692522,838700.0
SAB,2026-01-05,47.141828394160704,47.1897854932392,46.08677221443381,46.13472931351231,1623700.0
SAB,2026-01-06,46.2306435116693,46.2306435116693,45.2235444310209,45.60720122364886,1942000.0
SAB,2026-01-07,45.65515832272736,46.854085799689734,45.65515832272736,46.51838610614027,2000300.0
SAB,2026-01-08,46.51838610614027,47.38161388955318,46.32655770982628,46.32655770982628,1599300.0
SAB,2026-01-09,46.90204289876823,47.86118488033813,46.61430030429726,46.949999997846724,2561500.0
SAB,2026-01-12,47.2,47.45,46.15,47.0,1678300.0
SAB,2026-01-13,47.05,50.2,47.05,50.2,3322400.0
SAB,2026-01-14,51.3,53.7,51.3,53.7,4550700.0
SAB,2026-01-15,55.0,57.1,52.7,52.7,6078400.0
SAB,2026-01-16,52.7,53.8,51.8,52.5,2852800.0
SAB,2026-01-19,52.5,52.7,50.2,51.1,2768200.0
SAB,2026-01-20,52.0,54.3,51.5,52.3,3633500.0
SAB,2026-01-21,52.0,52.0,50.2,50.6,2222400.0
SAB,2026-01-22,51.0,52.0,50.5,50.6,1396700.0
SAB,2026-01-23,50.7,51.3,48.9,49.3,2328200.0
SAB,2026-01-26,49.3,50.0,48.3,48.5,1694200.0
SAB,2026-01-27,48.95,49.55,48.25,49.55,1290400.0
SAB,2026-01-28,49.9,50.3,48.75,48.95,1151800.0
SAB,2026-01-29,49.1,50.6,49.0,50.3,1623900.0
SAB,2026-01-30,51.0,51.4,49.9,49.9,1724800.0
SAB,2026-02-02,49.9,50.9,49.2,49.9,1193500.0
SAB,2026-02-03,50.9,52.4,50.3,52.1,2564900.0
SAB,2026-02-04,52.4,53.3,51.6,51.7,1558600.0
SAB,2026-02-05,52.2,52.2,50.0,50.1,1682000.0
SAB,2026-02-06,49.5,49.8,48.7,48.75,1886100.0
SAB,2026-02-09,48.9,49.45,48.9,49.45,519800.0
SAB,2026-02-10,49.45,49.65,47.75,48.35,1278300.0
SAB,2026-02-11,48.4,48.8,48.05,48.7,675500.0
SAB,2026-02-12,48.7,49.2,48.5,48.8,508400.0
SAB,2026-02-13,49.0,49.0,48.4,48.5,758900.0
SAB,2026-02-23,48.6,49.15,48.6,48.85,747400.0
SAB,2026-02-24,48.85,49.25,48.65,48.8,812400.0
SAB,2026-02-25,48.8,49.9,48.8,49.2,1341700.0
SAB,2026-02-26,49.5,49.55,48.8,49.1,1107900.0
SAB,2026-02-27,49.1,49.2,48.35,48.4,1197000.0
SAB,2026-03-02,47.05,47.85,47.0,47.2,1618800.0
SAB,2026-03-03,47.0,47.45,45.3,46.0,2424900.0
SAB,2026-03-04,46.05,46.5,45.2,46.0,1327100.0
SAB,2026-03-05,46.15,46.45,45.65,45.65,768200.0
SAB,2026-03-06,45.65,46.2,45.55,45.6,804600.0
SAB,2026-03-09,43.75,44.0,42.45,42.45,3538000.0
SAB,2026-03-10,43.6,44.75,43.1,44.75,1473200.0
SAB,2026-03-11,44.6,45.0,44.05,44.8,966300.0
SAB,2026-03-12,44.65,44.65,43.7,43.75,824200.0
SAB,2026-03-13,43.75,44.65,43.65,44.4,599500.0
SAB,2026-03-16,44.2,44.65,44.1,44.5,465900.0
SAB,2026-03-17,44.5,45.2,44.35,44.35,700800.0
SAB,2026-03-18,44.5,44.85,43.9,44.45,577100.0
SAB,2026-03-19,44.35,44.45,43.6,44.35,840600.0
SAB,2026-03-20,44.35,44.35,42.6,42.6,1019800.0
SAB,2026-03-23,42.5,43.2,42.2,42.9,789200.0
SAB,2026-03-24,43.45,45.1,43.25,45.1,779500.0
SAB,2026-03-25,44.8,45.15,44.4,44.75,817400.0
SAB,2026-03-26,44.65,44.65,43.6,43.75,472100.0
SAB,2026-03-27,44.0,44.35,43.75,44.15,346700.0
SAB,2026-03-30,43.9,44.55,42.05,44.15,668100.0
SAB,2026-03-31,44.25,44.65,44.15,44.3,413500.0
SAB,2026-04-01,44.75,44.8,44.35,44.5,469200.0
SAB,2026-04-02,44.7,44.7,44.1,44.2,401600.0
SAB,2026-04-03,44.6,44.75,44.1,44.1,543600.0
SAB,2026-04-06,44.2,44.75,44.05,44.4,640800.0
SAB,2026-04-07,44.45,44.6,43.9,44.05,408500.0
SAB,2026-04-08,44.95,45.55,44.5,45.4,901300.0
SAB,2026-04-09,45.0,45.45,44.85,45.1,510700.0
SAB,2026-04-10,45.15,45.95,45.15,45.8,627600.0
SAB,2026-04-13,45.5,46.0,45.25,45.45,427500.0
SAB,2026-04-14,45.75,45.95,45.05,45.15,554900.0
SAB,2026-04-15,45.65,46.35,45.15,46.15,805700.0
SAB,2026-04-16,46.2,46.2,45.3,45.75,349400.0
SAB,2026-04-17,46.0,46.45,45.3,45.5,676000.0
SAB,2026-04-20,45.5,45.9,45.35,45.5,249100.0
SAB,2026-04-21,45.7,45.7,45.15,45.15,486700.0
SAB,2026-04-22,45.2,45.3,44.8,45.05,621600.0
SAB,2026-04-23,45.05,48.2,44.85,48.2,3372800.0
SAB,2026-04-24,48.1,48.1,46.65,47.0,825900.0
SAB,2026-04-28,47.25,49.4,47.1,48.5,1524700.0
SAB,2026-04-29,48.0,48.5,47.5,47.5,590700.0
SAB,2026-05-04,47.5,47.8,46.55,47.35,884900.0
SAB,2026-05-05,47.25,47.3,46.15,47.05,1090900.0
SAB,2026-05-06,47.0,47.8,46.55,47.8,654100.0
SAB,2026-05-07,47.8,47.8,46.5,46.65,1146500.0
SAB,2026-05-08,46.4,46.65,46.2,46.25,886100.0
SAB,2026-05-11,46.25,47.8,45.8,47.6,1480800.0
SAB,2026-05-12,47.7,47.75,46.55,47.0,656300.0
SAB,2026-05-13,47.0,47.0,46.15,46.55,586800.0
SAB,2026-05-14,46.65,47.5,46.65,47.0,511700.0
