Symbol,Date,Open,High,Low,Close,Volume
SHB,2021-05-17,12.362241213117022,13.486081323400388,12.232567354238173,12.837712029006138,95152600.0
SHB,2021-05-18,12.708038170127287,12.837712029006138,12.146118114985606,12.664813550501005,24379829.0
SHB,2021-05-19,12.62158893087472,12.751262789753572,12.362241213117022,12.708038170127287,26121602.0
SHB,2021-05-20,12.62158893087472,12.751262789753572,12.535139691622154,12.535139691622154,14642503.0
SHB,2021-05-21,12.535139691622154,12.924161268258704,12.405465832743305,12.57836431124844,27621400.0
SHB,2021-05-24,12.751262789753572,12.751262789753572,12.275791973864454,12.62158893087472,18249300.0
SHB,2021-05-25,12.62158893087472,12.708038170127287,12.405465832743305,12.708038170127287,21442526.0
SHB,2021-05-26,12.664813550501005,13.140284366390121,12.62158893087472,12.967385887884987,39442394.0
SHB,2021-05-27,13.010610507511272,13.097059746763838,12.664813550501005,12.751262789753572,22300309.0
SHB,2021-05-28,12.88093664863242,13.399632084147822,12.62158893087472,13.053835127137555,44498264.0
SHB,2021-05-31,13.053835127137555,13.356407464521537,12.924161268258704,13.140284366390121,40917673.0
SHB,2021-06-01,14.43702295517862,14.43702295517862,13.097059746763838,13.399632084147822,40748970.0
SHB,2021-06-02,13.399632084147822,13.486081323400388,13.010610507511272,13.442856703774105,26044810.0
SHB,2021-06-03,13.442856703774105,14.134450617794638,13.442856703774105,14.004776758915787,51619769.0
SHB,2021-06-04,14.004776758915787,14.264124476673487,13.615755182279237,14.04800137854207,36479728.0
SHB,2021-06-07,14.04800137854207,14.04800137854207,12.967385887884987,12.967385887884987,36062689.0
SHB,2021-06-08,14.091225998168355,14.091225998168355,11.670647299096489,12.535139691622154,53764916.0
SHB,2021-06-09,12.405465832743305,13.572530562652954,11.886770397227906,13.529305943026671,29913004.0
SHB,2021-06-10,13.529305943026671,13.615755182279237,12.751262789753572,12.751262789753572,21907400.0
SHB,2021-06-11,12.751262789753572,14.004776758915787,12.751262789753572,12.88093664863242,23636025.0
SHB,2021-06-14,12.88093664863242,13.053835127137555,12.57836431124844,12.62158893087472,19744162.0
SHB,2021-06-15,12.751262789753572,12.751262789753572,12.102893495359321,12.102893495359321,31344100.0
SHB,2021-06-16,12.102893495359321,12.664813550501005,11.670647299096489,11.670647299096489,46543661.0
SHB,2021-06-17,11.670647299096489,11.80032115797534,11.238401102833656,11.757096538349055,35630806.0
SHB,2021-06-18,11.757096538349055,12.189342734611888,11.757096538349055,11.886770397227906,16845407.0
SHB,2021-06-21,11.886770397227906,12.016444256106755,11.497748820591356,11.627422679470206,18273935.0
SHB,2021-06-22,11.670647299096489,12.664813550501005,11.627422679470206,11.757096538349055,24825820.0
SHB,2021-06-23,11.80032115797534,11.886770397227906,11.627422679470206,11.627422679470206,16380402.0
SHB,2021-06-24,11.670647299096489,11.757096538349055,11.54097344021764,11.670647299096489,12825428.0
SHB,2021-06-25,11.670647299096489,11.713871918722774,11.54097344021764,11.713871918722774,15080325.0
SHB,2021-06-28,11.757096538349055,12.232567354238173,11.757096538349055,12.102893495359321,35038930.0
SHB,2021-06-29,12.102893495359321,12.448690452369588,12.102893495359321,12.319016593490739,35488400.0
SHB,2021-06-30,12.319016593490739,12.491915071995871,12.102893495359321,12.405465832743305,18230907.0
SHB,2021-07-01,12.319016593490739,12.448690452369588,12.146118114985606,12.275791973864454,19124096.0
SHB,2021-07-02,12.319016593490739,12.535139691622154,12.275791973864454,12.535139691622154,29510098.0
SHB,2021-07-05,12.535139691622154,12.967385887884987,12.448690452369588,12.967385887884987,35839627.0
SHB,2021-07-06,12.967385887884987,13.442856703774105,12.88093664863242,12.924161268258704,38650043.0
SHB,2021-07-07,12.751262789753572,14.04800137854207,12.362241213117022,12.837712029006138,34131445.0
SHB,2021-07-08,12.837712029006138,12.88093664863242,12.146118114985606,12.146118114985606,22743308.0
SHB,2021-07-09,12.146118114985606,12.405465832743305,11.195176483207373,11.238401102833656,21869107.0
SHB,2021-07-12,11.238401102833656,11.454524200965073,10.157785612176573,10.24423485142914,41906675.0
SHB,2021-07-13,10.287459471055424,10.76293028694454,10.071336372924007,10.50358256918684,21983670.0
SHB,2021-07-14,10.50358256918684,10.806154906570823,10.287459471055424,10.76293028694454,17243900.0
SHB,2021-07-15,10.76293028694454,11.80032115797534,10.590031808439408,11.80032115797534,27356991.0
SHB,2021-07-16,11.80032115797534,12.794487409379855,11.80032115797534,12.146118114985606,30053600.0
SHB,2021-07-19,12.059668875733038,12.102893495359321,11.065502624328523,11.065502624328523,19093500.0
SHB,2021-07-20,10.590031808439408,11.713871918722774,10.590031808439408,11.713871918722774,11752745.0
SHB,2021-07-21,11.28162572245994,12.102893495359321,11.28162572245994,11.54097344021764,7657830.0
SHB,2021-07-22,11.54097344021764,11.80032115797534,11.497748820591356,11.757096538349055,8062900.0
SHB,2021-07-23,11.757096538349055,11.843545777601621,11.411299581338788,11.411299581338788,10151338.0
SHB,2021-07-26,11.238401102833656,11.454524200965073,11.15195186358109,11.411299581338788,7967430.0
SHB,2021-07-27,11.411299581338788,11.713871918722774,11.411299581338788,11.584198059843922,7125170.0
SHB,2021-07-28,11.454524200965073,11.670647299096489,11.454524200965073,11.627422679470206,7431327.0
SHB,2021-07-29,11.584198059843922,12.016444256106755,11.584198059843922,11.713871918722774,9323949.0
SHB,2021-07-30,11.757096538349055,12.059668875733038,11.713871918722774,12.016444256106755,17533280.0
SHB,2021-08-02,12.016444256106755,12.146118114985606,11.80032115797534,11.80032115797534,10370831.0
SHB,2021-08-03,11.843545777601621,11.973219636480472,11.713871918722774,11.886770397227906,10528612.0
SHB,2021-08-04,11.929995016854189,12.016444256106755,11.80032115797534,11.843545777601621,13561000.0
SHB,2021-08-05,11.886770397227906,12.57836431124844,11.80032115797534,12.448690452369588,41809830.0
SHB,2021-08-06,12.491915071995871,12.62158893087472,12.189342734611888,12.535139691622154,23976360.0
SHB,2021-08-09,12.448690452369588,12.62158893087472,12.319016593490739,12.57836431124844,45283405.0
SHB,2021-08-10,12.57836431124844,12.837712029006138,12.491915071995871,12.751262789753572,28365135.0
SHB,2021-08-11,12.794487409379855,12.837712029006138,12.535139691622154,12.535139691622154,15465794.0
SHB,2021-08-12,12.535139691622154,12.664813550501005,12.362241213117022,12.491915071995871,15132449.0
SHB,2021-08-13,12.535139691622154,12.751262789753572,12.232567354238173,12.535139691622154,17076831.0
SHB,2021-08-16,12.535139691622154,12.708038170127287,12.448690452369588,12.664813550501005,26441691.0
SHB,2021-08-17,12.708038170127287,12.924161268258704,12.62158893087472,12.751262789753572,29767600.0
SHB,2021-08-18,12.751262789753572,12.794487409379855,12.57836431124844,12.708038170127287,14944803.0
SHB,2021-08-19,12.535139691622154,12.708038170127287,12.405465832743305,12.62158893087472,21836700.0
SHB,2021-08-20,12.62158893087472,12.664813550501005,11.670647299096489,12.275791973864454,44701116.0
SHB,2021-08-23,12.146118114985606,12.319016593490739,11.80032115797534,11.843545777601621,26410047.0
SHB,2021-08-24,11.843545777601621,12.016444256106755,11.670647299096489,11.670647299096489,18960800.0
SHB,2021-08-25,11.713871918722774,11.886770397227906,11.670647299096489,11.886770397227906,18048387.0
SHB,2021-08-26,12.275791973864454,12.664813550501005,12.016444256106755,12.189342734611888,30929950.0
SHB,2021-08-27,12.146118114985606,12.146118114985606,11.80032115797534,12.059668875733038,12153135.0
SHB,2021-08-30,12.016444256106755,12.102893495359321,11.886770397227906,11.886770397227906,14498101.0
SHB,2021-08-31,11.929995016854189,12.059668875733038,11.757096538349055,11.886770397227906,18079449.0
SHB,2021-09-01,11.843545777601621,11.886770397227906,11.627422679470206,11.627422679470206,18181223.0
SHB,2021-09-06,11.670647299096489,11.80032115797534,11.368074961712507,11.454524200965073,21536439.0
SHB,2021-09-07,11.454524200965073,11.757096538349055,11.454524200965073,11.497748820591356,16574432.0
SHB,2021-09-08,11.584198059843922,11.713871918722774,11.454524200965073,11.454524200965073,22892200.0
SHB,2021-09-09,11.454524200965073,11.54097344021764,11.368074961712507,11.411299581338788,12385289.0
SHB,2021-09-10,11.454524200965073,11.584198059843922,11.368074961712507,11.368074961712507,21543890.0
SHB,2021-09-13,11.54097344021764,11.54097344021764,11.195176483207373,11.195176483207373,18769540.0
SHB,2021-09-14,11.238401102833656,11.324850342086222,10.849379526197108,11.065502624328523,12497000.0
SHB,2021-09-15,11.065502624328523,11.108727243954807,10.849379526197108,11.065502624328523,10256513.0
SHB,2021-09-16,11.108727243954807,11.454524200965073,11.065502624328523,11.28162572245994,11000510.0
SHB,2021-09-17,11.454524200965073,11.670647299096489,11.368074961712507,11.584198059843922,14379900.0
SHB,2021-09-20,11.584198059843922,11.843545777601621,11.497748820591356,11.670647299096489,14930140.0
SHB,2021-09-21,11.670647299096489,11.670647299096489,11.454524200965073,11.454524200965073,21767732.0
SHB,2021-09-22,11.454524200965073,11.584198059843922,11.324850342086222,11.454524200965073,14117668.0
SHB,2021-09-23,11.497748820591356,11.627422679470206,11.411299581338788,11.584198059843922,12018306.0
SHB,2021-09-24,11.670647299096489,11.843545777601621,11.584198059843922,11.670647299096489,20462902.0
SHB,2021-09-27,11.886770397227906,12.059668875733038,11.411299581338788,11.584198059843922,17037278.0
SHB,2021-09-28,11.584198059843922,11.584198059843922,11.324850342086222,11.411299581338788,17147956.0
SHB,2021-09-29,11.411299581338788,11.454524200965073,11.195176483207373,11.238401102833656,13198100.0
SHB,2021-09-30,11.238401102833656,11.670647299096489,11.238401102833656,11.497748820591356,10405796.0
SHB,2021-10-01,11.584198059843922,11.627422679470206,11.238401102833656,11.28162572245994,14025470.0
SHB,2021-10-04,11.28162572245994,12.189342734611888,11.28162572245994,12.189342734611888,27319600.0
SHB,2021-10-05,12.102893495359321,12.535139691622154,11.886770397227906,12.491915071995871,43997100.0
SHB,2021-10-11,12.837712029006138,13.097059746763838,12.62158893087472,13.097059746763838,50603400.0
SHB,2021-10-12,13.097059746763838,13.161896676203263,12.643201240687864,13.053835127137555,38137700.0
SHB,2021-10-13,13.11867205657698,13.11867205657698,12.751262789753572,12.967385887884987,22517900.0
SHB,2021-10-14,12.816099719192996,12.88093664863242,12.535139691622154,12.535139691622154,22235300.0
SHB,2021-10-15,12.535139691622154,12.535139691622154,11.908382707041048,11.908382707041048,29041600.0
SHB,2021-10-18,12.08128118554618,12.102893495359321,11.865158087414764,11.929995016854189,15712800.0
SHB,2021-10-19,11.973219636480472,12.319016593490739,11.80032115797534,12.102893495359321,12957400.0
SHB,2021-10-20,12.146118114985606,12.275791973864454,12.016444256106755,12.232567354238173,13946900.0
SHB,2021-10-21,12.232567354238173,12.232567354238173,11.886770397227906,11.886770397227906,11115600.0
SHB,2021-10-22,11.929995016854189,12.059668875733038,11.80032115797534,11.929995016854189,14877096.0
SHB,2021-10-25,11.929995016854189,11.929995016854189,11.584198059843922,11.649034989283347,21912600.0
SHB,2021-10-26,11.584198059843922,11.865158087414764,11.43291189115193,11.713871918722774,19253100.0
SHB,2021-10-27,11.757096538349055,11.865158087414764,11.649034989283347,11.778708848162198,12439600.0
SHB,2021-10-28,11.843545777601621,11.908382707041048,11.69225960890963,11.80032115797534,14213600.0
SHB,2021-10-29,11.843545777601621,12.08128118554618,11.713871918722774,12.08128118554618,17259200.0
SHB,2021-11-01,12.189342734611888,12.319016593490739,12.08128118554618,12.319016593490739,18114900.0
SHB,2021-11-02,12.319016593490739,12.491915071995871,12.210955044425031,12.362241213117022,18381700.0
SHB,2021-11-03,12.405465832743305,12.535139691622154,12.297404283677597,12.383853522930163,19913900.0
SHB,2021-11-04,12.383853522930163,13.183508986016404,12.383853522930163,13.183508986016404,44345500.0
SHB,2021-11-05,13.161896676203263,13.615755182279237,12.85932433881928,13.615755182279237,50982750.0
SHB,2021-11-08,13.356407464521537,13.50769363321353,13.205121295829546,13.399632084147822,24158700.0
SHB,2021-11-09,13.226733605642687,13.26995822526897,12.57836431124844,12.57836431124844,31994100.0
SHB,2021-11-10,12.57836431124844,12.794487409379855,12.362241213117022,12.57836431124844,47265300.0
SHB,2021-11-11,13.41312784480352,13.41312784480352,12.718424012204135,12.718424012204135,22609100.0
SHB,2021-11-12,12.718424012204135,12.985617793973129,12.664985255850334,12.664985255850334,13490600.0
SHB,2021-11-15,12.558107743142738,12.878740281265532,12.558107743142738,12.664985255850334,8563800.0
SHB,2021-11-16,12.558107743142738,12.798582146734832,12.558107743142738,12.611546499496537,8387900.0
SHB,2021-11-17,12.664985255850334,12.664985255850334,12.584827121319638,12.638265877673435,8082600.0
SHB,2021-11-18,12.638265877673435,12.664985255850334,12.344352717727542,12.344352717727542,8864700.0
SHB,2021-11-19,12.397791474081341,12.664985255850334,12.317633339550643,12.42451085225824,13161100.0
SHB,2021-11-22,12.584827121319638,13.172653441211423,12.531388364965839,12.878740281265532,26012450.0
SHB,2021-11-23,13.092495306680727,13.092495306680727,12.611546499496537,12.718424012204135,7819700.0
SHB,2021-11-24,12.825301524911731,13.359689088449722,12.691704634027236,13.33296971027282,27529100.0
SHB,2021-11-25,13.573444113864916,13.573444113864916,13.279530953919023,13.33296971027282,18838900.0
SHB,2021-11-26,13.359689088449722,13.573444113864916,13.199372819388325,13.33296971027282,14229490.0
SHB,2021-11-29,13.039056550326928,13.199372819388325,12.878740281265532,12.878740281265532,12502900.0
SHB,2021-11-30,13.092495306680727,13.119214684857626,12.558107743142738,12.558107743142738,17708900.0
SHB,2021-12-01,12.558107743142738,12.718424012204135,12.45123023043514,12.584827121319638,13484400.0
SHB,2021-12-02,12.691704634027236,12.718424012204135,12.531388364965839,12.584827121319638,11147000.0
SHB,2021-12-03,12.584827121319638,12.638265877673435,12.290913961373743,12.290913961373743,17000300.0
SHB,2021-12-06,12.237475205019944,12.344352717727542,11.48933261606676,11.783245776012654,13155500.0
SHB,2021-12-07,11.809965154189554,12.023720179604748,11.756526397835755,11.997000801427848,14321200.0
SHB,2021-12-08,11.916842666897152,12.237475205019944,11.783245776012654,12.237475205019944,20466400.0
SHB,2021-12-09,12.184036448666145,12.290913961373743,12.103878314135446,12.264194583196844,12583400.0
SHB,2021-12-10,12.290913961373743,12.371072095904442,12.130597692312346,12.264194583196844,11528700.0
SHB,2021-12-13,12.237475205019944,12.290913961373743,12.077158935958549,12.077158935958549,14699700.0
SHB,2021-12-14,12.103878314135446,12.157317070489245,11.863403910543353,11.863403910543353,13062000.0
SHB,2021-12-15,11.943562045074051,12.05043955778165,11.863403910543353,11.916842666897152,11115700.0
SHB,2021-12-16,12.077158935958549,12.077158935958549,11.836684532366451,11.836684532366451,7492400.0
SHB,2021-12-17,11.916842666897152,11.916842666897152,11.783245776012654,11.863403910543353,11550100.0
SHB,2021-12-20,11.809965154189554,11.943562045074051,11.676368263305056,11.676368263305056,16445800.0
SHB,2021-12-21,11.676368263305056,11.756526397835755,11.48933261606676,11.48933261606676,11619500.0
SHB,2021-12-22,11.516051994243659,11.569490750597458,11.115261321590168,11.115261321590168,15837300.0
SHB,2021-12-23,11.115261321590168,11.195419456120865,10.687751270759776,10.741190027113577,13210100.0
SHB,2021-12-24,10.794628783467374,11.48933261606676,10.794628783467374,11.48933261606676,10513200.0
SHB,2021-12-27,11.756526397835755,11.943562045074051,11.48933261606676,11.48933261606676,9167500.0
SHB,2021-12-28,11.54277137242056,11.622929506951257,11.43589385971296,11.48933261606676,10031000.0
SHB,2021-12-29,11.622929506951257,11.676368263305056,11.48933261606676,11.48933261606676,6901500.0
SHB,2021-12-30,11.54277137242056,11.569490750597458,11.43589385971296,11.43589385971296,10424000.0
SHB,2021-12-31,11.54277137242056,11.916842666897152,11.516051994243659,11.916842666897152,11470000.0
SHB,2022-01-04,12.023720179604748,12.184036448666145,11.943562045074051,12.023720179604748,23407000.0
SHB,2022-01-05,12.077158935958549,12.103878314135446,11.756526397835755,11.756526397835755,15635600.0
SHB,2022-01-06,11.756526397835755,12.023720179604748,11.596210128774358,12.023720179604748,31231400.0
SHB,2022-01-07,11.997000801427848,12.023720179604748,11.729807019658855,11.809965154189554,39312900.0
SHB,2022-01-10,11.863403910543353,11.997000801427848,11.382455103359163,11.382455103359163,18208000.0
SHB,2022-01-11,11.48933261606676,11.596210128774358,11.248858212474666,11.248858212474666,14256100.0
SHB,2022-01-12,11.275577590651565,11.863403910543353,11.115261321590168,11.863403910543353,20549753.0
SHB,2022-01-13,11.863403910543353,12.237475205019944,11.729807019658855,11.890123288720252,18076100.0
SHB,2022-01-14,11.54277137242056,12.023720179604748,11.54277137242056,12.023720179604748,13045700.0
SHB,2022-01-17,11.997000801427848,12.05043955778165,11.516051994243659,11.756526397835755,13097300.0
SHB,2022-01-18,11.43589385971296,11.703087641481956,11.00838380888257,11.00838380888257,8178700.0
SHB,2022-01-19,11.222138834297766,11.382455103359163,10.340399354460084,10.340399354460084,7557900.0
SHB,2022-01-20,10.58087375805218,11.00838380888257,10.447276867167682,10.954945052528771,15177700.0
SHB,2022-01-21,11.195419456120865,11.382455103359163,11.00838380888257,11.00838380888257,7067000.0
SHB,2022-01-24,11.00838380888257,11.329016347005362,10.98166443070567,11.00838380888257,10537700.0
SHB,2022-01-25,11.035103187059468,11.43589385971296,10.954945052528771,11.43589385971296,10558300.0
SHB,2022-01-26,11.54277137242056,11.890123288720252,11.48933261606676,11.863403910543353,15516500.0
SHB,2022-01-27,11.916842666897152,12.237475205019944,11.703087641481956,11.703087641481956,9219100.0
SHB,2022-01-28,11.703087641481956,12.023720179604748,11.703087641481956,12.023720179604748,10430600.0
SHB,2022-02-07,12.184036448666145,12.397791474081341,12.023720179604748,12.344352717727542,12971600.0
SHB,2022-02-08,12.237475205019944,12.42451085225824,12.184036448666145,12.397791474081341,11637800.0
SHB,2022-02-09,12.397791474081341,12.93217903761933,12.264194583196844,12.878740281265532,36306200.0
SHB,2022-02-10,12.745143390381035,12.852020903088631,12.611546499496537,12.611546499496537,18387545.0
SHB,2022-02-11,12.558107743142738,12.664985255850334,12.504668986788937,12.611546499496537,16561100.0
SHB,2022-02-14,12.290913961373743,12.45123023043514,11.756526397835755,11.756526397835755,24004050.0
SHB,2022-02-15,11.809965154189554,12.184036448666145,11.783245776012654,12.05043955778165,13320200.0
SHB,2022-02-16,12.103878314135446,12.210755826843046,11.997000801427848,12.077158935958549,15897700.0
SHB,2022-02-17,12.023720179604748,12.210755826843046,12.023720179604748,12.023720179604748,7487000.0
SHB,2022-02-18,11.997000801427848,12.05043955778165,11.916842666897152,11.916842666897152,12447600.0
SHB,2022-02-21,11.863403910543353,12.023720179604748,11.783245776012654,11.916842666897152,18434500.0
SHB,2022-02-22,11.756526397835755,11.970281423250949,11.649648885128157,11.783245776012654,15531900.0
SHB,2022-02-23,11.863403910543353,12.05043955778165,11.809965154189554,11.809965154189554,14587000.0
SHB,2022-02-24,11.809965154189554,11.916842666897152,11.382455103359163,11.596210128774358,12071800.0
SHB,2022-02-25,11.756526397835755,11.863403910543353,11.649648885128157,11.649648885128157,12961655.0
SHB,2022-02-28,11.676368263305056,11.703087641481956,11.569490750597458,11.569490750597458,9794500.0
SHB,2022-03-01,11.569490750597458,11.622929506951257,11.46261323788986,11.48933261606676,9618000.0
SHB,2022-03-02,11.409174481536063,11.46261323788986,11.168700077943965,11.222138834297766,18350200.0
SHB,2022-03-03,11.302296968828463,11.409174481536063,11.222138834297766,11.275577590651565,10119000.0
SHB,2022-03-04,11.382455103359163,11.622929506951257,11.329016347005362,11.409174481536063,6686500.0
SHB,2022-03-07,11.248858212474666,11.355735725182262,11.222138834297766,11.248858212474666,16730200.0
SHB,2022-03-08,11.115261321590168,11.46261323788986,11.088541943413269,11.195419456120865,18659200.0
SHB,2022-03-09,11.302296968828463,11.302296968828463,11.061822565236369,11.222138834297766,16667200.0
SHB,2022-03-10,11.382455103359163,11.48933261606676,11.248858212474666,11.248858212474666,8874400.0
SHB,2022-03-11,11.302296968828463,11.409174481536063,11.195419456120865,11.248858212474666,11142200.0
SHB,2022-03-14,11.329016347005362,11.729807019658855,11.222138834297766,11.676368263305056,22246700.0
SHB,2022-03-15,11.783245776012654,11.863403910543353,11.596210128774358,11.596210128774358,11302500.0
SHB,2022-03-16,11.622929506951257,11.729807019658855,11.516051994243659,11.622929506951257,7022100.0
SHB,2022-03-17,11.596210128774358,11.809965154189554,11.596210128774358,11.809965154189554,11721400.0
SHB,2022-03-18,11.809965154189554,11.943562045074051,11.569490750597458,11.569490750597458,11822900.0
SHB,2022-03-21,11.596210128774358,11.836684532366451,11.569490750597458,11.836684532366451,9778000.0
SHB,2022-03-22,11.809965154189554,11.890123288720252,11.756526397835755,11.783245776012654,14269400.0
SHB,2022-03-23,11.809965154189554,12.023720179604748,11.729807019658855,11.729807019658855,9140700.0
SHB,2022-03-24,11.729807019658855,11.863403910543353,11.676368263305056,11.756526397835755,5862200.0
SHB,2022-03-25,11.809965154189554,11.836684532366451,11.676368263305056,11.756526397835755,4405000.0
SHB,2022-03-28,11.756526397835755,11.756526397835755,11.409174481536063,11.43589385971296,10414100.0
SHB,2022-03-29,11.48933261606676,11.756526397835755,11.43589385971296,11.569490750597458,8055300.0
SHB,2022-03-30,11.48933261606676,11.729807019658855,11.355735725182262,11.622929506951257,7597100.0
SHB,2022-03-31,11.596210128774358,11.649648885128157,11.355735725182262,11.43589385971296,5699800.0
SHB,2022-04-01,11.275577590651565,11.863403910543353,11.275577590651565,11.809965154189554,10669800.0
SHB,2022-04-04,11.756526397835755,11.916842666897152,11.596210128774358,11.596210128774358,14554400.0
SHB,2022-04-05,11.48933261606676,11.596210128774358,11.382455103359163,11.382455103359163,8153300.0
SHB,2022-04-06,11.222138834297766,11.48933261606676,10.901506296174972,11.409174481536063,17364200.0
SHB,2022-04-07,11.275577590651565,11.409174481536063,11.00838380888257,11.035103187059468,11447000.0
SHB,2022-04-08,10.954945052528771,11.088541943413269,10.687751270759776,10.687751270759776,19874100.0
SHB,2022-04-12,10.714470648936677,10.794628783467374,10.153363707221787,10.153363707221787,9283100.0
SHB,2022-04-13,10.233521841752486,10.473996245344582,10.126644329044888,10.473996245344582,6453500.0
SHB,2022-04-14,10.58087375805218,10.767909405290474,10.50071562352148,10.50071562352148,6332900.0
SHB,2022-04-15,10.527435001698379,10.661031892582876,10.393838110813883,10.393838110813883,5247600.0
SHB,2022-04-18,10.367118732636982,10.473996245344582,9.886169925452794,10.393838110813883,9566500.0
SHB,2022-04-19,10.313679976283185,10.393838110813883,9.699134278214496,9.699134278214496,8090000.0
SHB,2022-04-20,9.618976143683799,9.859450547275893,9.03114982379201,9.03114982379201,12482200.0
SHB,2022-04-21,8.817394798376816,9.244904849207208,8.416604125723325,8.657078529315418,19085000.0
SHB,2022-04-22,8.844114176553715,9.004430445615112,8.576920394784722,8.763956042023016,11772100.0
SHB,2022-04-25,8.870833554730616,9.03114982379201,8.256287856661928,8.256287856661928,10760200.0
SHB,2022-04-26,8.069252209423631,8.496762260254023,7.882216562185335,8.443323503900224,13950900.0
SHB,2022-04-27,8.550201016607822,8.737236663846119,8.389884747546425,8.657078529315418,9635200.0
SHB,2022-04-28,8.737236663846119,8.897552932907514,8.630359151138519,8.657078529315418,5484700.0
SHB,2022-04-29,8.71051728566922,8.870833554730616,8.630359151138519,8.71051728566922,7934600.0
SHB,2022-05-04,8.844114176553715,9.13802733649961,8.763956042023016,8.924272311084414,8800400.0
SHB,2022-05-05,9.13802733649961,9.13802733649961,8.737236663846119,8.817394798376816,7954334.0
SHB,2022-05-06,8.630359151138519,8.763956042023016,8.283007234838827,8.283007234838827,5803400.0
SHB,2022-05-09,8.336445991192626,8.336445991192626,7.721900293123938,7.748619671300838,17665800.0
SHB,2022-05-10,7.4814258895318435,7.882216562185335,7.427987133178045,7.855497184008436,17460600.0
SHB,2022-05-11,7.935655318539134,8.015813453069832,7.775339049477738,7.828777805831536,8158600.0
SHB,2022-05-12,7.748619671300838,7.828777805831536,7.294390242293548,7.321109620470446,11952400.0
SHB,2022-05-13,7.321109620470446,7.321109620470446,6.8134414351093575,6.840160813286257,42402282.0
SHB,2022-05-16,6.947038325993855,7.214232107762849,6.492808896986564,6.492808896986564,17082500.0
SHB,2022-05-17,6.305773249748269,6.947038325993855,6.305773249748269,6.947038325993855,12020723.0
SHB,2022-05-18,7.18751272958595,7.427987133178045,7.053915838701452,7.427987133178045,7734200.0
SHB,2022-05-19,7.427987133178045,7.855497184008436,7.321109620470446,7.721900293123938,18992600.0
SHB,2022-05-20,7.748619671300838,7.908935940362235,7.641742158593241,7.882216562185335,12657800.0
SHB,2022-05-23,7.962374696716034,8.14941034395433,7.4814258895318435,7.748619671300838,19167600.0
SHB,2022-05-24,7.641742158593241,7.828777805831536,7.374548376824246,7.69518091494704,19689805.0
SHB,2022-05-25,7.721900293123938,8.14941034395433,7.721900293123938,8.12269096577743,16856500.0
SHB,2022-05-26,8.229568478485028,8.283007234838827,8.042532831246731,8.069252209423631,8789100.0
SHB,2022-05-27,8.09597158760053,8.176129722131229,8.015813453069832,8.12269096577743,10759500.0
SHB,2022-05-30,8.176129722131229,8.202849100308129,8.069252209423631,8.09597158760053,9120400.0
SHB,2022-05-31,8.042532831246731,8.09597158760053,7.908935940362235,7.908935940362235,16867000.0
SHB,2022-06-01,7.935655318539134,8.12269096577743,7.908935940362235,7.935655318539134,22631500.0
SHB,2022-06-02,7.962374696716034,8.042532831246731,7.802058427654637,7.802058427654637,15590300.0
SHB,2022-06-03,7.802058427654637,7.855497184008436,7.641742158593241,7.721900293123938,17265700.0
SHB,2022-06-06,7.641742158593241,7.748619671300838,7.508145267708744,7.508145267708744,19510060.0
SHB,2022-06-07,7.508145267708744,7.508145267708744,7.16079335140905,7.294390242293548,19478800.0
SHB,2022-06-08,7.401267755001145,7.802058427654637,7.347828998647347,7.802058427654637,13046100.0
SHB,2022-06-09,7.855497184008436,7.962374696716034,7.775339049477738,7.828777805831536,13252900.0
SHB,2022-06-10,7.721900293123938,7.908935940362235,7.641742158593241,7.641742158593241,13501400.0
SHB,2022-06-13,7.374548376824246,7.5348646458856425,7.214232107762849,7.214232107762849,16689800.0
SHB,2022-06-14,7.107354595055252,7.427987133178045,7.053915838701452,7.267670864116648,11081900.0
SHB,2022-06-15,7.294390242293548,7.374548376824246,6.8668801914631565,7.080635216878352,14823200.0
SHB,2022-06-16,7.214232107762849,7.267670864116648,7.107354595055252,7.107354595055252,17931405.0
SHB,2022-06-17,6.947038325993855,7.000477082347653,6.626405787871062,6.920318947816955,18514900.0
SHB,2022-06-20,6.840160813286257,7.240951485939749,6.840160813286257,7.134073973232151,23006661.0
SHB,2022-06-21,7.027196460524554,7.16079335140905,6.8668801914631565,6.893599569640056,8888600.0
SHB,2022-06-22,7.107354595055252,7.294390242293548,6.920318947816955,7.053915838701452,13284600.0
SHB,2022-06-23,7.080635216878352,7.267670864116648,7.053915838701452,7.240951485939749,13154050.0
SHB,2022-06-24,7.267670864116648,7.374548376824246,7.214232107762849,7.214232107762849,14410200.0
SHB,2022-06-27,7.267670864116648,7.374548376824246,7.240951485939749,7.294390242293548,11469300.0
SHB,2022-06-28,7.294390242293548,7.69518091494704,7.240951485939749,7.561584024062542,15763300.0
SHB,2022-06-29,7.454706511354944,7.615022780416341,7.427987133178045,7.4814258895318435,12756600.0
SHB,2022-06-30,7.4814258895318435,7.561584024062542,7.214232107762849,7.214232107762849,13521900.0
SHB,2022-07-01,7.214232107762849,7.267670864116648,6.920318947816955,7.18751272958595,14248200.0
SHB,2022-07-04,7.267670864116648,7.374548376824246,7.214232107762849,7.267670864116648,11433200.0
SHB,2022-07-05,7.267670864116648,7.561584024062542,7.267670864116648,7.374548376824246,10034000.0
SHB,2022-07-06,7.321109620470446,7.427987133178045,7.134073973232151,7.134073973232151,7120500.0
SHB,2022-07-07,7.214232107762849,7.321109620470446,7.107354595055252,7.18751272958595,5636700.0
SHB,2022-07-08,7.321109620470446,7.321109620470446,7.214232107762849,7.267670864116648,7664500.0
SHB,2022-07-11,7.240951485939749,7.267670864116648,7.027196460524554,7.134073973232151,5739000.0
SHB,2022-07-12,7.18751272958595,7.294390242293548,7.107354595055252,7.294390242293548,5448600.0
SHB,2022-07-13,7.294390242293548,7.802058427654637,7.294390242293548,7.802058427654637,37423400.0
SHB,2022-07-14,7.855497184008436,8.069252209423631,7.775339049477738,7.775339049477738,15654800.0
SHB,2022-07-15,7.828777805831536,8.14941034395433,7.775339049477738,7.828777805831536,14654800.0
SHB,2022-07-18,7.882216562185335,7.962374696716034,7.69518091494704,7.69518091494704,17315100.0
SHB,2022-07-19,7.721900293123938,7.828777805831536,7.588303402239441,7.775339049477738,21903370.0
SHB,2022-07-20,7.882216562185335,8.042532831246731,7.828777805831536,7.908935940362235,31590700.0
SHB,2022-07-21,7.855497184008436,7.989094074892932,7.802058427654637,7.828777805831536,11236500.0
SHB,2022-07-22,7.855497184008436,7.989094074892932,7.668461536770139,7.668461536770139,14386200.0
SHB,2022-07-25,7.668461536770139,7.721900293123938,7.508145267708744,7.561584024062542,9211100.0
SHB,2022-07-26,7.588303402239441,7.641742158593241,7.5348646458856425,7.5348646458856425,6259700.0
SHB,2022-07-27,7.508145267708744,7.721900293123938,7.508145267708744,7.641742158593241,6403200.0
SHB,2022-07-28,7.802058427654637,7.935655318539134,7.748619671300838,7.855497184008436,17408000.0
SHB,2022-07-29,7.935655318539134,7.962374696716034,7.802058427654637,7.828777805831536,11315900.0
SHB,2022-08-01,7.882216562185335,8.09597158760053,7.828777805831536,8.042532831246731,22648000.0
SHB,2022-08-02,8.069252209423631,8.256287856661928,8.015813453069832,8.069252209423631,23993900.0
SHB,2022-08-03,8.042532831246731,8.256287856661928,8.015813453069832,8.14941034395433,31231200.0
SHB,2022-08-04,8.283007234838827,8.336445991192626,8.09597158760053,8.12269096577743,19265220.0
SHB,2022-08-05,8.069252209423631,8.14941034395433,7.989094074892932,8.09597158760053,12979500.0
SHB,2022-08-08,8.12269096577743,8.229568478485028,8.042532831246731,8.09597158760053,24687716.0
SHB,2022-08-09,8.14941034395433,8.176129722131229,8.042532831246731,8.12269096577743,28995907.0
SHB,2022-08-10,8.09597158760053,8.12269096577743,8.015813453069832,8.015813453069832,33762662.0
SHB,2022-08-11,8.09597158760053,8.12269096577743,7.882216562185335,7.908935940362235,25391200.0
SHB,2022-08-12,7.882216562185335,7.989094074892932,7.855497184008436,7.962374696716034,16554091.0
SHB,2022-08-15,7.989094074892932,8.496762260254023,7.962374696716034,8.496762260254023,53706200.0
SHB,2022-08-16,8.550201016607822,8.683797907492318,8.416604125723325,8.443323503900224,12612400.0
SHB,2022-08-17,8.443323503900224,8.52348163843092,8.336445991192626,8.336445991192626,21112500.0
SHB,2022-08-18,8.283007234838827,8.416604125723325,8.256287856661928,8.283007234838827,18366900.0
SHB,2022-08-19,8.283007234838827,8.363165369369526,8.229568478485028,8.256287856661928,12109100.0
SHB,2022-08-22,8.229568478485028,8.389884747546425,8.176129722131229,8.309726613015727,15340000.0
SHB,2022-08-23,8.256287856661928,8.416604125723325,8.229568478485028,8.389884747546425,13755700.0
SHB,2022-08-24,8.389884747546425,8.470042882077124,8.363165369369526,8.363165369369526,14016600.0
SHB,2022-08-25,8.416604125723325,8.52348163843092,8.363165369369526,8.52348163843092,20552100.0
SHB,2022-08-26,8.576920394784722,8.630359151138519,8.363165369369526,8.389884747546425,13321900.0
SHB,2022-08-29,8.202849100308129,8.309726613015727,8.069252209423631,8.256287856661928,25895800.0
SHB,2022-08-30,8.309726613015727,8.416604125723325,8.229568478485028,8.229568478485028,12781600.0
SHB,2022-08-31,8.202849100308129,8.336445991192626,8.202849100308129,8.336445991192626,9850900.0
SHB,2022-09-05,8.336445991192626,8.336445991192626,8.256287856661928,8.256287856661928,22647050.0
SHB,2022-09-06,8.283007234838827,8.389884747546425,8.229568478485028,8.283007234838827,12085500.0
SHB,2022-09-07,8.309726613015727,8.309726613015727,7.828777805831536,7.828777805831536,21694300.0
SHB,2022-09-08,7.908935940362235,7.962374696716034,7.4814258895318435,7.4814258895318435,15230300.0
SHB,2022-09-09,7.615022780416341,7.641742158593241,7.427987133178045,7.641742158593241,10923800.0
SHB,2022-09-12,7.69518091494704,7.775339049477738,7.615022780416341,7.615022780416341,5490400.0
SHB,2022-09-13,7.615022780416341,7.69518091494704,7.588303402239441,7.69518091494704,6135800.0
SHB,2022-09-14,7.4814258895318435,7.615022780416341,7.4814258895318435,7.561584024062542,12938700.0
SHB,2022-09-15,7.615022780416341,7.641742158593241,7.5348646458856425,7.5348646458856425,9655800.0
SHB,2022-09-16,7.5348646458856425,7.588303402239441,7.267670864116648,7.321109620470446,13266300.0
SHB,2022-09-19,7.321109620470446,7.374548376824246,6.947038325993855,6.947038325993855,11693800.0
SHB,2022-09-20,7.080635216878352,7.18751272958595,6.947038325993855,7.16079335140905,18384200.0
SHB,2022-09-21,7.107354595055252,7.16079335140905,7.053915838701452,7.107354595055252,6756900.0
SHB,2022-09-22,7.000477082347653,7.18751272958595,7.000477082347653,7.134073973232151,9074500.0
SHB,2022-09-23,7.134073973232151,7.18751272958595,7.000477082347653,7.000477082347653,6004000.0
SHB,2022-09-26,6.893599569640056,6.893599569640056,6.546247653340363,6.626405787871062,12256200.0
SHB,2022-09-27,6.6531251660479604,6.8668801914631565,6.599686409694162,6.8134414351093575,10872000.0
SHB,2022-09-28,6.733283300578659,6.840160813286257,6.626405787871062,6.679844544224861,5241200.0
SHB,2022-09-29,6.786722056932458,6.840160813286257,6.626405787871062,6.626405787871062,11213484.0
SHB,2022-09-30,6.6531251660479604,6.70656392240176,6.492808896986564,6.6531251660479604,7708902.0
SHB,2022-10-03,6.6531251660479604,6.70656392240176,6.359212006102068,6.359212006102068,8923400.0
SHB,2022-10-04,6.519528275163464,6.519528275163464,6.1454569806868715,6.1454569806868715,11613400.0
SHB,2022-10-05,6.252334493394469,6.359212006102068,6.22561511521757,6.252334493394469,12275700.0
SHB,2022-10-06,6.279053871571369,6.305773249748269,5.851543820740978,5.878263198917877,11637600.0
SHB,2022-10-07,5.637788795325783,5.77138568621028,5.504191904441285,5.5309112826181845,16856700.0
SHB,2022-10-10,5.370595013556788,5.557630660795084,5.194247117589252,5.397314391733687,13176100.0
SHB,2022-10-11,5.29043687902609,5.370595013556788,5.023243097257096,5.023243097257096,14325600.0
SHB,2022-10-12,4.889646206372598,5.370595013556788,4.889646206372598,5.370595013556788,20053100.0
SHB,2022-10-13,5.450753148087486,5.584350038971983,5.397314391733687,5.504191904441285,10303200.0
SHB,2022-10-14,5.691227551679582,5.878263198917877,5.664508173502681,5.878263198917877,14546400.0
SHB,2022-10-17,5.878263198917877,6.1988957370406705,5.798105064387179,6.1454569806868715,19591400.0
SHB,2022-10-18,6.305773249748269,6.359212006102068,5.9851407116254745,6.011860089802374,13051510.0
SHB,2022-10-19,6.118737602509972,6.118737602509972,5.904982577094777,5.958421333448576,10704900.0
SHB,2022-10-20,5.904982577094777,6.011860089802374,5.798105064387179,5.798105064387179,10862300.0
SHB,2022-10-21,5.824824442564078,5.931701955271676,5.4240337699105865,5.4774725262643855,12312500.0
SHB,2022-10-24,5.557630660795084,5.71794692985648,5.2690613764845695,5.29043687902609,17779800.0
SHB,2022-10-25,5.343875635379888,5.637788795325783,5.151496112506213,5.637788795325783,15877100.0
SHB,2022-10-26,5.71794692985648,5.798105064387179,5.504191904441285,5.584350038971983,16580800.0
SHB,2022-10-27,5.584350038971983,5.958421333448576,5.584350038971983,5.958421333448576,18732700.0
SHB,2022-10-28,6.0920182243330725,6.1454569806868715,5.824824442564078,5.878263198917877,16113500.0
SHB,2022-10-31,5.9851407116254745,6.172176358863771,5.878263198917877,6.118737602509972,19739400.0
SHB,2022-11-01,6.1988957370406705,6.385931384278966,6.172176358863771,6.1988957370406705,14559500.0
SHB,2022-11-02,6.1988957370406705,6.252334493394469,6.011860089802374,6.038579467979274,28769200.0
SHB,2022-11-03,5.878263198917877,6.0920182243330725,5.878263198917877,5.931701955271676,10527400.0
SHB,2022-11-04,5.931701955271676,6.1454569806868715,5.71794692985648,6.011860089802374,19213800.0
SHB,2022-11-07,6.0920182243330725,6.0920182243330725,5.71794692985648,5.71794692985648,24900100.0
SHB,2022-11-08,5.71794692985648,6.011860089802374,5.691227551679582,5.958421333448576,29800000.0
SHB,2022-11-09,6.065298846156173,6.065298846156173,5.878263198917877,5.878263198917877,20600000.0
SHB,2022-11-10,5.824824442564078,5.878263198917877,5.4774725262643855,5.4774725262643855,17642800.0
SHB,2022-11-11,5.611069417148883,5.691227551679582,5.343875635379888,5.343875635379888,14260400.0
SHB,2022-11-14,5.343875635379888,5.370595013556788,5.0125553459863355,5.087369604881654,15785200.0
SHB,2022-11-15,4.985835967809436,5.25837362521381,4.734673812946581,4.734673812946581,19513300.0
SHB,2022-11-16,4.435416777365308,5.0659941023401345,4.403353523553028,5.0659941023401345,25403100.0
SHB,2022-11-17,5.236998122672291,5.343875635379888,5.183559366318491,5.343875635379888,17792400.0
SHB,2022-11-18,5.370595013556788,5.450753148087486,5.156839988141592,5.397314391733687,20788000.0
SHB,2022-11-21,5.4774725262643855,5.611069417148883,5.397314391733687,5.557630660795084,18048500.0
SHB,2022-11-22,5.557630660795084,5.74466630803338,5.450753148087486,5.557630660795084,18838300.0
SHB,2022-11-23,5.715274992038791,5.770584104864973,5.537056739598871,5.537056739598871,10910600.0
SHB,2022-11-24,5.5309112826181845,5.555493110540931,5.328111202255518,5.451020341869254,10426000.0
SHB,2022-11-25,5.592365852425053,5.715274992038791,5.506329454695438,5.715274992038791,10882800.0
SHB,2022-11-28,5.8197477607104675,6.114729695783437,5.8197477607104675,6.114729695783437,23189500.0
SHB,2022-11-29,6.1454569806868715,6.299093405204044,6.071711496918629,6.237638835397175,23281800.0
SHB,2022-11-30,6.237638835397175,6.299093405204044,6.1454569806868715,6.20691155049374,24228300.0
SHB,2022-12-01,6.268366120300609,6.637093539141822,6.237638835397175,6.5449116844315185,54015600.0
SHB,2022-12-02,6.514184399528084,6.882911818369296,6.42200254481778,6.882911818369296,29558700.0
SHB,2022-12-05,7.098002812693337,7.251639237210509,6.667820824045255,6.913639103272731,58368700.0
SHB,2022-12-06,6.9443663881761655,7.067275527789902,6.452729829721215,6.452729829721215,44839100.0
SHB,2022-12-07,6.391275259914346,6.667820824045255,6.3298206901074785,6.42200254481778,23958800.0
SHB,2022-12-08,6.606366254238387,6.821457248562427,6.5449116844315185,6.637093539141822,27930500.0
SHB,2022-12-09,6.637093539141822,6.7600026787555585,6.48345711462465,6.514184399528084,22749000.0
SHB,2022-12-12,6.575638969334952,6.882911818369296,6.452729829721215,6.452729829721215,38221800.0
SHB,2022-12-13,6.637093539141822,6.69854810894869,6.452729829721215,6.69854810894869,24840200.0
SHB,2022-12-14,6.7600026787555585,6.821457248562427,6.606366254238387,6.606366254238387,26105300.0
SHB,2022-12-15,6.606366254238387,6.7600026787555585,6.575638969334952,6.69854810894869,25341300.0
SHB,2022-12-16,6.606366254238387,6.913639103272731,6.575638969334952,6.667820824045255,33254900.0
SHB,2022-12-19,6.69854810894869,6.975093673079599,6.69854810894869,6.69854810894869,40563300.0
SHB,2022-12-20,6.69854810894869,6.729275393852124,6.299093405204044,6.48345711462465,35436400.0
SHB,2022-12-21,6.606366254238387,6.606366254238387,6.20691155049374,6.42200254481778,24449300.0
SHB,2022-12-22,6.514184399528084,6.637093539141822,6.391275259914346,6.452729829721215,15658300.0
SHB,2022-12-23,6.48345711462465,6.514184399528084,6.3298206901074785,6.3605479750109115,11720000.0
SHB,2022-12-26,6.3605479750109115,6.3605479750109115,5.918075072401458,5.918075072401458,26068900.0
SHB,2022-12-27,5.918075072401458,6.268366120300609,5.875056873536649,6.268366120300609,16866000.0
SHB,2022-12-28,6.3298206901074785,6.3298206901074785,6.139311523706184,6.20691155049374,13759500.0
SHB,2022-12-29,6.176184265590306,6.268366120300609,6.084002410880003,6.084002410880003,9482100.0
SHB,2022-12-30,6.176184265590306,6.20691155049374,6.084002410880003,6.114729695783437,5531200.0
SHB,2023-01-03,6.120875152764125,6.42200254481778,6.114729695783437,6.391275259914346,14685300.0
SHB,2023-01-04,6.391275259914346,6.514184399528084,6.3298206901074785,6.3298206901074785,14686900.0
SHB,2023-01-05,6.391275259914346,6.42200254481778,6.268366120300609,6.3605479750109115,11059100.0
SHB,2023-01-06,6.391275259914346,6.7600026787555585,6.3298206901074785,6.48345711462465,35327000.0
SHB,2023-01-09,6.575638969334952,6.637093539141822,6.452729829721215,6.452729829721215,17341500.0
SHB,2023-01-10,6.48345711462465,6.5449116844315185,6.391275259914346,6.452729829721215,16259065.0
SHB,2023-01-11,6.514184399528084,6.637093539141822,6.452729829721215,6.48345711462465,18410100.0
SHB,2023-01-12,6.5449116844315185,6.5449116844315185,6.452729829721215,6.452729829721215,15608770.0
SHB,2023-01-13,6.514184399528084,6.7600026787555585,6.514184399528084,6.575638969334952,25002300.0
SHB,2023-01-16,6.606366254238387,6.637093539141822,6.5449116844315185,6.575638969334952,20541400.0
SHB,2023-01-17,6.637093539141822,6.852184533465862,6.637093539141822,6.821457248562427,41380100.0
SHB,2023-01-18,6.852184533465862,6.913639103272731,6.790729963658993,6.821457248562427,16363600.0
SHB,2023-01-19,6.821457248562427,6.975093673079599,6.7600026787555585,6.852184533465862,25392200.0
SHB,2023-01-27,6.975093673079599,7.005820957983034,6.852184533465862,6.882911818369296,23906100.0
SHB,2023-01-30,6.882911818369296,6.913639103272731,6.69854810894869,6.69854810894869,36299300.0
SHB,2023-01-31,6.637093539141822,6.7600026787555585,6.575638969334952,6.7600026787555585,46706700.0
SHB,2023-02-01,6.821457248562427,6.882911818369296,6.48345711462465,6.514184399528084,24695300.0
SHB,2023-02-02,6.514184399528084,6.575638969334952,6.391275259914346,6.42200254481778,19352800.0
SHB,2023-02-03,6.452729829721215,6.5449116844315185,6.391275259914346,6.42200254481778,12379500.0
SHB,2023-02-06,6.42200254481778,6.48345711462465,6.3605479750109115,6.42200254481778,32597500.0
SHB,2023-02-07,6.452729829721215,6.48345711462465,6.20691155049374,6.237638835397175,21319200.0
SHB,2023-02-08,6.268366120300609,6.3298206901074785,6.1454569806868715,6.237638835397175,15805500.0
SHB,2023-02-09,6.268366120300609,6.299093405204044,6.20691155049374,6.237638835397175,5341900.0
SHB,2023-02-10,6.237638835397175,6.3298206901074785,6.176184265590306,6.20691155049374,7295300.0
SHB,2023-02-13,6.176184265590306,6.176184265590306,5.97338418522764,6.022547841073134,23154000.0
SHB,2023-02-14,6.077856953899317,6.10858423880275,6.034838755034508,6.047129668995882,8691000.0
SHB,2023-02-15,6.077856953899317,6.237638835397175,6.053275125976568,6.139311523706184,8905200.0
SHB,2023-02-16,6.20691155049374,6.237638835397175,6.127020609744811,6.20691155049374,6448000.0
SHB,2023-02-17,6.20691155049374,6.299093405204044,6.1454569806868715,6.20691155049374,10178200.0
SHB,2023-02-20,6.20691155049374,6.48345711462465,6.20691155049374,6.452729829721215,20232500.0
SHB,2023-02-21,6.514184399528084,6.5449116844315185,6.3605479750109115,6.3605479750109115,23090000.0
SHB,2023-02-22,6.268366120300609,6.3298206901074785,6.20691155049374,6.20691155049374,13266300.0
SHB,2023-02-23,6.176184265590306,6.20691155049374,6.09014786786069,6.20691155049374,13939500.0
SHB,2023-02-24,6.237638835397175,6.268366120300609,6.114729695783437,6.120875152764125,5692700.0
SHB,2023-02-27,6.022547841073134,6.084002410880003,6.01025692711176,6.016402384092447,10467200.0
SHB,2023-02-28,6.059420582957255,6.102438781822063,6.004111470131074,6.016402384092447,5847000.0
SHB,2023-03-01,6.022547841073134,6.1454569806868715,5.954947814285578,6.1454569806868715,14590000.0
SHB,2023-03-02,6.176184265590306,6.20691155049374,6.084002410880003,6.084002410880003,3511100.0
SHB,2023-03-03,6.133166066725498,6.1454569806868715,6.01025692711176,6.01025692711176,6708700.0
SHB,2023-03-06,6.09014786786069,6.176184265590306,6.09014786786069,6.096293324841376,11916700.0
SHB,2023-03-07,6.139311523706184,6.1454569806868715,6.096293324841376,6.127020609744811,5608200.0
SHB,2023-03-08,6.040984212015195,6.20691155049374,6.040984212015195,6.176184265590306,8004400.0
SHB,2023-03-09,6.20691155049374,6.3605479750109115,6.176184265590306,6.3298206901074785,18463600.0
SHB,2023-03-10,6.268366120300609,6.299093405204044,6.20691155049374,6.20691155049374,7313400.0
SHB,2023-03-13,6.114729695783437,6.20691155049374,6.084002410880003,6.10858423880275,20814400.0
SHB,2023-03-14,6.10858423880275,6.268366120300609,6.096293324841376,6.133166066725498,22661700.0
SHB,2023-03-15,6.268366120300609,6.3298206901074785,6.20691155049374,6.299093405204044,21323500.0
SHB,2023-03-16,6.237638835397175,6.268366120300609,6.20691155049374,6.20691155049374,22039700.0
SHB,2023-03-17,6.268366120300609,6.3298206901074785,6.20691155049374,6.299093405204044,37132100.0
SHB,2023-03-20,6.268366120300609,6.268366120300609,6.096293324841376,6.1454569806868715,21828100.0
SHB,2023-03-21,6.20691155049374,6.268366120300609,6.120875152764125,6.237638835397175,16140895.0
SHB,2023-03-22,6.268366120300609,6.3298206901074785,6.20691155049374,6.268366120300609,13458800.0
SHB,2023-03-23,6.176184265590306,6.514184399528084,6.1454569806868715,6.452729829721215,36742600.0
SHB,2023-03-24,6.514184399528084,6.5449116844315185,6.391275259914346,6.452729829721215,16194900.0
SHB,2023-03-27,6.452729829721215,6.575638969334952,6.391275259914346,6.5449116844315185,36925000.0
SHB,2023-03-28,6.575638969334952,6.667820824045255,6.514184399528084,6.667820824045255,37441600.0
SHB,2023-03-29,6.667820824045255,6.667820824045255,6.5449116844315185,6.637093539141822,27690300.0
SHB,2023-03-30,6.667820824045255,6.667820824045255,6.514184399528084,6.514184399528084,67383521.0
SHB,2023-03-31,6.514184399528084,6.606366254238387,6.48345711462465,6.606366254238387,45228278.0
SHB,2023-04-03,6.667820824045255,6.882911818369296,6.575638969334952,6.882911818369296,69671100.0
SHB,2023-04-04,6.882911818369296,7.067275527789902,6.790729963658993,7.067275527789902,47120900.0
SHB,2023-04-05,7.005820957983034,7.1594573825002055,6.9443663881761655,7.098002812693337,60435200.0
SHB,2023-04-06,7.1594573825002055,7.190184667403639,6.913639103272731,6.975093673079599,40722800.0
SHB,2023-04-07,6.975093673079599,7.128730097596771,6.729275393852124,7.128730097596771,37008000.0
SHB,2023-04-10,7.128730097596771,7.3745483768242455,7.067275527789902,7.3745483768242455,60174000.0
SHB,2023-04-11,7.313093807017378,7.466730231534549,7.1594573825002055,7.220911952307074,32852100.0
SHB,2023-04-12,7.40527566172768,7.5589120862448524,7.3745483768242455,7.497457516437983,45108200.0
SHB,2023-04-13,7.528184801341418,7.5589120862448524,7.3745483768242455,7.40527566172768,22731700.0
SHB,2023-04-14,7.466730231534549,7.5589120862448524,7.220911952307074,7.282366522113943,53442200.0
SHB,2023-04-17,7.220911952307074,7.313093807017378,7.098002812693337,7.251639237210509,29175700.0
SHB,2023-04-18,7.251639237210509,7.282366522113943,7.036548242886467,7.067275527789902,30915000.0
SHB,2023-04-19,7.098002812693337,7.190184667403639,6.975093673079599,6.975093673079599,38336900.0
SHB,2023-04-20,6.975093673079599,7.036548242886467,6.913639103272731,6.975093673079599,23711300.0
SHB,2023-04-21,7.005820957983034,7.067275527789902,6.821457248562427,6.821457248562427,27810100.0
SHB,2023-04-24,6.821457248562427,6.882911818369296,6.69854810894869,6.7600026787555585,30300800.0
SHB,2023-04-25,6.821457248562427,6.882911818369296,6.69854810894869,6.69854810894869,23761300.0
SHB,2023-04-26,6.69854810894869,6.790729963658993,6.606366254238387,6.790729963658993,25521797.0
SHB,2023-04-27,6.913639103272731,6.9443663881761655,6.790729963658993,6.790729963658993,15516700.0
SHB,2023-04-28,6.882911818369296,6.882911818369296,6.790729963658993,6.882911818369296,12092200.0
SHB,2023-05-04,6.913639103272731,6.9443663881761655,6.7600026787555585,6.790729963658993,25741500.0
SHB,2023-05-05,6.790729963658993,6.821457248562427,6.729275393852124,6.729275393852124,25556200.0
SHB,2023-05-08,6.790729963658993,6.913639103272731,6.7600026787555585,6.882911818369296,24936900.0
SHB,2023-05-09,6.9443663881761655,6.9443663881761655,6.852184533465862,6.882911818369296,12045300.0
SHB,2023-05-10,6.913639103272731,7.1594573825002055,6.882911818369296,7.128730097596771,26593100.0
SHB,2023-05-11,7.190184667403639,7.190184667403639,7.067275527789902,7.067275527789902,15452400.0
SHB,2023-05-12,7.067275527789902,7.128730097596771,7.005820957983034,7.128730097596771,15898700.0
SHB,2023-05-15,7.190184667403639,7.251639237210509,7.067275527789902,7.067275527789902,21158500.0
SHB,2023-05-16,7.098002812693337,7.1594573825002055,7.005820957983034,7.128730097596771,41605300.0
SHB,2023-05-17,7.128730097596771,7.190184667403639,6.975093673079599,7.190184667403639,34106800.0
SHB,2023-05-18,7.190184667403639,7.190184667403639,7.067275527789902,7.128730097596771,18813600.0
SHB,2023-05-19,7.128730097596771,7.282366522113943,7.036548242886467,7.251639237210509,38363200.0
SHB,2023-05-22,7.251639237210509,7.3745483768242455,7.190184667403639,7.3745483768242455,42004400.0
SHB,2023-05-23,7.3745483768242455,7.436002946631114,7.190184667403639,7.343821091920811,25891700.0
SHB,2023-05-24,7.3745483768242455,7.3745483768242455,7.220911952307074,7.282366522113943,28677600.0
SHB,2023-05-25,7.251639237210509,7.251639237210509,7.067275527789902,7.220911952307074,34299600.0
SHB,2023-05-26,7.220911952307074,7.220911952307074,7.098002812693337,7.098002812693337,22606500.0
SHB,2023-05-29,7.1594573825002055,7.251639237210509,7.128730097596771,7.190184667403639,20874100.0
SHB,2023-05-30,7.190184667403639,7.251639237210509,7.1594573825002055,7.220911952307074,15999000.0
SHB,2023-05-31,7.251639237210509,7.282366522113943,7.190184667403639,7.220911952307074,29747000.0
SHB,2023-06-01,7.220911952307074,7.251639237210509,7.1594573825002055,7.220911952307074,22161400.0
SHB,2023-06-02,7.343821091920811,7.497457516437983,7.313093807017378,7.40527566172768,57346300.0
SHB,2023-06-05,7.528184801341418,7.620366656051721,7.436002946631114,7.589639371148286,50781100.0
SHB,2023-06-06,7.497457516437983,7.68182122585859,7.497457516437983,7.68182122585859,41621000.0
SHB,2023-06-07,7.68182122585859,7.743275795665458,7.528184801341418,7.5589120862448524,43124600.0
SHB,2023-06-08,7.5589120862448524,7.589639371148286,7.40527566172768,7.497457516437983,48168500.0
SHB,2023-06-09,7.528184801341418,7.528184801341418,7.343821091920811,7.466730231534549,26869500.0
SHB,2023-06-12,7.528184801341418,7.5589120862448524,7.40527566172768,7.497457516437983,16384100.0
SHB,2023-06-13,7.5589120862448524,7.620366656051721,7.497457516437983,7.528184801341418,23584800.0
SHB,2023-06-14,7.5589120862448524,7.712548510762025,7.528184801341418,7.712548510762025,51910700.0
SHB,2023-06-15,7.68182122585859,7.743275795665458,7.5589120862448524,7.651093940955155,23983700.0
SHB,2023-06-16,7.68182122585859,7.866184935279196,7.620366656051721,7.743275795665458,45011900.0
SHB,2023-06-19,7.743275795665458,7.89691222018263,7.68182122585859,7.866184935279196,42200500.0
SHB,2023-06-20,7.927639505086065,7.927639505086065,7.743275795665458,7.804730365472326,20611100.0
SHB,2023-06-21,7.835457650375761,7.866184935279196,7.743275795665458,7.804730365472326,27687400.0
SHB,2023-06-22,7.835457650375761,7.89691222018263,7.804730365472326,7.804730365472326,22650400.0
SHB,2023-06-23,7.866184935279196,7.989094074892933,7.804730365472326,7.866184935279196,24501700.0
SHB,2023-06-26,7.89691222018263,7.9583667899894985,7.774003080568892,7.835457650375761,22258100.0
SHB,2023-06-27,7.835457650375761,7.89691222018263,7.774003080568892,7.804730365472326,11679200.0
SHB,2023-06-28,7.835457650375761,7.927639505086065,7.804730365472326,7.89691222018263,16906900.0
SHB,2023-06-29,7.927639505086065,7.9583667899894985,7.743275795665458,7.743275795665458,17700200.0
SHB,2023-06-30,7.743275795665458,7.774003080568892,7.68182122585859,7.68182122585859,11530000.0
SHB,2023-07-03,7.712548510762025,8.050548644699802,7.712548510762025,7.9583667899894985,38240800.0
SHB,2023-07-04,8.050548644699802,8.204185069216972,7.989094074892933,8.142730499410105,32318700.0
SHB,2023-07-05,8.234912354120407,8.234912354120407,8.081275929603237,8.081275929603237,19476900.0
SHB,2023-07-06,8.081275929603237,8.142730499410105,7.89691222018263,8.019821359796367,29352914.0
SHB,2023-07-07,8.081275929603237,8.327094208830712,8.019821359796367,8.296366923927277,27428700.0
SHB,2023-07-10,8.357821493734145,8.38854877863758,8.265639639023842,8.296366923927277,24795600.0
SHB,2023-07-11,8.357821493734145,8.450003348444449,8.296366923927277,8.357821493734145,24308000.0
SHB,2023-07-12,8.357821493734145,8.450003348444449,8.265639639023842,8.450003348444449,23260400.0
SHB,2023-07-13,8.450003348444449,8.511457918251317,8.38854877863758,8.480730633347884,17330000.0
SHB,2023-07-14,8.542185203154752,8.542185203154752,8.296366923927277,8.419276063541014,19725300.0
SHB,2023-07-17,8.480730633347884,8.480730633347884,8.38854877863758,8.419276063541014,15766400.0
SHB,2023-07-18,8.542185203154752,8.726548912575357,8.480730633347884,8.695821627671924,27176300.0
SHB,2023-07-19,8.757276197478792,8.788003482382226,8.665094342768489,8.665094342768489,31385100.0
SHB,2023-07-20,8.665094342768489,8.880185337092529,8.634367057865054,8.818730767285661,27002800.0
SHB,2023-07-21,8.818730767285661,8.972367191802832,8.818730767285661,8.849458052189096,47885300.0
SHB,2023-07-24,9.13706543888524,9.209581831257346,9.064549046513136,9.13706543888524,23586300.0
SHB,2023-07-25,9.209581831257346,9.354614616001555,9.100807242699188,9.13706543888524,25647700.0
SHB,2023-07-26,9.173323635071293,9.173323635071293,9.064549046513136,9.13706543888524,17230100.0
SHB,2023-07-27,9.13706543888524,9.13706543888524,8.955774457954977,9.064549046513136,21167700.0
SHB,2023-07-28,9.028290850327082,9.173323635071293,8.955774457954977,9.13706543888524,17589900.0
SHB,2023-07-31,9.13706543888524,9.209581831257346,9.064549046513136,9.13706543888524,19314300.0
SHB,2023-08-01,9.13706543888524,9.245840027443398,9.100807242699188,9.100807242699188,32229400.0
SHB,2023-08-02,9.100807242699188,9.173323635071293,9.064549046513136,9.173323635071293,24500700.0
SHB,2023-08-03,9.209581831257346,9.209581831257346,9.100807242699188,9.173323635071293,18335300.0
SHB,2023-08-04,9.209581831257346,9.644680185489976,9.173323635071293,9.644680185489976,42082400.0
SHB,2023-08-07,9.644680185489976,9.862229362606291,9.644680185489976,9.753454774048134,32182800.0
SHB,2023-08-08,9.82597116642024,9.82597116642024,9.608421989303924,9.608421989303924,31347500.0
SHB,2023-08-09,9.57216379311787,9.717196577862081,9.499647400745765,9.53590559693182,21842400.0
SHB,2023-08-10,9.53590559693182,9.608421989303924,9.354614616001555,9.390872812187608,24666400.0
SHB,2023-08-11,9.390872812187608,9.499647400745765,9.209581831257346,9.390872812187608,20739600.0
SHB,2023-08-14,9.42713100837366,9.463389204559714,9.318356419815503,9.390872812187608,23763200.0
SHB,2023-08-15,9.390872812187608,9.499647400745765,9.354614616001555,9.390872812187608,18105000.0
SHB,2023-08-16,9.390872812187608,9.499647400745765,9.318356419815503,9.354614616001555,21292100.0
SHB,2023-08-17,9.390872812187608,9.42713100837366,9.318356419815503,9.318356419815503,18716400.0
SHB,2023-08-18,9.318356419815503,9.318356419815503,8.70196708465261,8.70196708465261,41735200.0
SHB,2023-08-21,8.629450692280505,8.919516261768926,8.520676103722348,8.810741673210767,30327600.0
SHB,2023-08-22,8.84699986939682,8.883258065582872,8.520676103722348,8.774483477024715,21654900.0
SHB,2023-08-23,8.84699986939682,8.883258065582872,8.629450692280505,8.70196708465261,19668600.0
SHB,2023-08-24,8.70196708465261,8.774483477024715,8.629450692280505,8.774483477024715,15319400.0
SHB,2023-08-25,8.774483477024715,8.774483477024715,8.665708888466558,8.665708888466558,14010679.0
SHB,2023-08-28,8.70196708465261,8.810741673210767,8.665708888466558,8.774483477024715,25748623.0
SHB,2023-08-29,8.810741673210767,8.992032654141031,8.774483477024715,8.883258065582872,43012355.0
SHB,2023-08-30,8.883258065582872,8.955774457954977,8.84699986939682,8.883258065582872,17506266.0
SHB,2023-08-31,8.955774457954977,9.028290850327082,8.883258065582872,9.028290850327082,20117372.0
SHB,2023-09-05,9.064549046513136,9.354614616001555,9.064549046513136,9.173323635071293,45002748.0
SHB,2023-09-06,9.173323635071293,9.28209822362945,9.13706543888524,9.173323635071293,25003788.0
SHB,2023-09-07,9.209581831257346,9.390872812187608,9.209581831257346,9.245840027443398,37159426.0
SHB,2023-09-08,9.28209822362945,9.318356419815503,9.209581831257346,9.209581831257346,22388795.0
SHB,2023-09-11,9.28209822362945,9.28209822362945,8.919516261768926,8.919516261768926,37721000.0
SHB,2023-09-12,8.992032654141031,9.100807242699188,8.84699986939682,9.100807242699188,25781001.0
SHB,2023-09-13,9.13706543888524,9.173323635071293,8.919516261768926,8.955774457954977,23450400.0
SHB,2023-09-14,8.992032654141031,9.173323635071293,8.919516261768926,8.919516261768926,29077200.0
SHB,2023-09-15,8.992032654141031,9.064549046513136,8.84699986939682,8.84699986939682,25022900.0
SHB,2023-09-18,8.883258065582872,8.955774457954977,8.738225280838662,8.774483477024715,18750512.0
SHB,2023-09-19,8.774483477024715,8.810741673210767,8.665708888466558,8.738225280838662,26901586.0
SHB,2023-09-20,8.738225280838662,8.883258065582872,8.738225280838662,8.84699986939682,17124435.0
SHB,2023-09-21,8.84699986939682,8.883258065582872,8.70196708465261,8.738225280838662,17851124.0
SHB,2023-09-22,8.629450692280505,8.665708888466558,8.339385122792084,8.5569342999084,35086035.0
SHB,2023-09-25,8.5569342999084,8.593192496094453,7.976803160931559,7.976803160931559,63511723.0
SHB,2023-09-26,7.976803160931559,8.194352338047874,7.831770376187349,7.831770376187349,67868367.0
SHB,2023-09-27,7.868028572373402,8.049319553303665,7.686737591443139,8.049319553303665,19975758.0
SHB,2023-09-28,8.049319553303665,8.085577749489717,7.868028572373402,7.940544964745507,13798066.0
SHB,2023-09-29,8.013061357117612,8.194352338047874,7.976803160931559,8.049319553303665,9491824.0
SHB,2023-10-02,8.049319553303665,8.12183594567577,7.976803160931559,8.013061357117612,9452771.0
SHB,2023-10-03,7.976803160931559,7.976803160931559,7.541704806698929,7.650479395257087,22388900.0
SHB,2023-10-04,7.577963002884981,7.795512180001297,7.541704806698929,7.722995787629192,10565201.0
SHB,2023-10-05,7.759253983815244,7.831770376187349,7.614221199071034,7.614221199071034,9199400.0
SHB,2023-10-06,7.614221199071034,7.831770376187349,7.614221199071034,7.759253983815244,10540400.0
SHB,2023-10-09,7.759253983815244,7.831770376187349,7.722995787629192,7.795512180001297,9475900.0
SHB,2023-10-10,7.831770376187349,7.976803160931559,7.831770376187349,7.868028572373402,10776600.0
SHB,2023-10-11,7.904286768559454,7.940544964745507,7.831770376187349,7.904286768559454,6746200.0
SHB,2023-10-12,7.904286768559454,8.013061357117612,7.868028572373402,7.868028572373402,10558800.0
SHB,2023-10-13,7.868028572373402,7.868028572373402,7.759253983815244,7.831770376187349,11770600.0
SHB,2023-10-16,7.795512180001297,7.868028572373402,7.686737591443139,7.686737591443139,30347700.0
SHB,2023-10-17,7.722995787629192,7.795512180001297,7.686737591443139,7.686737591443139,6451600.0
SHB,2023-10-18,7.686737591443139,7.722995787629192,7.432930218140771,7.541704806698929,32907300.0
SHB,2023-10-19,7.541704806698929,7.686737591443139,7.432930218140771,7.469188414326824,12093800.0
SHB,2023-10-20,7.469188414326824,7.614221199071034,7.360413825768666,7.577963002884981,12147300.0
SHB,2023-10-23,7.577963002884981,7.614221199071034,7.432930218140771,7.469188414326824,10820700.0
SHB,2023-10-24,7.505446610512876,7.759253983815244,7.505446610512876,7.686737591443139,16934300.0
SHB,2023-10-25,7.722995787629192,7.759253983815244,7.614221199071034,7.650479395257087,8098400.0
SHB,2023-10-26,7.541704806698929,7.577963002884981,7.244387597973298,7.287897433396561,29068200.0
SHB,2023-10-27,7.360413825768666,7.469188414326824,7.287897433396561,7.469188414326824,11621700.0
SHB,2023-10-30,7.432930218140771,7.469188414326824,7.360413825768666,7.360413825768666,9296800.0
SHB,2023-10-31,7.396672021954718,7.469188414326824,7.324155629582613,7.324155629582613,11478520.0
SHB,2023-11-01,7.396672021954718,7.541704806698929,7.324155629582613,7.505446610512876,17399300.0
SHB,2023-11-02,7.577963002884981,7.904286768559454,7.505446610512876,7.904286768559454,21560100.0
SHB,2023-11-03,7.940544964745507,7.940544964745507,7.759253983815244,7.759253983815244,15974100.0
SHB,2023-11-06,7.831770376187349,8.013061357117612,7.759253983815244,7.976803160931559,21140100.0
SHB,2023-11-07,7.976803160931559,8.013061357117612,7.868028572373402,7.868028572373402,15479700.0
SHB,2023-11-08,7.904286768559454,8.230610534233927,7.795512180001297,8.230610534233927,26158400.0
SHB,2023-11-09,8.26686873041998,8.339385122792084,8.12183594567577,8.158094141861822,22688400.0
SHB,2023-11-10,8.12183594567577,8.194352338047874,8.013061357117612,8.085577749489717,19878000.0
SHB,2023-11-13,8.085577749489717,8.194352338047874,7.940544964745507,8.013061357117612,17847700.0
SHB,2023-11-14,8.12183594567577,8.520676103722348,8.049319553303665,8.303126926606032,35776100.0
SHB,2023-11-15,8.448159711350243,8.593192496094453,8.303126926606032,8.375643318978138,34864700.0
SHB,2023-11-16,8.339385122792084,8.411901515164189,8.26686873041998,8.411901515164189,12960500.0
SHB,2023-11-17,8.411901515164189,8.484417907536294,8.049319553303665,8.12183594567577,29322600.0
SHB,2023-11-20,7.904286768559454,8.230610534233927,7.904286768559454,8.12183594567577,25557900.0
SHB,2023-11-21,8.194352338047874,8.230610534233927,8.085577749489717,8.158094141861822,29373800.0
SHB,2023-11-22,8.12183594567577,8.194352338047874,8.085577749489717,8.194352338047874,26326300.0
SHB,2023-11-23,8.194352338047874,8.26686873041998,7.940544964745507,7.940544964745507,15369400.0
SHB,2023-11-24,8.013061357117612,8.013061357117612,7.722995787629192,7.940544964745507,28194500.0
SHB,2023-11-27,7.940544964745507,7.976803160931559,7.759253983815244,7.795512180001297,21115400.0
SHB,2023-11-28,7.831770376187349,7.904286768559454,7.686737591443139,7.868028572373402,13113900.0
SHB,2023-11-29,7.904286768559454,7.940544964745507,7.831770376187349,7.868028572373402,10093300.0
SHB,2023-11-30,7.904286768559454,7.976803160931559,7.831770376187349,7.831770376187349,11310600.0
SHB,2023-12-01,7.868028572373402,7.904286768559454,7.759253983815244,7.868028572373402,8201500.0
SHB,2023-12-04,7.904286768559454,8.12183594567577,7.868028572373402,8.049319553303665,36128300.0
SHB,2023-12-05,8.085577749489717,8.12183594567577,7.940544964745507,7.940544964745507,16901800.0
SHB,2023-12-06,7.976803160931559,8.013061357117612,7.940544964745507,7.976803160931559,17420300.0
SHB,2023-12-07,8.013061357117612,8.194352338047874,7.940544964745507,8.013061357117612,36564300.0
SHB,2023-12-08,8.013061357117612,8.12183594567577,7.940544964745507,7.976803160931559,25354900.0
SHB,2023-12-11,8.013061357117612,8.12183594567577,7.976803160931559,8.085577749489717,25108500.0
SHB,2023-12-12,8.085577749489717,8.158094141861822,8.049319553303665,8.049319553303665,30693000.0
SHB,2023-12-13,8.085577749489717,8.12183594567577,7.904286768559454,7.904286768559454,23293000.0
SHB,2023-12-14,7.940544964745507,7.976803160931559,7.831770376187349,7.831770376187349,22359300.0
SHB,2023-12-15,7.868028572373402,7.940544964745507,7.795512180001297,7.831770376187349,19722500.0
SHB,2023-12-18,7.868028572373402,7.868028572373402,7.722995787629192,7.759253983815244,15816500.0
SHB,2023-12-19,7.722995787629192,7.795512180001297,7.686737591443139,7.759253983815244,14569500.0
SHB,2023-12-20,7.795512180001297,7.831770376187349,7.722995787629192,7.759253983815244,8591400.0
SHB,2023-12-21,7.722995787629192,7.795512180001297,7.722995787629192,7.722995787629192,9717900.0
SHB,2023-12-22,7.759253983815244,7.831770376187349,7.722995787629192,7.759253983815244,10060700.0
SHB,2023-12-25,7.759253983815244,7.868028572373402,7.759253983815244,7.795512180001297,21198700.0
SHB,2023-12-26,7.831770376187349,7.868028572373402,7.759253983815244,7.759253983815244,18659900.0
SHB,2023-12-27,7.795512180001297,7.831770376187349,7.759253983815244,7.795512180001297,8025600.0
SHB,2023-12-28,7.831770376187349,7.868028572373402,7.759253983815244,7.831770376187349,10707700.0
SHB,2023-12-29,7.868028572373402,7.940544964745507,7.831770376187349,7.831770376187349,12346100.0
SHB,2024-01-02,7.904286768559454,8.049319553303665,7.868028572373402,7.940544964745507,43187900.0
SHB,2024-01-03,7.940544964745507,8.158094141861822,7.940544964745507,8.158094141861822,33358300.0
SHB,2024-01-04,8.194352338047874,8.520676103722348,8.158094141861822,8.303126926606032,68045800.0
SHB,2024-01-05,8.339385122792084,8.411901515164189,8.230610534233927,8.375643318978138,39860300.0
SHB,2024-01-08,8.448159711350243,8.520676103722348,8.375643318978138,8.484417907536294,40595000.0
SHB,2024-01-09,8.484417907536294,8.520676103722348,8.375643318978138,8.484417907536294,31624900.0
SHB,2024-01-10,8.484417907536294,8.84699986939682,8.411901515164189,8.70196708465261,96499700.0
SHB,2024-01-11,8.774483477024715,8.992032654141031,8.70196708465261,8.774483477024715,46231100.0
SHB,2024-01-12,8.629450692280505,9.028290850327082,8.593192496094453,8.919516261768926,64697000.0
SHB,2024-01-15,8.992032654141031,9.064549046513136,8.810741673210767,8.810741673210767,43806600.0
SHB,2024-01-16,8.738225280838662,8.84699986939682,8.665708888466558,8.84699986939682,38727500.0
SHB,2024-01-17,8.84699986939682,8.955774457954977,8.70196708465261,8.70196708465261,53998290.0
SHB,2024-01-18,8.70196708465261,8.774483477024715,8.665708888466558,8.738225280838662,26279200.0
SHB,2024-01-19,8.810741673210767,8.84699986939682,8.738225280838662,8.810741673210767,23865300.0
SHB,2024-01-22,8.919516261768926,8.919516261768926,8.774483477024715,8.810741673210767,35749400.0
SHB,2024-01-23,8.810741673210767,8.883258065582872,8.738225280838662,8.774483477024715,33000200.0
SHB,2024-01-24,8.774483477024715,8.992032654141031,8.738225280838662,8.84699986939682,55741100.0
SHB,2024-01-25,8.883258065582872,8.955774457954977,8.84699986939682,8.883258065582872,27645300.0
SHB,2024-01-26,8.919516261768926,8.955774457954977,8.883258065582872,8.955774457954977,21786100.0
SHB,2024-01-29,8.992032654141031,9.064549046513136,8.919516261768926,8.919516261768926,21319800.0
SHB,2024-01-30,8.919516261768926,8.955774457954977,8.84699986939682,8.919516261768926,22356200.0
SHB,2024-01-31,8.84699986939682,8.883258065582872,8.339385122792084,8.411901515164189,129843200.0
SHB,2024-02-01,8.411901515164189,8.520676103722348,8.339385122792084,8.411901515164189,33599374.0
SHB,2024-02-02,8.448159711350243,8.484417907536294,8.230610534233927,8.303126926606032,39989500.0
SHB,2024-02-05,8.26686873041998,8.593192496094453,8.26686873041998,8.520676103722348,50146900.0
SHB,2024-02-06,8.593192496094453,8.593192496094453,8.375643318978138,8.375643318978138,18686400.0
SHB,2024-02-07,8.411901515164189,8.520676103722348,8.375643318978138,8.448159711350243,23906017.0
SHB,2024-02-15,8.520676103722348,8.810741673210767,8.484417907536294,8.629450692280505,48133100.0
SHB,2024-02-16,8.70196708465261,8.774483477024715,8.593192496094453,8.629450692280505,24259400.0
SHB,2024-02-19,8.70196708465261,8.774483477024715,8.593192496094453,8.70196708465261,27719700.0
SHB,2024-02-20,8.70196708465261,8.774483477024715,8.5569342999084,8.593192496094453,42615900.0
SHB,2024-02-21,8.629450692280505,8.70196708465261,8.5569342999084,8.629450692280505,51480800.0
SHB,2024-02-22,8.70196708465261,8.955774457954977,8.665708888466558,8.774483477024715,45132900.0
SHB,2024-02-23,8.774483477024715,8.919516261768926,8.593192496094453,8.593192496094453,50831100.0
SHB,2024-02-26,8.593192496094453,8.629450692280505,8.484417907536294,8.520676103722348,34905300.0
SHB,2024-02-27,8.5569342999084,8.629450692280505,8.484417907536294,8.629450692280505,29482000.0
SHB,2024-02-28,8.665708888466558,8.665708888466558,8.5569342999084,8.629450692280505,24129600.0
SHB,2024-02-29,8.70196708465261,8.738225280838662,8.520676103722348,8.5569342999084,30596500.0
SHB,2024-03-01,8.593192496094453,8.629450692280505,8.520676103722348,8.629450692280505,29226500.0
SHB,2024-03-04,8.665708888466558,8.70196708465261,8.5569342999084,8.593192496094453,32338138.0
SHB,2024-03-05,8.593192496094453,8.629450692280505,8.484417907536294,8.593192496094453,27682100.0
SHB,2024-03-06,8.5569342999084,8.738225280838662,8.520676103722348,8.5569342999084,37339838.0
SHB,2024-03-07,8.593192496094453,8.665708888466558,8.520676103722348,8.629450692280505,20374600.0
SHB,2024-03-08,8.665708888466558,8.70196708465261,8.484417907536294,8.484417907536294,26237800.0
SHB,2024-03-11,8.484417907536294,8.484417907536294,8.230610534233927,8.26686873041998,40610500.0
SHB,2024-03-12,8.230610534233927,8.303126926606032,8.158094141861822,8.194352338047874,27009840.0
SHB,2024-03-13,8.194352338047874,8.411901515164189,8.194352338047874,8.375643318978138,18031100.0
SHB,2024-03-14,8.411901515164189,8.411901515164189,8.26686873041998,8.303126926606032,17755100.0
SHB,2024-03-15,8.303126926606032,8.339385122792084,8.230610534233927,8.26686873041998,17962000.0
SHB,2024-03-18,8.26686873041998,8.339385122792084,7.976803160931559,8.085577749489717,45702900.0
SHB,2024-03-19,8.12183594567577,8.194352338047874,8.085577749489717,8.12183594567577,56265848.0
SHB,2024-03-20,8.12183594567577,8.303126926606032,8.049319553303665,8.230610534233927,25619300.0
SHB,2024-03-21,8.303126926606032,8.375643318978138,8.230610534233927,8.303126926606032,56736900.0
SHB,2024-03-22,8.375643318978138,8.484417907536294,8.303126926606032,8.375643318978138,26978400.0
SHB,2024-03-25,8.375643318978138,8.411901515164189,8.303126926606032,8.303126926606032,23961700.0
SHB,2024-03-26,8.303126926606032,8.375643318978138,8.26686873041998,8.339385122792084,21716300.0
SHB,2024-03-27,8.339385122792084,8.411901515164189,8.303126926606032,8.339385122792084,13149000.0
SHB,2024-03-28,8.375643318978138,8.448159711350243,8.339385122792084,8.411901515164189,14036400.0
SHB,2024-03-29,8.411901515164189,8.411901515164189,8.26686873041998,8.26686873041998,18186600.0
SHB,2024-04-01,8.303126926606032,8.339385122792084,8.230610534233927,8.303126926606032,13432900.0
SHB,2024-04-02,8.26686873041998,8.26686873041998,8.158094141861822,8.26686873041998,23421600.0
SHB,2024-04-03,8.26686873041998,8.26686873041998,8.12183594567577,8.158094141861822,21717300.0
SHB,2024-04-04,8.194352338047874,8.194352338047874,8.12183594567577,8.12183594567577,14842200.0
SHB,2024-04-05,8.085577749489717,8.12183594567577,8.049319553303665,8.085577749489717,13720200.0
SHB,2024-04-08,8.085577749489717,8.12183594567577,8.013061357117612,8.049319553303665,14630600.0
SHB,2024-04-09,8.085577749489717,8.158094141861822,8.013061357117612,8.12183594567577,12063700.0
SHB,2024-04-10,8.158094141861822,8.230610534233927,8.12183594567577,8.12183594567577,20749700.0
SHB,2024-04-11,8.085577749489717,8.158094141861822,8.049319553303665,8.049319553303665,12480200.0
SHB,2024-04-12,8.12183594567577,8.194352338047874,8.049319553303665,8.194352338047874,28014700.0
SHB,2024-04-15,8.303126926606032,8.738225280838662,8.158094141861822,8.230610534233927,104663600.0
SHB,2024-04-16,8.339385122792084,8.448159711350243,8.158094141861822,8.339385122792084,37915700.0
SHB,2024-04-17,8.448159711350243,8.448159711350243,8.049319553303665,8.049319553303665,32443000.0
SHB,2024-04-19,8.12183594567577,8.230610534233927,8.049319553303665,8.085577749489717,38197000.0
SHB,2024-04-22,8.194352338047874,8.26686873041998,8.085577749489717,8.158094141861822,29777474.0
SHB,2024-04-23,8.158094141861822,8.194352338047874,7.868028572373402,7.940544964745507,39471100.0
SHB,2024-04-24,8.013061357117612,8.194352338047874,8.013061357117612,8.12183594567577,25751500.0
SHB,2024-04-25,8.12183594567577,8.158094141861822,8.049319553303665,8.049319553303665,13148000.0
SHB,2024-04-26,8.085577749489717,8.411901515164189,8.085577749489717,8.303126926606032,33098200.0
SHB,2024-05-02,8.339385122792084,8.5569342999084,8.303126926606032,8.484417907536294,31406100.0
SHB,2024-05-03,8.5569342999084,8.593192496094453,8.375643318978138,8.411901515164189,22166100.0
SHB,2024-05-06,8.448159711350243,8.520676103722348,8.411901515164189,8.520676103722348,41203100.0
SHB,2024-05-07,8.5569342999084,8.5569342999084,8.411901515164189,8.448159711350243,22685100.0
SHB,2024-05-08,8.411901515164189,8.774483477024715,8.339385122792084,8.629450692280505,74596500.0
SHB,2024-05-09,8.665708888466558,8.774483477024715,8.520676103722348,8.520676103722348,37596394.0
SHB,2024-05-10,8.5569342999084,8.593192496094453,8.411901515164189,8.411901515164189,18443900.0
SHB,2024-05-13,8.448159711350243,8.520676103722348,8.411901515164189,8.448159711350243,34250800.0
SHB,2024-05-14,8.484417907536294,8.5569342999084,8.375643318978138,8.411901515164189,20388200.0
SHB,2024-05-15,8.448159711350243,8.484417907536294,8.375643318978138,8.411901515164189,23545100.0
SHB,2024-05-16,8.484417907536294,8.593192496094453,8.448159711350243,8.593192496094453,36799200.0
SHB,2024-05-17,8.629450692280505,8.919516261768926,8.593192496094453,8.70196708465261,78900200.0
SHB,2024-05-20,8.810741673210767,8.84699986939682,8.5569342999084,8.593192496094453,73910900.0
SHB,2024-05-21,8.593192496094453,8.629450692280505,8.484417907536294,8.593192496094453,40828000.0
SHB,2024-05-22,8.629450692280505,8.629450692280505,8.448159711350243,8.448159711350243,56932600.0
SHB,2024-05-23,8.448159711350243,8.520676103722348,8.375643318978138,8.520676103722348,30264200.0
SHB,2024-05-24,8.448159711350243,8.5569342999084,8.339385122792084,8.375643318978138,39512500.0
SHB,2024-05-27,8.411901515164189,8.448159711350243,8.339385122792084,8.411901515164189,16216200.0
SHB,2024-05-28,8.411901515164189,8.484417907536294,8.375643318978138,8.484417907536294,17896200.0
SHB,2024-05-29,8.484417907536294,8.520676103722348,8.339385122792084,8.375643318978138,25358500.0
SHB,2024-05-30,8.339385122792084,8.375643318978138,8.230610534233927,8.26686873041998,27798100.0
SHB,2024-05-31,8.303126926606032,8.339385122792084,8.26686873041998,8.26686873041998,14564200.0
SHB,2024-06-03,8.339385122792084,8.520676103722348,8.303126926606032,8.448159711350243,24032705.0
SHB,2024-06-04,8.484417907536294,8.484417907536294,8.375643318978138,8.375643318978138,19424000.0
SHB,2024-06-05,8.411901515164189,8.448159711350243,8.339385122792084,8.375643318978138,21915000.0
SHB,2024-06-06,8.411901515164189,8.774483477024715,8.339385122792084,8.593192496094453,69364500.0
SHB,2024-06-07,8.629450692280505,8.70196708465261,8.520676103722348,8.5569342999084,17165701.0
SHB,2024-06-10,8.629450692280505,8.665708888466558,8.448159711350243,8.520676103722348,37492500.0
SHB,2024-06-11,8.520676103722348,8.5569342999084,8.411901515164189,8.448159711350243,25815600.0
SHB,2024-06-12,8.448159711350243,8.593192496094453,8.411901515164189,8.5569342999084,29010100.0
SHB,2024-06-13,8.629450692280505,8.774483477024715,8.520676103722348,8.70196708465261,48447200.0
SHB,2024-06-14,8.774483477024715,8.774483477024715,8.484417907536294,8.484417907536294,27755502.0
SHB,2024-06-17,8.484417907536294,8.520676103722348,8.375643318978138,8.448159711350243,26067100.0
SHB,2024-06-18,8.484417907536294,8.520676103722348,8.411901515164189,8.411901515164189,14941600.0
SHB,2024-06-19,8.448159711350243,8.484417907536294,8.339385122792084,8.411901515164189,22567800.0
SHB,2024-06-20,8.448159711350243,8.484417907536294,8.339385122792084,8.411901515164189,15674901.0
SHB,2024-06-21,8.411901515164189,8.484417907536294,8.375643318978138,8.375643318978138,11762605.0
SHB,2024-06-24,8.411901515164189,8.411901515164189,8.194352338047874,8.194352338047874,39470004.0
SHB,2024-06-25,8.26686873041998,8.303126926606032,8.230610534233927,8.26686873041998,15557500.0
SHB,2024-06-26,8.26686873041998,8.303126926606032,8.194352338047874,8.230610534233927,85292501.0
SHB,2024-06-27,8.230610534233927,8.303126926606032,8.194352338047874,8.194352338047874,11461202.0
SHB,2024-06-28,8.26686873041998,8.411901515164189,8.194352338047874,8.26686873041998,19711010.0
SHB,2024-07-01,8.26686873041998,8.448159711350243,8.26686873041998,8.411901515164189,20149904.0
SHB,2024-07-02,8.484417907536294,8.629450692280505,8.484417907536294,8.520676103722348,28958508.0
SHB,2024-07-03,8.593192496094453,8.593192496094453,8.484417907536294,8.520676103722348,14125706.0
SHB,2024-07-04,8.520676103722348,8.5569342999084,8.448159711350243,8.484417907536294,10471104.0
SHB,2024-07-05,8.484417907536294,8.5569342999084,8.448159711350243,8.520676103722348,13613000.0
SHB,2024-07-08,8.5569342999084,8.5569342999084,8.448159711350243,8.484417907536294,14757401.0
SHB,2024-07-09,8.484417907536294,8.629450692280505,8.484417907536294,8.5569342999084,21601200.0
SHB,2024-07-10,8.5569342999084,8.665708888466558,8.5569342999084,8.593192496094453,20788901.0
SHB,2024-07-11,8.629450692280505,8.665708888466558,8.5569342999084,8.593192496094453,16095400.0
SHB,2024-07-12,8.5569342999084,8.665708888466558,8.5569342999084,8.593192496094453,14695153.0
SHB,2024-07-15,8.629450692280505,8.70196708465261,8.593192496094453,8.665708888466558,27075734.0
SHB,2024-07-16,8.70196708465261,8.738225280838662,8.593192496094453,8.629450692280505,37646849.0
SHB,2024-07-17,8.629450692280505,8.810741673210767,8.5569342999084,8.593192496094453,59085414.0
SHB,2024-07-18,8.706758916446436,8.706758916446436,8.555337022247368,8.668903442896669,22804366.0
SHB,2024-07-19,8.631047969346902,8.706758916446436,8.479626075147833,8.555337022247368,31448428.0
SHB,2024-07-22,8.555337022247368,8.593192495797135,8.403915128048299,8.479626075147833,24889313.0
SHB,2024-07-23,8.479626075147833,8.517481548697601,8.328204180948765,8.328204180948765,23141208.0
SHB,2024-07-24,8.366059654498534,8.403915128048299,8.290348707398998,8.403915128048299,22102205.0
SHB,2024-07-25,8.403915128048299,8.403915128048299,8.328204180948765,8.366059654498534,8500333.0
SHB,2024-07-26,8.366059654498534,8.403915128048299,8.328204180948765,8.403915128048299,8538213.0
SHB,2024-07-29,8.403915128048299,8.441770601598067,8.328204180948765,8.366059654498534,7447008.0
SHB,2024-07-30,8.328204180948765,8.517481548697601,8.328204180948765,8.403915128048299,19092411.0
SHB,2024-07-31,8.441770601598067,8.479626075147833,8.366059654498534,8.441770601598067,11149127.0
SHB,2024-08-01,8.441770601598067,8.479626075147833,8.214637760299464,8.252493233849231,30293013.0
SHB,2024-08-02,8.252493233849231,8.252493233849231,8.063215866100396,8.214637760299464,24468508.0
SHB,2024-08-05,8.13892681319993,8.13892681319993,7.760372077702258,7.798227551252026,36291703.0
SHB,2024-08-06,7.87393849835156,7.987504919000862,7.798227551252026,7.949649445451094,19237904.0
SHB,2024-08-07,7.987504919000862,8.025360392550628,7.911793971901327,7.949649445451094,31148586.0
SHB,2024-08-08,7.949649445451094,7.987504919000862,7.836083024801793,7.87393849835156,21344016.0
SHB,2024-08-09,7.911793971901327,7.987504919000862,7.87393849835156,7.949649445451094,9878013.0
SHB,2024-08-12,7.949649445451094,7.987504919000862,7.87393849835156,7.949649445451094,7976316.0
SHB,2024-08-13,7.949649445451094,7.987504919000862,7.911793971901327,7.949649445451094,9189422.0
SHB,2024-08-14,7.949649445451094,7.987504919000862,7.911793971901327,7.911793971901327,9489506.0
SHB,2024-08-15,7.911793971901327,7.949649445451094,7.798227551252026,7.87393849835156,11527402.0
SHB,2024-08-16,7.911793971901327,8.063215866100396,7.87393849835156,8.025360392550628,15104002.0
SHB,2024-08-19,8.025360392550628,8.101071339650161,7.987504919000862,8.025360392550628,28429702.0
SHB,2024-08-20,8.025360392550628,8.101071339650161,8.025360392550628,8.063215866100396,16537502.0
SHB,2024-08-21,8.063215866100396,8.13892681319993,8.025360392550628,8.101071339650161,37077915.0
SHB,2024-08-22,8.13892681319993,8.176782286749697,8.063215866100396,8.063215866100396,18638242.0
SHB,2024-08-23,8.063215866100396,8.101071339650161,8.025360392550628,8.063215866100396,9030009.0
SHB,2024-08-26,8.13892681319993,8.176782286749697,8.025360392550628,8.025360392550628,31586909.0
SHB,2024-08-27,8.063215866100396,8.063215866100396,7.987504919000862,8.025360392550628,32276220.0
SHB,2024-08-28,8.025360392550628,8.063215866100396,7.987504919000862,8.025360392550628,18536359.0
SHB,2024-08-29,8.025360392550628,8.101071339650161,7.987504919000862,7.987504919000862,14114002.0
SHB,2024-08-30,7.987504919000862,8.025360392550628,7.987504919000862,7.987504919000862,9679105.0
SHB,2024-09-04,7.987504919000862,7.987504919000862,7.836083024801793,7.87393849835156,21060000.0
SHB,2024-09-05,7.911793971901327,7.949649445451094,7.836083024801793,7.87393849835156,13759402.0
SHB,2024-09-06,7.87393849835156,7.911793971901327,7.798227551252026,7.836083024801793,14541407.0
SHB,2024-09-09,7.836083024801793,7.87393849835156,7.798227551252026,7.836083024801793,11311110.0
SHB,2024-09-10,7.87393849835156,7.911793971901327,7.760372077702258,7.798227551252026,60123951.0
SHB,2024-09-11,7.798227551252026,7.836083024801793,7.760372077702258,7.798227551252026,11414303.0
SHB,2024-09-12,7.836083024801793,7.87393849835156,7.798227551252026,7.836083024801793,10512101.0
SHB,2024-09-13,7.836083024801793,7.87393849835156,7.798227551252026,7.798227551252026,5940500.0
SHB,2024-09-16,7.798227551252026,7.836083024801793,7.760372077702258,7.760372077702258,31181800.0
SHB,2024-09-17,7.760372077702258,7.87393849835156,7.722516604152491,7.87393849835156,13834336.0
SHB,2024-09-18,7.87393849835156,7.87393849835156,7.798227551252026,7.836083024801793,44697800.0
SHB,2024-09-19,7.87393849835156,7.87393849835156,7.798227551252026,7.836083024801793,8393601.0
SHB,2024-09-20,7.87393849835156,7.949649445451094,7.836083024801793,7.911793971901327,17998400.0
SHB,2024-09-23,7.911793971901327,7.949649445451094,7.836083024801793,7.836083024801793,11811201.0
SHB,2024-09-24,7.836083024801793,7.911793971901327,7.836083024801793,7.911793971901327,13736200.0
SHB,2024-09-25,7.949649445451094,8.025360392550628,7.911793971901327,7.987504919000862,24776900.0
SHB,2024-09-26,7.987504919000862,8.252493233849231,7.987504919000862,8.13892681319993,42217600.0
SHB,2024-09-27,8.214637760299464,8.517481548697601,8.214637760299464,8.328204180948765,50734100.0
SHB,2024-09-30,8.328204180948765,8.403915128048299,8.252493233849231,8.328204180948765,24494700.0
SHB,2024-10-01,8.366059654498534,8.479626075147833,8.328204180948765,8.366059654498534,30158606.0
SHB,2024-10-02,8.328204180948765,8.328204180948765,8.214637760299464,8.252493233849231,21227700.0
SHB,2024-10-03,8.252493233849231,8.555337022247368,8.214637760299464,8.290348707398998,46181500.0
SHB,2024-10-04,8.290348707398998,8.328204180948765,8.214637760299464,8.214637760299464,16306500.0
SHB,2024-10-07,8.252493233849231,8.328204180948765,8.13892681319993,8.214637760299464,15377900.0
SHB,2024-10-08,8.176782286749697,8.252493233849231,8.101071339650161,8.13892681319993,20413103.0
SHB,2024-10-09,8.13892681319993,8.214637760299464,8.13892681319993,8.176782286749697,11119025.0
SHB,2024-10-10,8.252493233849231,8.290348707398998,8.13892681319993,8.13892681319993,12852800.0
SHB,2024-10-11,8.176782286749697,8.214637760299464,8.101071339650161,8.176782286749697,9670201.0
SHB,2024-10-14,8.214637760299464,8.252493233849231,8.13892681319993,8.176782286749697,16139401.0
SHB,2024-10-15,8.214637760299464,8.290348707398998,8.13892681319993,8.176782286749697,18604800.0
SHB,2024-10-16,8.176782286749697,8.214637760299464,8.101071339650161,8.13892681319993,9057201.0
SHB,2024-10-17,8.176782286749697,8.214637760299464,8.101071339650161,8.176782286749697,16441109.0
SHB,2024-10-18,8.252493233849231,8.290348707398998,8.214637760299464,8.214637760299464,19545586.0
SHB,2024-10-21,8.252493233849231,8.252493233849231,8.13892681319993,8.176782286749697,11402386.0
SHB,2024-10-22,8.13892681319993,8.176782286749697,8.063215866100396,8.101071339650161,23330261.0
SHB,2024-10-23,8.101071339650161,8.13892681319993,8.025360392550628,8.063215866100396,12982439.0
SHB,2024-10-24,8.063215866100396,8.13892681319993,7.987504919000862,7.987504919000862,19541441.0
SHB,2024-10-25,7.987504919000862,8.025360392550628,7.87393849835156,7.87393849835156,12971146.0
SHB,2024-10-28,7.911793971901327,7.949649445451094,7.87393849835156,7.911793971901327,16942852.0
SHB,2024-10-29,7.987504919000862,7.987504919000862,7.911793971901327,7.949649445451094,18863133.0
SHB,2024-10-30,7.949649445451094,7.987504919000862,7.911793971901327,7.949649445451094,9872243.0
SHB,2024-10-31,7.949649445451094,8.101071339650161,7.911793971901327,8.025360392550628,26288289.0
SHB,2024-11-01,8.025360392550628,8.063215866100396,7.949649445451094,7.987504919000862,13306474.0
SHB,2024-11-04,7.987504919000862,7.987504919000862,7.87393849835156,7.911793971901327,34555190.0
SHB,2024-11-05,7.911793971901327,7.987504919000862,7.87393849835156,7.987504919000862,17053704.0
SHB,2024-11-06,8.025360392550628,8.063215866100396,7.987504919000862,8.063215866100396,11220651.0
SHB,2024-11-07,8.101071339650161,8.13892681319993,7.987504919000862,8.025360392550628,12304071.0
SHB,2024-11-08,8.063215866100396,8.063215866100396,7.949649445451094,7.987504919000862,8692556.0
SHB,2024-11-11,7.987504919000862,7.987504919000862,7.87393849835156,7.949649445451094,17978513.0
SHB,2024-11-12,7.949649445451094,8.025360392550628,7.911793971901327,7.911793971901327,21531440.0
SHB,2024-11-13,7.911793971901327,7.949649445451094,7.87393849835156,7.911793971901327,26776471.0
SHB,2024-11-14,7.911793971901327,7.949649445451094,7.798227551252026,7.836083024801793,21708307.0
SHB,2024-11-15,7.798227551252026,7.836083024801793,7.722516604152491,7.722516604152491,18229404.0
SHB,2024-11-18,7.722516604152491,7.798227551252026,7.646805657052957,7.722516604152491,35184361.0
SHB,2024-11-19,7.722516604152491,7.760372077702258,7.646805657052957,7.646805657052957,24893824.0
SHB,2024-11-20,7.646805657052957,7.798227551252026,7.646805657052957,7.722516604152491,18742600.0
SHB,2024-11-21,7.760372077702258,7.760372077702258,7.684661130602724,7.760372077702258,7646300.0
SHB,2024-11-22,7.760372077702258,7.798227551252026,7.722516604152491,7.760372077702258,10739554.0
SHB,2024-11-25,7.798227551252026,7.798227551252026,7.760372077702258,7.798227551252026,11316601.0
SHB,2024-11-26,7.798227551252026,7.87393849835156,7.798227551252026,7.836083024801793,14588776.0
SHB,2024-11-27,7.836083024801793,7.87393849835156,7.798227551252026,7.798227551252026,13027500.0
SHB,2024-11-28,7.836083024801793,7.836083024801793,7.760372077702258,7.760372077702258,8584400.0
SHB,2024-11-29,7.798227551252026,7.798227551252026,7.760372077702258,7.798227551252026,20650703.0
SHB,2024-12-02,7.836083024801793,7.836083024801793,7.760372077702258,7.798227551252026,6815100.0
SHB,2024-12-03,7.798227551252026,7.836083024801793,7.722516604152491,7.798227551252026,21890176.0
SHB,2024-12-04,7.760372077702258,7.798227551252026,7.722516604152491,7.722516604152491,6399900.0
SHB,2024-12-05,7.722516604152491,7.949649445451094,7.684661130602724,7.949649445451094,15491413.0
SHB,2024-12-06,7.949649445451094,7.949649445451094,7.798227551252026,7.836083024801793,11128800.0
SHB,2024-12-09,7.836083024801793,7.87393849835156,7.798227551252026,7.836083024801793,12531001.0
SHB,2024-12-10,7.836083024801793,7.911793971901327,7.836083024801793,7.836083024801793,12016000.0
SHB,2024-12-11,7.87393849835156,8.13892681319993,7.87393849835156,8.025360392550628,44086000.0
SHB,2024-12-12,8.063215866100396,8.101071339650161,7.949649445451094,7.949649445451094,25483300.0
SHB,2024-12-13,7.911793971901327,7.987504919000862,7.87393849835156,7.87393849835156,19007101.0
SHB,2024-12-16,7.87393849835156,7.911793971901327,7.798227551252026,7.87393849835156,7395605.0
SHB,2024-12-17,7.836083024801793,7.87393849835156,7.798227551252026,7.836083024801793,9625102.0
SHB,2024-12-18,7.836083024801793,7.87393849835156,7.798227551252026,7.836083024801793,4511801.0
SHB,2024-12-19,7.798227551252026,7.836083024801793,7.684661130602724,7.722516604152491,23041001.0
SHB,2024-12-20,7.722516604152491,7.760372077702258,7.684661130602724,7.684661130602724,14280400.0
SHB,2024-12-23,7.684661130602724,7.798227551252026,7.684661130602724,7.760372077702258,7962400.0
SHB,2024-12-24,7.722516604152491,7.798227551252026,7.684661130602724,7.760372077702258,7305100.0
SHB,2024-12-25,7.760372077702258,7.911793971901327,7.722516604152491,7.798227551252026,12707700.0
SHB,2024-12-26,7.836083024801793,7.87393849835156,7.760372077702258,7.798227551252026,8874203.0
SHB,2024-12-27,7.798227551252026,7.87393849835156,7.798227551252026,7.798227551252026,9304807.0
SHB,2024-12-30,7.798227551252026,7.836083024801793,7.760372077702258,7.760372077702258,26046508.0
SHB,2024-12-31,7.760372077702258,7.798227551252026,7.722516604152491,7.760372077702258,7209310.0
SHB,2025-01-02,7.798227551252026,7.836083024801793,7.760372077702258,7.760372077702258,6732307.0
SHB,2025-01-03,7.760372077702258,7.798227551252026,7.722516604152491,7.760372077702258,11358707.0
SHB,2025-01-06,7.798227551252026,7.911793971901327,7.760372077702258,7.798227551252026,9761208.0
SHB,2025-01-07,7.798227551252026,7.836083024801793,7.760372077702258,7.760372077702258,7884908.0
SHB,2025-01-08,7.760372077702258,7.798227551252026,7.722516604152491,7.798227551252026,3780907.0
SHB,2025-01-09,7.798227551252026,7.836083024801793,7.722516604152491,7.760372077702258,21824507.0
SHB,2025-01-10,7.760372077702258,7.798227551252026,7.684661130602724,7.684661130602724,17415807.0
SHB,2025-01-13,7.684661130602724,7.722516604152491,7.6089501835031905,7.684661130602724,15898212.0
SHB,2025-01-14,7.684661130602724,7.722516604152491,7.646805657052957,7.646805657052957,16508801.0
SHB,2025-01-15,7.684661130602724,7.722516604152491,7.646805657052957,7.684661130602724,6421294.0
SHB,2025-01-16,7.722516604152491,7.798227551252026,7.646805657052957,7.684661130602724,6942000.0
SHB,2025-01-17,7.684661130602724,7.760372077702258,7.684661130602724,7.722516604152491,8364153.0
SHB,2025-01-20,7.722516604152491,7.760372077702258,7.684661130602724,7.722516604152491,5948300.0
SHB,2025-01-21,7.760372077702258,7.798227551252026,7.722516604152491,7.722516604152491,10594712.0
SHB,2025-01-22,7.760372077702258,7.760372077702258,7.684661130602724,7.684661130602724,9153100.0
SHB,2025-01-23,7.722516604152491,7.836083024801793,7.684661130602724,7.760372077702258,10046100.0
SHB,2025-01-24,7.798227551252026,7.836083024801793,7.760372077702258,7.798227551252026,8913100.0
SHB,2025-02-03,7.87393849835156,7.987504919000862,7.836083024801793,7.911793971901327,18128100.0
SHB,2025-02-04,7.987504919000862,8.025360392550628,7.911793971901327,7.987504919000862,13520900.0
SHB,2025-02-05,8.025360392550628,8.063215866100396,7.911793971901327,7.911793971901327,11056600.0
SHB,2025-02-06,7.949649445451094,8.025360392550628,7.911793971901327,7.949649445451094,11598212.0
SHB,2025-02-07,7.987504919000862,8.063215866100396,7.949649445451094,7.987504919000862,13523811.0
SHB,2025-02-10,7.987504919000862,8.025360392550628,7.949649445451094,7.987504919000862,39607419.0
SHB,2025-02-11,7.987504919000862,8.252493233849231,7.987504919000862,8.13892681319993,46242404.0
SHB,2025-02-12,8.176782286749697,8.176782286749697,8.063215866100396,8.063215866100396,14892408.0
SHB,2025-02-13,8.063215866100396,8.13892681319993,8.025360392550628,8.13892681319993,16999101.0
SHB,2025-02-14,8.214637760299464,8.290348707398998,8.176782286749697,8.176782286749697,29861504.0
SHB,2025-02-17,8.214637760299464,8.403915128048299,8.176782286749697,8.328204180948765,41400995.0
SHB,2025-02-18,8.328204180948765,8.366059654498534,8.290348707398998,8.290348707398998,14757406.0
SHB,2025-02-19,8.290348707398998,8.366059654498534,8.252493233849231,8.328204180948765,12732306.0
SHB,2025-02-20,8.328204180948765,8.403915128048299,8.290348707398998,8.290348707398998,16505807.0
SHB,2025-02-21,8.328204180948765,8.403915128048299,8.290348707398998,8.328204180948765,26021309.0
SHB,2025-02-24,8.328204180948765,8.479626075147833,8.328204180948765,8.441770601598067,28113505.0
SHB,2025-02-25,8.479626075147833,8.479626075147833,8.328204180948765,8.441770601598067,30132308.0
SHB,2025-02-26,8.529973854969024,8.614013006249506,8.445934703688541,8.48795427932878,28383602.0
SHB,2025-02-27,8.48795427932878,8.529973854969024,8.395511212920251,8.445934703688541,23443102.0
SHB,2025-02-28,8.445934703688541,8.445934703688541,8.387107297792202,8.403915128048299,16586208.0
SHB,2025-03-03,8.445934703688541,8.445934703688541,8.336683807023913,8.336683807023913,23460202.0
SHB,2025-03-04,8.336683807023913,8.403915128048299,8.286260316255623,8.378703382664154,20526502.0
SHB,2025-03-05,8.395511212920251,8.48795427932878,8.387107297792202,8.395511212920251,16619800.0
SHB,2025-03-06,8.445934703688541,8.445934703688541,8.378703382664154,8.403915128048299,15899301.0
SHB,2025-03-07,8.403915128048299,8.48795427932878,8.387107297792202,8.403915128048299,18782802.0
SHB,2025-03-10,8.445934703688541,8.48795427932878,8.395511212920251,8.403915128048299,94575161.0
SHB,2025-03-11,8.353491637280008,8.403915128048299,8.336683807023913,8.395511212920251,20696804.0
SHB,2025-03-12,8.395511212920251,8.445934703688541,8.387107297792202,8.387107297792202,27991701.0
SHB,2025-03-13,8.403915128048299,8.403915128048299,8.353491637280008,8.403915128048299,35531905.0
SHB,2025-03-14,8.445934703688541,8.992189187011679,8.445934703688541,8.992189187011679,141429504.0
SHB,2025-03-17,9.202287065212888,9.58046324597506,9.160267489572647,9.454404519054336,130614506.0
SHB,2025-03-18,9.454404519054336,9.832580699816509,9.32834579213361,9.748541548536027,72012942.0
SHB,2025-03-19,9.664502397255545,9.916619851096993,9.58046324597506,9.790561124176268,73831701.0
SHB,2025-03-20,9.790561124176268,10.000659002377477,9.664502397255545,9.874600275456752,80202201.0
SHB,2025-03-21,9.958639426737234,10.126717729298202,9.790561124176268,9.874600275456752,87181603.0
SHB,2025-03-24,9.874600275456752,10.504893910060373,9.748541548536027,10.42085475877989,84692300.0
SHB,2025-03-25,10.504893910060373,10.588933061340857,10.126717729298202,10.42085475877989,78756700.0
SHB,2025-03-26,10.42085475877989,10.462874334420132,10.210756880578684,10.294796031859166,45649800.0
SHB,2025-03-27,10.294796031859166,10.714991788261582,10.294796031859166,10.672972212621339,70113600.0
SHB,2025-03-28,10.757011363901823,10.757011363901823,10.504893910060373,10.672972212621339,32450109.0
SHB,2025-03-31,10.588933061340857,10.588933061340857,10.252776456218925,10.462874334420132,57582800.0
SHB,2025-04-01,10.462874334420132,10.504893910060373,10.210756880578684,10.462874334420132,37912504.0
SHB,2025-04-02,10.504893910060373,10.672972212621339,10.42085475877989,10.546913485700616,74440278.0
SHB,2025-04-03,10.084698153657959,10.252776456218925,9.832580699816509,9.832580699816509,74320402.0
SHB,2025-04-04,9.202287065212888,10.126717729298202,9.160267489572647,10.126717729298202,138084305.0
SHB,2025-04-08,9.874600275456752,9.874600275456752,9.454404519054336,9.454404519054336,77768708.0
SHB,2025-04-09,8.908150035731197,9.622482821615302,8.908150035731197,9.202287065212888,68551200.0
SHB,2025-04-10,9.832580699816509,9.832580699816509,9.832580699816509,9.832580699816509,32088707.0
SHB,2025-04-11,10.000659002377477,10.210756880578684,9.664502397255545,10.210756880578684,103440900.0
SHB,2025-04-14,10.210756880578684,10.252776456218925,10.042678578017716,10.210756880578684,47312300.0
SHB,2025-04-15,10.126717729298202,10.16873730493844,9.832580699816509,10.000659002377477,58398700.0
SHB,2025-04-16,10.000659002377477,10.16873730493844,9.874600275456752,10.084698153657959,44580900.0
SHB,2025-04-17,9.958639426737234,10.210756880578684,9.916619851096993,10.126717729298202,45595600.0
SHB,2025-04-18,10.210756880578684,10.799030939542064,10.210756880578684,10.799030939542064,156499700.0
SHB,2025-04-21,11.009128817743271,11.135187544663996,10.799030939542064,11.093167969023755,82480805.0
SHB,2025-04-22,10.967109242103032,11.219226695944478,10.336815607499409,11.093167969023755,226396811.0
SHB,2025-04-23,11.26124627158472,11.26124627158472,10.757011363901823,10.925089666462789,101854715.0
SHB,2025-04-24,10.841050515182307,10.925089666462789,10.546913485700616,10.841050515182307,87987673.0
SHB,2025-04-25,10.841050515182307,10.883070090822546,10.546913485700616,10.757011363901823,71863115.0
SHB,2025-04-28,10.757011363901823,10.757011363901823,10.42085475877989,10.672972212621339,57481169.0
SHB,2025-04-29,10.672972212621339,10.883070090822546,10.462874334420132,10.588933061340857,54099118.0
SHB,2025-05-05,10.714991788261582,10.714991788261582,10.37883518313965,10.672972212621339,59726001.0
SHB,2025-05-06,10.672972212621339,10.799030939542064,10.504893910060373,10.504893910060373,54219300.0
SHB,2025-05-07,10.462874334420132,10.588933061340857,10.37883518313965,10.588933061340857,69981000.0
SHB,2025-05-08,10.672972212621339,11.009128817743271,10.504893910060373,10.841050515182307,89234405.0
SHB,2025-05-09,10.672972212621339,10.925089666462789,10.630952636981098,10.841050515182307,72847000.0
SHB,2025-05-12,10.841050515182307,11.051148393383514,10.714991788261582,11.051148393383514,95540802.0
SHB,2025-05-13,11.093167969023755,11.219226695944478,10.925089666462789,11.009128817743271,92518703.0
SHB,2025-05-14,10.925089666462789,11.009128817743271,10.841050515182307,10.925089666462789,76601232.0
SHB,2025-05-15,10.883070090822546,11.681442027987137,10.799030939542064,11.513363725426169,174292511.0
SHB,2025-05-16,11.345285422865203,11.471344149785928,11.219226695944478,11.303265847224962,47485105.0
SHB,2025-05-19,11.219226695944478,11.303265847224962,11.093167969023755,11.219226695944478,60035713.0
SHB,2025-05-20,11.26124627158472,11.429324574145687,11.135187544663996,11.219226695944478,92386206.0
SHB,2025-05-21,11.26124627158472,11.429324574145687,11.093167969023755,11.345285422865203,78362709.0
SHB,2025-05-22,11.345285422865203,11.429324574145687,11.135187544663996,11.303265847224962,76307608.0
SHB,2025-05-23,11.345285422865203,11.345285422865203,11.177207120304239,11.345285422865203,45265906.0
SHB,2025-05-26,11.345285422865203,11.639422452346894,11.177207120304239,11.429324574145687,91609209.0
SHB,2025-05-27,11.429324574145687,11.80750075490786,11.26124627158472,11.597402876706653,104817105.0
SHB,2025-05-28,11.597402876706653,11.597402876706653,11.387304998505446,11.597402876706653,53142011.0
SHB,2025-05-29,11.513363725426169,11.891539906188344,11.429324574145687,11.429324574145687,76820609.0
SHB,2025-05-30,11.429324574145687,11.513363725426169,11.177207120304239,11.387304998505446,87820815.0
SHB,2025-06-02,11.26124627158472,11.513363725426169,11.219226695944478,11.513363725426169,56189907.0
SHB,2025-06-03,11.513363725426169,11.80750075490786,11.429324574145687,11.681442027987137,96448909.0
SHB,2025-06-04,11.681442027987137,11.849520330548101,11.597402876706653,11.597402876706653,53945805.0
SHB,2025-06-05,11.555383301066412,11.597402876706653,11.471344149785928,11.513363725426169,34642907.0
SHB,2025-06-06,11.513363725426169,11.597402876706653,11.387304998505446,11.513363725426169,54663359.0
SHB,2025-06-09,11.51336372566148,11.556974951895047,11.251696368260083,11.382530046960781,69415102.0
SHB,2025-06-10,11.338918820727216,11.51336372566148,11.295307594493648,11.469752499427914,56013305.0
SHB,2025-06-11,11.469752499427914,11.644197404362178,11.338918820727216,11.600586178128612,55238109.0
SHB,2025-06-12,11.556974951895047,11.905864761763576,11.469752499427914,11.600586178128612,127543709.0
SHB,2025-06-13,11.469752499427914,11.469752499427914,11.16447391579295,11.251696368260083,66942104.0
SHB,2025-06-16,11.251696368260083,11.426141273194347,11.208085142026516,11.426141273194347,36540407.0
SHB,2025-06-17,11.426141273194347,11.51336372566148,11.382530046960781,11.51336372566148,42786507.0
SHB,2025-06-18,11.469752499427914,11.51336372566148,11.382530046960781,11.469752499427914,50197705.0
SHB,2025-06-19,11.426141273194347,11.644197404362178,11.338918820727216,11.338918820727216,51916201.0
SHB,2025-06-20,11.338918820727216,11.426141273194347,11.295307594493648,11.426141273194347,60042709.0
SHB,2025-06-23,11.338918820727216,11.382530046960781,11.251696368260083,11.338918820727216,45930713.0
SHB,2025-06-24,11.382530046960781,11.426141273194347,11.295307594493648,11.338918820727216,38105404.0
SHB,2025-06-25,11.338918820727216,11.382530046960781,11.208085142026516,11.382530046960781,74474204.0
SHB,2025-06-26,11.382530046960781,11.426141273194347,11.251696368260083,11.426141273194347,43989104.0
SHB,2025-06-27,11.426141273194347,11.600586178128612,11.251696368260083,11.295307594493648,88859209.0
SHB,2025-06-30,11.295307594493648,11.338918820727216,11.251696368260083,11.251696368260083,38295902.0
SHB,2025-07-01,11.251696368260083,11.295307594493648,11.120862689559385,11.208085142026516,58533403.0
SHB,2025-07-02,11.208085142026516,11.338918820727216,11.16447391579295,11.295307594493648,38988501.0
SHB,2025-07-03,11.295307594493648,11.426141273194347,11.208085142026516,11.338918820727216,52328604.0
SHB,2025-07-04,11.295307594493648,11.382530046960781,11.251696368260083,11.338918820727216,28814706.0
SHB,2025-07-07,11.338918820727216,12.123920892931407,11.338918820727216,12.123920892931407,255608106.0
SHB,2025-07-08,12.29836579786567,12.472810702799936,12.167532119164973,12.341977024099238,62936007.0
SHB,2025-07-09,12.385588250332804,12.56003315526707,12.167532119164973,12.21114334539854,123787310.0
SHB,2025-07-10,12.254754571632105,12.56003315526707,12.167532119164973,12.516421929033502,81062201.0
SHB,2025-07-11,12.56003315526707,12.56003315526707,12.29836579786567,12.385588250332804,72613306.0
SHB,2025-07-14,12.429199476566371,12.472810702799936,12.167532119164973,12.341977024099238,48654613.0
SHB,2025-07-15,12.341977024099238,12.647255607734202,12.29836579786567,12.29836579786567,82347308.0
SHB,2025-07-16,12.29836579786567,12.516421929033502,12.254754571632105,12.429199476566371,39150507.0
SHB,2025-07-17,12.472810702799936,12.603644381500635,12.341977024099238,12.472810702799936,67084107.0
SHB,2025-07-18,12.516421929033502,12.647255607734202,12.29836579786567,12.385588250332804,78343406.0
SHB,2025-07-21,12.472810702799936,12.865311738902033,12.429199476566371,12.734478060201333,102054803.0
SHB,2025-07-22,12.734478060201333,12.7780892864349,12.56003315526707,12.734478060201333,63416800.0
SHB,2025-07-23,12.821700512668466,12.996145417602731,12.647255607734202,12.7780892864349,80136000.0
SHB,2025-07-24,12.7780892864349,13.475868906171959,12.734478060201333,13.12697909630343,93426700.0
SHB,2025-07-25,13.257812775004128,13.301424001237695,13.083367870069864,13.12697909630343,59211800.0
SHB,2025-07-28,13.214201548770562,14.042814847208321,13.214201548770562,14.042814847208321,138533676.0
SHB,2025-07-29,14.39170465707685,14.522538335777547,13.12697909630343,13.12697909630343,157273400.0
SHB,2025-07-30,13.824758716040488,14.042814847208321,13.432257679938393,14.042814847208321,142533300.0
SHB,2025-07-31,14.95865059811321,15.002261824346776,14.478927109543983,15.002261824346776,181312600.0
SHB,2025-08-01,15.263929181748175,15.394762860448871,14.871428145646078,15.17670672928104,124426600.0
SHB,2025-08-04,15.17670672928104,16.223376158886634,15.17670672928104,16.223376158886634,96830133.0
SHB,2025-08-05,17.095600683557958,17.182823136025085,15.263929181748175,16.005320027718803,179355000.0
SHB,2025-08-06,16.223376158886634,16.659488421222296,16.005320027718803,16.35420983758733,92287300.0
SHB,2025-08-07,16.57226596875516,16.92115577862369,16.09254248018593,16.441432290054465,99514700.0
SHB,2025-08-08,16.57226596875516,16.877544552390127,16.1361537064195,16.266987385120196,100153800.0
SHB,2025-08-11,16.397821063820896,16.92115577862369,16.223376158886634,16.659488421222296,120805100.0
SHB,2025-08-12,16.833933326156558,16.833933326156558,16.397821063820896,16.485043516288027,70086100.0
SHB,2025-08-13,16.615877194988727,17.095600683557958,16.485043516288027,16.877544552390127,125923600.0
SHB,2025-08-14,17.05198945732439,18.011436434462844,17.008378231090823,17.793380303295013,121028100.0
SHB,2025-08-15,18.229492565630675,18.752827280433472,17.618935398360748,18.18588133939711,121180101.0
SHB,2025-08-18,19.022344658556907,19.170186715488697,18.52953780211761,18.57881848776154,103905201.0
SHB,2025-08-19,18.23385368825403,18.82522191598119,18.13529231696617,18.23385368825403,134077201.0
SHB,2025-08-20,18.13529231696617,18.23385368825403,17.248239975375434,18.03673094567831,163889300.0
SHB,2025-08-21,18.13529231696617,18.57881848776154,18.03673094567831,18.23385368825403,90860704.0
SHB,2025-08-22,18.03673094567831,18.23385368825403,17.001836547155786,17.001836547155786,166243400.0
SHB,2025-08-25,17.198959289731505,17.248239975375434,16.01622283427719,16.06550351992112,113698303.0
SHB,2025-08-26,15.966942148633258,17.149678604087573,15.966942148633258,17.149678604087573,87526401.0
SHB,2025-08-27,17.543924089239013,17.839608203102593,17.297520661019366,17.396082032307223,103860500.0
SHB,2025-08-28,17.445362717951152,18.283134373897962,17.198959289731505,18.13529231696617,152824000.0
SHB,2025-08-29,18.38169574518582,18.52953780211761,17.790327517458664,18.52953780211761,124638900.0
SHB,2025-09-03,18.6773798590494,18.82522191598119,18.23385368825403,18.77594123033726,106840574.0
SHB,2025-09-04,18.82522191598119,18.923783287269046,18.52953780211761,18.57881848776154,100739601.0
SHB,2025-09-05,18.77594123033726,18.82522191598119,17.64248546052687,17.74104683181473,131953500.0
SHB,2025-09-08,17.543924089239013,17.691766146170803,16.952555861511854,17.001836547155786,161089450.0
SHB,2025-09-09,17.051117232799715,17.445362717951152,16.952555861511854,17.346801346663295,106037800.0
SHB,2025-09-10,17.445362717951152,17.543924089239013,17.100397918443647,17.543924089239013,96459222.0
SHB,2025-09-11,17.346801346663295,17.543924089239013,16.903275175867925,17.543924089239013,91727101.0
SHB,2025-09-12,17.593204774882945,17.593204774882945,17.198959289731505,17.297520661019366,56004502.0
SHB,2025-09-15,17.297520661019366,17.691766146170803,17.051117232799715,17.543924089239013,94512400.0
SHB,2025-09-16,17.543924089239013,17.987450260034382,17.494643403595084,17.93816957439045,88993104.0
SHB,2025-09-17,17.74104683181473,17.88888888874652,17.593204774882945,17.790327517458664,68313502.0
SHB,2025-09-18,17.74104683181473,17.93816957439045,17.396082032307223,17.593204774882945,61308102.0
SHB,2025-09-19,17.593204774882945,17.691766146170803,17.346801346663295,17.494643403595084,90371900.0
SHB,2025-09-22,17.494643403595084,17.494643403595084,16.903275175867925,17.149678604087573,82390201.0
SHB,2025-09-23,17.051117232799715,17.297520661019366,16.706152433292207,16.755433118936136,154308101.0
SHB,2025-09-24,16.853994490223997,17.248239975375434,16.11478420556505,17.100397918443647,199857403.0
SHB,2025-09-25,17.100397918443647,17.198959289731505,16.656871747648275,17.100397918443647,68884102.0
SHB,2025-09-26,17.051117232799715,17.100397918443647,16.656871747648275,16.952555861511854,66856500.0
SHB,2025-09-29,16.804713804580068,17.248239975375434,16.558310376360417,16.558310376360417,81899700.0
SHB,2025-09-30,16.60759106200435,16.755433118936136,16.164064891208977,16.656871747648275,102830802.0
SHB,2025-10-01,16.656871747648275,16.853994490223997,16.50902969071649,16.706152433292207,48056700.0
SHB,2025-10-02,16.755433118936136,16.903275175867925,16.459749005072556,16.755433118936136,63664700.0
SHB,2025-10-03,16.656871747648275,16.804713804580068,16.459749005072556,16.459749005072556,71543400.0
SHB,2025-10-06,16.50902969071649,17.248239975375434,16.459749005072556,17.149678604087573,116122100.0
SHB,2025-10-07,17.198959289731505,17.198959289731505,16.804713804580068,17.001836547155786,99192781.0
SHB,2025-10-08,17.198959289731505,17.297520661019366,16.853994490223997,17.051117232799715,92523300.0
SHB,2025-10-09,17.100397918443647,18.1845730026101,17.051117232799715,17.64248546052687,189712900.0
SHB,2025-10-10,17.691766146170803,17.88888888874652,17.494643403595084,17.74104683181473,78198000.0
SHB,2025-10-13,17.445362717951152,17.93816957439045,17.396082032307223,17.839608203102593,124590300.0
SHB,2025-10-14,17.839608203102593,17.987450260034382,17.445362717951152,17.74104683181473,129128300.0
SHB,2025-10-15,17.691766146170803,18.1845730026101,17.64248546052687,17.93816957439045,140879400.0
SHB,2025-10-16,18.086011631322243,18.13529231696617,17.691766146170803,17.88888888874652,93181600.0
SHB,2025-10-17,17.88888888874652,17.987450260034382,17.494643403595084,17.839608203102593,116212401.0
SHB,2025-10-20,17.64248546052687,17.74104683181473,16.60759106200435,16.60759106200435,157036601.0
SHB,2025-10-21,16.60759106200435,17.001836547155786,15.8683807773454,16.755433118936136,144384000.0
SHB,2025-10-22,16.755433118936136,16.755433118936136,16.164064891208977,16.410468319428627,81491701.0
SHB,2025-10-23,16.410468319428627,16.755433118936136,16.3611876337847,16.459749005072556,80637005.0
SHB,2025-10-24,16.459749005072556,16.459749005072556,15.8683807773454,16.06550351992112,83890402.0
SHB,2025-10-27,16.164064891208977,16.21334557685291,15.76981940605754,15.917661462989328,95564802.0
SHB,2025-10-28,15.966942148633258,16.11478420556505,15.67125803476968,16.11478420556505,68144001.0
SHB,2025-10-29,16.06550351992112,16.804713804580068,16.01622283427719,16.558310376360417,118144301.0
SHB,2025-10-30,16.558310376360417,16.706152433292207,16.31190694814077,16.656871747648275,71843701.0
SHB,2025-10-31,16.60759106200435,16.60759106200435,16.21334557685291,16.21334557685291,47405001.0
SHB,2025-11-03,16.11478420556505,16.164064891208977,15.72053872041361,15.72053872041361,81070601.0
SHB,2025-11-04,15.67125803476968,16.164064891208977,15.129170492686452,16.06550351992112,97089080.0
SHB,2025-11-05,16.06550351992112,16.11478420556505,15.8683807773454,15.966942148633258,40581601.0
SHB,2025-11-06,15.81910009170147,16.01622283427719,15.62197734912575,15.62197734912575,54472700.0
SHB,2025-11-07,15.52341597783789,15.62197734912575,14.981328435754662,15.079889807042523,84767600.0
SHB,2025-11-10,15.030609121398593,15.3755739209061,14.882767064466803,15.079889807042523,61596900.0
SHB,2025-11-11,15.178451178330382,15.572696663481821,14.932047750110733,15.572696663481821,70331900.0
SHB,2025-11-12,15.572696663481821,16.06550351992112,15.326293235262172,16.06550351992112,91805402.0
SHB,2025-11-13,16.06550351992112,16.11478420556505,15.81910009170147,16.11478420556505,65457810.0
SHB,2025-11-14,15.966942148633258,16.11478420556505,15.8683807773454,16.11478420556505,62828700.0
SHB,2025-11-17,16.01622283427719,16.3611876337847,15.8683807773454,16.3611876337847,65766802.0
SHB,2025-11-18,16.262626262496838,16.3611876337847,16.06550351992112,16.262626262496838,44005403.0
SHB,2025-11-19,16.21334557685291,16.3611876337847,16.11478420556505,16.21334557685291,60060504.0
SHB,2025-11-20,16.164064891208977,16.410468319428627,16.01622283427719,16.410468319428627,83370904.0
SHB,2025-11-21,16.262626262496838,16.410468319428627,16.11478420556505,16.410468319428627,58438102.0
SHB,2025-11-24,16.31190694814077,16.459749005072556,16.21334557685291,16.31190694814077,52675003.0
SHB,2025-11-25,16.31190694814077,16.459749005072556,16.11478420556505,16.164064891208977,78806401.0
SHB,2025-11-26,16.11478420556505,16.50902969071649,16.11478420556505,16.459749005072556,89662405.0
SHB,2025-11-27,16.410468319428627,16.656871747648275,16.3611876337847,16.50902969071649,49403502.0
SHB,2025-11-28,16.459749005072556,16.558310376360417,16.3611876337847,16.558310376360417,56964305.0
SHB,2025-12-01,16.50902969071649,16.804713804580068,16.459749005072556,16.755433118936136,57719702.0
SHB,2025-12-02,16.656871747648275,16.755433118936136,16.558310376360417,16.755433118936136,68267600.0
SHB,2025-12-03,16.656871747648275,17.100397918443647,16.656871747648275,17.100397918443647,82553502.0
SHB,2025-12-04,17.051117232799715,17.149678604087573,16.952555861511854,17.051117232799715,56237602.0
SHB,2025-12-05,17.001836547155786,17.100397918443647,16.50902969071649,16.50902969071649,58621460.0
SHB,2025-12-08,16.50902969071649,16.60759106200435,16.31190694814077,16.3611876337847,57633101.0
SHB,2025-12-09,16.31190694814077,16.3611876337847,15.8683807773454,16.262626262496838,99445600.0
SHB,2025-12-10,16.262626262496838,16.262626262496838,16.01622283427719,16.21334557685291,44837000.0
SHB,2025-12-11,16.164064891208977,16.21334557685291,15.8683807773454,16.11478420556505,61521201.0
SHB,2025-12-12,16.01622283427719,16.06550351992112,15.76981940605754,15.76981940605754,67302102.0
SHB,2025-12-15,15.76981940605754,15.8683807773454,15.424854606550031,15.67125803476968,49057501.0
SHB,2025-12-16,15.572696663481821,16.11478420556505,15.424854606550031,15.67125803476968,63323205.0
SHB,2025-12-17,15.72053872041361,15.76981940605754,15.47413529219396,15.47413529219396,49366404.0
SHB,2025-12-18,15.62197734912575,16.01622283427719,15.424854606550031,15.8683807773454,78462301.0
SHB,2025-12-19,15.966942148633258,15.966942148633258,15.67125803476968,15.917661462989328,48068901.0
SHB,2025-12-22,15.966942148633258,16.262626262496838,15.8683807773454,16.06550351992112,67313201.0
SHB,2025-12-23,16.11478420556505,16.21334557685291,15.917661462989328,16.06550351992112,59942002.0
SHB,2025-12-24,16.06550351992112,16.903275175867925,16.06550351992112,16.656871747648275,117342400.0
SHB,2025-12-25,16.656871747648275,16.755433118936136,16.262626262496838,16.262626262496838,56912301.0
SHB,2025-12-26,16.11478420556505,16.262626262496838,15.67125803476968,16.11478420556505,108317101.0
SHB,2025-12-29,16.11478420556505,16.11478420556505,15.966942148633258,15.966942148633258,56420600.0
SHB,2025-12-30,15.917661462989328,16.164064891208977,15.917661462989328,16.11478420556505,65877002.0
SHB,2025-12-31,16.11478420556505,16.164064891208977,15.966942148633258,16.11478420556505,53027000.0
SHB,2026-01-05,16.06550351992112,16.164064891208977,15.67125803476968,15.8683807773454,64455300.0
SHB,2026-01-06,15.76981940605754,15.966942148633258,15.572696663481821,15.966942148633258,78700200.0
SHB,2026-01-07,16.01622283427719,16.31190694814077,15.966942148633258,16.262626262496838,85081501.0
SHB,2026-01-08,16.31190694814077,16.804713804580068,16.164064891208977,16.3611876337847,136155101.0
SHB,2026-01-09,16.459749005072556,16.558310376360417,16.262626262496838,16.262626262496838,79380402.0
SHB,2026-01-12,16.21334557685291,16.952555861511854,16.164064891208977,16.755433118936136,112881401.0
SHB,2026-01-13,16.952555861511854,16.952555861511854,16.410468319428627,16.459749005072556,90963201.0
SHB,2026-01-14,16.459749005072556,16.60759106200435,16.31190694814077,16.459749005072556,93437103.0
SHB,2026-01-15,16.410468319428627,16.459749005072556,16.01622283427719,16.262626262496838,86864103.0
SHB,2026-01-16,16.3611876337847,16.558310376360417,16.11478420556505,16.11478420556505,58807902.0
SHB,2026-01-19,16.164064891208977,16.410468319428627,16.06550351992112,16.262626262496838,59592803.0
SHB,2026-01-20,16.31190694814077,16.459749005072556,16.11478420556505,16.31190694814077,54993797.0
SHB,2026-01-21,16.164064891208977,16.262626262496838,16.01622283427719,16.21334557685291,65842201.0
SHB,2026-01-22,16.21334557685291,16.31190694814077,16.06550351992112,16.06550351992112,60063602.0
SHB,2026-01-23,16.11478420556505,16.164064891208977,16.01622283427719,16.06550351992112,49017904.0
SHB,2026-01-26,16.01622283427719,16.11478420556505,15.424854606550031,15.52341597783789,75657001.0
SHB,2026-01-27,15.572696663481821,15.81910009170147,15.424854606550031,15.81910009170147,51904701.0
SHB,2026-01-28,15.72053872041361,15.81910009170147,15.572696663481821,15.76981940605754,46269900.0
SHB,2026-01-29,15.67125803476968,15.76981940605754,15.572696663481821,15.72053872041361,41935000.0
SHB,2026-01-30,15.67125803476968,15.966942148633258,15.572696663481821,15.76981940605754,54707900.0
SHB,2026-02-02,15.76981940605754,15.81910009170147,15.47413529219396,15.52341597783789,52295000.0
SHB,2026-02-03,15.67125803476968,15.72053872041361,15.47413529219396,15.572696663481821,54821856.0
SHB,2026-02-04,15.572696663481821,15.67125803476968,15.424854606550031,15.572696663481821,47046700.0
SHB,2026-02-05,15.572696663481821,15.62197734912575,15.424854606550031,15.424854606550031,51233200.0
SHB,2026-02-06,15.326293235262172,15.62197734912575,15.129170492686452,15.129170492686452,63205800.0
SHB,2026-02-09,15.227731863974311,15.227731863974311,14.833486378822874,15.030609121398593,63561100.0
SHB,2026-02-10,14.981328435754662,15.178451178330382,14.734925007535013,15.030609121398593,63493500.0
SHB,2026-02-11,15.030609121398593,15.47413529219396,14.932047750110733,15.277012549618242,71155839.0
SHB,2026-02-12,15.277012549618242,15.424854606550031,15.030609121398593,15.129170492686452,41531600.0
SHB,2026-02-13,15.129170492686452,15.227731863974311,15.030609121398593,15.227731863974311,37753700.0
SHB,2026-02-23,15.326293235262172,15.572696663481821,15.178451178330382,15.572696663481821,54597400.0
SHB,2026-02-24,15.52341597783789,15.62197734912575,15.326293235262172,15.326293235262172,49778300.0
SHB,2026-02-25,15.3755739209061,15.966942148633258,15.277012549618242,15.966942148633258,106521001.0
SHB,2026-02-26,16.06550351992112,16.06550351992112,15.76981940605754,15.917661462989328,45334400.0
SHB,2026-02-27,15.917661462989328,15.917661462989328,15.62197734912575,15.72053872041361,38846900.0
SHB,2026-03-02,15.079889807042523,15.62197734912575,14.981328435754662,15.424854606550031,89688851.0
SHB,2026-03-03,15.424854606550031,15.47413529219396,15.129170492686452,15.277012549618242,56976400.0
SHB,2026-03-04,15.227731863974311,15.326293235262172,14.784205693178944,15.277012549618242,91559100.0
SHB,2026-03-05,15.424854606550031,15.47413529219396,14.932047750110733,15.030609121398593,69358100.0
SHB,2026-03-06,14.981328435754662,15.3755739209061,14.734925007535013,15.178451178330382,73881300.0
SHB,2026-03-09,14.340679522383576,14.685644321891084,14.143556779807856,14.143556779807856,125379200.0
SHB,2026-03-10,14.340679522383576,14.537802264959295,13.946434037232137,14.291398836739646,92324700.0
SHB,2026-03-11,14.340679522383576,14.636363636247154,14.192837465451786,14.537802264959295,60999100.0
SHB,2026-03-12,14.389960208027505,14.882767064466803,14.242118151095715,14.734925007535013,87947200.0
SHB,2026-03-13,14.439240893671435,14.734925007535013,14.389960208027505,14.734925007535013,58714000.0
SHB,2026-03-16,14.636363636247154,15.079889807042523,14.488521579315364,14.981328435754662,93772400.0
SHB,2026-03-17,15.030609121398593,15.079889807042523,14.833486378822874,14.833486378822874,65655008.0
SHB,2026-03-18,14.833486378822874,14.981328435754662,14.685644321891084,14.882767064466803,55625800.0
SHB,2026-03-19,14.734925007535013,14.932047750110733,14.537802264959295,14.784205693178944,70731900.0
SHB,2026-03-20,14.685644321891084,14.882767064466803,14.587082950603225,14.685644321891084,35753000.0
SHB,2026-03-23,14.537802264959295,14.587082950603225,14.094276094163927,14.192837465451786,85960000.0
SHB,2026-03-24,14.488521579315364,14.537802264959295,14.192837465451786,14.242118151095715,35839600.0
SHB,2026-03-25,14.389960208027505,14.784205693178944,14.291398836739646,14.784205693178944,77541900.0
SHB,2026-03-26,14.734925007535013,15.030609121398593,14.537802264959295,14.932047750110733,67867100.0
SHB,2026-03-27,14.932047750110733,15.227731863974311,14.833486378822874,15.178451178330382,70844300.0
SHB,2026-03-30,14.981328435754662,15.227731863974311,14.784205693178944,15.227731863974311,87507300.0
SHB,2026-03-31,15.079889807042523,15.326293235262172,15.030609121398593,15.326293235262172,97103804.0
SHB,2026-04-01,15.3755739209061,15.424854606550031,14.981328435754662,14.981328435754662,79845400.0
SHB,2026-04-02,14.932047750110733,14.932047750110733,14.537802264959295,14.636363636247154,110787804.0
SHB,2026-04-03,14.85,14.9,14.4,14.9,52368000.0
SHB,2026-04-06,14.8,14.8,14.5,14.5,35893400.0
SHB,2026-04-07,14.7,14.7,14.45,14.7,51817400.0
SHB,2026-04-08,15.0,15.35,14.85,15.3,80529600.0
SHB,2026-04-09,15.2,15.5,15.05,15.5,85696800.0
SHB,2026-04-10,15.55,15.55,15.2,15.4,105591400.0
SHB,2026-04-13,15.2,15.25,14.95,15.0,115190896.0
SHB,2026-04-14,15.1,15.15,14.8,15.1,98761800.0
SHB,2026-04-15,15.1,15.4,14.95,15.4,71780704.0
SHB,2026-04-16,15.15,15.55,15.1,15.55,137811200.0
SHB,2026-04-17,15.4,15.5,15.25,15.3,65583800.0
SHB,2026-04-20,15.2,15.3,15.15,15.3,47390400.0
SHB,2026-04-21,15.3,15.4,15.15,15.15,48986600.0
SHB,2026-04-22,15.15,15.25,15.05,15.2,47506900.0
SHB,2026-04-23,15.15,15.2,14.8,14.8,97117400.0
SHB,2026-04-24,14.8,14.85,14.6,14.75,44854800.0
SHB,2026-04-28,14.75,14.75,14.45,14.45,51564900.0
SHB,2026-04-29,14.55,14.6,14.35,14.55,41650500.0
SHB,2026-05-04,14.65,14.65,14.35,14.35,62363300.0
SHB,2026-05-05,14.4,14.4,14.0,14.0,79172896.0
SHB,2026-05-06,14.1,14.2,14.0,14.1,38754800.0
SHB,2026-05-07,14.25,14.3,14.05,14.1,40214900.0
SHB,2026-05-08,14.1,14.25,14.0,14.25,65804100.0
SHB,2026-05-11,14.25,14.25,14.0,14.15,39403900.0
SHB,2026-05-12,14.1,14.15,13.95,14.0,45001700.0
SHB,2026-05-13,14.05,14.05,13.9,14.0,39752300.0
SHB,2026-05-14,14.0,14.1,13.9,14.0,38039000.0
