Symbol,Date,Open,High,Low,Close,Volume
SSB,2021-05-17,14.957967497352595,15.797193396543994,14.957967497352595,15.525679135040894,3145000.0
SSB,2021-05-18,15.846559625908196,15.846559625908196,15.500996020358794,15.550362249722994,3096400.0
SSB,2021-05-19,15.550362249722994,15.772510281861894,14.563037662438996,15.673777823133495,3510600.0
SSB,2021-05-20,15.772510281861894,15.772510281861894,14.612403891803195,15.673777823133495,4030600.0
SSB,2021-05-21,15.673777823133495,15.797193396543994,14.982650612034696,15.797193396543994,4272700.0
SSB,2021-05-24,15.797193396543994,16.093390772729194,15.056699956080994,16.093390772729194,2716700.0
SSB,2021-05-25,16.266172575503894,17.204130933423695,15.056699956080994,17.204130933423695,3725900.0
SSB,2021-05-26,17.228814048105793,18.364237323482396,16.537686837006994,18.364237323482396,2720400.0
SSB,2021-05-27,18.413603552846592,18.438286667528693,17.302863392152094,18.29018797943609,2077400.0
SSB,2021-05-28,18.265504864753993,19.252829452037993,17.525011424290994,19.252829452037993,2006200.0
SSB,2021-05-31,19.252829452037993,20.14142158059359,18.759167158395993,20.14142158059359,1832500.0
SSB,2021-06-01,20.166104695275692,20.684450103599794,19.252829452037993,20.190787809957794,1733600.0
SSB,2021-06-02,20.092055351229394,20.48698518614299,19.203463222673793,20.48698518614299,1816900.0
SSB,2021-06-03,20.536351415507195,21.227478626605993,19.27751256672009,21.227478626605993,2794400.0
SSB,2021-06-04,21.424943544062792,22.461634360710992,19.795857975044193,22.461634360710992,4445100.0
SSB,2021-06-07,22.461634360710992,22.461634360710992,20.931281250420792,21.47430977342699,1594600.0
SSB,2021-06-08,20.48698518614299,21.227478626605993,20.042689121865195,21.227478626605993,2450000.0
SSB,2021-06-09,19.99332289250099,21.326211085334393,19.82054108972629,19.845224204408396,2641700.0
SSB,2021-06-10,20.092055351229394,21.030013709149195,18.512336011574995,20.388252727414592,3337900.0
SSB,2021-06-11,20.388252727414592,21.17811239724179,19.499660598858995,21.17811239724179,2589300.0
SSB,2021-06-14,21.17811239724179,21.227478626605993,20.240154039321993,21.227478626605993,2782100.0
SSB,2021-06-15,21.17811239724179,21.202795511923895,19.795857975044193,20.388252727414592,2466800.0
SSB,2021-06-16,20.388252727414592,20.388252727414592,19.055364534581194,19.64775928695159,1489700.0
SSB,2021-06-17,19.549026828223194,19.64775928695159,18.46296978221079,19.598393057587394,1823600.0
SSB,2021-06-18,18.759167158395993,19.968639777818893,18.265504864753993,19.919273548454694,2734900.0
SSB,2021-06-21,19.919273548454694,19.919273548454694,19.252829452037993,19.746491745679993,2216300.0
SSB,2021-06-22,19.746491745679993,19.795857975044193,19.203463222673793,19.77117486036209,2389900.0
SSB,2021-06-23,19.721808630997895,19.721808630997895,19.27751256672009,19.598393057587394,2069900.0
SSB,2021-06-24,19.598393057587394,19.672442401633695,19.252829452037993,19.623076172269492,2276400.0
SSB,2021-06-25,19.64775928695159,19.795857975044193,19.252829452037993,19.795857975044193,2106000.0
SSB,2021-06-28,19.302195681402193,20.240154039321993,19.005998305216995,20.14142158059359,2093400.0
SSB,2021-06-29,20.14142158059359,20.240154039321993,20.092055351229394,20.215470924639895,2099600.0
SSB,2021-06-30,20.215470924639895,20.412935842096694,19.499660598858995,20.31420338336829,2195300.0
SSB,2021-07-01,20.31420338336829,20.338886498050396,19.400928140130592,20.166104695275692,2349400.0
SSB,2021-07-02,20.190787809957794,20.931281250420792,19.721808630997895,20.931281250420792,3294900.0
SSB,2021-07-05,20.931281250420792,20.931281250420792,20.240154039321993,20.832548791692393,2506700.0
SSB,2021-07-06,20.832548791692393,20.906598135738694,19.894590433772592,20.585717644871394,3177800.0
SSB,2021-07-07,20.31420338336829,20.733816332963993,19.746491745679993,20.684450103599794,3388500.0
SSB,2021-07-08,20.63508387423559,20.63508387423559,19.99332289250099,20.48698518614299,2656800.0
SSB,2021-07-09,20.388252727414592,20.536351415507195,19.746491745679993,20.042689121865195,2824800.0
SSB,2021-07-12,19.894590433772592,19.894590433772592,18.660434699667594,18.759167158395993,1625200.0
SSB,2021-07-13,18.512336011574995,19.055364534581194,17.91994125920459,19.055364534581194,1732300.0
SSB,2021-07-14,19.005998305216995,19.005998305216995,18.314871094118196,18.857899617124396,1798000.0
SSB,2021-07-15,18.759167158395993,19.94395666313679,18.512336011574995,19.894590433772592,1725100.0
SSB,2021-07-16,19.894590433772592,20.240154039321993,19.228146337355895,19.474977484176893,1963600.0
SSB,2021-07-19,19.203463222673793,19.203463222673793,18.265504864753993,18.265504864753993,1590100.0
SSB,2021-07-20,18.265504864753993,19.400928140130592,17.278180277469993,19.27751256672009,1740500.0
SSB,2021-07-21,19.27751256672009,19.351561910766396,18.857899617124396,19.252829452037993,1753900.0
SSB,2021-07-22,19.203463222673793,20.240154039321993,18.857899617124396,20.240154039321993,2105800.0
SSB,2021-07-23,21.008803015040566,21.008803015040566,20.093034678487516,20.227706492686494,1460500.0
SSB,2021-07-26,20.173837767006905,20.173837767006905,19.123397616254877,19.608216147371195,1212300.0
SSB,2021-07-27,19.635150510210995,20.039165952807927,18.85405398785692,20.039165952807927,1412500.0
SSB,2021-07-28,19.931428501448742,20.01223158996813,19.392741244652832,19.90449413860895,1308300.0
SSB,2021-07-29,19.87755977576915,19.95836286428854,19.392741244652832,19.931428501448742,1488300.0
SSB,2021-07-30,19.90449413860895,20.039165952807927,19.392741244652832,19.71595359873038,2351600.0
SSB,2021-08-02,19.392741244652832,19.71595359873038,18.85405398785692,19.608216147371195,1895300.0
SSB,2021-08-03,19.500478696012017,19.742887961570172,19.285003793293647,19.742887961570172,1485000.0
SSB,2021-08-04,19.71595359873038,19.931428501448742,19.635150510210995,19.931428501448742,1721500.0
SSB,2021-08-05,19.90449413860895,20.227706492686494,19.285003793293647,20.06610031564772,3360800.0
SSB,2021-08-06,20.093034678487516,20.173837767006905,19.662084873050787,20.01223158996813,1449500.0
SSB,2021-08-09,19.82369105008956,20.093034678487516,19.635150510210995,20.093034678487516,1542500.0
SSB,2021-08-10,20.093034678487516,20.173837767006905,19.662084873050787,19.87755977576915,2707800.0
SSB,2021-08-11,19.554347421691602,19.90449413860895,19.123397616254877,19.796756687249765,2420300.0
SSB,2021-08-12,19.769822324409972,19.769822324409972,19.123397616254877,19.71595359873038,1854300.0
SSB,2021-08-13,19.662084873050787,19.662084873050787,19.123397616254877,19.608216147371195,2626900.0
SSB,2021-08-16,19.554347421691602,19.71595359873038,19.123397616254877,19.71595359873038,3049600.0
SSB,2021-08-17,19.71595359873038,20.2007721298467,19.662084873050787,19.82369105008956,2520300.0
SSB,2021-08-18,19.52741305885181,19.769822324409972,19.392741244652832,19.52741305885181,2351100.0
SSB,2021-08-19,19.500478696012017,19.500478696012017,19.177266341934466,19.33887251897324,2059500.0
SSB,2021-08-20,19.33887251897324,19.33887251897324,18.638579085138556,19.285003793293647,1814400.0
SSB,2021-08-23,19.177266341934466,19.23113506761406,18.827119625017126,19.015660164895692,2285100.0
SSB,2021-08-24,18.961791439216103,19.177266341934466,18.71938217365794,19.177266341934466,2167200.0
SSB,2021-08-25,19.23113506761406,19.365806881813036,18.961791439216103,19.23113506761406,2703100.0
SSB,2021-08-26,19.177266341934466,19.258069430453855,18.880988350696715,19.04259452773549,3278000.0
SSB,2021-08-27,19.015660164895692,19.04259452773549,18.423104182420193,19.04259452773549,3167600.0
SSB,2021-08-30,19.069528890575285,19.392741244652832,18.961791439216103,19.392741244652832,3405800.0
SSB,2021-08-31,19.392741244652832,19.446609970332425,19.204200704774262,19.392741244652832,3009500.0
SSB,2021-09-01,19.392741244652832,19.446609970332425,18.90792271353651,19.33887251897324,3849700.0
SSB,2021-09-06,19.015660164895692,19.365806881813036,18.90792271353651,19.33887251897324,3044100.0
SSB,2021-09-07,19.204200704774262,19.392741244652832,18.934857076376307,19.392741244652832,3851000.0
SSB,2021-09-08,19.365806881813036,19.365806881813036,19.09646325341508,19.177266341934466,3643400.0
SSB,2021-09-09,19.15033197909467,19.392741244652832,19.069528890575285,19.392741244652832,3575700.0
SSB,2021-09-10,19.392741244652832,19.419675607492625,19.204200704774262,19.392741244652832,2791000.0
SSB,2021-09-13,19.285003793293647,19.392741244652832,18.934857076376307,19.177266341934466,3340200.0
SSB,2021-09-14,19.177266341934466,19.285003793293647,19.09646325341508,19.177266341934466,2019100.0
SSB,2021-09-15,19.177266341934466,19.258069430453855,19.09646325341508,19.258069430453855,1987900.0
SSB,2021-09-16,19.285003793293647,19.365806881813036,18.988725802055896,19.258069430453855,3057900.0
SSB,2021-09-17,19.258069430453855,19.365806881813036,19.177266341934466,19.365806881813036,2986100.0
SSB,2021-09-20,19.33887251897324,19.446609970332425,19.311938156133447,19.392741244652832,2191000.0
SSB,2021-09-21,19.177266341934466,19.285003793293647,19.123397616254877,19.23113506761406,1626800.0
SSB,2021-09-22,19.258069430453855,19.285003793293647,18.934857076376307,19.23113506761406,1903900.0
SSB,2021-09-23,19.258069430453855,19.285003793293647,19.09646325341508,19.285003793293647,1994400.0
SSB,2021-09-24,19.365806881813036,19.392741244652832,19.258069430453855,19.392741244652832,1869358.0
SSB,2021-09-27,19.392741244652832,19.446609970332425,18.880988350696715,19.258069430453855,2507100.0
SSB,2021-09-28,19.177266341934466,19.311938156133447,19.09646325341508,19.311938156133447,2386825.0
SSB,2021-09-29,19.311938156133447,19.311938156133447,19.15033197909467,19.311938156133447,2031800.0
SSB,2021-09-30,19.285003793293647,19.365806881813036,18.961791439216103,19.311938156133447,2694100.0
SSB,2021-10-01,19.311938156133447,19.33887251897324,19.09646325341508,19.311938156133447,2032900.0
SSB,2021-10-04,19.311938156133447,19.33887251897324,19.09646325341508,19.311938156133447,2061000.0
SSB,2021-10-05,19.285003793293647,19.365806881813036,19.04259452773549,19.365806881813036,1861700.0
SSB,2021-10-06,19.392741244652832,19.500478696012017,19.09646325341508,19.500478696012017,2015100.0
SSB,2021-10-07,19.52741305885181,20.25464085552629,19.23113506761406,20.25464085552629,2059700.0
SSB,2021-10-08,20.281575218366086,20.73945938664261,20.25464085552629,20.470115758244656,2065900.0
SSB,2021-10-11,20.49705012108445,20.71252502380282,20.25464085552629,20.470115758244656,1822000.0
SSB,2021-10-12,20.49705012108445,20.49705012108445,20.308509581205882,20.470115758244656,2103300.0
SSB,2021-10-13,20.593142110008465,21.391768119814888,20.19382910510525,21.135066902377105,2697700.0
SSB,2021-10-14,21.10654454488402,21.306201047335627,20.96393275741859,21.22063397485637,3228100.0
SSB,2021-10-15,21.22063397485637,21.363245762321803,21.19211161736328,21.33472340482871,3568300.0
SSB,2021-10-18,21.33472340482871,21.420290477307972,20.821320969953156,21.22063397485637,2989000.0
SSB,2021-10-19,21.249156332349454,21.249156332349454,20.87836568493933,21.22063397485637,1764900.0
SSB,2021-10-20,21.10654454488402,21.22063397485637,20.992455114911674,21.22063397485637,1891100.0
SSB,2021-10-21,21.19211161736328,21.27767868984254,20.707231539980807,21.10654454488402,3226000.0
SSB,2021-10-22,21.135066902377105,21.135066902377105,20.84984332744624,20.906888042432413,2160900.0
SSB,2021-10-25,20.87836568493933,20.935410399925505,20.650186824994638,20.87836568493933,1899000.0
SSB,2021-10-26,20.821320969953156,20.87836568493933,20.507575037529207,20.79279861246007,2027000.0
SSB,2021-10-27,20.821320969953156,20.87836568493933,20.62166446750155,20.84984332744624,2164300.0
SSB,2021-10-28,20.87836568493933,21.562902264773403,20.7357538974739,21.562902264773403,1701600.0
SSB,2021-10-29,21.534379907280318,21.562902264773403,20.992455114911674,21.163589259870196,2120900.0
SSB,2021-11-01,21.049499829897847,21.249156332349454,20.650186824994638,21.22063397485637,2037300.0
SSB,2021-11-02,21.10654454488402,21.249156332349454,20.764276254966983,21.22063397485637,1937200.0
SSB,2021-11-03,21.22063397485637,21.905170554690443,20.84984332744624,21.819603482211186,2188300.0
SSB,2021-11-04,21.61994697975958,21.7910811247181,21.19211161736328,21.44881283480106,2295200.0
SSB,2021-11-05,21.44881283480106,21.44881283480106,20.821320969953156,21.44881283480106,3310100.0
SSB,2021-11-08,20.935410399925505,21.61994697975958,20.935410399925505,21.44881283480106,2111600.0
SSB,2021-11-09,21.420290477307972,21.477335192294145,21.020977472404763,21.44881283480106,2360400.0
SSB,2021-11-10,21.391768119814888,21.44881283480106,21.020977472404763,21.249156332349454,2213700.0
SSB,2021-11-11,21.22063397485637,21.22063397485637,20.935410399925505,21.078022187390935,2022800.0
SSB,2021-11-12,21.135066902377105,21.22063397485637,20.935410399925505,21.22063397485637,1953800.0
SSB,2021-11-15,21.249156332349454,21.33472340482871,21.049499829897847,21.135066902377105,2160600.0
SSB,2021-11-16,21.163589259870196,21.27767868984254,20.992455114911674,21.020977472404763,2192100.0
SSB,2021-11-17,21.049499829897847,21.078022187390935,20.678709182487722,21.020977472404763,4100500.0
SSB,2021-11-18,21.020977472404763,21.020977472404763,20.650186824994638,20.7357538974739,1284600.0
SSB,2021-11-19,20.906888042432413,20.906888042432413,20.678709182487722,20.821320969953156,1794100.0
SSB,2021-11-22,20.96393275741859,21.67699169474575,20.336440892570685,21.078022187390935,1270300.0
SSB,2021-11-23,21.363245762321803,21.363245762321803,20.96393275741859,21.078022187390935,1007800.0
SSB,2021-11-24,21.19211161736328,22.532662419538347,20.87836568493933,22.532662419538347,1789500.0
SSB,2021-11-25,23.24572135686551,23.50242257430329,22.81788599446921,23.388333144330943,1190600.0
SSB,2021-11-26,23.10310956940008,23.35981078683786,22.81788599446921,23.274243714358594,2039200.0
SSB,2021-11-29,21.67699169474575,22.98902013942773,21.67699169474575,22.67527420700378,1952700.0
SSB,2021-11-30,22.76084127948304,22.81788599446921,22.019259984662792,22.58970713452452,1579000.0
SSB,2021-12-01,21.7910811247181,22.646751849510697,21.7910811247181,22.646751849510697,1788900.0
SSB,2021-12-02,22.532662419538347,22.58970713452452,22.390050632072914,22.561184777031432,2243100.0
SSB,2021-12-03,22.561184777031432,22.618229492017605,21.962215269676616,21.962215269676616,2103100.0
SSB,2021-12-06,21.734036409731925,21.93369291218353,20.564619752515377,21.67699169474575,1723500.0
SSB,2021-12-07,21.962215269676616,22.475617704552175,21.67699169474575,22.019259984662792,1701600.0
SSB,2021-12-08,22.076304699648965,22.532662419538347,21.67699169474575,22.532662419538347,1703400.0
SSB,2021-12-09,22.532662419538347,22.58970713452452,22.247438844607483,22.58970713452452,1905600.0
SSB,2021-12-10,22.646751849510697,22.646751849510697,22.475617704552175,22.58970713452452,1709200.0
SSB,2021-12-13,22.646751849510697,22.76084127948304,21.962215269676616,22.67527420700378,2039600.0
SSB,2021-12-14,22.646751849510697,22.646751849510697,22.418572989565998,22.618229492017605,1789100.0
SSB,2021-12-15,22.646751849510697,22.67527420700378,22.33300591708674,22.67527420700378,2063400.0
SSB,2021-12-16,22.618229492017605,22.618229492017605,22.304483559593656,22.618229492017605,1833700.0
SSB,2021-12-17,22.58970713452452,22.618229492017605,22.047782342155877,22.44709534705909,2246000.0
SSB,2021-12-20,22.504140062045263,22.532662419538347,22.190394129621307,22.390050632072914,1916000.0
SSB,2021-12-21,22.36152827457983,22.418572989565998,22.161871772128222,22.418572989565998,1791900.0
SSB,2021-12-22,22.390050632072914,22.390050632072914,22.10482705714205,22.275961202100568,2109400.0
SSB,2021-12-23,22.275961202100568,22.275961202100568,21.391768119814888,22.047782342155877,4132900.0
SSB,2021-12-24,22.019259984662792,23.58798964678255,21.819603482211186,23.530944931796377,3663200.0
SSB,2021-12-27,23.673556719261807,25.099674593916134,23.55946728928946,25.099674593916134,3680800.0
SSB,2021-12-28,25.270808738874653,25.61307702879169,24.529227444054403,25.07115223642305,2819000.0
SSB,2021-12-29,25.07115223642305,25.670121743777862,24.24400386912354,25.670121743777862,2471900.0
SSB,2021-12-30,25.78421117375021,25.78421117375021,25.099674593916134,25.698644101270947,2310800.0
SSB,2021-12-31,25.61307702879169,26.18352417865342,25.556032313805517,26.012390033694903,2256900.0
SSB,2022-01-04,26.09795710617416,26.18352417865342,25.641599386284778,26.012390033694903,2208100.0
SSB,2022-01-05,25.926822961215645,26.012390033694903,25.242286381381565,25.670121743777862,1891900.0
SSB,2022-01-06,25.12819695140922,25.21376402388848,24.30104858410971,25.07115223642305,2666600.0
SSB,2022-01-07,24.985585163943785,24.985585163943785,23.844690864220325,24.215481511630454,2220900.0
SSB,2022-01-10,24.12991443915119,24.12991443915119,22.874930709455388,23.24572135686551,2225900.0
SSB,2022-01-11,22.81788599446921,23.074587211906994,22.275961202100568,22.275961202100568,1542500.0
SSB,2022-01-12,22.247438844607483,23.388333144330943,21.562902264773403,23.388333144330943,2239500.0
SSB,2022-01-13,23.958780294192675,24.07286972416502,23.24572135686551,23.730601434247983,2293800.0
SSB,2022-01-14,23.70207907675489,23.787646149234156,23.274243714358594,23.787646149234156,2199400.0
SSB,2022-01-17,24.41119041592658,24.41119041592658,22.847156859127267,23.67517462449161,1599900.0
SSB,2022-01-18,23.552505325919114,23.82851124770723,22.417814314123532,23.460503351989743,2322000.0
SSB,2022-01-19,23.368501378060373,23.58317265056224,23.000493482342886,23.460503351989743,1897600.0
SSB,2022-01-20,23.491170676632866,24.07384984485222,23.153830105558505,24.07384984485222,1889700.0
SSB,2022-01-21,24.07384984485222,24.07384984485222,23.092495456272257,24.07384984485222,2819000.0
SSB,2022-01-24,24.01251519556597,24.135184494138468,23.797843923064104,24.0431825202091,2014100.0
SSB,2022-01-25,24.01251519556597,24.503192389855958,23.797843923064104,24.503192389855958,1851700.0
SSB,2022-01-26,24.503192389855958,24.71786366235782,23.67517462449161,24.28852111735409,2597300.0
SSB,2022-01-27,24.16585181878159,24.16585181878159,23.491170676632866,23.9205132216366,1868000.0
SSB,2022-01-28,23.889845896993478,24.10451716949534,23.368501378060373,24.10451716949534,2306100.0
SSB,2022-02-07,24.07384984485222,24.135184494138468,23.73650927377786,24.10451716949534,1491800.0
SSB,2022-02-08,24.01251519556597,24.07384984485222,23.000493482342886,23.42983602734662,2174600.0
SSB,2022-02-09,23.42983602734662,23.951180546279723,22.908491508413515,23.552505325919114,2409100.0
SSB,2022-02-10,23.613839975205362,23.67517462449161,23.061828131629134,23.67517462449161,1873800.0
SSB,2022-02-11,23.613839975205362,23.613839975205362,23.215164754844754,23.460503351989743,1682400.0
SSB,2022-02-14,23.307166728774124,23.399168702703495,22.44848163876666,22.44848163876666,2070900.0
SSB,2022-02-15,22.32581234019416,23.061828131629134,21.773800496617934,22.816489534484145,1684900.0
SSB,2022-02-16,22.939158833056638,23.000493482342886,22.509816288052907,22.57115093733915,1671200.0
SSB,2022-02-17,22.72448756055477,22.939158833056638,22.264477690907913,22.264477690907913,1749400.0
SSB,2022-02-18,22.264477690907913,22.29514501555104,21.52846189947294,22.20314304162167,1850900.0
SSB,2022-02-21,22.172475716978543,22.29514501555104,21.927137119833553,22.264477690907913,1578100.0
SSB,2022-02-22,22.172475716978543,22.20314304162167,21.773800496617934,22.080473743049172,1514200.0
SSB,2022-02-23,22.29514501555104,22.356479664837288,21.52846189947294,22.356479664837288,2470400.0
SSB,2022-02-24,22.32581234019416,22.32581234019416,21.62046387340231,22.20314304162167,1656700.0
SSB,2022-02-25,22.14180839233542,22.264477690907913,22.04980641840605,22.264477690907913,1951000.0
SSB,2022-02-28,22.264477690907913,22.264477690907913,21.467127250186692,21.712465847331682,1641500.0
SSB,2022-03-01,21.804467821261053,22.72448756055477,21.252455977684825,22.6324855866254,2363400.0
SSB,2022-03-02,22.693820235911648,23.184497430201628,22.080473743049172,23.184497430201628,2107700.0
SSB,2022-03-03,22.908491508413515,23.215164754844754,22.44848163876666,23.215164754844754,1945800.0
SSB,2022-03-04,23.092495456272257,23.307166728774124,22.693820235911648,23.307166728774124,2497600.0
SSB,2022-03-07,23.307166728774124,23.337834053417247,22.755154885197896,23.184497430201628,1787200.0
SSB,2022-03-08,23.092495456272257,23.184497430201628,22.847156859127267,23.123162780915383,1994100.0
SSB,2022-03-09,23.061828131629134,23.123162780915383,22.57115093733915,23.000493482342886,1967100.0
SSB,2022-03-10,23.03116080698601,23.184497430201628,22.72448756055477,23.000493482342886,1989600.0
SSB,2022-03-11,22.908491508413515,23.000493482342886,22.693820235911648,23.000493482342886,1640800.0
SSB,2022-03-14,22.969826157699764,22.969826157699764,22.663152911268526,22.939158833056638,1666100.0
SSB,2022-03-15,22.847156859127267,23.000493482342886,22.72448756055477,23.000493482342886,1705300.0
SSB,2022-03-16,23.000493482342886,23.153830105558505,22.755154885197896,23.123162780915383,1772000.0
SSB,2022-03-17,23.123162780915383,23.184497430201628,22.755154885197896,23.184497430201628,1772500.0
SSB,2022-03-18,23.215164754844754,23.215164754844754,23.03116080698601,23.215164754844754,1525400.0
SSB,2022-03-21,23.153830105558505,23.276499404131002,22.755154885197896,23.215164754844754,1812000.0
SSB,2022-03-22,23.153830105558505,23.552505325919114,22.87782418377039,23.491170676632866,1925700.0
SSB,2022-03-23,23.245832079487876,23.491170676632866,23.184497430201628,23.42983602734662,1668100.0
SSB,2022-03-24,23.276499404131002,23.399168702703495,22.908491508413515,23.368501378060373,1654500.0
SSB,2022-03-25,23.337834053417247,23.460503351989743,22.969826157699764,23.368501378060373,1818000.0
SSB,2022-03-28,23.337834053417247,23.337834053417247,22.755154885197896,23.092495456272257,1901000.0
SSB,2022-03-29,23.092495456272257,23.092495456272257,22.38714698948041,22.38714698948041,2414800.0
SSB,2022-03-30,22.38714698948041,23.58317265056224,22.32581234019416,23.337834053417247,2563300.0
SSB,2022-03-31,23.276499404131002,23.460503351989743,23.03116080698601,23.337834053417247,2733800.0
SSB,2022-04-01,23.215164754844754,23.613839975205362,23.03116080698601,23.613839975205362,2517400.0
SSB,2022-04-04,23.613839975205362,23.67517462449161,23.307166728774124,23.644507299848485,2622900.0
SSB,2022-04-05,23.613839975205362,23.613839975205362,23.337834053417247,23.58317265056224,2567700.0
SSB,2022-04-06,23.52183800127599,23.58317265056224,23.337834053417247,23.58317265056224,1962800.0
SSB,2022-04-07,23.58317265056224,23.58317265056224,23.276499404131002,23.399168702703495,2743100.0
SSB,2022-04-08,23.307166728774124,23.337834053417247,22.6324855866254,23.184497430201628,2561800.0
SSB,2022-04-12,23.153830105558505,23.307166728774124,22.44848163876666,23.307166728774124,2092500.0
SSB,2022-04-13,23.215164754844754,23.337834053417247,23.123162780915383,23.337834053417247,2628300.0
SSB,2022-04-14,23.307166728774124,23.52183800127599,22.939158833056638,23.399168702703495,2506600.0
SSB,2022-04-15,23.368501378060373,23.368501378060373,23.153830105558505,23.307166728774124,2232600.0
SSB,2022-04-18,23.307166728774124,23.307166728774124,22.693820235911648,23.153830105558505,2373900.0
SSB,2022-04-19,23.123162780915383,23.184497430201628,23.000493482342886,23.092495456272257,1568100.0
SSB,2022-04-20,23.092495456272257,23.245832079487876,22.908491508413515,23.153830105558505,2131300.0
SSB,2022-04-21,23.123162780915383,23.307166728774124,23.03116080698601,23.276499404131002,2152900.0
SSB,2022-04-22,23.307166728774124,23.460503351989743,23.061828131629134,23.153830105558505,1989300.0
SSB,2022-04-25,23.153830105558505,23.153830105558505,21.773800496617934,21.773800496617934,1888400.0
SSB,2022-04-26,21.835135145904182,22.38714698948041,21.191121328398577,22.356479664837288,1919900.0
SSB,2022-04-27,22.356479664837288,22.72448756055477,22.14180839233542,22.72448756055477,1921900.0
SSB,2022-04-28,22.755154885197896,22.908491508413515,22.57115093733915,22.847156859127267,3046700.0
SSB,2022-04-29,22.847156859127267,22.87782418377039,22.20314304162167,22.54048361269603,2122200.0
SSB,2022-05-04,22.57115093733915,22.57115093733915,22.04980641840605,22.23381036626479,1708500.0
SSB,2022-05-05,22.264477690907913,22.32581234019416,21.927137119833553,22.20314304162167,1742000.0
SSB,2022-05-06,21.497794574829815,21.773800496617934,21.221788653041703,21.651131198045434,1626000.0
SSB,2022-05-09,21.467127250186692,21.52846189947294,20.823113432681094,21.160454003755454,1360900.0
SSB,2022-05-10,21.037784705182958,22.080473743049172,20.547107510892978,22.080473743049172,1349500.0
SSB,2022-05-11,22.04980641840605,22.080473743049172,21.467127250186692,22.080473743049172,1794600.0
SSB,2022-05-12,22.019139093762924,22.019139093762924,21.344457951614196,21.467127250186692,1866600.0
SSB,2022-05-13,21.467127250186692,21.651131198045434,20.547107510892978,21.252455977684825,1654600.0
SSB,2022-05-16,21.43645992554357,21.43645992554357,20.915115406610465,21.344457951614196,2204100.0
SSB,2022-05-17,21.252455977684825,21.467127250186692,20.976450055896713,21.344457951614196,1976300.0
SSB,2022-05-18,21.405792600900444,21.467127250186692,21.160454003755454,21.344457951614196,2171000.0
SSB,2022-05-19,21.252455977684825,21.313790626971073,20.88444808196734,21.221788653041703,1538900.0
SSB,2022-05-20,21.252455977684825,21.43645992554357,21.129786679112332,21.37512527625732,2006500.0
SSB,2022-05-23,21.405792600900444,21.467127250186692,21.068452029826084,21.160454003755454,1869800.0
SSB,2022-05-24,21.28312330232795,21.28312330232795,20.853780757324216,20.88444808196734,1786300.0
SSB,2022-05-25,20.976450055896713,20.976450055896713,20.42443821232048,20.88444808196734,2089500.0
SSB,2022-05-26,20.915115406610465,21.007117380539835,20.608442160179226,21.007117380539835,1940100.0
SSB,2022-05-27,20.976450055896713,21.221788653041703,20.73111145875172,21.221788653041703,2077400.0
SSB,2022-05-30,21.099119354469206,21.221788653041703,20.88444808196734,21.037784705182958,2614200.0
SSB,2022-05-31,20.88444808196734,20.945782731253587,20.63910948482235,20.73111145875172,2217400.0
SSB,2022-06-01,20.73111145875172,20.792446108037968,20.547107510892978,20.547107510892978,2002500.0
SSB,2022-06-02,20.5777748355361,20.761778783394846,20.33243623839111,20.73111145875172,2672500.0
SSB,2022-06-03,20.73111145875172,20.792446108037968,20.5777748355361,20.73111145875172,1673400.0
SSB,2022-06-06,20.823113432681094,20.823113432681094,20.547107510892978,20.700444134108597,1939100.0
SSB,2022-06-07,20.63910948482235,20.63910948482235,20.025762991959873,20.48577286160673,2023400.0
SSB,2022-06-08,20.700444134108597,20.761778783394846,20.48577286160673,20.73111145875172,2242300.0
SSB,2022-06-09,20.823113432681094,20.823113432681094,19.35108184981115,20.516440186249856,1794200.0
SSB,2022-06-10,20.48577286160673,20.516440186249856,20.24043426446174,20.30176891374799,1665400.0
SSB,2022-06-13,20.14843229053237,20.14843229053237,19.381749174454274,19.381749174454274,1947600.0
SSB,2022-06-14,19.228412551238655,20.24043426446174,18.737735356948672,20.24043426446174,2891900.0
SSB,2022-06-15,20.179099615175492,20.853780757324216,19.412416499097397,20.853780757324216,10126900.0
SSB,2022-06-16,21.154859302386164,21.996661662169696,20.825458378992607,21.996661662169696,1954400.0
SSB,2022-06-17,21.85026125177256,21.960061559570413,21.22805950758473,21.960061559570413,2014700.0
SSB,2022-06-20,21.92346145697113,21.960061559570413,21.22805950758473,21.960061559570413,2035800.0
SSB,2022-06-21,21.92346145697113,21.92346145697113,21.301259712783303,21.92346145697113,12046300.0
SSB,2022-06-22,21.92346145697113,22.618863406357523,21.374459917981866,22.509063098559672,2720500.0
SSB,2022-06-23,22.509063098559672,22.618863406357523,22.326062585563253,22.618863406357523,1676800.0
SSB,2022-06-24,22.618863406357523,22.83846402195323,22.069861867368264,22.83846402195323,2067000.0
SSB,2022-06-27,22.728663714155378,23.021464534949647,22.618863406357523,22.948264329751083,1279900.0
SSB,2022-06-28,22.984864432350363,23.314265355743924,22.83846402195323,23.021464534949647,1781900.0
SSB,2022-06-29,22.948264329751083,23.387465560942488,22.692063611556094,23.131264842747502,1722400.0
SSB,2022-06-30,23.20446504794607,23.277665253144637,23.058064637548934,23.131264842747502,1468000.0
SSB,2022-07-01,23.20446504794607,23.20446504794607,23.021464534949647,23.167864945346786,1715200.0
SSB,2022-07-04,23.241065150545353,23.241065150545353,22.9116642271518,23.167864945346786,1343700.0
SSB,2022-07-05,23.241065150545353,23.241065150545353,22.984864432350363,23.20446504794607,1657200.0
SSB,2022-07-06,23.167864945346786,23.20446504794607,22.76526381675466,22.984864432350363,1767700.0
SSB,2022-07-07,22.76526381675466,23.021464534949647,22.54566320115896,22.9116642271518,1181600.0
SSB,2022-07-08,22.948264329751083,23.20446504794607,22.65546350895681,23.20446504794607,1904600.0
SSB,2022-07-11,23.241065150545353,23.241065150545353,22.948264329751083,23.20446504794607,1343500.0
SSB,2022-07-12,23.131264842747502,23.424065663541775,23.094664740148218,23.424065663541775,1266400.0
SSB,2022-07-13,23.424065663541775,23.424065663541775,23.131264842747502,23.167864945346786,1864500.0
SSB,2022-07-14,23.094664740148218,23.131264842747502,22.875064124552512,23.058064637548934,1230600.0
SSB,2022-07-15,23.094664740148218,23.241065150545353,22.984864432350363,23.021464534949647,1603500.0
SSB,2022-07-18,23.058064637548934,23.277665253144637,22.875064124552512,23.277665253144637,1612000.0
SSB,2022-07-19,23.277665253144637,23.314265355743924,23.058064637548934,23.314265355743924,1323800.0
SSB,2022-07-20,23.277665253144637,23.424065663541775,23.241065150545353,23.424065663541775,1788100.0
SSB,2022-07-21,23.387465560942488,23.424065663541775,23.20446504794607,23.424065663541775,1554200.0
SSB,2022-07-22,23.387465560942488,23.497265868740342,23.20446504794607,23.387465560942488,1660400.0
SSB,2022-07-25,23.314265355743924,23.350865458343204,23.094664740148218,23.167864945346786,1526400.0
SSB,2022-07-26,23.058064637548934,23.241065150545353,22.948264329751083,23.241065150545353,1373400.0
SSB,2022-07-27,23.20446504794607,23.241065150545353,23.094664740148218,23.241065150545353,1729800.0
SSB,2022-07-28,22.39926279076182,23.277665253144637,22.03326176476898,23.277665253144637,2160800.0
SSB,2022-07-29,23.277665253144637,23.314265355743924,23.021464534949647,23.314265355743924,1515200.0
SSB,2022-08-01,23.241065150545353,23.387465560942488,23.058064637548934,23.387465560942488,1958600.0
SSB,2022-08-02,23.241065150545353,23.314265355743924,23.021464534949647,23.314265355743924,1878200.0
SSB,2022-08-03,23.20446504794607,23.277665253144637,23.058064637548934,23.277665253144637,6096200.0
SSB,2022-08-04,23.241065150545353,23.277665253144637,23.094664740148218,23.241065150545353,8597000.0
SSB,2022-08-05,23.20446504794607,23.241065150545353,23.021464534949647,23.094664740148218,1928789.0
SSB,2022-08-08,23.131264842747502,23.167864945346786,23.021464534949647,23.021464534949647,6872500.0
SSB,2022-08-09,23.021464534949647,23.058064637548934,22.76526381675466,22.875064124552512,1950700.0
SSB,2022-08-10,22.875064124552512,22.875064124552512,22.618863406357523,22.76526381675466,7094100.0
SSB,2022-08-11,22.875064124552512,23.058064637548934,22.65546350895681,23.058064637548934,2102500.0
SSB,2022-08-12,22.948264329751083,23.021464534949647,22.801863919353945,22.948264329751083,2767889.0
SSB,2022-08-15,23.058064637548934,23.058064637548934,22.875064124552512,23.058064637548934,2680000.0
SSB,2022-08-16,23.021464534949647,23.021464534949647,22.83846402195323,23.021464534949647,1678300.0
SSB,2022-08-17,22.948264329751083,23.058064637548934,22.9116642271518,23.058064637548934,20849200.0
SSB,2022-08-18,23.058064637548934,23.058064637548934,22.83846402195323,22.948264329751083,10169300.0
SSB,2022-08-19,22.948264329751083,22.948264329751083,22.801863919353945,22.875064124552512,6379800.0
SSB,2022-08-22,22.9116642271518,23.790066689534616,22.801863919353945,23.790066689534616,2008500.0
SSB,2022-08-23,23.790066689534616,23.790066689534616,23.497265868740342,23.790066689534616,10539400.0
SSB,2022-08-24,23.790066689534616,23.790066689534616,23.680266381736764,23.716866484336045,17049689.0
SSB,2022-08-25,23.643666279137477,23.716866484336045,23.277665253144637,23.716866484336045,2430200.0
SSB,2022-08-26,23.680266381736764,23.716866484336045,23.424065663541775,23.716866484336045,2753389.0
SSB,2022-08-29,23.570466073938913,23.570466073938913,23.20446504794607,23.570466073938913,1543700.0
SSB,2022-08-30,23.533865971339626,23.643666279137477,23.058064637548934,23.643666279137477,1097700.0
SSB,2022-08-31,23.058064637548934,23.607066176538194,22.692063611556094,23.607066176538194,2146600.0
SSB,2022-09-05,23.497265868740342,23.497265868740342,23.058064637548934,23.424065663541775,1158600.0
SSB,2022-09-06,23.387465560942488,23.460665766141055,23.277665253144637,23.424065663541775,1543100.0
SSB,2022-09-07,23.387465560942488,23.424065663541775,23.131264842747502,23.424065663541775,1611500.0
SSB,2022-09-08,23.424065663541775,23.424065663541775,23.167864945346786,23.387465560942488,1273500.0
SSB,2022-09-09,23.387465560942488,23.387465560942488,23.167864945346786,23.350865458343204,1419400.0
SSB,2022-09-12,23.350865458343204,23.350865458343204,23.058064637548934,23.058064637548934,1265500.0
SSB,2022-09-13,23.094664740148218,23.094664740148218,22.83846402195323,23.058064637548934,1291300.0
SSB,2022-09-14,23.021464534949647,23.021464534949647,22.76526381675466,22.984864432350363,1346700.0
SSB,2022-09-15,22.984864432350363,23.058064637548934,22.801863919353945,23.021464534949647,1449800.0
SSB,2022-09-16,22.984864432350363,23.058064637548934,22.875064124552512,23.058064637548934,1389700.0
SSB,2022-09-19,23.058064637548934,23.058064637548934,22.83846402195323,22.984864432350363,2957402.0
SSB,2022-09-20,22.76526381675466,23.094664740148218,22.76526381675466,23.058064637548934,1179700.0
SSB,2022-09-21,23.058064637548934,23.058064637548934,22.948264329751083,22.984864432350363,1119800.0
SSB,2022-09-22,22.984864432350363,22.984864432350363,22.65546350895681,22.9116642271518,1304600.0
SSB,2022-09-23,22.728663714155378,22.83846402195323,22.582263303758243,22.76526381675466,1115600.0
SSB,2022-09-26,22.03326176476898,22.692063611556094,22.03326176476898,22.326062585563253,1075900.0
SSB,2022-09-27,22.14306207256683,22.362662688162537,22.14306207256683,22.362662688162537,1316300.0
SSB,2022-09-28,22.39926279076182,22.39926279076182,22.106461969967548,22.362662688162537,1300000.0
SSB,2022-09-29,22.362662688162537,22.435862893361104,22.252862380364682,22.362662688162537,1160100.0
SSB,2022-09-30,22.28946248296397,22.39926279076182,22.14306207256683,22.39926279076182,1152000.0
SSB,2022-10-03,22.39926279076182,22.39926279076182,21.740460943974707,21.740460943974707,1122900.0
SSB,2022-10-04,22.362662688162537,22.362662688162537,21.594060533577572,21.594060533577572,1157100.0
SSB,2022-10-05,21.594060533577572,21.960061559570413,21.594060533577572,21.960061559570413,1161400.0
SSB,2022-10-06,21.996661662169696,22.106461969967548,21.520860328379005,21.813661149173278,1104500.0
SSB,2022-10-07,21.813661149173278,21.85026125177256,21.154859302386164,21.48426022577972,1052500.0
SSB,2022-10-10,21.48426022577972,21.520860328379005,21.154859302386164,21.264659610184015,924400.0
SSB,2022-10-11,21.191459404985448,21.264659610184015,20.349657045201916,20.422857250400483,6077800.0
SSB,2022-10-12,20.422857250400483,21.85026125177256,20.349657045201916,21.703860841375423,8376900.0
SSB,2022-10-13,21.92346145697113,21.92346145697113,21.374459917981866,21.667260738776143,1312000.0
SSB,2022-10-14,21.886861354371845,21.886861354371845,21.48426022577972,21.703860841375423,1147800.0
SSB,2022-10-17,21.85026125177256,21.85026125177256,21.191459404985448,21.594060533577572,1146500.0
SSB,2022-10-18,21.777061046573994,21.813661149173278,21.411060020581154,21.594060533577572,1103000.0
SSB,2022-10-19,21.594060533577572,21.703860841375423,21.411060020581154,21.594060533577572,986200.0
SSB,2022-10-20,21.594060533577572,21.594060533577572,21.411060020581154,21.594060533577572,965683.0
SSB,2022-10-21,21.447660123180437,21.594060533577572,20.715658071194756,21.081659097187597,1030000.0
SSB,2022-10-24,21.264659610184015,21.264659610184015,20.3862571478012,20.86205848159189,855600.0
SSB,2022-10-25,21.11825919978688,21.22805950758473,20.56925766079762,21.22805950758473,998100.0
SSB,2022-10-26,21.264659610184015,21.55746043097829,21.081659097187597,21.22805950758473,1052800.0
SSB,2022-10-27,21.11825919978688,22.692063611556094,20.6058577633969,22.692063611556094,1261500.0
SSB,2022-10-28,22.692063611556094,22.692063611556094,22.216262277765402,22.65546350895681,1230400.0
SSB,2022-10-31,22.692063611556094,22.692063611556094,22.435862893361104,22.65546350895681,979200.0
SSB,2022-11-01,22.582263303758243,22.692063611556094,22.54566320115896,22.692063611556094,3801300.0
SSB,2022-11-02,22.65546350895681,22.692063611556094,22.435862893361104,22.65546350895681,1650900.0
SSB,2022-11-03,22.618863406357523,22.65546350895681,22.28946248296397,22.28946248296397,1032000.0
SSB,2022-11-04,22.28946248296397,22.362662688162537,22.14306207256683,22.17966217516612,1372500.0
SSB,2022-11-07,22.216262277765402,22.28946248296397,21.960061559570413,21.960061559570413,1088200.0
SSB,2022-11-08,21.960061559570413,22.618863406357523,21.740460943974707,22.03326176476898,1185700.0
SSB,2022-11-09,22.106461969967548,22.39926279076182,21.960061559570413,22.03326176476898,18385000.0
SSB,2022-11-10,22.03326176476898,22.03326176476898,21.301259712783303,21.301259712783303,1187500.0
SSB,2022-11-11,21.337859815382583,21.996661662169696,21.337859815382583,21.996661662169696,1206700.0
SSB,2022-11-14,21.960061559570413,21.960061559570413,21.337859815382583,21.777061046573994,1124900.0
SSB,2022-11-15,21.667260738776143,21.813661149173278,21.00845889198903,21.447660123180437,952000.0
SSB,2022-11-16,21.447660123180437,21.996661662169696,21.00845889198903,21.813661149173278,1260900.0
SSB,2022-11-17,21.886861354371845,22.106461969967548,21.813661149173278,22.106461969967548,1137700.0
SSB,2022-11-18,22.106461969967548,22.14306207256683,21.777061046573994,21.960061559570413,7706000.0
SSB,2022-11-21,21.960061559570413,22.069861867368264,21.703860841375423,21.813661149173278,879500.0
SSB,2022-11-22,21.85026125177256,21.996661662169696,20.313056942602632,21.813661149173278,6269400.0
SSB,2022-11-23,21.813661149173278,21.886861354371845,21.703860841375423,21.703860841375423,947500.0
SSB,2022-11-24,21.703860841375423,21.740460943974707,21.55746043097829,21.630660636176856,940600.0
SSB,2022-11-25,21.630660636176856,21.813661149173278,21.630660636176856,21.813661149173278,1077900.0
SSB,2022-11-28,21.85026125177256,21.996661662169696,21.813661149173278,21.996661662169696,1394700.0
SSB,2022-11-29,22.03326176476898,22.069861867368264,21.777061046573994,22.03326176476898,4432000.0
SSB,2022-11-30,22.03326176476898,22.069861867368264,21.85026125177256,22.069861867368264,1240800.0
SSB,2022-12-01,22.069861867368264,22.17966217516612,21.996661662169696,22.17966217516612,10583700.0
SSB,2022-12-02,22.17966217516612,22.28946248296397,22.069861867368264,22.28946248296397,13244800.0
SSB,2022-12-05,22.326062585563253,22.472462995960388,22.28946248296397,22.472462995960388,1430100.0
SSB,2022-12-06,22.509063098559672,22.509063098559672,22.252862380364682,22.362662688162537,3277400.0
SSB,2022-12-07,22.362662688162537,22.39926279076182,22.252862380364682,22.39926279076182,1091900.0
SSB,2022-12-08,22.39926279076182,22.692063611556094,22.39926279076182,22.582263303758243,2387300.0
SSB,2022-12-09,22.582263303758243,22.618863406357523,22.28946248296397,22.509063098559672,1219900.0
SSB,2022-12-12,22.509063098559672,22.618863406357523,22.326062585563253,22.54566320115896,1222500.0
SSB,2022-12-13,22.54566320115896,22.692063611556094,22.435862893361104,22.692063611556094,1208000.0
SSB,2022-12-14,22.692063611556094,22.76526381675466,22.582263303758243,22.692063611556094,1184500.0
SSB,2022-12-15,22.692063611556094,22.83846402195323,22.618863406357523,22.76526381675466,1212100.0
SSB,2022-12-16,22.76526381675466,22.83846402195323,22.618863406357523,22.83846402195323,1197700.0
SSB,2022-12-19,22.83846402195323,22.984864432350363,22.728663714155378,22.9116642271518,1228100.0
SSB,2022-12-20,22.9116642271518,22.948264329751083,22.54566320115896,22.9116642271518,1341500.0
SSB,2022-12-21,22.9116642271518,22.984864432350363,22.801863919353945,22.984864432350363,1097800.0
SSB,2022-12-22,23.021464534949647,23.20446504794607,22.948264329751083,23.20446504794607,1231900.0
SSB,2022-12-23,23.20446504794607,23.277665253144637,23.058064637548934,23.241065150545353,767100.0
SSB,2022-12-26,23.241065150545353,23.314265355743924,22.984864432350363,23.167864945346786,877400.0
SSB,2022-12-27,23.167864945346786,23.424065663541775,23.094664740148218,23.424065663541775,6173100.0
SSB,2022-12-28,23.424065663541775,23.643666279137477,23.20446504794607,23.643666279137477,1042500.0
SSB,2022-12-29,23.643666279137477,23.790066689534616,23.533865971339626,23.753466586935332,953300.0
SSB,2022-12-30,23.790066689534616,24.082867510328885,23.753466586935332,24.082867510328885,1301500.0
SSB,2023-01-03,24.119467612928172,24.485468638921013,24.082867510328885,24.375668331123155,1011200.0
SSB,2023-01-04,24.412268433722442,24.558668844119577,24.30246812592459,24.522068741520293,1114600.0
SSB,2023-01-05,24.558668844119577,24.705069254516715,24.448868536321726,24.631869049318144,2270500.0
SSB,2023-01-06,24.631869049318144,24.778269459715283,24.522068741520293,24.705069254516715,5939070.0
SSB,2023-01-09,24.741669357115995,24.851469664913854,24.631869049318144,24.705069254516715,1507100.0
SSB,2023-01-10,24.705069254516715,24.778269459715283,24.522068741520293,24.66846915191743,974500.0
SSB,2023-01-11,24.66846915191743,24.814869562314566,24.595268946718864,24.741669357115995,1129100.0
SSB,2023-01-12,24.705069254516715,24.705069254516715,24.558668844119577,24.705069254516715,947700.0
SSB,2023-01-13,24.705069254516715,24.814869562314566,24.595268946718864,24.705069254516715,1061200.0
SSB,2023-01-16,24.741669357115995,24.778269459715283,24.558668844119577,24.778269459715283,17274000.0
SSB,2023-01-17,24.814869562314566,24.888069767513134,24.741669357115995,24.778269459715283,1042400.0
SSB,2023-01-18,24.778269459715283,24.888069767513134,24.705069254516715,24.814869562314566,1117200.0
SSB,2023-01-19,24.814869562314566,24.888069767513134,24.705069254516715,24.851469664913854,1073700.0
SSB,2023-01-27,24.888069767513134,25.071070280509556,24.851469664913854,24.924669870112417,1099200.0
SSB,2023-01-30,24.924669870112417,24.961269972711705,24.705069254516715,24.778269459715283,1121600.0
SSB,2023-01-31,24.778269459715283,24.778269459715283,24.595268946718864,24.741669357115995,2989300.0
SSB,2023-02-01,24.778269459715283,24.851469664913854,24.558668844119577,24.558668844119577,1032000.0
SSB,2023-02-02,24.558668844119577,24.631869049318144,24.412268433722442,24.485468638921013,1002500.0
SSB,2023-02-03,24.412268433722442,24.485468638921013,23.277665253144637,23.277665253144637,1200000.0
SSB,2023-02-06,23.350865458343204,23.350865458343204,23.131264842747502,23.314265355743924,1005000.0
SSB,2023-02-07,23.314265355743924,23.424065663541775,23.131264842747502,23.387465560942488,11747400.0
SSB,2023-02-08,23.387465560942488,23.607066176538194,23.314265355743924,23.424065663541775,1024800.0
SSB,2023-02-09,23.424065663541775,23.570466073938913,23.387465560942488,23.424065663541775,1000800.0
SSB,2023-02-10,23.460665766141055,23.497265868740342,23.314265355743924,23.387465560942488,5391300.0
SSB,2023-02-13,23.387465560942488,23.424065663541775,23.20446504794607,23.241065150545353,909300.0
SSB,2023-02-14,23.20446504794607,23.350865458343204,23.131264842747502,23.20446504794607,901300.0
SSB,2023-02-15,23.20446504794607,23.387465560942488,23.20446504794607,23.314265355743924,968400.0
SSB,2023-02-16,23.350865458343204,23.424065663541775,23.277665253144637,23.387465560942488,918300.0
SSB,2023-02-17,23.387465560942488,23.460665766141055,23.277665253144637,23.387465560942488,893900.0
SSB,2023-02-20,23.387465560942488,23.643666279137477,23.387465560942488,23.643666279137477,2591300.0
SSB,2023-02-21,23.643666279137477,23.716866484336045,23.533865971339626,23.607066176538194,1018000.0
SSB,2023-02-22,23.570466073938913,23.607066176538194,23.350865458343204,23.350865458343204,964900.0
SSB,2023-02-23,23.350865458343204,23.387465560942488,23.021464534949647,23.277665253144637,1094700.0
SSB,2023-02-24,23.314265355743924,23.350865458343204,22.83846402195323,23.131264842747502,973100.0
SSB,2023-02-27,23.131264842747502,23.167864945346786,22.83846402195323,23.058064637548934,1826900.0
SSB,2023-02-28,23.094664740148218,23.241065150545353,23.058064637548934,23.241065150545353,877100.0
SSB,2023-03-01,23.241065150545353,23.497265868740342,23.094664740148218,23.460665766141055,3400500.0
SSB,2023-03-02,23.460665766141055,23.533865971339626,23.314265355743924,23.424065663541775,15851300.0
SSB,2023-03-03,23.424065663541775,23.533865971339626,23.131264842747502,23.387465560942488,6559300.0
SSB,2023-03-06,23.424065663541775,23.680266381736764,23.424065663541775,23.533865971339626,934700.0
SSB,2023-03-07,23.533865971339626,23.790066689534616,23.533865971339626,23.716866484336045,1579500.0
SSB,2023-03-08,23.643666279137477,23.790066689534616,23.460665766141055,23.790066689534616,876700.0
SSB,2023-03-09,23.826666792133896,23.899866997332463,23.570466073938913,23.863266894733183,1013600.0
SSB,2023-03-10,23.863266894733183,23.863266894733183,23.497265868740342,23.716866484336045,990100.0
SSB,2023-03-13,23.607066176538194,23.716866484336045,23.497265868740342,23.716866484336045,945900.0
SSB,2023-03-14,23.716866484336045,23.716866484336045,23.314265355743924,23.643666279137477,971100.0
SSB,2023-03-15,23.680266381736764,23.826666792133896,23.680266381736764,23.826666792133896,905300.0
SSB,2023-03-16,23.790066689534616,23.826666792133896,23.424065663541775,23.570466073938913,916700.0
SSB,2023-03-17,23.643666279137477,23.716866484336045,23.460665766141055,23.607066176538194,891700.0
SSB,2023-03-20,23.607066176538194,23.607066176538194,23.058064637548934,23.497265868740342,953400.0
SSB,2023-03-21,23.533865971339626,23.607066176538194,22.984864432350363,23.533865971339626,982200.0
SSB,2023-03-22,23.570466073938913,23.607066176538194,23.131264842747502,23.533865971339626,921700.0
SSB,2023-03-23,23.497265868740342,23.533865971339626,23.094664740148218,23.533865971339626,951700.0
SSB,2023-03-24,23.533865971339626,23.570466073938913,23.094664740148218,23.20446504794607,820100.0
SSB,2023-03-27,23.241065150545353,23.241065150545353,22.984864432350363,23.20446504794607,5616800.0
SSB,2023-03-28,23.20446504794607,23.20446504794607,22.948264329751083,23.058064637548934,754400.0
SSB,2023-03-29,23.058064637548934,23.094664740148218,22.83846402195323,22.984864432350363,756500.0
SSB,2023-03-30,22.984864432350363,23.021464534949647,22.801863919353945,23.021464534949647,5441900.0
SSB,2023-03-31,23.021464534949647,23.058064637548934,22.801863919353945,23.021464534949647,5240100.0
SSB,2023-04-03,23.021464534949647,23.131264842747502,22.875064124552512,23.131264842747502,892700.0
SSB,2023-04-04,23.131264842747502,23.167864945346786,22.9116642271518,23.058064637548934,819200.0
SSB,2023-04-05,23.021464534949647,23.094664740148218,22.83846402195323,23.094664740148218,2497500.0
SSB,2023-04-06,23.094664740148218,23.094664740148218,22.83846402195323,22.948264329751083,1017300.0
SSB,2023-04-07,22.948264329751083,22.948264329751083,22.76526381675466,22.9116642271518,831300.0
SSB,2023-04-10,22.9116642271518,22.984864432350363,22.801863919353945,22.9116642271518,787500.0
SSB,2023-04-11,22.801863919353945,22.948264329751083,22.728663714155378,22.948264329751083,825600.0
SSB,2023-04-12,22.948264329751083,22.948264329751083,22.76526381675466,22.948264329751083,4018400.0
SSB,2023-04-13,22.948264329751083,22.948264329751083,22.76526381675466,22.948264329751083,835500.0
SSB,2023-04-14,22.9116642271518,22.948264329751083,22.76526381675466,22.9116642271518,14286100.0
SSB,2023-04-17,22.875064124552512,22.948264329751083,22.801863919353945,22.948264329751083,2322300.0
SSB,2023-04-18,22.948264329751083,22.948264329751083,22.76526381675466,22.875064124552512,4163300.0
SSB,2023-04-19,22.875064124552512,22.9116642271518,22.76526381675466,22.801863919353945,746100.0
SSB,2023-04-20,22.83846402195323,22.83846402195323,22.692063611556094,22.83846402195323,9045400.0
SSB,2023-04-21,22.83846402195323,22.875064124552512,22.692063611556094,22.76526381675466,1076300.0
SSB,2023-04-24,22.76526381675466,22.801863919353945,22.582263303758243,22.76526381675466,2965100.0
SSB,2023-04-25,22.76526381675466,22.76526381675466,22.54566320115896,22.582263303758243,631600.0
SSB,2023-04-26,22.582263303758243,22.582263303758243,22.216262277765402,22.252862380364682,579600.0
SSB,2023-04-27,22.28946248296397,22.39926279076182,22.14306207256683,22.39926279076182,845000.0
SSB,2023-04-28,22.39926279076182,23.387465560942488,22.39926279076182,23.387465560942488,945800.0
SSB,2023-05-04,23.350865458343204,23.350865458343204,22.948264329751083,23.021464534949647,623200.0
SSB,2023-05-05,23.021464534949647,23.058064637548934,22.875064124552512,23.021464534949647,719700.0
SSB,2023-05-08,23.058064637548934,23.167864945346786,23.021464534949647,23.094664740148218,11114700.0
SSB,2023-05-09,23.094664740148218,23.241065150545353,22.984864432350363,23.094664740148218,666100.0
SSB,2023-05-10,23.094664740148218,23.131264842747502,22.984864432350363,22.984864432350363,2033100.0
SSB,2023-05-11,22.984864432350363,23.021464534949647,22.83846402195323,22.83846402195323,520900.0
SSB,2023-05-12,22.83846402195323,22.83846402195323,22.618863406357523,22.692063611556094,544000.0
SSB,2023-05-15,22.728663714155378,22.83846402195323,22.54566320115896,22.54566320115896,487300.0
SSB,2023-05-16,22.54566320115896,22.582263303758243,22.216262277765402,22.216262277765402,511600.0
SSB,2023-05-17,22.17966217516612,22.216262277765402,21.996661662169696,21.996661662169696,559000.0
SSB,2023-05-18,21.996661662169696,21.996661662169696,21.777061046573994,21.996661662169696,649600.0
SSB,2023-05-19,21.996661662169696,21.996661662169696,21.813661149173278,21.92346145697113,540100.0
SSB,2023-05-22,21.92346145697113,22.069861867368264,21.886861354371845,22.069861867368264,560100.0
SSB,2023-05-23,22.069861867368264,22.14306207256683,21.886861354371845,21.960061559570413,528500.0
SSB,2023-05-24,21.996661662169696,22.03326176476898,21.85026125177256,21.886861354371845,1488500.0
SSB,2023-05-25,21.85026125177256,21.92346145697113,21.703860841375423,21.886861354371845,620900.0
SSB,2023-05-26,21.92346145697113,22.03326176476898,21.886861354371845,21.996661662169696,11580000.0
SSB,2023-05-29,21.996661662169696,22.252862380364682,21.996661662169696,22.106461969967548,511600.0
SSB,2023-05-30,22.14306207256683,22.17966217516612,21.92346145697113,22.106461969967548,15729700.0
SSB,2023-05-31,22.106461969967548,22.216262277765402,21.996661662169696,22.216262277765402,8197000.0
SSB,2023-06-01,22.252862380364682,22.39926279076182,22.216262277765402,22.362662688162537,611400.0
SSB,2023-06-02,22.435862893361104,22.9116642271518,22.435862893361104,22.9116642271518,591400.0
SSB,2023-06-05,22.948264329751083,23.131264842747502,22.948264329751083,23.058064637548934,1143200.0
SSB,2023-06-06,23.058064637548934,23.167864945346786,22.948264329751083,23.094664740148218,608900.0
SSB,2023-06-07,23.131264842747502,23.167864945346786,22.948264329751083,23.131264842747502,531900.0
SSB,2023-06-08,23.167864945346786,23.20446504794607,22.9116642271518,22.984864432350363,525900.0
SSB,2023-06-09,22.984864432350363,23.058064637548934,22.875064124552512,22.948264329751083,693800.0
SSB,2023-06-12,22.984864432350363,23.131264842747502,22.875064124552512,23.094664740148218,444800.0
SSB,2023-06-13,23.094664740148218,23.424065663541775,23.058064637548934,23.058064637548934,599000.0
SSB,2023-06-14,23.094664740148218,23.20446504794607,22.984864432350363,23.058064637548934,564900.0
SSB,2023-06-15,22.984864432350363,23.094664740148218,22.948264329751083,23.058064637548934,738300.0
SSB,2023-06-16,23.094664740148218,23.131264842747502,22.875064124552512,23.021464534949647,25484532.0
SSB,2023-06-19,23.058064637548934,23.131264842747502,22.984864432350363,23.021464534949647,608900.0
SSB,2023-06-20,23.021464534949647,23.094664740148218,22.984864432350363,23.058064637548934,17385500.0
SSB,2023-06-21,23.094664740148218,23.241065150545353,23.021464534949647,23.241065150545353,2308900.0
SSB,2023-06-22,23.277665253144637,23.387465560942488,23.241065150545353,23.350865458343204,708300.0
SSB,2023-06-23,23.4604776782138,23.90063673409023,23.416461772626157,23.90063673409023,4097100.0
SSB,2023-06-26,23.90063673409023,23.944652639677873,23.636541300564375,23.90063673409023,758100.0
SSB,2023-06-27,23.90063673409023,23.944652639677873,23.812604922914947,23.944652639677873,738800.0
SSB,2023-06-28,23.944652639677873,24.03268445085316,23.944652639677873,24.03268445085316,5965904.0
SSB,2023-06-29,24.03268445085316,24.120716262028445,23.90063673409023,23.90063673409023,779100.0
SSB,2023-06-30,23.90063673409023,23.944652639677873,23.812604922914947,23.812604922914947,601700.0
SSB,2023-07-03,23.812604922914947,23.90063673409023,23.7685890173273,23.812604922914947,724200.0
SSB,2023-07-04,23.85662082850259,23.90063673409023,23.7685890173273,23.85662082850259,693500.0
SSB,2023-07-05,23.90063673409023,24.03268445085316,23.85662082850259,24.03268445085316,582100.0
SSB,2023-07-06,24.03268445085316,25.177097996131884,24.03268445085316,25.177097996131884,615700.0
SSB,2023-07-07,25.221113901719523,25.221113901719523,25.04505027936895,25.221113901719523,674700.0
SSB,2023-07-10,25.26512980730717,25.30914571289481,25.177097996131884,25.30914571289481,877700.0
SSB,2023-07-11,25.353161618482456,25.52922524083303,25.26512980730717,25.44119342965774,4397400.0
SSB,2023-07-12,25.44119342965774,25.52922524083303,25.177097996131884,25.26512980730717,12757300.0
SSB,2023-07-13,25.30914571289481,25.485209335245383,25.221113901719523,25.485209335245383,2646400.0
SSB,2023-07-14,25.52922524083303,25.57324114642067,25.353161618482456,25.52922524083303,666800.0
SSB,2023-07-17,25.617257052008316,25.617257052008316,25.44119342965774,25.617257052008316,639100.0
SSB,2023-07-18,25.617257052008316,25.79332067435889,25.57324114642067,25.79332067435889,15826200.0
SSB,2023-07-19,25.83733657994653,25.881352485534173,25.749304768771243,25.79332067435889,642500.0
SSB,2023-07-20,25.79332067435889,25.925368391121815,25.7052888631836,25.79332067435889,706700.0
SSB,2023-07-21,25.79332067435889,25.925368391121815,25.7052888631836,25.79332067435889,926000.0
SSB,2023-07-24,25.83733657994653,25.96938429670946,25.7052888631836,25.881352485534173,819800.0
SSB,2023-07-25,25.881352485534173,25.96938429670946,25.83733657994653,25.96938429670946,1010500.0
SSB,2023-07-26,25.96938429670946,26.057416107884748,25.925368391121815,26.057416107884748,1035900.0
SSB,2023-07-27,26.057416107884748,26.145447919060032,25.96938429670946,26.101432013472387,837100.0
SSB,2023-07-28,26.101432013472387,26.189463824647675,25.96938429670946,26.145447919060032,1067700.0
SSB,2023-07-31,26.189463824647675,26.365527446998247,25.661272957595955,25.661272957595955,1397900.0
SSB,2023-08-01,25.7052888631836,26.365527446998247,25.7052888631836,26.365527446998247,1360600.0
SSB,2023-08-02,26.321511541410604,26.629622880524106,26.277495635822962,26.629622880524106,2962500.0
SSB,2023-08-03,26.67363878611175,26.717654691699394,26.497575163761176,26.629622880524106,1007800.0
SSB,2023-08-04,26.67363878611175,27.553956897864612,25.52922524083303,25.52922524083303,5277700.0
SSB,2023-08-07,25.617257052008316,26.629622880524106,25.617257052008316,26.629622880524106,3329500.0
SSB,2023-08-08,26.409543352585892,26.761670597287036,25.881352485534173,26.67363878611175,17425400.0
SSB,2023-08-09,26.67363878611175,26.80568650287468,25.96938429670946,26.409543352585892,1336700.0
SSB,2023-08-10,26.453559258173534,26.497575163761176,25.79332067435889,26.409543352585892,2852600.0
SSB,2023-08-11,26.409543352585892,26.761670597287036,26.057416107884748,26.761670597287036,3115840.0
SSB,2023-08-14,26.80568650287468,26.80568650287468,25.221113901719523,26.189463824647675,4476600.0
SSB,2023-08-15,25.96938429670946,25.96938429670946,25.353161618482456,25.96938429670946,937900.0
SSB,2023-08-16,25.79332067435889,26.013400202297102,25.30914571289481,25.96938429670946,1029300.0
SSB,2023-08-17,25.353161618482456,25.881352485534173,25.353161618482456,25.881352485534173,1255400.0
SSB,2023-08-18,25.79332067435889,25.79332067435889,24.076700356440806,24.16473216761609,1799800.0
SSB,2023-08-21,24.25276397879138,24.736938940255452,23.416461772626157,23.416461772626157,1041000.0
SSB,2023-08-22,23.636541300564375,24.824970751430737,23.636541300564375,24.824970751430737,2313500.0
SSB,2023-08-23,24.913002562606025,24.913002562606025,23.108350433512655,24.824970751430737,12763055.0
SSB,2023-08-24,24.824970751430737,25.04505027936895,23.7685890173273,25.04505027936895,1145446.0
SSB,2023-08-25,24.384811695554305,25.04505027936895,24.076700356440806,24.824970751430737,874287.0
SSB,2023-08-28,24.824970751430737,24.913002562606025,24.16473216761609,24.913002562606025,8419040.0
SSB,2023-08-29,24.913002562606025,24.957018468193667,24.25276397879138,24.957018468193667,1749816.0
SSB,2023-08-30,24.957018468193667,25.00103437378131,24.340795789966663,24.736938940255452,3186605.0
SSB,2023-08-31,24.472843506729593,24.824970751430737,24.16473216761609,24.736938940255452,1484219.0
SSB,2023-09-05,24.736938940255452,24.824970751430737,24.208748073203733,24.208748073203733,2128635.0
SSB,2023-09-06,24.208748073203733,24.516859412317235,23.7685890173273,24.472843506729593,7683152.0
SSB,2023-09-07,24.29677988437902,24.42882760114195,23.98866854526552,24.16473216761609,1525352.0
SSB,2023-09-08,24.076700356440806,24.42882760114195,24.03268445085316,24.208748073203733,1274686.0
SSB,2023-09-11,24.25276397879138,24.25276397879138,23.680557206152013,23.7685890173273,1577800.0
SSB,2023-09-12,23.7685890173273,24.208748073203733,23.50449358380144,24.076700356440806,2260400.0
SSB,2023-09-13,23.944652639677873,23.944652639677873,23.416461772626157,23.90063673409023,7354000.0
SSB,2023-09-14,23.4604776782138,23.90063673409023,23.152366339100297,23.152366339100297,1252600.0
SSB,2023-09-15,23.196382244687943,23.7685890173273,23.196382244687943,23.7685890173273,1225400.0
SSB,2023-09-18,23.24039815027558,23.7685890173273,23.152366339100297,23.59252539497673,1149800.0
SSB,2023-09-19,23.548509489389087,23.59252539497673,22.932286811162083,23.59252539497673,1159843.0
SSB,2023-09-20,23.108350433512655,23.548509489389087,23.020318622337367,23.32842996145087,1138500.0
SSB,2023-09-21,22.976302716749725,23.416461772626157,22.976302716749725,23.32842996145087,1567700.0
SSB,2023-09-22,22.80023909439915,23.24039815027558,22.44811184969801,22.44811184969801,23370301.0
SSB,2023-09-25,22.44811184969801,22.888270905574437,22.31606413293508,22.888270905574437,1823500.0
SSB,2023-09-26,22.976302716749725,23.4604776782138,22.31606413293508,23.06433452792501,1471302.0
SSB,2023-09-27,23.108350433512655,23.284414055863227,22.49212775528565,23.108350433512655,17493201.0
SSB,2023-09-28,22.888270905574437,23.152366339100297,21.96393688823393,22.007952793821577,1225401.0
SSB,2023-09-29,21.875905077058647,22.18401641617215,21.831889171471005,22.007952793821577,1031800.0
SSB,2023-10-02,22.007952793821577,22.140000510584503,21.831889171471005,22.007952793821577,1089800.0
SSB,2023-10-03,21.655825549120433,22.05196869940922,21.655825549120433,21.91992098264629,1016819.0
SSB,2023-10-04,22.007952793821577,22.007952793821577,21.5237778323575,21.5237778323575,8069391.0
SSB,2023-10-05,21.391730115594573,21.655825549120433,21.171650587656355,21.567793737945145,898516.0
SSB,2023-10-06,21.567793737945145,21.69984145470807,21.435746021182215,21.567793737945145,4145982.0
SSB,2023-10-09,21.611809643532787,21.69984145470807,21.171650587656355,21.611809643532787,5800601.0
SSB,2023-10-10,21.655825549120433,21.743857360295717,21.5237778323575,21.655825549120433,10191102.0
SSB,2023-10-11,21.69984145470807,21.78787326588336,21.567793737945145,21.78787326588336,825400.0
SSB,2023-10-12,21.831889171471005,22.007952793821577,21.69984145470807,21.78787326588336,1121102.0
SSB,2023-10-13,21.655825549120433,21.831889171471005,21.215666493244,21.831889171471005,3132902.0
SSB,2023-10-16,21.743857360295717,22.007952793821577,21.303698304419285,21.831889171471005,4809708.0
SSB,2023-10-17,21.831889171471005,21.91992098264629,21.69984145470807,21.78787326588336,5237602.0
SSB,2023-10-18,21.69984145470807,21.875905077058647,21.655825549120433,21.743857360295717,14455109.0
SSB,2023-10-19,21.743857360295717,21.831889171471005,21.303698304419285,21.655825549120433,1154007.0
SSB,2023-10-20,21.655825549120433,21.91992098264629,21.479761926769857,21.5237778323575,1103204.0
SSB,2023-10-23,21.611809643532787,21.831889171471005,21.611809643532787,21.831889171471005,1417901.0
SSB,2023-10-24,21.91992098264629,22.712207283223865,21.875905077058647,22.712207283223865,1641200.0
SSB,2023-10-25,22.75622318881151,22.844254999986795,22.624175472048577,22.80023909439915,1120500.0
SSB,2023-10-26,22.80023909439915,22.80023909439915,22.31606413293508,22.44811184969801,1199500.0
SSB,2023-10-27,22.49212775528565,22.580159566460935,22.22803232175979,22.49212775528565,1194400.0
SSB,2023-10-30,22.49212775528565,22.536143660873293,22.31606413293508,22.31606413293508,1000000.0
SSB,2023-10-31,22.18401641617215,22.712207283223865,22.140000510584503,22.712207283223865,1085100.0
SSB,2023-11-01,22.712207283223865,22.888270905574437,22.668191377636223,22.80023909439915,1198400.0
SSB,2023-11-02,22.80023909439915,22.888270905574437,22.668191377636223,22.844254999986795,1030900.0
SSB,2023-11-03,22.844254999986795,22.888270905574437,21.391730115594573,21.391730115594573,2027400.0
SSB,2023-11-06,21.743857360295717,22.44811184969801,21.743857360295717,22.272048227347437,15344000.0
SSB,2023-11-07,22.007952793821577,22.31606413293508,21.435746021182215,21.479761926769857,1441000.0
SSB,2023-11-08,21.479761926769857,21.96393688823393,21.215666493244,21.96393688823393,1082700.0
SSB,2023-11-09,21.96393688823393,21.96393688823393,21.567793737945145,21.567793737945145,1259800.0
SSB,2023-11-10,21.347714210006927,21.611809643532787,20.95157105971814,20.95157105971814,1383800.0
SSB,2023-11-13,20.291332475903495,20.599443815016993,20.203300664728207,20.24731657031585,5714800.0
SSB,2023-11-14,20.24731657031585,20.68747562619228,20.027237042377635,20.37936428707878,5112400.0
SSB,2023-11-15,20.37936428707878,20.907555154130495,20.37936428707878,20.68747562619228,4488600.0
SSB,2023-11-16,20.55542790942935,20.68747562619228,20.24731657031585,20.643459720604636,4341000.0
SSB,2023-11-17,20.68747562619228,20.68747562619228,19.851173420027063,20.37936428707878,1590300.0
SSB,2023-11-20,20.115268853552923,20.37936428707878,19.631093892088845,20.37936428707878,13579700.0
SSB,2023-11-21,20.24731657031585,20.37936428707878,19.851173420027063,20.37936428707878,1517100.0
SSB,2023-11-22,20.291332475903495,20.335348381491137,19.895189325614705,20.335348381491137,23543384.0
SSB,2023-11-23,20.027237042377635,20.24731657031585,19.939205231202347,20.24731657031585,1351200.0
SSB,2023-11-24,20.115268853552923,20.335348381491137,19.631093892088845,20.335348381491137,2327700.0
SSB,2023-11-27,19.895189325614705,20.335348381491137,19.895189325614705,20.291332475903495,10412600.0
SSB,2023-11-28,19.939205231202347,20.291332475903495,19.895189325614705,20.291332475903495,1428200.0
SSB,2023-11-29,20.24731657031585,20.291332475903495,19.939205231202347,20.291332475903495,1618500.0
SSB,2023-11-30,20.15928475914056,20.24731657031585,19.895189325614705,19.895189325614705,1410900.0
SSB,2023-12-01,19.763141608851775,20.15928475914056,19.71912570326413,19.98322113678999,1137200.0
SSB,2023-12-04,19.98322113678999,20.071252947965277,19.763141608851775,20.027237042377635,2146300.0
SSB,2023-12-05,19.98322113678999,20.027237042377635,19.807157514439417,19.98322113678999,8875500.0
SSB,2023-12-06,19.939205231202347,19.98322113678999,19.851173420027063,19.98322113678999,1103500.0
SSB,2023-12-07,19.939205231202347,19.98322113678999,19.807157514439417,19.98322113678999,1385600.0
SSB,2023-12-08,19.98322113678999,19.98322113678999,19.807157514439417,19.98322113678999,1420700.0
SSB,2023-12-11,19.895189325614705,19.98322113678999,19.807157514439417,19.939205231202347,1228600.0
SSB,2023-12-12,19.939205231202347,19.939205231202347,19.807157514439417,19.939205231202347,3265600.0
SSB,2023-12-13,19.939205231202347,19.98322113678999,19.807157514439417,19.895189325614705,3215100.0
SSB,2023-12-14,19.895189325614705,19.98322113678999,19.807157514439417,19.895189325614705,1034800.0
SSB,2023-12-15,19.851173420027063,19.895189325614705,19.71912570326413,19.895189325614705,1231700.0
SSB,2023-12-18,19.895189325614705,19.895189325614705,19.71912570326413,19.895189325614705,1082100.0
SSB,2023-12-19,19.71912570326413,19.895189325614705,19.71912570326413,19.895189325614705,1005100.0
SSB,2023-12-20,19.71912570326413,19.895189325614705,19.71912570326413,19.895189325614705,1025900.0
SSB,2023-12-21,19.895189325614705,19.895189325614705,19.763141608851775,19.895189325614705,1150900.0
SSB,2023-12-22,19.895189325614705,19.939205231202347,19.71912570326413,19.895189325614705,1245500.0
SSB,2023-12-25,19.895189325614705,20.027237042377635,19.807157514439417,19.939205231202347,1381900.0
SSB,2023-12-26,19.939205231202347,20.027237042377635,19.851173420027063,19.98322113678999,1004400.0
SSB,2023-12-27,19.98322113678999,20.027237042377635,19.939205231202347,19.939205231202347,3024800.0
SSB,2023-12-28,19.939205231202347,21.127634682068713,19.851173420027063,20.819523342955208,1611200.0
SSB,2023-12-29,20.863539248542853,21.083618776481067,20.863539248542853,21.039602870893425,1519700.0
SSB,2024-01-02,21.039602870893425,21.215666493244,20.42338019266642,21.083618776481067,1282800.0
SSB,2024-01-03,21.083618776481067,21.083618776481067,20.51141200384171,20.51141200384171,5407700.0
SSB,2024-01-04,20.55542790942935,21.039602870893425,20.291332475903495,20.731491531779923,1177800.0
SSB,2024-01-05,20.731491531779923,21.039602870893425,20.599443815016993,20.77550743736757,1134200.0
SSB,2024-01-08,20.77550743736757,20.863539248542853,20.51141200384171,20.51141200384171,7906300.0
SSB,2024-01-09,20.37936428707878,20.68747562619228,20.37936428707878,20.643459720604636,1080500.0
SSB,2024-01-10,20.643459720604636,20.68747562619228,20.37936428707878,20.599443815016993,1268400.0
SSB,2024-01-11,20.599443815016993,21.039602870893425,20.42338019266642,20.77550743736757,1367300.0
SSB,2024-01-12,20.77550743736757,20.77550743736757,20.467396098254067,20.643459720604636,1200600.0
SSB,2024-01-15,20.643459720604636,20.643459720604636,20.467396098254067,20.51141200384171,5585300.0
SSB,2024-01-16,20.291332475903495,20.55542790942935,20.071252947965277,20.203300664728207,1124000.0
SSB,2024-01-17,20.15928475914056,20.37936428707878,20.115268853552923,20.291332475903495,8038990.0
SSB,2024-01-18,20.335348381491137,20.37936428707878,20.15928475914056,20.291332475903495,1982700.0
SSB,2024-01-19,20.291332475903495,20.37936428707878,20.203300664728207,20.335348381491137,1856600.0
SSB,2024-01-22,20.37936428707878,20.51141200384171,20.291332475903495,20.467396098254067,1726300.0
SSB,2024-01-23,20.467396098254067,20.51141200384171,20.15928475914056,20.335348381491137,1378700.0
SSB,2024-01-24,20.291332475903495,20.467396098254067,20.071252947965277,20.335348381491137,1390500.0
SSB,2024-01-25,20.37936428707878,20.37936428707878,20.115268853552923,20.335348381491137,1371000.0
SSB,2024-01-26,20.15928475914056,20.335348381491137,20.15928475914056,20.335348381491137,1452500.0
SSB,2024-01-29,20.291332475903495,20.335348381491137,20.15928475914056,20.24731657031585,1345200.0
SSB,2024-01-30,20.15928475914056,20.24731657031585,20.071252947965277,20.24731657031585,1383600.0
SSB,2024-01-31,20.24731657031585,20.335348381491137,19.71912570326413,20.15928475914056,16306400.0
SSB,2024-02-01,19.98322113678999,20.15928475914056,19.807157514439417,20.027237042377635,1554700.0
SSB,2024-02-02,19.98322113678999,20.071252947965277,19.543062080913558,20.027237042377635,2019900.0
SSB,2024-02-05,20.027237042377635,20.291332475903495,19.67510979767649,20.24731657031585,6014100.0
SSB,2024-02-06,20.24731657031585,20.335348381491137,20.027237042377635,20.24731657031585,1428800.0
SSB,2024-02-07,20.203300664728207,20.42338019266642,19.98322113678999,20.42338019266642,1475100.0
SSB,2024-02-15,20.42338019266642,20.51141200384171,20.115268853552923,20.467396098254067,1561000.0
SSB,2024-02-16,20.51141200384171,20.51141200384171,20.24731657031585,20.467396098254067,4540800.0
SSB,2024-02-19,20.467396098254067,20.51141200384171,20.115268853552923,20.291332475903495,8140300.0
SSB,2024-02-20,20.335348381491137,20.335348381491137,20.027237042377635,20.24731657031585,1495500.0
SSB,2024-02-21,20.115268853552923,20.291332475903495,19.895189325614705,20.203300664728207,1681000.0
SSB,2024-02-22,20.203300664728207,20.24731657031585,19.939205231202347,20.24731657031585,1391100.0
SSB,2024-02-23,20.24731657031585,20.42338019266642,20.071252947965277,20.24731657031585,1501700.0
SSB,2024-02-26,20.071252947965277,20.24731657031585,19.98322113678999,20.15928475914056,10300200.0
SSB,2024-02-27,20.15928475914056,20.15928475914056,19.851173420027063,20.15928475914056,1765200.0
SSB,2024-02-28,19.939205231202347,20.203300664728207,19.895189325614705,20.203300664728207,1603000.0
SSB,2024-02-29,20.203300664728207,20.24731657031585,19.939205231202347,20.15928475914056,1432900.0
SSB,2024-03-01,19.98322113678999,20.203300664728207,19.939205231202347,20.203300664728207,1385500.0
SSB,2024-03-04,20.203300664728207,20.24731657031585,19.98322113678999,20.115268853552923,10163400.0
SSB,2024-03-05,20.115268853552923,20.115268853552923,19.939205231202347,20.115268853552923,1450000.0
SSB,2024-03-06,19.98322113678999,20.115268853552923,19.851173420027063,20.027237042377635,1532000.0
SSB,2024-03-07,20.027237042377635,20.027237042377635,19.851173420027063,20.027237042377635,1442300.0
SSB,2024-03-08,20.027237042377635,20.071252947965277,19.763141608851775,19.98322113678999,1385400.0
SSB,2024-03-11,19.939205231202347,19.98322113678999,19.587077986501203,19.851173420027063,1764200.0
SSB,2024-03-12,19.895189325614705,19.895189325614705,19.587077986501203,19.851173420027063,3350600.0
SSB,2024-03-13,19.851173420027063,19.939205231202347,19.67510979767649,19.895189325614705,3255700.0
SSB,2024-03-14,19.895189325614705,19.939205231202347,19.67510979767649,19.895189325614705,1497900.0
SSB,2024-03-15,19.895189325614705,19.98322113678999,19.67510979767649,19.895189325614705,1549500.0
SSB,2024-03-18,19.895189325614705,19.939205231202347,19.587077986501203,19.763141608851775,1390700.0
SSB,2024-03-19,19.631093892088845,19.763141608851775,19.455030269738273,19.763141608851775,1530400.0
SSB,2024-03-20,19.631093892088845,19.851173420027063,19.499046175325915,19.851173420027063,1679900.0
SSB,2024-03-21,19.895189325614705,19.939205231202347,19.631093892088845,19.851173420027063,1516200.0
SSB,2024-03-22,19.851173420027063,19.895189325614705,19.67510979767649,19.67510979767649,1462600.0
SSB,2024-03-25,19.543062080913558,19.71912570326413,19.455030269738273,19.455030269738273,1549500.0
SSB,2024-03-26,19.543062080913558,19.67510979767649,19.366998458562986,19.631093892088845,1421800.0
SSB,2024-03-27,19.41101436415063,19.67510979767649,19.366998458562986,19.543062080913558,1549400.0
SSB,2024-03-28,19.41101436415063,19.543062080913558,19.322982552975343,19.543062080913558,1441100.0
SSB,2024-03-29,19.322982552975343,19.499046175325915,19.322982552975343,19.455030269738273,24949800.0
SSB,2024-04-01,19.455030269738273,19.499046175325915,19.190934836212413,19.455030269738273,1403100.0
SSB,2024-04-02,19.190934836212413,19.455030269738273,19.102903025037126,19.41101436415063,6027000.0
SSB,2024-04-03,19.14691893062477,19.41101436415063,19.01487121386184,19.366998458562986,9879000.0
SSB,2024-04-04,19.41101436415063,19.455030269738273,19.14691893062477,19.366998458562986,1371800.0
SSB,2024-04-05,19.14691893062477,19.366998458562986,19.058887119449484,19.322982552975343,1408600.0
SSB,2024-04-08,19.14691893062477,19.322982552975343,19.01487121386184,19.278966647387698,11647900.0
SSB,2024-04-09,19.102903025037126,19.278966647387698,19.01487121386184,19.278966647387698,1600200.0
SSB,2024-04-10,19.278966647387698,19.366998458562986,19.058887119449484,19.366998458562986,2010100.0
SSB,2024-04-11,19.102903025037126,19.41101436415063,19.102903025037126,19.41101436415063,2017000.0
SSB,2024-04-12,19.455030269738273,19.895189325614705,19.366998458562986,19.895189325614705,2563000.0
SSB,2024-04-15,19.851173420027063,19.895189325614705,19.366998458562986,19.67510979767649,22694300.0
SSB,2024-04-16,19.71912570326413,19.71912570326413,18.310616724459553,19.499046175325915,2586800.0
SSB,2024-04-17,19.543062080913558,19.895189325614705,19.23495074180006,19.543062080913558,3629343.0
SSB,2024-04-19,19.543062080913558,19.587077986501203,18.926839402686554,19.455030269738273,2113300.0
SSB,2024-04-22,19.455030269738273,19.631093892088845,19.14691893062477,19.499046175325915,2197000.0
SSB,2024-04-23,19.278966647387698,19.499046175325915,18.926839402686554,19.366998458562986,2202200.0
SSB,2024-04-24,19.366998458562986,19.499046175325915,19.278966647387698,19.455030269738273,18089500.0
SSB,2024-04-25,19.41101436415063,19.455030269738273,19.01487121386184,19.366998458562986,2171400.0
SSB,2024-04-26,19.366998458562986,19.366998458562986,18.926839402686554,19.366998458562986,2234700.0
SSB,2024-05-02,19.366998458562986,19.41101436415063,19.058887119449484,19.322982552975343,1786600.0
SSB,2024-05-03,19.366998458562986,19.366998458562986,19.102903025037126,19.278966647387698,1906500.0
SSB,2024-05-06,19.278966647387698,19.366998458562986,19.102903025037126,19.366998458562986,15430800.0
SSB,2024-05-07,19.366998458562986,19.41101436415063,19.190934836212413,19.41101436415063,8966100.0
SSB,2024-05-08,19.41101436415063,19.455030269738273,19.14691893062477,19.278966647387698,2727000.0
SSB,2024-05-09,19.322982552975343,19.366998458562986,19.14691893062477,19.322982552975343,1979600.0
SSB,2024-05-10,19.322982552975343,19.366998458562986,19.102903025037126,19.14691893062477,2040500.0
SSB,2024-05-13,19.190934836212413,19.23495074180006,19.01487121386184,19.14691893062477,1855700.0
SSB,2024-05-14,19.190934836212413,19.190934836212413,19.01487121386184,19.102903025037126,1292400.0
SSB,2024-05-15,19.102903025037126,19.14691893062477,18.9708553082742,19.14691893062477,4978900.0
SSB,2024-05-16,19.14691893062477,19.499046175325915,19.01487121386184,19.455030269738273,1895000.0
SSB,2024-05-17,19.455030269738273,19.455030269738273,19.102903025037126,19.366998458562986,1717000.0
SSB,2024-05-20,19.366998458562986,19.41101436415063,19.190934836212413,19.366998458562986,8657800.0
SSB,2024-05-21,19.366998458562986,19.366998458562986,19.14691893062477,19.322982552975343,1643200.0
SSB,2024-05-22,19.322982552975343,19.366998458562986,19.102903025037126,19.278966647387698,1707100.0
SSB,2024-05-23,19.278966647387698,19.322982552975343,19.058887119449484,19.322982552975343,1793000.0
SSB,2024-05-24,19.322982552975343,19.322982552975343,19.01487121386184,19.23495074180006,1869800.0
SSB,2024-05-27,19.14691893062477,19.23495074180006,19.01487121386184,19.058887119449484,1599200.0
SSB,2024-05-28,19.058887119449484,19.058887119449484,18.838807591511266,19.058887119449484,1794600.0
SSB,2024-05-29,19.058887119449484,19.058887119449484,18.75077578033598,19.01487121386184,1908900.0
SSB,2024-05-30,18.838807591511266,18.9708553082742,18.75077578033598,18.926839402686554,4128400.0
SSB,2024-05-31,18.926839402686554,18.926839402686554,18.75077578033598,18.926839402686554,1554800.0
SSB,2024-06-03,18.926839402686554,19.102903025037126,18.838807591511266,19.01487121386184,11019900.0
SSB,2024-06-04,19.01487121386184,19.01487121386184,18.838807591511266,19.01487121386184,1588500.0
SSB,2024-06-05,18.88282349709891,19.102903025037126,18.88282349709891,19.102903025037126,4814300.0
SSB,2024-06-06,19.190934836212413,19.190934836212413,18.9708553082742,19.102903025037126,1707800.0
SSB,2024-06-07,19.058887119449484,19.14691893062477,18.926839402686554,19.058887119449484,1625900.0
SSB,2024-06-10,19.058887119449484,19.102903025037126,18.926839402686554,19.058887119449484,1530600.0
SSB,2024-06-11,19.058887119449484,19.058887119449484,18.794791685923627,18.9708553082742,4287900.0
SSB,2024-06-12,18.9708553082742,19.01487121386184,18.70675987474834,19.01487121386184,3670200.0
SSB,2024-06-13,19.01487121386184,19.102903025037126,18.9708553082742,19.102903025037126,2331700.0
SSB,2024-06-14,19.102903025037126,20.071252947965277,19.01487121386184,19.366998458562986,3329800.0
SSB,2024-06-17,19.587077986501203,20.24731657031585,19.41101436415063,19.71912570326413,4299500.0
SSB,2024-06-18,19.807157514439417,20.335348381491137,19.807157514439417,19.98322113678999,4049200.0
SSB,2024-06-19,20.071252947965277,20.335348381491137,19.98322113678999,20.15928475914056,4467700.0
SSB,2024-06-20,20.203300664728207,20.68747562619228,20.203300664728207,20.467396098254067,21530357.0
SSB,2024-06-21,20.643459720604636,21.127634682068713,20.599443815016993,20.907555154130495,12188500.0
SSB,2024-06-24,21.039602870893425,21.083618776481067,19.763141608851775,19.895189325614705,11145229.0
SSB,2024-06-25,19.895189325614705,19.939205231202347,18.61872806357305,18.61872806357305,7683835.0
SSB,2024-06-26,18.70675987474834,19.322982552975343,18.222584913284265,18.61872806357305,7387600.0
SSB,2024-06-27,18.662743969160694,18.662743969160694,17.60636223505726,18.310616724459553,9940499.0
SSB,2024-06-28,18.266600818871908,18.310616724459553,17.782425857407834,18.310616724459553,3106500.0
SSB,2024-07-01,18.310616724459553,18.354632630047195,17.958489479758406,18.354632630047195,7297700.0
SSB,2024-07-02,18.398648535634837,18.398648535634837,18.002505385346048,18.398648535634837,3652200.0
SSB,2024-07-03,18.354632630047195,18.44266444122248,18.090537196521336,18.44266444122248,12808600.0
SSB,2024-07-04,18.44266444122248,18.48668034681012,18.222584913284265,18.398648535634837,2808500.0
SSB,2024-07-05,18.398648535634837,18.398648535634837,18.222584913284265,18.398648535634837,2556000.0
SSB,2024-07-08,18.354632630047195,18.398648535634837,18.046521290933693,18.354632630047195,3262200.0
SSB,2024-07-09,18.13455310210898,18.398648535634837,18.090537196521336,18.398648535634837,2912200.0
SSB,2024-07-10,18.222584913284265,18.44266444122248,18.222584913284265,18.398648535634837,2778300.0
SSB,2024-07-11,18.354632630047195,18.44266444122248,18.310616724459553,18.398648535634837,2678200.0
SSB,2024-07-12,18.354632630047195,18.44266444122248,18.266600818871908,18.310616724459553,10482600.0
SSB,2024-07-15,18.310616724459553,18.310616724459553,18.13455310210898,18.310616724459553,16922900.0
SSB,2024-07-16,18.266600818871908,18.398648535634837,18.13455310210898,18.310616724459553,2565300.0
SSB,2024-07-17,18.354632630047195,18.398648535634837,18.17856900769662,18.310616724459553,4183900.0
SSB,2024-07-18,18.310616724459553,18.48668034681012,18.13455310210898,18.48668034681012,3530600.0
SSB,2024-07-19,18.44266444122248,18.57471215798541,18.310616724459553,18.530696252397767,2690500.0
SSB,2024-07-22,18.57471215798541,18.662743969160694,18.354632630047195,18.61872806357305,2891000.0
SSB,2024-07-23,18.662743969160694,18.926839402686554,18.530696252397767,18.88282349709891,2703400.0
SSB,2024-07-24,18.926839402686554,19.366998458562986,18.838807591511266,19.322982552975343,19910500.0
SSB,2024-07-25,18.61872806357305,19.278966647387698,18.61872806357305,19.278966647387698,2473700.0
SSB,2024-07-26,19.366998458562986,19.366998458562986,19.01487121386184,19.322982552975343,2276500.0
SSB,2024-07-29,19.322982552975343,19.322982552975343,19.058887119449484,19.322982552975343,2376500.0
SSB,2024-07-30,19.102903025037126,19.322982552975343,19.102903025037126,19.278966647387698,2209700.0
SSB,2024-07-31,19.278966647387698,19.278966647387698,19.01487121386184,19.190934836212413,2533400.0
SSB,2024-08-01,19.190934836212413,19.631093892088845,19.01487121386184,19.322982552975343,2893400.0
SSB,2024-08-02,19.322982552975343,19.895189325614705,18.838807591511266,19.895189325614705,3179300.0
SSB,2024-08-05,19.631093892088845,19.631093892088845,18.530696252397767,19.278966647387698,13631100.0
SSB,2024-08-06,19.455030269738273,19.455030269738273,18.9708553082742,19.366998458562986,13832400.0
SSB,2024-08-07,19.058887119449484,19.366998458562986,19.01487121386184,19.01487121386184,6913001.0
SSB,2024-08-08,18.662743969160694,19.058887119449484,18.662743969160694,19.01487121386184,2521800.0
SSB,2024-08-09,19.058887119449484,19.102903025037126,18.838807591511266,19.102903025037126,5070100.0
SSB,2024-08-12,19.01487121386184,19.23495074180006,18.9708553082742,19.14691893062477,2237000.0
SSB,2024-08-13,19.01487121386184,19.23495074180006,18.75077578033598,18.75077578033598,3557400.0
SSB,2024-08-14,18.9708553082742,19.01487121386184,18.88282349709891,19.01487121386184,9916300.0
SSB,2024-08-15,19.102903025037126,19.102903025037126,18.838807591511266,18.9708553082742,5949200.0
SSB,2024-08-16,19.01487121386184,19.058887119449484,18.838807591511266,19.01487121386184,6589200.0
SSB,2024-08-19,19.058887119449484,19.058887119449484,18.838807591511266,19.01487121386184,9054200.0
SSB,2024-08-20,19.01487121386184,19.058887119449484,18.926839402686554,19.01487121386184,3006000.0
SSB,2024-08-21,18.88282349709891,19.058887119449484,18.838807591511266,19.058887119449484,4567334.0
SSB,2024-08-22,18.9708553082742,19.98322113678999,18.9708553082742,19.98322113678999,8069890.0
SSB,2024-08-23,19.65,20.45,19.65,20.0,2788900.0
SSB,2024-08-26,19.8,19.9,19.7,19.85,2721600.0
SSB,2024-08-27,19.7,19.85,19.35,19.4,2236900.0
SSB,2024-08-28,19.45,19.45,19.1,19.25,2382300.0
SSB,2024-08-29,19.1,19.25,19.05,19.15,2521600.0
SSB,2024-08-30,19.35,19.35,19.0,19.2,2269900.0
SSB,2024-09-04,18.75,19.2,18.5,18.5,3712000.0
SSB,2024-09-05,18.5,18.7,18.4,18.5,2495100.0
SSB,2024-09-06,18.55,18.55,18.0,18.0,41556900.0
SSB,2024-09-09,18.0,18.1,17.75,18.1,809600.0
SSB,2024-09-10,17.9,18.1,17.0,17.0,10814800.0
SSB,2024-09-11,17.0,17.5,16.0,16.0,2221300.0
SSB,2024-09-12,16.1,16.5,15.05,15.05,5282900.0
SSB,2024-09-13,15.5,15.7,15.2,15.25,41622536.0
SSB,2024-09-16,15.4,15.9,15.2,15.25,9803000.0
SSB,2024-09-17,15.5,15.7,15.25,15.45,63841556.0
SSB,2024-09-18,15.6,15.8,15.6,15.6,99562838.0
SSB,2024-09-19,15.8,16.65,15.75,16.65,74139498.0
SSB,2024-09-20,16.85,17.3,16.45,16.55,2707200.0
SSB,2024-09-23,16.7,16.7,15.95,15.95,2009000.0
SSB,2024-09-24,16.0,16.65,15.9,16.5,103460187.0
SSB,2024-09-25,17.0,17.0,16.55,16.65,12905700.0
SSB,2024-09-26,16.65,17.05,16.65,17.0,2563400.0
SSB,2024-09-27,17.0,17.15,16.85,17.0,1643800.0
SSB,2024-09-30,17.0,17.05,16.85,17.05,11546400.0
SSB,2024-10-01,17.05,17.55,17.0,17.45,12092200.0
SSB,2024-10-02,17.3,17.6,17.2,17.55,1753500.0
SSB,2024-10-03,17.5,18.0,17.5,17.8,2634500.0
SSB,2024-10-04,17.8,17.8,17.45,17.5,2103800.0
SSB,2024-10-07,17.45,17.5,17.1,17.1,1635800.0
SSB,2024-10-08,17.1,17.2,16.95,17.1,2261400.0
SSB,2024-10-09,17.1,18.0,16.95,17.5,2214700.0
SSB,2024-10-10,17.6,17.8,17.5,17.5,8959500.0
SSB,2024-10-11,17.65,17.7,17.5,17.6,1601800.0
SSB,2024-10-14,17.75,17.75,17.4,17.4,6522200.0
SSB,2024-10-15,17.1,17.6,17.1,17.4,1610900.0
SSB,2024-10-16,17.0,17.3,16.7,16.7,1669500.0
SSB,2024-10-17,16.7,16.8,16.2,16.75,3823900.0
SSB,2024-10-18,16.75,17.15,16.7,16.7,24300300.0
SSB,2024-10-21,16.45,16.75,16.45,16.7,2019800.0
SSB,2024-10-22,16.65,16.7,16.45,16.7,1849500.0
SSB,2024-10-23,16.7,16.7,16.45,16.65,14955300.0
SSB,2024-10-24,16.6,16.65,16.4,16.65,45485540.0
SSB,2024-10-25,16.65,16.65,16.35,16.65,6659600.0
SSB,2024-10-28,16.4,16.65,16.4,16.65,19814000.0
SSB,2024-10-29,16.65,16.7,16.45,16.6,15908010.0
SSB,2024-10-30,16.5,16.5,16.25,16.5,19975100.0
SSB,2024-10-31,16.45,16.55,16.25,16.55,1930400.0
SSB,2024-11-01,16.35,16.95,16.35,16.95,2696400.0
SSB,2024-11-04,16.8,16.8,16.4,16.7,24780700.0
SSB,2024-11-05,16.6,16.75,16.35,16.75,2798600.0
SSB,2024-11-06,16.75,16.95,16.65,16.9,1858600.0
SSB,2024-11-07,16.9,17.0,16.65,16.85,1616800.0
SSB,2024-11-08,16.85,16.9,16.5,16.75,5235000.0
SSB,2024-11-11,16.75,16.8,16.4,16.7,14806700.0
SSB,2024-11-12,16.7,16.7,16.45,16.65,26117000.0
SSB,2024-11-13,16.4,16.7,16.35,16.7,7299854.0
SSB,2024-11-14,16.4,16.75,16.4,16.75,28272500.0
SSB,2024-11-15,16.7,16.8,16.55,16.8,1783500.0
SSB,2024-11-18,16.6,16.85,16.4,16.85,11075400.0
SSB,2024-11-19,16.55,17.0,16.5,16.9,3297900.0
SSB,2024-11-20,16.55,16.9,16.55,16.9,1905200.0
SSB,2024-11-21,16.7,16.9,16.55,16.9,12373300.0
SSB,2024-11-22,16.85,16.9,16.7,16.9,1697400.0
SSB,2024-11-25,16.85,16.9,16.7,16.85,8200900.0
SSB,2024-11-26,16.8,16.9,16.75,16.9,1845000.0
SSB,2024-11-27,16.75,16.95,16.75,16.95,1939200.0
SSB,2024-11-28,17.0,17.1,16.8,17.0,1942700.0
SSB,2024-11-29,17.0,17.0,16.8,17.0,9012800.0
SSB,2024-12-02,17.0,17.05,16.85,16.95,1740600.0
SSB,2024-12-03,16.95,17.0,16.75,17.0,25379200.0
SSB,2024-12-04,16.8,16.95,16.75,16.95,1748200.0
SSB,2024-12-05,16.95,17.2,16.8,17.2,2301900.0
SSB,2024-12-06,17.0,17.6,17.0,17.25,1856600.0
SSB,2024-12-09,17.1,17.4,17.0,17.3,10630500.0
SSB,2024-12-10,17.3,17.45,17.25,17.35,11608800.0
SSB,2024-12-11,17.35,17.4,17.1,17.35,2086500.0
SSB,2024-12-12,17.35,17.4,17.15,17.4,1754100.0
SSB,2024-12-13,17.25,17.4,17.1,17.35,1793700.0
SSB,2024-12-16,17.35,17.35,17.1,17.3,1938000.0
SSB,2024-12-17,17.25,17.3,16.95,17.3,3714900.0
SSB,2024-12-18,17.1,17.25,17.1,17.25,1759700.0
SSB,2024-12-19,17.05,17.1,16.5,16.5,6707200.0
SSB,2024-12-20,16.8,16.9,16.5,16.7,1581500.0
SSB,2024-12-23,16.65,16.95,16.6,16.95,1748500.0
SSB,2024-12-24,16.9,17.05,16.75,17.05,11971000.0
SSB,2024-12-25,16.85,17.25,16.85,17.25,11924800.0
SSB,2024-12-26,17.25,17.3,16.9,16.9,1693500.0
SSB,2024-12-27,17.05,17.2,16.9,16.9,1741800.0
SSB,2024-12-30,16.8,16.95,16.7,16.7,1727400.0
SSB,2024-12-31,16.85,16.85,16.6,16.75,2157665.0
SSB,2025-01-02,16.9,16.9,16.45,16.75,1644600.0
SSB,2025-01-03,16.75,16.8,16.5,16.8,1760500.0
SSB,2025-01-06,16.65,16.75,16.6,16.75,1709400.0
SSB,2025-01-07,16.75,16.8,16.55,16.8,3200600.0
SSB,2025-01-08,16.65,17.1,16.6,17.1,2124100.0
SSB,2025-01-09,17.3,17.3,16.9,17.05,1946700.0
SSB,2025-01-10,17.05,17.4,16.95,17.4,2155900.0
SSB,2025-01-13,17.05,17.6,17.05,17.5,6934200.0
SSB,2025-01-14,17.15,17.45,17.15,17.45,1885900.0
SSB,2025-01-15,17.25,17.7,17.1,17.7,4999688.0
SSB,2025-01-16,17.7,17.8,17.3,17.8,2524600.0
SSB,2025-01-17,17.6,17.9,17.6,17.9,2076800.0
SSB,2025-01-20,17.65,18.0,17.65,18.0,1936100.0
SSB,2025-01-21,18.0,18.45,17.95,18.45,16298420.0
SSB,2025-01-22,18.6,18.75,18.35,18.75,21023400.0
SSB,2025-01-23,18.75,18.95,18.6,18.75,2384900.0
SSB,2025-01-24,18.6,18.8,18.1,18.75,2277800.0
SSB,2025-02-03,18.3,18.7,17.6,18.7,2092500.0
SSB,2025-02-04,18.7,18.8,18.1,18.8,2135400.0
SSB,2025-02-05,18.55,18.8,18.5,18.65,1994200.0
SSB,2025-02-06,18.8,18.8,18.35,18.65,2283600.0
SSB,2025-02-07,18.2,18.75,18.2,18.7,2287328.0
SSB,2025-02-10,18.5,18.7,18.1,18.7,2478900.0
SSB,2025-02-11,18.65,18.95,18.45,18.95,2694000.0
SSB,2025-02-12,18.95,18.95,18.7,18.95,2281200.0
SSB,2025-02-13,18.9,19.05,18.65,19.05,1660800.0
SSB,2025-02-14,19.2,19.5,19.15,19.5,2370900.0
SSB,2025-02-17,19.35,19.9,19.25,19.85,2083400.0
SSB,2025-02-18,19.9,19.9,19.6,19.75,23800151.0
SSB,2025-02-19,19.6,19.8,19.5,19.6,11372200.0
SSB,2025-02-20,19.4,19.75,19.3,19.6,2215100.0
SSB,2025-02-21,19.5,19.6,19.3,19.55,1843000.0
SSB,2025-02-24,19.3,19.65,19.15,19.65,2075600.0
SSB,2025-02-25,19.65,19.7,19.4,19.6,1774600.0
SSB,2025-02-26,19.7,19.7,19.3,19.3,1780700.0
SSB,2025-02-27,19.3,19.5,19.05,19.5,1773800.0
SSB,2025-02-28,19.55,19.55,19.05,19.4,2261100.0
SSB,2025-03-03,19.4,19.6,19.1,19.45,3407300.0
SSB,2025-03-04,19.15,19.45,19.15,19.45,11711600.0
SSB,2025-03-05,19.45,19.5,19.3,19.45,1802100.0
SSB,2025-03-06,19.5,19.75,19.4,19.45,1879100.0
SSB,2025-03-07,19.45,19.65,19.3,19.65,1792000.0
SSB,2025-03-10,19.7,19.85,19.65,19.8,12648800.0
SSB,2025-03-11,19.8,19.8,19.45,19.8,1855300.0
SSB,2025-03-12,19.8,19.9,19.55,19.85,11050700.0
SSB,2025-03-13,19.85,19.85,19.55,19.8,1847300.0
SSB,2025-03-14,19.8,19.8,19.6,19.8,11659100.0
SSB,2025-03-17,19.9,19.9,19.65,19.8,1791700.0
SSB,2025-03-18,19.85,19.85,19.6,19.7,10362100.0
SSB,2025-03-19,19.7,19.8,19.55,19.8,4532600.0
SSB,2025-03-20,19.8,19.85,19.65,19.85,19060900.0
SSB,2025-03-21,19.8,19.85,19.55,19.85,8780100.0
SSB,2025-03-24,19.85,19.85,19.5,19.75,28047000.0
SSB,2025-03-25,19.8,19.9,19.5,19.8,10789900.0
SSB,2025-03-26,19.6,19.85,19.55,19.55,13507700.0
SSB,2025-03-27,19.8,19.8,19.4,19.6,13209100.0
SSB,2025-03-28,19.65,19.7,19.4,19.7,6425500.0
SSB,2025-03-31,19.7,19.7,19.35,19.55,1833700.0
SSB,2025-04-01,19.6,19.6,19.35,19.55,8450400.0
SSB,2025-04-02,19.6,19.6,19.2,19.2,2059600.0
SSB,2025-04-03,19.5,19.5,18.55,18.7,1898600.0
SSB,2025-04-04,19.8,19.8,18.85,19.2,2660300.0
SSB,2025-04-08,19.3,19.3,18.15,19.0,1598700.0
SSB,2025-04-09,18.9,19.35,18.1,19.3,2471600.0
SSB,2025-04-10,20.45,20.65,20.0,20.65,2667000.0
SSB,2025-04-11,19.55,20.8,19.55,20.0,2330100.0
SSB,2025-04-14,19.15,19.95,19.1,19.15,6284100.0
SSB,2025-04-15,18.6,19.1,18.1,18.6,4885943.0
SSB,2025-04-16,18.3,18.7,18.15,18.7,1980400.0
SSB,2025-04-17,19.1,19.75,18.9,19.35,2852200.0
SSB,2025-04-18,19.6,19.6,19.25,19.35,1995600.0
SSB,2025-04-21,19.3,19.35,18.8,19.05,1827300.0
SSB,2025-04-22,18.8,19.2,18.25,19.2,15952300.0
SSB,2025-04-23,19.85,19.9,18.5,18.5,27861400.0
SSB,2025-04-24,18.55,18.9,18.45,18.6,2196800.0
SSB,2025-04-25,18.7,18.75,18.1,18.1,4411600.0
SSB,2025-04-28,18.25,18.7,18.2,18.6,13686900.0
SSB,2025-04-29,18.7,18.8,18.4,18.4,2724300.0
SSB,2025-05-05,18.45,18.5,18.2,18.45,1828600.0
SSB,2025-05-06,18.45,18.6,18.25,18.45,1711400.0
SSB,2025-05-07,18.5,18.55,18.35,18.55,1779000.0
SSB,2025-05-08,18.45,18.7,18.4,18.7,2035800.0
SSB,2025-05-09,18.5,18.8,18.5,18.7,1682700.0
SSB,2025-05-12,18.75,19.15,18.6,19.0,2485200.0
SSB,2025-05-13,19.0,19.05,18.7,18.7,2102300.0
SSB,2025-05-14,18.6,18.9,18.6,18.85,2399400.0
SSB,2025-05-15,18.75,19.5,18.75,19.4,2779900.0
SSB,2025-05-16,19.25,19.4,18.95,19.0,1978400.0
SSB,2025-05-19,19.0,19.0,18.65,18.8,9717900.0
SSB,2025-05-20,18.6,18.85,18.5,18.85,2086000.0
SSB,2025-05-21,18.85,18.85,18.6,18.7,15097200.0
SSB,2025-05-22,18.6,18.65,18.5,18.65,2079700.0
SSB,2025-05-23,18.7,18.8,18.5,18.65,1738500.0
SSB,2025-05-26,18.55,18.65,18.25,18.65,2406400.0
SSB,2025-05-27,18.65,18.65,18.45,18.45,1758800.0
SSB,2025-05-28,18.45,18.65,18.45,18.6,1998900.0
SSB,2025-05-29,18.6,18.6,18.4,18.4,1922700.0
SSB,2025-05-30,18.4,18.4,18.25,18.4,2367100.0
SSB,2025-06-02,18.4,18.55,18.2,18.5,23054762.0
SSB,2025-06-03,18.5,18.6,18.3,18.3,5071000.0
SSB,2025-06-04,18.35,18.45,18.25,18.25,2370800.0
SSB,2025-06-05,18.35,18.4,18.1,18.1,2249700.0
SSB,2025-06-06,18.05,18.25,18.0,18.2,1947500.0
SSB,2025-06-09,18.1,18.15,18.0,18.15,1993000.0
SSB,2025-06-10,18.35,18.35,18.05,18.1,2092800.0
SSB,2025-06-11,18.05,18.2,17.95,18.05,2170400.0
SSB,2025-06-12,18.2,18.2,17.95,18.15,2037000.0
SSB,2025-06-13,18.1,18.1,17.7,17.95,2316800.0
SSB,2025-06-16,18.0,18.0,17.75,17.95,5272400.0
SSB,2025-06-17,18.0,18.0,17.75,17.95,1958800.0
SSB,2025-06-18,17.95,18.0,17.75,17.95,13684600.0
SSB,2025-06-19,17.75,18.1,17.75,18.1,7475700.0
SSB,2025-06-20,18.1,18.15,18.0,18.15,2576500.0
SSB,2025-06-23,18.1,18.1,18.0,18.1,11874300.0
SSB,2025-06-24,18.1,18.15,17.95,18.1,8605500.0
SSB,2025-06-25,18.1,18.1,17.9,18.1,14255800.0
SSB,2025-06-26,17.95,18.15,17.9,18.15,2159200.0
SSB,2025-06-27,18.15,18.15,17.95,18.15,2058600.0
SSB,2025-06-30,18.15,18.15,18.05,18.15,1902200.0
SSB,2025-07-01,18.15,18.15,18.0,18.0,1931900.0
SSB,2025-07-02,18.0,18.15,18.0,18.15,2086600.0
SSB,2025-07-03,18.15,18.35,18.05,18.3,2136600.0
SSB,2025-07-04,18.4,18.5,18.25,18.5,2056400.0
SSB,2025-07-07,18.5,18.9,18.5,18.9,2645100.0
SSB,2025-07-08,18.85,19.0,18.7,18.9,2218100.0
SSB,2025-07-09,18.9,19.1,18.85,19.1,2517600.0
SSB,2025-07-10,19.15,19.2,19.0,19.2,2569300.0
SSB,2025-07-11,19.25,19.4,19.05,19.3,2510900.0
SSB,2025-07-14,19.35,19.35,19.05,19.25,6422900.0
SSB,2025-07-15,19.3,19.3,19.1,19.3,3784300.0
SSB,2025-07-16,19.25,19.4,19.2,19.4,1814500.0
SSB,2025-07-17,19.5,20.0,19.3,20.0,2829600.0
SSB,2025-07-18,19.95,20.0,19.65,19.8,4275700.0
SSB,2025-07-21,19.8,19.95,19.6,19.9,9955900.0
SSB,2025-07-22,20.05,20.05,19.5,20.0,3366200.0
SSB,2025-07-23,20.0,20.1,19.75,19.85,27537100.0
SSB,2025-07-24,19.9,20.1,19.8,19.95,1940700.0
SSB,2025-07-25,19.95,20.95,19.95,20.7,2938100.0
SSB,2025-07-28,20.9,21.15,20.5,21.1,3189100.0
SSB,2025-07-29,20.7,21.15,19.9,19.9,3925100.0
SSB,2025-07-30,19.85,20.25,19.1,19.25,2625600.0
SSB,2025-07-31,19.55,20.15,19.5,19.5,2878700.0
SSB,2025-08-01,20.85,20.85,19.6,19.6,4120500.0
SSB,2025-08-04,19.85,20.25,19.15,20.25,2964500.0
SSB,2025-08-05,20.25,20.85,19.5,19.6,4366494.0
SSB,2025-08-06,19.8,20.5,19.7,20.0,4508800.0
SSB,2025-08-07,20.05,20.2,19.6,19.8,7764700.0
SSB,2025-08-08,19.9,20.1,19.8,20.1,4129100.0
SSB,2025-08-11,20.1,20.6,20.0,20.5,5104900.0
SSB,2025-08-12,20.5,20.55,20.1,20.4,4137100.0
SSB,2025-08-13,20.4,20.45,19.85,19.95,4278200.0
SSB,2025-08-14,20.25,20.8,19.95,20.8,5343500.0
SSB,2025-08-15,21.9,21.9,20.55,20.65,5448200.0
SSB,2025-08-18,20.7,20.8,20.25,20.6,10509200.0
SSB,2025-08-19,20.6,20.8,20.3,20.7,3638700.0
SSB,2025-08-20,20.7,21.6,20.4,21.6,15878900.0
SSB,2025-08-21,21.9,23.1,21.6,23.1,4812800.0
SSB,2025-08-22,23.1,23.8,21.9,22.1,5235900.0
SSB,2025-08-25,22.55,22.55,20.7,20.75,5142400.0
SSB,2025-08-26,20.7,21.8,20.2,21.8,2771500.0
SSB,2025-08-27,21.8,21.85,21.1,21.4,3034400.0
SSB,2025-08-28,21.3,21.65,20.8,21.5,2658800.0
SSB,2025-08-29,21.65,21.8,21.2,21.4,2959500.0
SSB,2025-09-03,21.1,21.5,21.05,21.15,3710100.0
SSB,2025-09-04,21.4,21.65,21.2,21.65,2610700.0
SSB,2025-09-05,21.65,21.95,21.0,21.0,3371100.0
SSB,2025-09-08,21.05,21.15,19.95,19.95,4580400.0
SSB,2025-09-09,19.95,20.2,19.6,19.65,2869100.0
SSB,2025-09-10,19.75,20.1,19.75,19.95,30877400.0
SSB,2025-09-11,20.0,20.3,19.2,20.1,10233057.0
SSB,2025-09-12,20.1,20.25,19.6,19.65,19157500.0
SSB,2025-09-15,19.9,19.9,19.6,19.85,30561200.0
SSB,2025-09-16,20.0,20.1,19.65,20.0,3193100.0
SSB,2025-09-17,19.95,20.2,19.8,20.1,29763619.0
SSB,2025-09-18,20.1,20.15,19.55,20.0,13687200.0
SSB,2025-09-19,19.95,20.0,19.6,19.6,10667200.0
SSB,2025-09-22,19.6,19.85,19.3,19.3,21315400.0
SSB,2025-09-23,19.35,19.55,19.2,19.3,11114100.0
SSB,2025-09-24,19.3,20.0,19.0,19.5,2851600.0
SSB,2025-09-25,19.55,19.8,19.45,19.45,4563000.0
SSB,2025-09-26,19.55,19.6,19.3,19.5,2932100.0
SSB,2025-09-29,19.5,19.5,19.05,19.5,2517300.0
SSB,2025-09-30,19.5,19.5,19.05,19.3,2295800.0
SSB,2025-10-01,19.3,19.4,19.1,19.4,2442200.0
SSB,2025-10-02,19.4,19.45,19.2,19.3,2991600.0
SSB,2025-10-03,19.35,19.35,19.0,19.0,4854100.0
SSB,2025-10-06,19.9,19.9,19.1,19.7,2617500.0
SSB,2025-10-07,19.7,19.75,19.2,19.2,2272700.0
SSB,2025-10-08,19.35,19.45,19.2,19.2,3085500.0
SSB,2025-10-09,19.15,19.35,19.05,19.1,6332600.0
SSB,2025-10-10,19.1,19.45,19.05,19.45,6601553.0
SSB,2025-10-13,19.2,19.45,19.0,19.45,7693700.0
SSB,2025-10-14,19.45,19.45,19.1,19.4,2917500.0
SSB,2025-10-15,19.2,19.35,19.0,19.0,8811816.0
SSB,2025-10-16,19.05,19.15,18.6,19.0,3680100.0
SSB,2025-10-17,18.95,18.95,18.45,18.45,6255100.0
SSB,2025-10-20,18.65,18.8,17.4,17.4,15106900.0
SSB,2025-10-21,17.9,18.6,17.45,18.55,3554400.0
SSB,2025-10-22,18.7,18.7,17.65,18.25,34208700.0
SSB,2025-10-23,18.4,18.4,17.8,18.15,6552100.0
SSB,2025-10-24,18.15,18.15,17.65,18.0,4414800.0
SSB,2025-10-27,17.95,17.95,17.55,17.55,4365400.0
SSB,2025-10-28,17.6,17.75,17.05,17.75,2472300.0
SSB,2025-10-29,17.75,17.95,17.4,17.95,3224700.0
SSB,2025-10-30,17.95,17.95,17.55,17.9,2596100.0
SSB,2025-10-31,17.8,17.9,17.45,17.7,4153600.0
SSB,2025-11-03,17.7,17.75,17.3,17.75,3211500.0
SSB,2025-11-04,17.4,17.8,17.2,17.8,3181700.0
SSB,2025-11-05,17.7,17.75,17.35,17.5,2439000.0
SSB,2025-11-06,17.35,17.5,17.2,17.45,13718700.0
SSB,2025-11-07,17.2,17.35,16.9,17.2,8534400.0
SSB,2025-11-10,17.25,17.25,16.85,16.85,2662400.0
SSB,2025-11-11,16.9,16.9,16.6,16.6,2890700.0
SSB,2025-11-12,16.65,17.2,16.6,17.15,3631700.0
SSB,2025-11-13,17.0,17.25,16.9,17.15,3530100.0
SSB,2025-11-14,17.05,17.1,16.9,17.0,3215900.0
SSB,2025-11-17,17.0,17.45,16.9,17.45,12542100.0
SSB,2025-11-18,17.45,17.45,17.05,17.35,3411700.0
SSB,2025-11-19,17.35,17.35,17.0,17.2,14530900.0
SSB,2025-11-20,17.15,17.2,17.0,17.0,3061400.0
SSB,2025-11-21,16.8,17.15,16.8,17.15,2856900.0
SSB,2025-11-24,17.1,17.4,16.95,17.4,2411300.0
SSB,2025-11-25,17.2,17.3,16.9,17.1,26796200.0
SSB,2025-11-26,17.05,17.25,17.0,17.25,8992200.0
SSB,2025-11-27,17.3,17.45,17.15,17.35,10479200.0
SSB,2025-11-28,17.2,17.35,17.1,17.3,2727500.0
SSB,2025-12-01,17.3,17.3,17.05,17.2,4826000.0
SSB,2025-12-02,17.2,17.25,17.05,17.25,2774500.0
SSB,2025-12-03,17.3,17.75,17.25,17.75,3152900.0
SSB,2025-12-04,17.8,17.8,17.5,17.7,9999861.0
SSB,2025-12-05,17.7,17.7,17.35,17.7,2918800.0
SSB,2025-12-08,17.35,17.6,17.35,17.55,2404700.0
SSB,2025-12-09,17.4,17.5,17.1,17.4,2738100.0
SSB,2025-12-10,17.3,17.55,17.2,17.45,2436500.0
SSB,2025-12-11,17.5,17.5,17.2,17.45,2337400.0
SSB,2025-12-12,17.45,17.45,17.0,17.3,2485800.0
SSB,2025-12-15,17.25,17.25,17.0,17.2,6225400.0
SSB,2025-12-16,17.2,17.55,17.05,17.55,2453500.0
SSB,2025-12-17,17.45,17.5,17.2,17.45,26480900.0
SSB,2025-12-18,17.4,17.45,17.1,17.45,27310600.0
SSB,2025-12-19,17.45,17.5,17.3,17.5,51562000.0
SSB,2025-12-22,17.5,17.75,17.35,17.75,9698300.0
SSB,2025-12-23,17.7,17.7,17.4,17.5,2662000.0
SSB,2025-12-24,17.6,17.6,17.2,17.5,2308400.0
SSB,2025-12-25,17.3,17.5,17.2,17.35,14338100.0
SSB,2025-12-26,17.4,17.4,17.1,17.3,2094200.0
SSB,2025-12-29,17.15,17.3,17.1,17.3,1789700.0
SSB,2025-12-30,17.3,17.3,17.1,17.2,1789000.0
SSB,2025-12-31,17.25,17.45,17.05,17.45,2414500.0
SSB,2026-01-05,17.4,17.4,17.05,17.2,2068200.0
SSB,2026-01-06,17.25,17.3,17.0,17.3,2070200.0
SSB,2026-01-07,17.3,17.35,17.15,17.35,29900600.0
SSB,2026-01-08,17.35,17.5,17.2,17.4,2679300.0
SSB,2026-01-09,17.4,17.45,17.25,17.35,2096900.0
SSB,2026-01-12,17.4,17.75,17.3,17.75,2809700.0
SSB,2026-01-13,17.8,17.8,17.5,17.7,2656400.0
SSB,2026-01-14,17.7,17.95,17.55,17.9,3407100.0
SSB,2026-01-15,17.9,17.95,17.65,17.95,2163500.0
SSB,2026-01-16,17.95,18.0,17.8,18.0,1922600.0
SSB,2026-01-19,18.0,18.0,17.8,18.0,2356200.0
SSB,2026-01-20,17.95,17.95,17.65,17.7,2623600.0
SSB,2026-01-21,17.65,17.65,17.25,17.4,2311100.0
SSB,2026-01-22,17.3,17.7,17.3,17.7,1974100.0
SSB,2026-01-23,17.55,17.7,17.4,17.65,1993100.0
SSB,2026-01-26,17.6,17.6,17.2,17.35,1968900.0
SSB,2026-01-27,17.35,17.5,17.2,17.45,1800800.0
SSB,2026-01-28,17.5,17.55,17.25,17.45,1848500.0
SSB,2026-01-29,17.45,17.45,17.25,17.45,1856000.0
SSB,2026-01-30,17.4,17.5,17.15,17.15,2376700.0
SSB,2026-02-02,17.05,17.15,16.75,17.15,2938100.0
SSB,2026-02-03,17.05,17.15,16.85,17.0,2106100.0
SSB,2026-02-04,17.0,17.0,16.85,17.0,2104600.0
SSB,2026-02-05,16.95,17.0,16.8,16.8,2233600.0
SSB,2026-02-06,16.8,16.8,16.55,16.8,2245700.0
SSB,2026-02-09,16.7,16.8,16.55,16.75,2211700.0
SSB,2026-02-10,16.7,16.75,16.5,16.75,2014100.0
SSB,2026-02-11,16.7,17.0,16.6,17.0,2253800.0
SSB,2026-02-12,17.0,17.0,16.65,16.95,2132500.0
SSB,2026-02-13,16.9,17.0,16.75,17.0,2280700.0
SSB,2026-02-23,17.15,17.15,16.95,17.1,1608100.0
SSB,2026-02-24,17.0,17.05,16.9,17.0,2218700.0
SSB,2026-02-25,16.9,17.0,16.8,16.95,2121400.0
SSB,2026-02-26,16.95,17.0,16.75,17.0,2113700.0
SSB,2026-02-27,16.95,17.0,16.75,16.9,1992800.0
SSB,2026-03-02,16.6,16.8,16.55,16.8,2260000.0
SSB,2026-03-03,16.8,16.8,16.5,16.75,1925800.0
SSB,2026-03-04,16.55,16.8,16.4,16.8,2359000.0
SSB,2026-03-05,16.6,17.0,16.5,17.0,2783600.0
SSB,2026-03-06,16.95,17.0,16.65,17.0,2315400.0
SSB,2026-03-09,16.6,16.65,15.95,16.3,2308700.0
SSB,2026-03-10,16.5,16.55,16.2,16.5,2037900.0
SSB,2026-03-11,16.3,16.65,16.25,16.6,1996100.0
SSB,2026-03-12,16.35,16.55,16.3,16.55,2119000.0
SSB,2026-03-13,16.5,16.55,16.35,16.55,1559000.0
SSB,2026-03-16,16.55,16.55,16.35,16.55,2104500.0
SSB,2026-03-17,16.55,16.65,16.55,16.65,1751800.0
SSB,2026-03-18,16.7,16.8,16.6,16.8,1828900.0
SSB,2026-03-19,16.65,17.0,16.6,16.95,2877700.0
SSB,2026-03-20,16.95,16.95,16.75,16.9,1830300.0
SSB,2026-03-23,16.85,16.85,16.35,16.8,1855100.0
SSB,2026-03-24,16.8,16.8,16.6,16.8,1994400.0
SSB,2026-03-25,16.75,16.85,16.65,16.75,1774600.0
SSB,2026-03-26,16.75,16.75,16.6,16.75,2022600.0
SSB,2026-03-27,16.7,16.9,16.65,16.9,1878400.0
SSB,2026-03-30,16.85,16.9,16.6,16.9,1937100.0
SSB,2026-03-31,16.85,16.95,16.75,16.95,1800000.0
SSB,2026-04-01,17.0,17.05,16.9,17.0,1746800.0
SSB,2026-04-02,16.95,16.95,16.75,16.9,1858400.0
SSB,2026-04-03,16.9,16.95,16.7,16.8,1802200.0
SSB,2026-04-06,16.8,16.8,16.65,16.75,1938300.0
SSB,2026-04-07,16.8,16.8,16.65,16.8,1853300.0
SSB,2026-04-08,17.0,17.0,16.85,17.0,1785200.0
SSB,2026-04-09,17.35,17.35,17.05,17.15,1709800.0
SSB,2026-04-10,17.15,17.15,16.9,17.15,2369900.0
SSB,2026-04-13,16.95,17.15,16.95,17.1,2041600.0
SSB,2026-04-14,17.1,17.1,16.9,17.0,2184000.0
SSB,2026-04-15,17.0,17.05,16.8,16.9,1931900.0
SSB,2026-04-16,16.8,16.9,16.6,16.65,1956100.0
SSB,2026-04-17,16.65,16.85,16.55,16.85,2120100.0
SSB,2026-04-20,16.8,16.9,16.65,16.85,2195800.0
SSB,2026-04-21,16.85,16.85,16.65,16.8,1838800.0
SSB,2026-04-22,16.8,16.85,16.6,16.8,2355800.0
SSB,2026-04-23,16.75,16.8,16.6,16.7,2016900.0
SSB,2026-04-24,16.7,16.75,16.5,16.65,1888400.0
SSB,2026-04-28,16.65,16.65,16.5,16.65,1415200.0
SSB,2026-04-29,16.55,16.7,16.5,16.7,1809600.0
SSB,2026-05-04,16.7,16.75,16.6,16.75,1989700.0
SSB,2026-05-05,16.75,16.75,16.55,16.75,1924000.0
SSB,2026-05-06,16.6,16.8,16.6,16.8,1900300.0
SSB,2026-05-07,16.8,16.9,16.75,16.8,1894600.0
SSB,2026-05-08,16.8,16.85,16.65,16.8,1841300.0
SSB,2026-05-11,16.75,16.8,16.6,16.7,2099200.0
SSB,2026-05-12,16.7,16.7,16.55,16.55,1957200.0
SSB,2026-05-13,16.65,16.65,16.5,16.65,1918100.0
SSB,2026-05-14,16.65,16.7,16.6,16.7,1833000.0
