Symbol,Date,Open,High,Low,Close,Volume
TCB,2021-05-17,23.029288634488534,23.194627116992553,22.486033620546753,22.604132536621055,17623600.0
TCB,2021-05-18,22.533273186976473,23.100147984133113,22.46241383733189,22.840330368769653,16910000.0
TCB,2021-05-19,22.86395015198451,23.714262347719476,22.86395015198451,23.667022781289756,17467900.0
TCB,2021-05-20,23.950460179868077,23.997699746297794,23.572543648430315,23.714262347719476,13526300.0
TCB,2021-05-21,23.619783214860036,24.422855844165277,23.548923865215453,23.997699746297794,20441700.0
TCB,2021-05-24,23.950460179868077,24.186658012016675,23.808741480578913,24.044939312727514,15041700.0
TCB,2021-05-25,24.186658012016675,24.611814109884158,24.186658012016675,24.375616277735556,11230300.0
TCB,2021-05-26,24.375616277735556,25.036970207751637,24.186658012016675,24.942491074892196,21101900.0
TCB,2021-05-27,25.131449340611077,25.273168039900238,23.997699746297794,24.281137144876116,19674600.0
TCB,2021-05-28,24.422855844165277,25.178688907040794,24.186658012016675,25.036970207751637,20002700.0
TCB,2021-05-31,25.131449340611077,25.36764717275968,24.659053676313878,25.36764717275968,17104600.0
TCB,2021-06-01,25.55660543847856,25.651084571337996,25.036970207751637,25.084209774181357,12648200.0
TCB,2021-06-02,24.989730641321916,25.178688907040794,24.470095410594993,24.942491074892196,25021400.0
TCB,2021-06-03,25.178688907040794,26.02900110277576,24.942491074892196,25.887282403486598,26083700.0
TCB,2021-06-04,25.887282403486598,26.07624066920548,25.509365872048836,25.792803270627157,15531600.0
TCB,2021-06-07,25.036970207751637,25.698324137767717,24.092178879157235,24.753532809173315,21492100.0
TCB,2021-06-08,24.706293242743595,24.989730641321916,23.147387550562833,23.383585382711434,30789140.0
TCB,2021-06-09,23.478064515570875,24.139418445586955,23.147387550562833,23.997699746297794,22397000.0
TCB,2021-06-10,23.997699746297794,24.186658012016675,23.619783214860036,23.667022781289756,11048100.0
TCB,2021-06-11,23.855981047008633,25.131449340611077,23.667022781289756,24.848011942032755,30420800.0
TCB,2021-06-14,24.89525150846248,25.178688907040794,24.564574543454437,24.89525150846248,17555460.0
TCB,2021-06-15,24.848011942032755,25.131449340611077,24.564574543454437,24.706293242743595,19681700.0
TCB,2021-06-16,24.328376711305836,24.659053676313878,23.855981047008633,23.950460179868077,21238900.0
TCB,2021-06-17,23.383585382711434,23.997699746297794,23.383585382711434,23.714262347719476,19878660.0
TCB,2021-06-18,24.092178879157235,24.281137144876116,23.903220613438357,24.092178879157235,15004600.0
TCB,2021-06-21,23.855981047008633,24.092178879157235,23.619783214860036,23.808741480578913,17182700.0
TCB,2021-06-22,23.997699746297794,24.233897578446395,23.761501914149193,24.044939312727514,18663000.0
TCB,2021-06-23,24.044939312727514,24.611814109884158,23.903220613438357,24.139418445586955,13124300.0
TCB,2021-06-24,24.233897578446395,24.422855844165277,23.903220613438357,24.044939312727514,10918000.0
TCB,2021-06-25,24.092178879157235,24.375616277735556,23.808741480578913,24.375616277735556,10970200.0
TCB,2021-06-28,24.800772375603035,25.509365872048836,24.659053676313878,25.320407606329958,29084100.0
TCB,2021-06-29,25.320407606329958,25.414886739189395,24.942491074892196,25.273168039900238,16694200.0
TCB,2021-06-30,25.225928473470518,25.414886739189395,24.848011942032755,24.89525150846248,11661700.0
TCB,2021-07-01,24.989730641321916,25.273168039900238,24.611814109884158,25.178688907040794,19356700.0
TCB,2021-07-02,25.60384500490828,25.934521969916318,25.320407606329958,25.651084571337996,29492030.0
TCB,2021-07-05,25.887282403486598,27.44618809566736,25.414886739189395,27.39894852923764,50296400.0
TCB,2021-07-06,27.3044693963782,27.68238592781596,25.509365872048836,25.509365872048836,24050850.0
TCB,2021-07-07,25.98176153634604,26.73759459922156,25.320407606329958,26.73759459922156,39404560.0
TCB,2021-07-08,26.359678067783797,27.115511130659318,26.26519893492436,26.73759459922156,27905000.0
TCB,2021-07-09,26.501396767072958,27.63514636138624,26.26519893492436,26.73759459922156,39974300.0
TCB,2021-07-12,26.21795936849464,26.69035503279184,24.89525150846248,25.273168039900238,70040400.0
TCB,2021-07-13,25.55660543847856,25.651084571337996,24.942491074892196,25.462126305619115,23228400.0
TCB,2021-07-14,25.36764717275968,25.414886739189395,23.903220613438357,24.092178879157235,43263700.0
TCB,2021-07-15,24.092178879157235,25.131449340611077,23.997699746297794,24.611814109884158,22283200.0
TCB,2021-07-16,24.848011942032755,24.989730641321916,24.375616277735556,24.375616277735556,21478340.0
TCB,2021-07-19,23.619783214860036,24.044939312727514,22.674991886265634,22.674991886265634,39527900.0
TCB,2021-07-20,22.81671058555479,23.430824949141154,22.20259622196843,23.383585382711434,24074800.0
TCB,2021-07-21,23.903220613438357,24.281137144876116,23.430824949141154,23.761501914149193,25485700.0
TCB,2021-07-22,23.667022781289756,24.328376711305836,23.52530408200059,24.139418445586955,14114600.0
TCB,2021-07-23,23.903220613438357,24.139418445586955,23.383585382711434,23.383585382711434,20937800.0
TCB,2021-07-26,23.147387550562833,23.454444732356013,23.005668851273676,23.147387550562833,14789223.0
TCB,2021-07-27,23.619783214860036,23.761501914149193,23.407205165926293,23.501684298785733,14942500.0
TCB,2021-07-28,23.501684298785733,23.761501914149193,23.383585382711434,23.478064515570875,7468600.0
TCB,2021-07-29,23.667022781289756,23.997699746297794,23.619783214860036,23.903220613438357,12800300.0
TCB,2021-07-30,23.950460179868077,24.375616277735556,23.855981047008633,24.139418445586955,17370500.0
TCB,2021-08-02,24.092178879157235,24.281137144876116,23.903220613438357,23.997699746297794,14230000.0
TCB,2021-08-03,23.997699746297794,24.564574543454437,23.997699746297794,24.470095410594993,22927700.0
TCB,2021-08-04,24.800772375603035,24.848011942032755,24.470095410594993,24.564574543454437,19227300.0
TCB,2021-08-05,24.517334977024714,24.89525150846248,24.422855844165277,24.800772375603035,12521200.0
TCB,2021-08-06,24.800772375603035,25.131449340611077,24.470095410594993,24.470095410594993,17698600.0
TCB,2021-08-09,24.328376711305836,24.89525150846248,24.233897578446395,24.800772375603035,15358100.0
TCB,2021-08-10,25.036970207751637,25.036970207751637,24.517334977024714,24.706293242743595,12415300.0
TCB,2021-08-11,24.706293242743595,25.273168039900238,24.517334977024714,24.706293242743595,21531000.0
TCB,2021-08-12,24.753532809173315,25.036970207751637,24.564574543454437,24.564574543454437,11829000.0
TCB,2021-08-13,24.564574543454437,24.659053676313878,24.139418445586955,24.659053676313878,15969300.0
TCB,2021-08-16,24.706293242743595,25.698324137767717,24.611814109884158,25.509365872048836,30599500.0
TCB,2021-08-17,25.651084571337996,25.840042837056878,24.942491074892196,25.178688907040794,17690800.0
TCB,2021-08-18,25.036970207751637,25.273168039900238,24.800772375603035,24.942491074892196,20580400.0
TCB,2021-08-19,24.800772375603035,25.178688907040794,24.611814109884158,25.036970207751637,19115300.0
TCB,2021-08-20,24.942491074892196,25.036970207751637,23.52530408200059,23.855981047008633,31951200.0
TCB,2021-08-23,23.761501914149193,23.997699746297794,23.029288634488534,23.029288634488534,26476900.0
TCB,2021-08-24,23.029288634488534,23.241866683422277,22.86395015198451,23.147387550562833,16753400.0
TCB,2021-08-25,23.100147984133113,23.241866683422277,22.911189718414235,23.21824690020741,9528940.0
TCB,2021-08-26,23.289106249851994,23.312726033066856,22.769471019125074,22.81671058555479,10206900.0
TCB,2021-08-27,22.580512753406193,22.745851235910212,22.20259622196843,22.698611669480492,19689500.0
TCB,2021-08-30,22.958429284843955,23.336345816281714,22.722231452695354,23.241866683422277,14476900.0
TCB,2021-08-31,23.383585382711434,23.383585382711434,22.20259622196843,22.911189718414235,7813900.0
TCB,2021-09-01,22.769471019125074,23.123767767347974,22.769471019125074,22.81671058555479,8530000.0
TCB,2021-09-06,22.982049068058814,23.123767767347974,22.627752319835913,23.123767767347974,13473500.0
TCB,2021-09-07,23.17100733377769,23.808741480578913,23.17100733377769,23.454444732356013,12231100.0
TCB,2021-09-08,23.430824949141154,23.454444732356013,22.958429284843955,23.052908417703392,7233564.0
TCB,2021-09-09,22.911189718414235,23.383585382711434,22.911189718414235,23.289106249851994,8054400.0
TCB,2021-09-10,23.52530408200059,23.52530408200059,23.147387550562833,23.289106249851994,9848000.0
TCB,2021-09-13,23.21824690020741,23.359965599496576,23.100147984133113,23.123767767347974,7538200.0
TCB,2021-09-14,23.123767767347974,23.194627116992553,22.911189718414235,22.911189718414235,6142500.0
TCB,2021-09-15,22.769471019125074,23.052908417703392,22.722231452695354,22.86395015198451,5217600.0
TCB,2021-09-16,23.100147984133113,23.21824690020741,22.958429284843955,23.194627116992553,5563500.0
TCB,2021-09-17,23.241866683422277,23.572543648430315,23.241866683422277,23.501684298785733,8274500.0
TCB,2021-09-20,23.855981047008633,24.375616277735556,23.667022781289756,23.950460179868077,18733100.0
TCB,2021-09-21,23.667022781289756,24.044939312727514,23.501684298785733,23.808741480578913,10058100.0
TCB,2021-09-22,24.044939312727514,24.044939312727514,23.572543648430315,23.855981047008633,5200100.0
TCB,2021-09-23,23.903220613438357,24.233897578446395,23.619783214860036,23.714262347719476,8669900.0
TCB,2021-09-24,23.950460179868077,24.328376711305836,23.761501914149193,23.903220613438357,7484700.0
TCB,2021-09-27,23.950460179868077,24.139418445586955,23.383585382711434,23.383585382711434,12326300.0
TCB,2021-09-28,23.289106249851994,23.548923865215453,23.052908417703392,23.52530408200059,6335700.0
TCB,2021-09-29,23.241866683422277,23.501684298785733,23.100147984133113,23.336345816281714,6221700.0
TCB,2021-09-30,23.478064515570875,23.808741480578913,23.430824949141154,23.430824949141154,5956100.0
TCB,2021-10-01,23.430824949141154,23.52530408200059,23.100147984133113,23.147387550562833,7167800.0
TCB,2021-10-04,23.052908417703392,23.123767767347974,22.81671058555479,22.840330368769653,9510600.0
TCB,2021-10-05,22.958429284843955,23.241866683422277,22.958429284843955,23.194627116992553,6202900.0
TCB,2021-10-06,23.359965599496576,23.855981047008633,23.241866683422277,23.761501914149193,14587810.0
TCB,2021-10-07,23.903220613438357,23.997699746297794,23.619783214860036,23.619783214860036,5782900.0
TCB,2021-10-08,23.667022781289756,24.044939312727514,23.619783214860036,23.950460179868077,8171900.0
TCB,2021-10-11,24.092178879157235,25.036970207751637,24.092178879157235,25.036970207751637,25370400.0
TCB,2021-10-12,25.225928473470518,25.225928473470518,24.848011942032755,25.036970207751637,14276500.0
TCB,2021-10-13,25.036970207751637,25.131449340611077,24.706293242743595,24.753532809173315,15104600.0
TCB,2021-10-14,24.800772375603035,25.036970207751637,24.659053676313878,24.800772375603035,20339700.0
TCB,2021-10-15,24.989730641321916,24.989730641321916,24.706293242743595,24.848011942032755,12140400.0
TCB,2021-10-18,25.131449340611077,25.320407606329958,24.89525150846248,24.989730641321916,17308000.0
TCB,2021-10-19,24.989730641321916,25.036970207751637,24.564574543454437,24.89525150846248,15638300.0
TCB,2021-10-20,24.942491074892196,25.462126305619115,24.800772375603035,25.131449340611077,23135300.0
TCB,2021-10-21,25.509365872048836,25.509365872048836,24.989730641321916,24.989730641321916,15599400.0
TCB,2021-10-22,24.989730641321916,25.036970207751637,24.659053676313878,24.706293242743595,12256600.0
TCB,2021-10-25,24.611814109884158,24.611814109884158,23.997699746297794,24.044939312727514,29749614.0
TCB,2021-10-26,23.808741480578913,24.092178879157235,23.596163431645177,24.092178879157235,21349800.0
TCB,2021-10-27,24.186658012016675,24.470095410594993,24.044939312727514,24.328376711305836,22700100.0
TCB,2021-10-28,24.564574543454437,24.611814109884158,24.328376711305836,24.470095410594993,16359100.0
TCB,2021-10-29,24.517334977024714,24.564574543454437,24.233897578446395,24.375616277735556,12774400.0
TCB,2021-11-01,24.422855844165277,24.800772375603035,24.328376711305836,24.375616277735556,25418000.0
TCB,2021-11-02,24.470095410594993,24.470095410594993,24.328376711305836,24.375616277735556,15468300.0
TCB,2021-11-03,24.706293242743595,25.60384500490828,24.564574543454437,25.36764717275968,40718000.0
TCB,2021-11-04,25.36764717275968,25.60384500490828,24.942491074892196,25.178688907040794,18983600.0
TCB,2021-11-05,25.273168039900238,25.273168039900238,24.89525150846248,25.036970207751637,13688700.0
TCB,2021-11-08,24.942491074892196,25.178688907040794,24.706293242743595,24.848011942032755,21289500.0
TCB,2021-11-09,25.036970207751637,25.178688907040794,24.706293242743595,24.706293242743595,21732600.0
TCB,2021-11-10,24.848011942032755,24.89525150846248,24.375616277735556,24.422855844165277,20307600.0
TCB,2021-11-11,24.422855844165277,24.753532809173315,23.950460179868077,24.328376711305836,22085500.0
TCB,2021-11-12,24.281137144876116,24.89525150846248,24.139418445586955,24.800772375603035,12885700.0
TCB,2021-11-15,24.942491074892196,25.036970207751637,24.517334977024714,24.564574543454437,14038700.0
TCB,2021-11-16,24.564574543454437,24.989730641321916,24.375616277735556,24.564574543454437,14136700.0
TCB,2021-11-17,24.564574543454437,24.753532809173315,24.422855844165277,24.659053676313878,12223200.0
TCB,2021-11-18,24.564574543454437,24.659053676313878,24.281137144876116,24.328376711305836,12985900.0
TCB,2021-11-19,24.470095410594993,25.225928473470518,24.186658012016675,24.706293242743595,31035200.0
TCB,2021-11-22,24.706293242743595,25.887282403486598,24.706293242743595,25.084209774181357,24314500.0
TCB,2021-11-23,25.225928473470518,25.273168039900238,24.753532809173315,24.848011942032755,14116400.0
TCB,2021-11-24,24.848011942032755,26.31243850135408,24.706293242743595,26.21795936849464,52375300.0
TCB,2021-11-25,26.454157200643238,26.454157200643238,25.840042837056878,25.934521969916318,21282400.0
TCB,2021-11-26,26.02900110277576,26.21795936849464,25.462126305619115,25.509365872048836,21915600.0
TCB,2021-11-29,25.036970207751637,25.225928473470518,24.611814109884158,24.706293242743595,28236300.0
TCB,2021-11-30,25.084209774181357,25.084209774181357,24.328376711305836,24.470095410594993,25334700.0
TCB,2021-12-01,24.375616277735556,24.753532809173315,24.328376711305836,24.753532809173315,11715500.0
TCB,2021-12-02,24.753532809173315,24.848011942032755,24.422855844165277,24.422855844165277,9624600.0
TCB,2021-12-03,24.564574543454437,24.659053676313878,23.714262347719476,23.714262347719476,16135500.0
TCB,2021-12-06,23.761501914149193,24.092178879157235,22.982049068058814,23.147387550562833,23246600.0
TCB,2021-12-07,23.430824949141154,23.761501914149193,23.312726033066856,23.619783214860036,9692100.0
TCB,2021-12-08,23.714262347719476,23.997699746297794,23.572543648430315,23.619783214860036,8027300.0
TCB,2021-12-09,23.619783214860036,23.808741480578913,23.548923865215453,23.808741480578913,6226600.0
TCB,2021-12-10,23.855981047008633,24.044939312727514,23.667022781289756,23.714262347719476,8342300.0
TCB,2021-12-13,23.761501914149193,23.808741480578913,23.596163431645177,23.619783214860036,8805600.0
TCB,2021-12-14,23.619783214860036,23.997699746297794,23.548923865215453,23.667022781289756,9215700.0
TCB,2021-12-15,23.761501914149193,23.997699746297794,23.596163431645177,23.714262347719476,7598500.0
TCB,2021-12-16,23.855981047008633,23.855981047008633,23.548923865215453,23.548923865215453,6475600.0
TCB,2021-12-17,23.619783214860036,23.667022781289756,23.52530408200059,23.548923865215453,17360200.0
TCB,2021-12-20,23.548923865215453,23.619783214860036,23.312726033066856,23.383585382711434,12050780.0
TCB,2021-12-21,23.383585382711434,23.478064515570875,23.241866683422277,23.265486466637135,7580700.0
TCB,2021-12-22,23.289106249851994,23.383585382711434,22.81671058555479,23.100147984133113,13527600.0
TCB,2021-12-23,23.076528200918254,23.076528200918254,22.344314921257592,22.367934704472454,14078400.0
TCB,2021-12-24,22.415174270902174,23.21824690020741,22.415174270902174,23.100147984133113,7900100.0
TCB,2021-12-27,23.336345816281714,23.336345816281714,22.911189718414235,23.076528200918254,8468000.0
TCB,2021-12-28,23.265486466637135,23.312726033066856,23.005668851273676,23.21824690020741,9546800.0
TCB,2021-12-29,23.21824690020741,23.454444732356013,23.147387550562833,23.194627116992553,7570800.0
TCB,2021-12-30,23.241866683422277,23.501684298785733,23.147387550562833,23.289106249851994,6039100.0
TCB,2021-12-31,23.383585382711434,23.855981047008633,23.359965599496576,23.619783214860036,9938400.0
TCB,2022-01-04,23.855981047008633,24.186658012016675,23.761501914149193,24.044939312727514,12054600.0
TCB,2022-01-05,24.044939312727514,24.186658012016675,23.761501914149193,23.855981047008633,11182100.0
TCB,2022-01-06,23.714262347719476,23.808741480578913,23.430824949141154,23.572543648430315,11308000.0
TCB,2022-01-07,23.572543648430315,23.667022781289756,23.336345816281714,23.359965599496576,8125200.0
TCB,2022-01-10,23.383585382711434,23.430824949141154,22.982049068058814,22.982049068058814,10426400.0
TCB,2022-01-11,23.100147984133113,23.194627116992553,22.86395015198451,22.887569935199373,9822800.0
TCB,2022-01-12,22.887569935199373,23.808741480578913,22.86395015198451,23.808741480578913,12094200.0
TCB,2022-01-13,24.044939312727514,24.470095410594993,23.714262347719476,23.855981047008633,14845000.0
TCB,2022-01-14,23.619783214860036,23.808741480578913,23.383585382711434,23.501684298785733,5773000.0
TCB,2022-01-17,23.478064515570875,23.855981047008633,22.958429284843955,22.958429284843955,11779300.0
TCB,2022-01-18,22.958429284843955,23.359965599496576,22.911189718414235,23.029288634488534,9621200.0
TCB,2022-01-19,23.147387550562833,23.336345816281714,23.052908417703392,23.076528200918254,5181900.0
TCB,2022-01-20,22.982049068058814,23.336345816281714,22.958429284843955,23.076528200918254,9349200.0
TCB,2022-01-21,23.147387550562833,23.997699746297794,23.100147984133113,23.52530408200059,11751600.0
TCB,2022-01-24,23.596163431645177,24.281137144876116,23.52530408200059,23.761501914149193,17345800.0
TCB,2022-01-25,24.186658012016675,24.611814109884158,24.092178879157235,24.517334977024714,18503300.0
TCB,2022-01-26,24.753532809173315,25.178688907040794,24.564574543454437,24.753532809173315,15042300.0
TCB,2022-01-27,24.564574543454437,24.89525150846248,24.328376711305836,24.517334977024714,12624000.0
TCB,2022-01-28,24.517334977024714,25.036970207751637,24.375616277735556,24.942491074892196,10332900.0
TCB,2022-02-07,25.36764717275968,25.414886739189395,24.942491074892196,24.942491074892196,10460300.0
TCB,2022-02-08,24.942491074892196,25.651084571337996,24.942491074892196,25.414886739189395,17224500.0
TCB,2022-02-09,25.509365872048836,25.934521969916318,25.320407606329958,25.320407606329958,19640240.0
TCB,2022-02-10,25.320407606329958,25.60384500490828,25.084209774181357,25.320407606329958,11434900.0
TCB,2022-02-11,25.273168039900238,25.414886739189395,25.036970207751637,25.36764717275968,7887800.0
TCB,2022-02-14,25.131449340611077,25.131449340611077,24.328376711305836,24.328376711305836,21618340.0
TCB,2022-02-15,24.375616277735556,24.611814109884158,24.233897578446395,24.470095410594993,12082800.0
TCB,2022-02-16,24.659053676313878,24.659053676313878,24.328376711305836,24.375616277735556,6654400.0
TCB,2022-02-17,24.375616277735556,24.800772375603035,24.375616277735556,24.659053676313878,7990000.0
TCB,2022-02-18,24.422855844165277,24.564574543454437,24.328376711305836,24.375616277735556,6622600.0
TCB,2022-02-21,24.375616277735556,24.422855844165277,23.997699746297794,24.328376711305836,12203200.0
TCB,2022-02-22,24.092178879157235,24.422855844165277,23.903220613438357,24.281137144876116,10832900.0
TCB,2022-02-23,24.422855844165277,24.659053676313878,24.281137144876116,24.422855844165277,6773300.0
TCB,2022-02-24,24.328376711305836,24.517334977024714,23.52530408200059,23.855981047008633,16802800.0
TCB,2022-02-25,24.092178879157235,24.233897578446395,23.855981047008633,23.950460179868077,6665900.0
TCB,2022-02-28,23.855981047008633,24.044939312727514,23.714262347719476,23.808741480578913,7565100.0
TCB,2022-03-01,23.950460179868077,23.950460179868077,23.667022781289756,23.761501914149193,7050900.0
TCB,2022-03-02,23.667022781289756,23.667022781289756,23.241866683422277,23.241866683422277,18774600.0
TCB,2022-03-03,23.383585382711434,23.572543648430315,23.21824690020741,23.454444732356013,8121900.0
TCB,2022-03-04,23.501684298785733,23.808741480578913,23.383585382711434,23.596163431645177,7311700.0
TCB,2022-03-07,23.383585382711434,23.430824949141154,23.194627116992553,23.265486466637135,8802400.0
TCB,2022-03-08,23.147387550562833,23.383585382711434,23.052908417703392,23.147387550562833,9356500.0
TCB,2022-03-09,23.147387550562833,23.312726033066856,23.100147984133113,23.194627116992553,12037470.0
TCB,2022-03-10,23.52530408200059,23.52530408200059,23.265486466637135,23.265486466637135,4717100.0
TCB,2022-03-11,23.241866683422277,23.241866683422277,23.005668851273676,23.100147984133113,8612600.0
TCB,2022-03-14,23.052908417703392,23.100147984133113,22.81671058555479,22.911189718414235,8511200.0
TCB,2022-03-15,22.958429284843955,23.147387550562833,22.911189718414235,22.958429284843955,3829700.0
TCB,2022-03-16,23.052908417703392,23.359965599496576,23.052908417703392,23.17100733377769,4542000.0
TCB,2022-03-17,23.359965599496576,23.383585382711434,23.147387550562833,23.147387550562833,3849200.0
TCB,2022-03-18,23.21824690020741,23.336345816281714,23.194627116992553,23.241866683422277,8599700.0
TCB,2022-03-21,23.265486466637135,23.407205165926293,23.194627116992553,23.359965599496576,5496200.0
TCB,2022-03-22,23.407205165926293,23.761501914149193,23.383585382711434,23.572543648430315,7556068.0
TCB,2022-03-23,23.572543648430315,23.714262347719476,23.430824949141154,23.430824949141154,4073100.0
TCB,2022-03-24,23.430824949141154,23.52530408200059,23.289106249851994,23.289106249851994,3544000.0
TCB,2022-03-25,23.336345816281714,23.359965599496576,23.21824690020741,23.265486466637135,8113400.0
TCB,2022-03-28,23.21824690020741,23.21824690020741,22.840330368769653,23.052908417703392,12369500.0
TCB,2022-03-29,23.100147984133113,23.21824690020741,22.982049068058814,23.100147984133113,5766000.0
TCB,2022-03-30,23.100147984133113,23.572543648430315,23.100147984133113,23.21824690020741,5743200.0
TCB,2022-03-31,23.383585382711434,23.478064515570875,23.289106249851994,23.407205165926293,5855100.0
TCB,2022-04-01,23.407205165926293,23.808741480578913,23.336345816281714,23.761501914149193,10034500.0
TCB,2022-04-04,23.808741480578913,23.903220613438357,23.454444732356013,23.454444732356013,9775600.0
TCB,2022-04-05,23.336345816281714,23.383585382711434,23.17100733377769,23.17100733377769,5803000.0
TCB,2022-04-06,23.100147984133113,23.572543648430315,23.005668851273676,23.572543648430315,9012200.0
TCB,2022-04-07,23.572543648430315,23.761501914149193,23.289106249851994,23.289106249851994,8559700.0
TCB,2022-04-08,23.336345816281714,23.336345816281714,23.052908417703392,23.076528200918254,7888100.0
TCB,2022-04-12,23.005668851273676,23.100147984133113,22.627752319835913,22.674991886265634,11511340.0
TCB,2022-04-13,22.86395015198451,22.887569935199373,22.627752319835913,22.674991886265634,7102300.0
TCB,2022-04-14,22.698611669480492,22.840330368769653,22.273455571613013,22.344314921257592,10003400.0
TCB,2022-04-15,22.344314921257592,22.344314921257592,21.54124229195235,21.54124229195235,19258800.0
TCB,2022-04-18,21.730200557671232,21.84829947374553,21.16332576051459,21.18694554372945,13600800.0
TCB,2022-04-19,21.257804893374033,21.470382942307772,20.54921139692823,20.643690529787673,8402900.0
TCB,2022-04-20,20.643690529787673,20.87988836193627,20.33663334799449,20.33663334799449,9803800.0
TCB,2022-04-21,20.31301356477963,20.78540922907683,20.26577399834991,20.596450963357952,10019500.0
TCB,2022-04-22,20.78540922907683,21.13970597729973,20.572831180143087,20.83264879550655,6803300.0
TCB,2022-04-25,20.87988836193627,20.92712792836599,19.391842019400087,19.391842019400087,23835700.0
TCB,2022-04-26,19.179263970466348,19.840617900482428,18.35257155794625,19.60442006833383,12051220.0
TCB,2022-04-27,19.60442006833383,19.93509703334187,19.32098266975551,19.65165963476355,9135400.0
TCB,2022-04-28,19.67527941797841,20.218534431920187,19.67527941797841,19.98233659977159,4729300.0
TCB,2022-04-29,19.98233659977159,20.78540922907683,19.93509703334187,20.78540922907683,10260800.0
TCB,2022-05-04,20.54921139692823,20.62007074657281,19.840617900482428,19.840617900482428,9048000.0
TCB,2022-05-05,20.24215421513505,20.24215421513505,19.557180501904107,20.12405529906075,5588600.0
TCB,2022-05-06,19.69889920119327,19.98233659977159,19.60442006833383,19.60442006833383,11237700.0
TCB,2022-05-09,19.46270136904467,19.557180501904107,18.234472641871946,18.234472641871946,20242800.0
TCB,2022-05-10,17.69121762793017,18.35257155794625,17.69121762793017,18.281712208301666,10851300.0
TCB,2022-05-11,18.423430907590827,18.63600895652457,18.163613292227367,18.423430907590827,4631500.0
TCB,2022-05-12,18.423430907590827,18.423430907590827,17.147962613988383,17.147962613988383,10329300.0
TCB,2022-05-13,17.147962613988383,17.384160446136985,15.966973453245382,15.966973453245382,17610500.0
TCB,2022-05-16,16.581087816831744,16.911764781839782,15.400098656088742,15.400098656088742,13705600.0
TCB,2022-05-17,15.400098656088742,16.462988900757445,15.37647887287388,16.462988900757445,14400800.0
TCB,2022-05-18,16.864525215410065,17.431400012566705,16.699186732906046,17.029863697914084,10194300.0
TCB,2022-05-19,16.722806516120905,17.195202180418104,16.628327383261464,16.911764781839782,6977800.0
TCB,2022-05-20,16.911764781839782,17.218821963632966,16.699186732906046,16.864525215410065,6953200.0
TCB,2022-05-23,16.911764781839782,17.100723047558667,16.462988900757445,16.462988900757445,9233800.0
TCB,2022-05-24,16.439369117542583,16.651947166476326,16.250410851823702,16.651947166476326,5466300.0
TCB,2022-05-25,16.935384565054644,17.313301096492406,16.770046082550625,17.242441746847824,6709700.0
TCB,2022-05-26,17.336920879707268,17.596738495070724,17.266061530062682,17.336920879707268,7421800.0
TCB,2022-05-27,17.431400012566705,17.69121762793017,17.407780229351847,17.69121762793017,6696600.0
TCB,2022-05-30,17.951035243293624,17.951035243293624,17.69121762793017,17.832936327219326,4922800.0
TCB,2022-05-31,17.69121762793017,17.762076977574747,17.549498928641004,17.549498928641004,5259800.0
TCB,2022-06-01,17.478639578996425,17.809316544004467,17.313301096492406,17.407780229351847,18368300.0
TCB,2022-06-02,17.431400012566705,17.478639578996425,17.006243914699226,17.195202180418104,3715300.0
TCB,2022-06-03,17.171582397203245,17.407780229351847,17.029863697914084,17.218821963632966,3210200.0
TCB,2022-06-06,17.218821963632966,17.384160446136985,17.006243914699226,17.029863697914084,5845100.0
TCB,2022-06-07,17.006243914699226,17.100723047558667,16.533848250402023,17.100723047558667,8236800.0
TCB,2022-06-08,17.147962613988383,17.69121762793017,17.077103264343805,17.596738495070724,6456800.0
TCB,2022-06-09,17.596738495070724,17.738457194359885,17.502259362211284,17.667597844715306,5836000.0
TCB,2022-06-10,17.478639578996425,18.376191341161107,17.455019795781567,17.927415460078766,10962200.0
TCB,2022-06-13,17.478639578996425,17.596738495070724,16.982624131484368,17.006243914699226,6841200.0
TCB,2022-06-14,16.675566949691184,17.147962613988383,16.628327383261464,16.888144998624924,7850800.0
TCB,2022-06-15,16.864525215410065,17.077103264343805,16.557468033616882,16.864525215410065,5719100.0
TCB,2022-06-16,16.959004348269502,17.242441746847824,16.817285648980345,17.029863697914084,6101000.0
TCB,2022-06-17,16.557468033616882,16.722806516120905,15.990593236460244,16.297650418253422,6051700.0
TCB,2022-06-20,16.297650418253422,16.628327383261464,15.589056921807623,15.589056921807623,15194700.0
TCB,2022-06-21,15.636296488237344,15.966973453245382,15.494577788948181,15.589056921807623,6800200.0
TCB,2022-06-22,15.943353670030524,16.675566949691184,15.801634970741365,16.439369117542583,6508200.0
TCB,2022-06-23,16.439369117542583,17.195202180418104,16.321270201468284,16.982624131484368,8294300.0
TCB,2022-06-24,16.982624131484368,17.053483481128946,16.770046082550625,16.770046082550625,4069100.0
TCB,2022-06-27,16.793665865765483,16.982624131484368,16.770046082550625,16.793665865765483,9324300.0
TCB,2022-06-28,16.770046082550625,17.455019795781567,16.699186732906046,17.336920879707268,11464500.0
TCB,2022-06-29,17.100723047558667,17.549498928641004,17.100723047558667,17.360540662922126,5006000.0
TCB,2022-06-30,17.266061530062682,17.525879145426146,16.793665865765483,16.793665865765483,3849000.0
TCB,2022-07-01,16.817285648980345,17.124342830773525,16.462988900757445,17.006243914699226,4042300.0
TCB,2022-07-04,17.124342830773525,17.336920879707268,17.029863697914084,17.171582397203245,3169000.0
TCB,2022-07-05,17.289681313277544,18.069134159367927,17.171582397203245,17.832936327219326,11498900.0
TCB,2022-07-06,17.714837411145027,18.139993509012506,17.573118711855866,17.762076977574747,8308300.0
TCB,2022-07-07,17.69121762793017,17.951035243293624,17.478639578996425,17.856556110434184,5627400.0
TCB,2022-07-08,17.927415460078766,17.951035243293624,17.643978061500448,17.738457194359885,4058400.0
TCB,2022-07-11,17.502259362211284,17.620358278285586,16.770046082550625,16.817285648980345,10198300.0
TCB,2022-07-12,16.911764781839782,17.053483481128946,16.840905432195203,17.053483481128946,8186180.0
TCB,2022-07-13,17.077103264343805,17.384160446136985,17.006243914699226,17.053483481128946,3176800.0
TCB,2022-07-14,16.959004348269502,17.147962613988383,16.935384565054644,16.982624131484368,2902000.0
TCB,2022-07-15,17.053483481128946,17.266061530062682,17.053483481128946,17.053483481128946,4417900.0
TCB,2022-07-18,17.147962613988383,17.407780229351847,17.053483481128946,17.147962613988383,4595600.0
TCB,2022-07-19,17.124342830773525,17.147962613988383,16.888144998624924,17.053483481128946,2566900.0
TCB,2022-07-20,17.242441746847824,17.289681313277544,17.100723047558667,17.147962613988383,8094800.0
TCB,2022-07-21,17.289681313277544,17.431400012566705,17.147962613988383,17.407780229351847,9358700.0
TCB,2022-07-22,17.620358278285586,17.903795676863904,17.502259362211284,17.525879145426146,4424700.0
TCB,2022-07-25,17.407780229351847,17.525879145426146,17.360540662922126,17.384160446136985,3286300.0
TCB,2022-07-26,17.384160446136985,17.502259362211284,17.266061530062682,17.289681313277544,5466700.0
TCB,2022-07-27,17.195202180418104,17.289681313277544,17.195202180418104,17.289681313277544,12957100.0
TCB,2022-07-28,17.431400012566705,17.714837411145027,17.384160446136985,17.620358278285586,5604300.0
TCB,2022-07-29,17.714837411145027,17.903795676863904,17.549498928641004,17.903795676863904,6120300.0
TCB,2022-08-01,17.880175893649046,18.328951774731387,17.762076977574747,18.234472641871946,7655400.0
TCB,2022-08-02,18.139993509012506,18.234472641871946,17.974655026508486,18.092753942582785,4609900.0
TCB,2022-08-03,18.092753942582785,18.139993509012506,17.880175893649046,18.021894592938207,9144700.0
TCB,2022-08-04,18.069134159367927,18.35257155794625,18.04551437615307,18.139993509012506,6650800.0
TCB,2022-08-05,18.139993509012506,18.328951774731387,18.092753942582785,18.139993509012506,3914900.0
TCB,2022-08-08,18.187233075442226,18.730488089384007,18.187233075442226,18.517910040450268,9415400.0
TCB,2022-08-09,18.612389173309708,18.730488089384007,18.423430907590827,18.494290257235406,4452400.0
TCB,2022-08-10,18.35257155794625,18.447050690805685,18.281712208301666,18.328951774731387,4303300.0
TCB,2022-08-11,18.470670474020547,18.565149606879984,18.116373725797647,18.187233075442226,8974200.0
TCB,2022-08-12,18.187233075442226,18.328951774731387,18.069134159367927,18.328951774731387,3260400.0
TCB,2022-08-15,18.423430907590827,18.588769390094846,18.35257155794625,18.470670474020547,6026600.0
TCB,2022-08-16,18.447050690805685,18.517910040450268,18.39981112437597,18.423430907590827,7619800.0
TCB,2022-08-17,18.447050690805685,18.588769390094846,18.423430907590827,18.565149606879984,5354300.0
TCB,2022-08-18,18.470670474020547,18.65962873973943,18.39981112437597,18.470670474020547,7892200.0
TCB,2022-08-19,18.447050690805685,18.517910040450268,18.39981112437597,18.423430907590827,2771900.0
TCB,2022-08-22,18.35257155794625,18.470670474020547,18.210852858657084,18.281712208301666,6812100.0
TCB,2022-08-23,18.258092425086804,18.328951774731387,18.116373725797647,18.328951774731387,4139900.0
TCB,2022-08-24,18.328951774731387,18.777727655813727,18.328951774731387,18.541529823665126,5708200.0
TCB,2022-08-25,18.565149606879984,18.75410787259887,18.565149606879984,18.683248522954287,4802800.0
TCB,2022-08-26,18.70686830616915,18.872206788673168,18.65962873973943,18.65962873973943,4379000.0
TCB,2022-08-29,18.328951774731387,18.470670474020547,18.187233075442226,18.30533199151653,4550600.0
TCB,2022-08-30,18.328951774731387,18.494290257235406,18.30533199151653,18.30533199151653,10711900.0
TCB,2022-08-31,18.30533199151653,18.494290257235406,18.258092425086804,18.39981112437597,2431900.0
TCB,2022-09-05,18.35257155794625,18.376191341161107,18.210852858657084,18.234472641871946,7244600.0
TCB,2022-09-06,18.210852858657084,18.423430907590827,18.210852858657084,18.258092425086804,5107700.0
TCB,2022-09-07,18.258092425086804,18.281712208301666,17.738457194359885,17.738457194359885,5925000.0
TCB,2022-09-08,17.832936327219326,17.903795676863904,17.643978061500448,17.667597844715306,12310200.0
TCB,2022-09-09,17.809316544004467,17.809316544004467,17.478639578996425,17.785696760789605,3768100.0
TCB,2022-09-12,17.785696760789605,17.856556110434184,17.69121762793017,17.714837411145027,2085901.0
TCB,2022-09-13,17.667597844715306,17.762076977574747,17.620358278285586,17.620358278285586,25993753.0
TCB,2022-09-14,17.242441746847824,17.478639578996425,17.242441746847824,17.384160446136985,4044400.0
TCB,2022-09-15,17.478639578996425,17.502259362211284,17.289681313277544,17.289681313277544,1611900.0
TCB,2022-09-16,17.195202180418104,17.313301096492406,17.006243914699226,17.006243914699226,2208200.0
TCB,2022-09-19,17.006243914699226,17.006243914699226,16.462988900757445,16.557468033616882,17056600.0
TCB,2022-09-20,16.793665865765483,16.793665865765483,16.486608683972303,16.557468033616882,2922000.0
TCB,2022-09-21,16.533848250402023,16.581087816831744,16.297650418253422,16.297650418253422,9197100.0
TCB,2022-09-22,16.20317128539398,16.368509767898004,16.108692152534545,16.321270201468284,3684800.0
TCB,2022-09-23,16.274030635038564,16.344889984683146,16.085072369319683,16.155931718964265,3701200.0
TCB,2022-09-26,15.990593236460244,15.990593236460244,15.565437138592763,15.707155837881922,8257000.0
TCB,2022-09-27,15.848874537171081,16.014213019675104,15.683536054667064,15.825254753956223,5051447.0
TCB,2022-09-28,15.754395404311644,15.919733886815665,15.683536054667064,15.707155837881922,2069900.0
TCB,2022-09-29,15.919733886815665,15.919733886815665,15.589056921807623,15.589056921807623,4120300.0
TCB,2022-09-30,15.589056921807623,15.683536054667064,15.211140390369863,15.352859089659022,6372200.0
TCB,2022-10-03,15.352859089659022,15.400098656088742,14.289968844990321,14.289968844990321,11035840.0
TCB,2022-10-04,14.549786460353781,14.644265593213222,14.17186992891602,14.313588628205181,7952200.0
TCB,2022-10-05,14.644265593213222,14.667885376428082,14.40806776106462,14.40806776106462,7462100.0
TCB,2022-10-06,14.40806776106462,14.549786460353781,13.84119296390798,13.84119296390798,7653700.0
TCB,2022-10-07,13.6522346981891,13.6522346981891,12.872781852098719,12.872781852098719,28218970.0
TCB,2022-10-10,12.187808138867778,12.731063152809558,11.975230089934039,12.187808138867778,29109300.0
TCB,2022-10-11,12.187808138867778,12.187808138867778,11.337495943132817,11.337495943132817,30315200.0
TCB,2022-10-12,11.337495943132817,11.998849873148897,11.124917894199077,11.715412474570577,12282400.0
TCB,2022-10-13,11.715412474570577,11.951610306719179,11.384735509562537,11.951610306719179,17519700.0
TCB,2022-10-14,12.518485103875818,12.518485103875818,12.046089439578617,12.140568572438058,6708400.0
TCB,2022-10-17,12.046089439578617,12.046089439578617,11.502834425636838,11.857131173859738,9968800.0
TCB,2022-10-18,12.093329006008338,12.235047705297497,11.880750957074596,11.951610306719179,5270100.0
TCB,2022-10-19,11.951610306719179,12.046089439578617,11.620933341711138,11.904370740289457,4840100.0
TCB,2022-10-20,11.857131173859738,11.857131173859738,11.597313558496277,11.620933341711138,6360100.0
TCB,2022-10-21,11.739032257785437,11.739032257785437,10.817860712405896,10.817860712405896,10706600.0
TCB,2022-10-24,10.888720062050476,11.030438761339637,10.062027649530375,10.062027649530375,38700600.0
TCB,2022-10-25,10.062027649530375,10.605282663472154,9.447913285944013,10.062027649530375,14063400.0
TCB,2022-10-26,10.250985915249254,10.298225481678976,9.943928733456074,10.109267215960093,7540400.0
TCB,2022-10-27,10.156506782389815,10.794240929191037,10.156506782389815,10.794240929191037,9172800.0
TCB,2022-10-28,11.148537677413938,11.526454208851696,11.101298110984215,11.526454208851696,13964730.0
TCB,2022-10-31,11.620933341711138,11.715412474570577,11.101298110984215,11.620933341711138,7284700.0
TCB,2022-11-01,11.809891607430018,12.282287271727219,11.809891607430018,12.116948789223198,10239400.0
TCB,2022-11-02,12.140568572438058,12.187808138867778,11.833511390644878,11.904370740289457,8602800.0
TCB,2022-11-03,11.644553124925997,12.211427922082638,11.644553124925997,12.211427922082638,8948000.0
TCB,2022-11-04,11.809891607430018,12.046089439578617,11.361115726347677,12.046089439578617,17410200.0
TCB,2022-11-07,12.022469656363757,12.187808138867778,11.219397027058516,11.219397027058516,10925200.0
TCB,2022-11-08,11.219397027058516,11.762652041000296,10.865100278835616,11.408355292777395,14488600.0
TCB,2022-11-09,11.573693775281416,11.857131173859738,11.431975075992256,11.502834425636838,4135200.0
TCB,2022-11-10,11.337495943132817,11.384735509562537,10.699761796331595,10.747001362761315,14039707.0
TCB,2022-11-11,11.101298110984215,11.313876159917957,10.770621145976175,10.770621145976175,5479500.0
TCB,2022-11-14,10.487183747397856,10.581662880257294,10.062027649530375,10.487183747397856,6788500.0
TCB,2022-11-15,10.416324397753275,10.416324397753275,9.754970467737193,9.778590250952053,10943000.0
TCB,2022-11-16,9.117236320935973,10.439944180968135,9.117236320935973,10.439944180968135,24110600.0
TCB,2022-11-17,10.723381579546455,10.888720062050476,10.487183747397856,10.841480495620756,6746300.0
TCB,2022-11-18,10.794240929191037,11.030438761339637,10.298225481678976,10.723381579546455,7624800.0
TCB,2022-11-21,10.699761796331595,10.912339845265336,10.510803530612716,10.510803530612716,8879400.0
TCB,2022-11-22,10.416324397753275,10.888720062050476,10.321845264893836,10.321845264893836,9448800.0
TCB,2022-11-23,10.392704614538415,10.581662880257294,10.250985915249254,10.392704614538415,4018800.0
TCB,2022-11-24,10.392704614538415,10.487183747397856,10.156506782389815,10.463563964182995,7841500.0
TCB,2022-11-25,10.558043097042436,10.865100278835616,10.487183747397856,10.865100278835616,5771200.0
TCB,2022-11-28,11.006818978124777,11.620933341711138,10.983199194909917,11.620933341711138,11231600.0
TCB,2022-11-29,11.786271824215158,12.093329006008338,11.502834425636838,11.904370740289457,8376400.0
TCB,2022-11-30,11.904370740289457,12.235047705297497,11.786271824215158,12.235047705297497,8860700.0
TCB,2022-12-01,12.400386187801518,13.085359901032458,12.400386187801518,12.943641201743299,18858500.0
TCB,2022-12-02,12.754682936024418,13.69947426461882,12.68382358637984,13.604995131759381,19196200.0
TCB,2022-12-05,13.935672096767421,14.07739079605658,13.604995131759381,13.69947426461882,8466100.0
TCB,2022-12-06,13.604995131759381,13.69947426461882,12.754682936024418,12.77830271923928,14950500.0
TCB,2022-12-07,12.754682936024418,12.825542285668998,12.258667488512357,12.471245537446098,7114400.0
TCB,2022-12-08,12.660203803164979,13.32155773318106,12.518485103875818,13.32155773318106,14554300.0
TCB,2022-12-09,13.43965664925536,13.46327643247022,13.085359901032458,13.34517751639592,5605400.0
TCB,2022-12-12,13.34517751639592,13.48689621568508,12.849162068883858,12.849162068883858,36553600.0
TCB,2022-12-13,12.849162068883858,13.604995131759381,12.754682936024418,13.604995131759381,7677900.0
TCB,2022-12-14,13.935672096767421,14.03015122962686,13.604995131759381,13.604995131759381,12774600.0
TCB,2022-12-15,13.604995131759381,13.959291879982281,13.51051599889994,13.935672096767421,7837800.0
TCB,2022-12-16,13.69947426461882,13.84119296390798,13.51051599889994,13.7703336142634,11957180.0
TCB,2022-12-19,13.7703336142634,14.4789271107092,13.72309404783368,13.81757318069312,10027200.0
TCB,2022-12-20,13.69947426461882,13.81757318069312,12.872781852098719,13.085359901032458,20707600.0
TCB,2022-12-21,13.250698383536479,13.32155773318106,12.424005971016378,13.085359901032458,7533300.0
TCB,2022-12-22,13.10897968424732,13.416036866040498,12.872781852098719,13.085359901032458,7861900.0
TCB,2022-12-23,13.085359901032458,13.179839033891898,12.731063152809558,13.03812033460274,3614700.0
TCB,2022-12-26,12.872781852098719,12.943641201743299,12.140568572438058,12.140568572438058,7563600.0
TCB,2022-12-27,12.093329006008338,12.424005971016378,11.998849873148897,12.424005971016378,5638200.0
TCB,2022-12-28,12.329526838156939,12.494865320660958,12.164188355652918,12.353146621371797,7574400.0
TCB,2022-12-29,12.329526838156939,12.424005971016378,12.164188355652918,12.258667488512357,3579700.0
TCB,2022-12-30,12.258667488512357,12.329526838156939,12.211427922082638,12.211427922082638,5502900.0
TCB,2023-01-03,12.164188355652918,12.967260984958159,12.164188355652918,12.967260984958159,3786800.0
TCB,2023-01-04,12.967260984958159,13.13259946746218,12.872781852098719,12.896401635313579,6592300.0
TCB,2023-01-05,12.896401635313579,13.13259946746218,12.825542285668998,13.061740117817598,7837800.0
TCB,2023-01-06,12.967260984958159,13.416036866040498,12.896401635313579,13.085359901032458,7860900.0
TCB,2023-01-09,13.13259946746218,13.203458817106759,13.03812033460274,13.10897968424732,7487700.0
TCB,2023-01-10,13.10897968424732,13.227078600321619,12.896401635313579,12.967260984958159,2696200.0
TCB,2023-01-11,12.967260984958159,13.227078600321619,12.896401635313579,13.061740117817598,3443800.0
TCB,2023-01-12,13.061740117817598,13.203458817106759,13.03812033460274,13.15621925067704,3527200.0
TCB,2023-01-13,13.179839033891898,13.36879729961078,13.13259946746218,13.13259946746218,2810200.0
TCB,2023-01-16,13.15621925067704,13.27431816675134,13.061740117817598,13.27431816675134,15054600.0
TCB,2023-01-17,13.416036866040498,13.84119296390798,13.39241708282564,13.69947426461882,8423900.0
TCB,2023-01-18,13.74671383104854,13.7703336142634,13.6522346981891,13.74671383104854,10091290.0
TCB,2023-01-19,13.628614914974241,13.84119296390798,13.628614914974241,13.74671383104854,10303400.0
TCB,2023-01-27,13.86481274712284,14.03015122962686,13.69947426461882,13.72309404783368,5539200.0
TCB,2023-01-30,13.72309404783368,13.72309404783368,13.48689621568508,13.557755565329659,6458000.0
TCB,2023-01-31,13.534135782114799,13.888432530337699,13.250698383536479,13.888432530337699,6369400.0
TCB,2023-02-01,13.935672096767421,13.935672096767421,13.227078600321619,13.32155773318106,7914500.0
TCB,2023-02-02,13.32155773318106,13.416036866040498,13.03812033460274,13.227078600321619,4715200.0
TCB,2023-02-03,13.27431816675134,13.32155773318106,12.80192250245414,12.80192250245414,7923000.0
TCB,2023-02-06,12.80192250245414,13.227078600321619,12.77830271923928,13.203458817106759,6403300.0
TCB,2023-02-07,13.203458817106759,13.250698383536479,12.943641201743299,12.943641201743299,6538400.0
TCB,2023-02-08,12.99088076817302,13.203458817106759,12.943641201743299,13.15621925067704,8609000.0
TCB,2023-02-09,13.085359901032458,13.15621925067704,12.896401635313579,12.896401635313579,3782300.0
TCB,2023-02-10,12.920021418528439,12.99088076817302,12.707443369594698,12.731063152809558,4529000.0
TCB,2023-02-13,12.68382358637984,12.707443369594698,12.44762575423124,12.565724670305539,4041200.0
TCB,2023-02-14,12.518485103875818,12.943641201743299,12.518485103875818,12.68382358637984,3279800.0
TCB,2023-02-15,12.68382358637984,13.03812033460274,12.565724670305539,12.943641201743299,2633000.0
TCB,2023-02-16,13.03812033460274,13.179839033891898,12.849162068883858,13.179839033891898,2332700.0
TCB,2023-02-17,13.10897968424732,13.13259946746218,12.99088076817302,13.13259946746218,2813300.0
TCB,2023-02-20,13.10897968424732,13.51051599889994,13.085359901032458,13.51051599889994,5999900.0
TCB,2023-02-21,13.51051599889994,13.67585448140396,13.39241708282564,13.416036866040498,7120900.0
TCB,2023-02-22,13.250698383536479,13.2979379499662,12.99088076817302,12.99088076817302,19065000.0
TCB,2023-02-23,12.99088076817302,13.203458817106759,12.754682936024418,13.203458817106759,5915400.0
TCB,2023-02-24,13.203458817106759,13.203458817106759,12.825542285668998,12.872781852098719,4716300.0
TCB,2023-02-27,12.849162068883858,12.849162068883858,12.565724670305539,12.754682936024418,6952000.0
TCB,2023-02-28,12.754682936024418,12.849162068883858,12.518485103875818,12.518485103875818,3579100.0
TCB,2023-03-01,12.376766404586657,12.920021418528439,12.305907054942079,12.896401635313579,2204200.0
TCB,2023-03-02,13.01450055138788,13.03812033460274,12.754682936024418,12.849162068883858,1759900.0
TCB,2023-03-03,12.849162068883858,12.920021418528439,12.542104887090678,12.660203803164979,4075400.0
TCB,2023-03-06,12.754682936024418,12.967260984958159,12.612964236735259,12.849162068883858,7133900.0
TCB,2023-03-07,12.849162068883858,12.99088076817302,12.77830271923928,12.80192250245414,2394300.0
TCB,2023-03-08,12.707443369594698,12.943641201743299,12.660203803164979,12.896401635313579,2665300.0
TCB,2023-03-09,12.99088076817302,13.15621925067704,12.849162068883858,13.13259946746218,4815700.0
TCB,2023-03-10,12.99088076817302,13.03812033460274,12.754682936024418,12.825542285668998,2129800.0
TCB,2023-03-13,12.542104887090678,12.731063152809558,12.542104887090678,12.636584019950119,44346900.0
TCB,2023-03-14,12.589344453520397,12.636584019950119,12.424005971016378,12.424005971016378,4041500.0
TCB,2023-03-15,12.660203803164979,12.943641201743299,12.660203803164979,12.849162068883858,4767800.0
TCB,2023-03-16,12.707443369594698,12.731063152809558,12.44762575423124,12.636584019950119,8230600.0
TCB,2023-03-17,12.660203803164979,12.80192250245414,12.565724670305539,12.589344453520397,4064800.0
TCB,2023-03-20,12.518485103875818,12.565724670305539,12.400386187801518,12.400386187801518,14354800.0
TCB,2023-03-21,12.518485103875818,12.565724670305539,12.329526838156939,12.44762575423124,6702200.0
TCB,2023-03-22,12.494865320660958,12.565724670305539,12.376766404586657,12.376766404586657,9947600.0
TCB,2023-03-23,12.376766404586657,12.44762575423124,12.211427922082638,12.376766404586657,3519000.0
TCB,2023-03-24,12.471245537446098,12.612964236735259,12.424005971016378,12.494865320660958,5385840.0
TCB,2023-03-27,12.494865320660958,12.612964236735259,12.44762575423124,12.518485103875818,2130100.0
TCB,2023-03-28,12.612964236735259,13.085359901032458,12.612964236735259,13.01450055138788,9620000.0
TCB,2023-03-29,13.01450055138788,13.36879729961078,12.99088076817302,13.227078600321619,6627400.0
TCB,2023-03-30,13.39241708282564,13.46327643247022,13.085359901032458,13.085359901032458,5363333.0
TCB,2023-03-31,13.13259946746218,13.416036866040498,13.13259946746218,13.39241708282564,11350300.0
TCB,2023-04-03,13.69947426461882,13.86481274712284,13.557755565329659,13.84119296390798,15664200.0
TCB,2023-04-04,13.84119296390798,13.935672096767421,13.72309404783368,13.935672096767421,10507300.0
TCB,2023-04-05,13.888432530337699,13.982911663197141,13.79395339747826,13.935672096767421,5029800.0
TCB,2023-04-06,13.86481274712284,14.266349061775461,13.86481274712284,13.982911663197141,8106400.0
TCB,2023-04-07,14.006531446412,14.03015122962686,13.888432530337699,13.959291879982281,5159200.0
TCB,2023-04-10,14.006531446412,14.549786460353781,13.982911663197141,14.266349061775461,11709100.0
TCB,2023-04-11,14.266349061775461,14.3608281946349,13.982911663197141,14.3608281946349,7344100.0
TCB,2023-04-12,14.3608281946349,14.620645809998361,14.21910949534574,14.50254689392406,5451200.0
TCB,2023-04-13,14.455307327494342,14.620645809998361,14.266349061775461,14.266349061775461,4157900.0
TCB,2023-04-14,14.266349061775461,14.3608281946349,13.6522346981891,13.6522346981891,10775000.0
TCB,2023-04-17,13.69947426461882,13.91205231355256,13.581375348544519,13.91205231355256,7112500.0
TCB,2023-04-18,13.888432530337699,13.888432530337699,13.6522346981891,13.7703336142634,4615500.0
TCB,2023-04-19,13.79395339747826,13.888432530337699,13.69947426461882,13.69947426461882,6378100.0
TCB,2023-04-20,13.6522346981891,13.69947426461882,13.48689621568508,13.628614914974241,7730700.0
TCB,2023-04-21,13.69947426461882,13.69947426461882,13.557755565329659,13.557755565329659,3679800.0
TCB,2023-04-24,13.557755565329659,14.05377101284172,13.534135782114799,13.935672096767421,3648700.0
TCB,2023-04-25,14.006531446412,14.101010579271442,13.69947426461882,13.69947426461882,6045500.0
TCB,2023-04-26,13.79395339747826,14.17186992891602,13.628614914974241,14.17186992891602,7225600.0
TCB,2023-04-27,14.266349061775461,14.266349061775461,14.101010579271442,14.1246303624863,2747200.0
TCB,2023-04-28,14.14825014570116,14.14825014570116,13.935672096767421,13.935672096767421,4883400.0
TCB,2023-05-04,13.935672096767421,13.935672096767421,13.6522346981891,13.72309404783368,3471201.0
TCB,2023-05-05,13.72309404783368,13.79395339747826,13.43965664925536,13.557755565329659,5652600.0
TCB,2023-05-08,13.6522346981891,13.888432530337699,13.557755565329659,13.888432530337699,6278300.0
TCB,2023-05-09,13.91205231355256,13.935672096767421,13.72309404783368,13.84119296390798,2792601.0
TCB,2023-05-10,13.86481274712284,13.888432530337699,13.74671383104854,13.84119296390798,5934400.0
TCB,2023-05-11,13.935672096767421,13.935672096767421,13.74671383104854,13.74671383104854,2752600.0
TCB,2023-05-12,13.74671383104854,13.84119296390798,13.69947426461882,13.84119296390798,3338600.0
TCB,2023-05-15,13.91205231355256,14.2427292785606,13.888432530337699,14.1246303624863,11455500.0
TCB,2023-05-16,14.21910949534574,14.21910949534574,14.05377101284172,14.07739079605658,4229000.0
TCB,2023-05-17,14.03015122962686,14.1246303624863,13.81757318069312,13.81757318069312,9071000.0
TCB,2023-05-18,13.81757318069312,14.03015122962686,13.81757318069312,13.959291879982281,6128900.0
TCB,2023-05-19,13.959291879982281,14.05377101284172,13.81757318069312,14.006531446412,5171034.0
TCB,2023-05-22,14.03015122962686,14.455307327494342,14.03015122962686,14.40806776106462,10641400.0
TCB,2023-05-23,14.50254689392406,14.50254689392406,14.17186992891602,14.337208411420042,4307400.0
TCB,2023-05-24,14.3608281946349,14.431687544279482,14.05377101284172,14.07739079605658,17254201.0
TCB,2023-05-25,14.07739079605658,14.1246303624863,13.982911663197141,14.07739079605658,2773800.0
TCB,2023-05-26,14.1246303624863,14.14825014570116,14.006531446412,14.1246303624863,1947900.0
TCB,2023-05-29,14.17186992891602,14.266349061775461,14.07739079605658,14.266349061775461,2867401.0
TCB,2023-05-30,14.3608281946349,14.38444797784976,14.17186992891602,14.266349061775461,8494200.0
TCB,2023-05-31,14.266349061775461,14.313588628205181,14.1246303624863,14.14825014570116,9329001.0
TCB,2023-06-01,14.17186992891602,14.313588628205181,14.05377101284172,14.313588628205181,11750300.0
TCB,2023-06-02,14.549786460353781,15.211140390369863,14.50254689392406,15.211140390369863,21363132.0
TCB,2023-06-05,15.329239306444164,15.494577788948181,15.069421691080702,15.069421691080702,7139202.0
TCB,2023-06-06,15.069421691080702,15.447338222518464,14.998562341436122,15.447338222518464,8438000.0
TCB,2023-06-07,15.37647887287388,15.470958005733323,15.211140390369863,15.400098656088742,8905234.0
TCB,2023-06-08,15.447338222518464,15.470958005733323,14.998562341436122,14.998562341436122,6363634.0
TCB,2023-06-09,15.022182124650982,15.352859089659022,14.927702991791543,15.305619523229302,12590934.0
TCB,2023-06-12,15.234760173584721,15.518197572163043,15.069421691080702,15.447338222518464,5536534.0
TCB,2023-06-13,15.447338222518464,15.541817355377901,15.305619523229302,15.494577788948181,19778035.0
TCB,2023-06-14,15.589056921807623,15.801634970741365,15.37647887287388,15.400098656088742,9898534.0
TCB,2023-06-15,15.400098656088742,15.541817355377901,15.305619523229302,15.423718439303602,4092466.0
TCB,2023-06-16,15.423718439303602,15.801634970741365,15.352859089659022,15.37647887287388,8283149.0
TCB,2023-06-19,15.37647887287388,15.37647887287388,15.093041474295562,15.163900823940143,9057466.0
TCB,2023-06-20,15.211140390369863,15.234760173584721,15.093041474295562,15.187520607155001,5691950.0
TCB,2023-06-21,15.187520607155001,15.352859089659022,15.163900823940143,15.352859089659022,6065966.0
TCB,2023-06-22,15.541817355377901,15.659916271452202,15.400098656088742,15.400098656088742,7451949.0
TCB,2023-06-23,15.423718439303602,15.707155837881922,15.37647887287388,15.541817355377901,7792983.0
TCB,2023-06-26,15.541817355377901,15.730775621096782,15.37647887287388,15.730775621096782,4296332.0
TCB,2023-06-27,15.730775621096782,15.778015187526503,15.541817355377901,15.565437138592763,4014085.0
TCB,2023-06-28,15.565437138592763,15.730775621096782,15.470958005733323,15.730775621096782,4654832.0
TCB,2023-06-29,15.730775621096782,15.778015187526503,15.423718439303602,15.423718439303602,3912183.0
TCB,2023-06-30,15.423718439303602,15.494577788948181,15.281999740014443,15.281999740014443,2763249.0
TCB,2023-07-03,15.447338222518464,15.447338222518464,15.116661257510422,15.116661257510422,4321484.0
TCB,2023-07-04,15.116661257510422,15.163900823940143,15.045801907865842,15.116661257510422,5381749.0
TCB,2023-07-05,15.187520607155001,15.305619523229302,15.093041474295562,15.093041474295562,16601966.0
TCB,2023-07-06,15.093041474295562,15.14028104072528,14.73874472607266,14.904083208576681,6751249.0
TCB,2023-07-07,14.880463425361821,15.022182124650982,14.785984292502382,14.904083208576681,3419366.0
TCB,2023-07-10,15.116661257510422,15.163900823940143,14.974942558221262,15.116661257510422,6769551.0
TCB,2023-07-11,15.211140390369863,15.281999740014443,15.093041474295562,15.093041474295562,5801267.0
TCB,2023-07-12,15.069421691080702,15.116661257510422,14.927702991791543,14.951322775006401,7080349.0
TCB,2023-07-13,14.974942558221262,15.116661257510422,14.951322775006401,15.093041474295562,8552666.0
TCB,2023-07-14,15.211140390369863,15.211140390369863,14.974942558221262,15.093041474295562,4658332.0
TCB,2023-07-17,15.163900823940143,15.163900823940143,15.022182124650982,15.069421691080702,7475283.0
TCB,2023-07-18,15.069421691080702,15.258379956799581,15.022182124650982,15.258379956799581,8522072.0
TCB,2023-07-19,15.423718439303602,15.541817355377901,15.234760173584721,15.258379956799581,7243667.0
TCB,2023-07-20,15.305619523229302,15.305619523229302,15.022182124650982,15.069421691080702,5672297.0
TCB,2023-07-21,15.045801907865842,15.258379956799581,15.045801907865842,15.258379956799581,5299433.0
TCB,2023-07-24,15.329239306444164,15.352859089659022,15.187520607155001,15.329239306444164,8763617.0
TCB,2023-07-25,15.494577788948181,15.966973453245382,15.447338222518464,15.825254753956223,13503325.0
TCB,2023-07-26,15.825254753956223,15.848874537171081,15.683536054667064,15.801634970741365,8183387.0
TCB,2023-07-27,15.754395404311644,15.801634970741365,15.447338222518464,15.636296488237344,8128224.0
TCB,2023-07-28,15.612676705022482,15.966973453245382,15.589056921807623,15.966973453245382,10561221.0
TCB,2023-07-31,16.108692152534545,16.344889984683146,16.061452586104824,16.20317128539398,7942073.0
TCB,2023-08-01,16.344889984683146,16.344889984683146,16.061452586104824,16.061452586104824,9724685.0
TCB,2023-08-02,16.014213019675104,16.108692152534545,15.943353670030524,16.014213019675104,5571570.0
TCB,2023-08-03,16.061452586104824,16.085072369319683,15.825254753956223,15.825254753956223,4707605.0
TCB,2023-08-04,15.896114103600803,16.155931718964265,15.801634970741365,15.872494320385943,13250555.0
TCB,2023-08-07,16.155931718964265,16.274030635038564,16.061452586104824,16.226791068608843,6217926.0
TCB,2023-08-08,16.250410851823702,16.297650418253422,16.037832802889966,16.061452586104824,6450455.0
TCB,2023-08-09,16.085072369319683,16.155931718964265,15.966973453245382,16.061452586104824,5138624.0
TCB,2023-08-10,16.061452586104824,16.085072369319683,15.825254753956223,15.825254753956223,6276126.0
TCB,2023-08-11,15.848874537171081,15.966973453245382,15.636296488237344,15.896114103600803,5978710.0
TCB,2023-08-14,15.943353670030524,15.966973453245382,15.801634970741365,15.966973453245382,5118601.0
TCB,2023-08-15,16.014213019675104,16.250410851823702,15.990593236460244,16.085072369319683,4652930.0
TCB,2023-08-16,16.061452586104824,16.699186732906046,16.037832802889966,16.675566949691184,16230116.0
TCB,2023-08-17,16.675566949691184,16.675566949691184,16.392129551112866,16.392129551112866,8058795.0
TCB,2023-08-18,16.321270201468284,16.321270201468284,15.329239306444164,15.352859089659022,13569921.0
TCB,2023-08-21,15.352859089659022,15.565437138592763,15.163900823940143,15.470958005733323,5605922.0
TCB,2023-08-22,15.470958005733323,15.636296488237344,15.069421691080702,15.636296488237344,19389151.0
TCB,2023-08-23,16.061452586104824,16.155931718964265,15.683536054667064,15.683536054667064,9601363.0
TCB,2023-08-24,15.825254753956223,16.037832802889966,15.778015187526503,15.966973453245382,5896068.0
TCB,2023-08-25,15.919733886815665,15.990593236460244,15.778015187526503,15.896114103600803,5298240.0
TCB,2023-08-28,15.990593236460244,16.108692152534545,15.872494320385943,16.061452586104824,4084357.0
TCB,2023-08-29,16.061452586104824,16.179551502179123,15.943353670030524,16.014213019675104,8887312.0
TCB,2023-08-30,16.061452586104824,16.20317128539398,16.014213019675104,16.061452586104824,4288504.0
TCB,2023-08-31,16.108692152534545,16.297650418253422,16.108692152534545,16.297650418253422,4121703.0
TCB,2023-09-05,16.439369117542583,16.604707600046602,16.415749334327725,16.533848250402023,45578080.0
TCB,2023-09-06,16.557468033616882,16.699186732906046,16.462988900757445,16.628327383261464,7869410.0
TCB,2023-09-07,16.651947166476326,17.077103264343805,16.581087816831744,16.888144998624924,9232017.0
TCB,2023-09-08,16.935384565054644,16.959004348269502,16.699186732906046,16.699186732906046,50488650.0
TCB,2023-09-11,16.817285648980345,16.817285648980345,16.274030635038564,16.321270201468284,11825704.0
TCB,2023-09-12,16.321270201468284,16.675566949691184,16.250410851823702,16.675566949691184,20563256.0
TCB,2023-09-13,16.722806516120905,16.746426299335766,16.462988900757445,16.533848250402023,6537671.0
TCB,2023-09-14,16.581087816831744,16.888144998624924,16.486608683972303,16.486608683972303,7875756.0
TCB,2023-09-15,16.581087816831744,16.770046082550625,16.486608683972303,16.486608683972303,8669371.0
TCB,2023-09-18,16.462988900757445,16.533848250402023,16.061452586104824,16.108692152534545,23416657.0
TCB,2023-09-19,16.20317128539398,16.226791068608843,15.966973453245382,16.014213019675104,16640722.0
TCB,2023-09-20,16.014213019675104,16.297650418253422,15.990593236460244,16.226791068608843,5220014.0
TCB,2023-09-21,16.226791068608843,16.297650418253422,16.061452586104824,16.20317128539398,6999832.0
TCB,2023-09-22,16.037832802889966,16.179551502179123,15.778015187526503,16.061452586104824,12694590.0
TCB,2023-09-25,16.061452586104824,16.155931718964265,15.470958005733323,15.494577788948181,5156978.0
TCB,2023-09-26,15.494577788948181,15.589056921807623,15.305619523229302,15.305619523229302,6317299.0
TCB,2023-09-27,15.234760173584721,15.400098656088742,15.234760173584721,15.400098656088742,4000812.0
TCB,2023-09-28,15.400098656088742,16.014213019675104,15.045801907865842,15.896114103600803,6603381.0
TCB,2023-09-29,15.825254753956223,15.919733886815665,15.636296488237344,15.896114103600803,3095120.0
TCB,2023-10-02,15.896114103600803,15.896114103600803,15.589056921807623,15.659916271452202,8128202.0
TCB,2023-10-03,15.541817355377901,15.541817355377901,15.069421691080702,15.352859089659022,8787900.0
TCB,2023-10-04,15.234760173584721,15.423718439303602,15.116661257510422,15.234760173584721,3019749.0
TCB,2023-10-05,15.281999740014443,15.400098656088742,15.022182124650982,15.022182124650982,6684100.0
TCB,2023-10-06,14.998562341436122,15.234760173584721,14.927702991791543,15.14028104072528,4234001.0
TCB,2023-10-09,15.163900823940143,15.187520607155001,15.069421691080702,15.163900823940143,4452000.0
TCB,2023-10-10,15.258379956799581,15.423718439303602,15.234760173584721,15.352859089659022,4449800.0
TCB,2023-10-11,15.423718439303602,15.423718439303602,15.258379956799581,15.400098656088742,5099800.0
TCB,2023-10-12,15.447338222518464,15.518197572163043,15.352859089659022,15.352859089659022,3654200.0
TCB,2023-10-13,15.305619523229302,15.329239306444164,15.116661257510422,15.211140390369863,2567100.0
TCB,2023-10-16,15.14028104072528,15.258379956799581,15.022182124650982,15.022182124650982,3236501.0
TCB,2023-10-17,15.093041474295562,15.211140390369863,14.998562341436122,14.998562341436122,3691900.0
TCB,2023-10-18,14.998562341436122,15.022182124650982,14.644265593213222,14.762364509287522,5367400.0
TCB,2023-10-19,14.762364509287522,14.8332238589321,14.4789271107092,14.4789271107092,4644100.0
TCB,2023-10-20,14.50254689392406,14.8332238589321,14.431687544279482,14.691505159642942,4241600.0
TCB,2023-10-23,14.691505159642942,14.880463425361821,14.40806776106462,14.597026026783501,7762400.0
TCB,2023-10-24,14.809604075717242,15.022182124650982,14.667885376428082,14.809604075717242,5764400.0
TCB,2023-10-25,14.73874472607266,14.927702991791543,14.73874472607266,14.73874472607266,2422800.0
TCB,2023-10-26,14.549786460353781,14.620645809998361,13.79395339747826,14.07739079605658,8302000.0
TCB,2023-10-27,14.17186992891602,14.3608281946349,13.74671383104854,13.959291879982281,7556032.0
TCB,2023-10-30,13.79395339747826,13.81757318069312,13.27431816675134,13.27431816675134,13042400.0
TCB,2023-10-31,13.32155773318106,13.46327643247022,12.849162068883858,13.085359901032458,7146400.0
TCB,2023-11-01,13.36879729961078,13.43965664925536,12.967260984958159,13.32155773318106,4760300.0
TCB,2023-11-02,13.604995131759381,13.982911663197141,13.46327643247022,13.86481274712284,4755900.0
TCB,2023-11-03,14.14825014570116,14.644265593213222,13.959291879982281,14.644265593213222,8122701.0
TCB,2023-11-06,14.549786460353781,14.644265593213222,14.313588628205181,14.644265593213222,3551401.0
TCB,2023-11-07,14.455307327494342,14.620645809998361,14.38444797784976,14.455307327494342,7510200.0
TCB,2023-11-08,14.455307327494342,15.069421691080702,14.266349061775461,15.022182124650982,4180400.0
TCB,2023-11-09,15.045801907865842,15.093041474295562,14.785984292502382,14.880463425361821,4253500.0
TCB,2023-11-10,14.73874472607266,14.880463425361821,14.50254689392406,14.667885376428082,5654300.0
TCB,2023-11-13,14.785984292502382,14.785984292502382,14.4789271107092,14.597026026783501,4832300.0
TCB,2023-11-14,14.7151249428578,14.998562341436122,14.597026026783501,14.880463425361821,8863701.0
TCB,2023-11-15,15.116661257510422,15.211140390369863,14.880463425361821,14.904083208576681,3671500.0
TCB,2023-11-16,14.880463425361821,15.022182124650982,14.880463425361821,14.974942558221262,8787900.0
TCB,2023-11-17,14.974942558221262,15.093041474295562,14.50254689392406,14.7151249428578,5427600.0
TCB,2023-11-20,14.40806776106462,14.762364509287522,14.38444797784976,14.644265593213222,9756400.0
TCB,2023-11-21,14.809604075717242,14.809604075717242,14.549786460353781,14.549786460353781,3972000.0
TCB,2023-11-22,14.597026026783501,14.644265593213222,14.4789271107092,14.620645809998361,7286200.0
TCB,2023-11-23,14.73874472607266,14.785984292502382,14.3608281946349,14.3608281946349,5988602.0
TCB,2023-11-24,14.337208411420042,14.455307327494342,13.91205231355256,14.19548971213088,20532600.0
TCB,2023-11-27,14.14825014570116,14.14825014570116,13.84119296390798,13.84119296390798,3115170.0
TCB,2023-11-28,13.84119296390798,14.14825014570116,13.604995131759381,14.14825014570116,33980300.0
TCB,2023-11-29,14.1246303624863,14.313588628205181,13.982911663197141,14.1246303624863,3808700.0
TCB,2023-11-30,14.05377101284172,14.19548971213088,13.935672096767421,13.935672096767421,21501667.0
TCB,2023-12-01,13.982911663197141,14.101010579271442,13.86481274712284,14.05377101284172,10030310.0
TCB,2023-12-04,14.07739079605658,14.40806776106462,14.07739079605658,14.266349061775461,23531001.0
TCB,2023-12-05,14.289968844990321,14.313588628205181,14.1246303624863,14.19548971213088,8053500.0
TCB,2023-12-06,14.17186992891602,14.40806776106462,14.17186992891602,14.3608281946349,36631003.0
TCB,2023-12-07,14.431687544279482,14.667885376428082,14.313588628205181,14.573406243568641,7894300.0
TCB,2023-12-08,14.573406243568641,14.644265593213222,14.455307327494342,14.620645809998361,32080286.0
TCB,2023-12-11,14.620645809998361,14.644265593213222,14.4789271107092,14.573406243568641,6438500.0
TCB,2023-12-12,14.573406243568641,14.667885376428082,14.52616667713892,14.667885376428082,38667700.0
TCB,2023-12-13,14.7151249428578,14.7151249428578,14.40806776106462,14.40806776106462,7513000.0
TCB,2023-12-14,14.549786460353781,14.573406243568641,14.431687544279482,14.431687544279482,21807200.0
TCB,2023-12-15,14.431687544279482,14.549786460353781,14.3608281946349,14.455307327494342,2263100.0
TCB,2023-12-18,14.455307327494342,14.4789271107092,14.19548971213088,14.19548971213088,27007000.0
TCB,2023-12-19,14.17186992891602,14.455307327494342,14.07739079605658,14.455307327494342,2189500.0
TCB,2023-12-20,14.313588628205181,14.431687544279482,14.2427292785606,14.337208411420042,9530022.0
TCB,2023-12-21,14.313588628205181,14.4789271107092,14.2427292785606,14.4789271107092,2817084.0
TCB,2023-12-22,14.40806776106462,14.549786460353781,14.38444797784976,14.455307327494342,6112300.0
TCB,2023-12-25,14.549786460353781,14.644265593213222,14.455307327494342,14.620645809998361,2592700.0
TCB,2023-12-26,14.573406243568641,14.644265593213222,14.52616667713892,14.549786460353781,4811958.0
TCB,2023-12-27,14.573406243568641,14.7151249428578,14.573406243568641,14.573406243568641,10495600.0
TCB,2023-12-28,14.597026026783501,14.951322775006401,14.597026026783501,14.880463425361821,8714400.0
TCB,2023-12-29,14.974942558221262,15.093041474295562,14.880463425361821,15.022182124650982,4698200.0
TCB,2024-01-02,15.069421691080702,15.234760173584721,15.022182124650982,15.163900823940143,9675101.0
TCB,2024-01-03,15.069421691080702,15.400098656088742,15.045801907865842,15.400098656088742,6115500.0
TCB,2024-01-04,15.400098656088742,15.896114103600803,15.37647887287388,15.636296488237344,12498900.0
TCB,2024-01-05,15.636296488237344,15.778015187526503,15.589056921807623,15.683536054667064,3569900.0
TCB,2024-01-08,15.825254753956223,16.132311935749403,15.754395404311644,16.108692152534545,12433800.0
TCB,2024-01-09,16.061452586104824,16.297650418253422,15.966973453245382,16.297650418253422,7835500.0
TCB,2024-01-10,16.321270201468284,16.392129551112866,16.179551502179123,16.250410851823702,7474800.0
TCB,2024-01-11,16.20317128539398,16.344889984683146,15.966973453245382,16.132311935749403,10797500.0
TCB,2024-01-12,15.990593236460244,16.392129551112866,15.848874537171081,16.368509767898004,11986800.0
TCB,2024-01-15,16.392129551112866,16.439369117542583,16.20317128539398,16.20317128539398,6948100.0
TCB,2024-01-16,16.108692152534545,16.155931718964265,15.966973453245382,16.132311935749403,6462900.0
TCB,2024-01-17,16.132311935749403,16.368509767898004,16.061452586104824,16.085072369319683,5116201.0
TCB,2024-01-18,16.179551502179123,16.344889984683146,16.085072369319683,16.250410851823702,6235400.0
TCB,2024-01-19,16.344889984683146,16.604707600046602,16.297650418253422,16.510228467187165,8298400.0
TCB,2024-01-22,16.675566949691184,16.675566949691184,16.392129551112866,16.510228467187165,5755900.0
TCB,2024-01-23,16.770046082550625,17.006243914699226,16.722806516120905,16.746426299335766,14222900.0
TCB,2024-01-24,16.651947166476326,16.793665865765483,16.651947166476326,16.651947166476326,4103000.0
TCB,2024-01-25,16.651947166476326,16.651947166476326,16.486608683972303,16.533848250402023,5597400.0
TCB,2024-01-26,16.557468033616882,16.770046082550625,16.533848250402023,16.722806516120905,3502200.0
TCB,2024-01-29,16.746426299335766,16.840905432195203,16.628327383261464,16.651947166476326,7209100.0
TCB,2024-01-30,16.581087816831744,16.651947166476326,16.392129551112866,16.628327383261464,5823800.0
TCB,2024-01-31,16.628327383261464,16.651947166476326,16.250410851823702,16.321270201468284,9833332.0
TCB,2024-02-01,16.274030635038564,16.368509767898004,16.061452586104824,16.132311935749403,10924100.0
TCB,2024-02-02,16.061452586104824,16.274030635038564,16.061452586104824,16.132311935749403,9735169.0
TCB,2024-02-05,16.274030635038564,17.006243914699226,16.250410851823702,16.770046082550625,10088900.0
TCB,2024-02-06,16.840905432195203,17.100723047558667,16.817285648980345,16.840905432195203,4271900.0
TCB,2024-02-07,16.911764781839782,17.620358278285586,16.911764781839782,17.620358278285586,12522200.0
TCB,2024-02-15,17.714837411145027,18.39981112437597,17.69121762793017,18.139993509012506,15968500.0
TCB,2024-02-16,18.187233075442226,18.281712208301666,17.903795676863904,18.187233075442226,8418830.0
TCB,2024-02-19,18.210852858657084,18.447050690805685,18.163613292227367,18.376191341161107,16794301.0
TCB,2024-02-20,18.328951774731387,18.423430907590827,18.187233075442226,18.376191341161107,12296200.0
TCB,2024-02-21,18.30533199151653,18.588769390094846,18.234472641871946,18.423430907590827,15286200.0
TCB,2024-02-22,18.423430907590827,19.06116505439205,18.39981112437597,19.037545271177187,12753200.0
TCB,2024-02-23,19.250123320110927,20.00595638298645,18.895826571888026,18.943066138317747,25428600.0
TCB,2024-02-26,18.99030570474747,19.60442006833383,18.99030570474747,19.46270136904467,12975800.0
TCB,2024-02-27,19.557180501904107,19.81699811726757,19.36822223618523,19.81699811726757,9845001.0
TCB,2024-02-28,19.864237683697286,20.00595638298645,19.62803985154869,19.93509703334187,8417600.0
TCB,2024-02-29,20.05319594941617,20.05319594941617,19.533560718689248,19.93509703334187,12513100.0
TCB,2024-03-01,19.69889920119327,19.76975855083785,19.486321152259528,19.76975855083785,12690100.0
TCB,2024-03-04,19.72251898440813,19.93509703334187,19.533560718689248,19.76975855083785,9481800.0
TCB,2024-03-05,19.746138767622988,19.93509703334187,19.557180501904107,19.93509703334187,8545500.0
TCB,2024-03-06,19.864237683697286,20.54921139692823,19.746138767622988,20.19491464870533,14401800.0
TCB,2024-03-07,20.24215421513505,20.454732264068788,20.02957616620131,20.12405529906075,7986600.0
TCB,2024-03-08,20.05319594941617,20.12405529906075,19.36822223618523,19.36822223618523,22687300.0
TCB,2024-03-11,19.32098266975551,19.46270136904467,18.848587005458306,19.084784837606907,11381600.0
TCB,2024-03-12,19.06116505439205,19.509940935474386,18.943066138317747,19.46270136904467,8877100.0
TCB,2024-03-13,19.46270136904467,19.840617900482428,19.34460245297037,19.840617900482428,20370300.0
TCB,2024-03-14,19.88785746691215,19.88785746691215,19.486321152259528,19.557180501904107,7845500.0
TCB,2024-03-15,19.486321152259528,19.67527941797841,19.084784837606907,19.557180501904107,7540800.0
TCB,2024-03-18,19.46270136904467,19.46270136904467,18.612389173309708,18.943066138317747,15643100.0
TCB,2024-03-19,18.99030570474747,19.084784837606907,18.70686830616915,19.037545271177187,5943900.0
TCB,2024-03-20,19.084784837606907,20.05319594941617,18.919446355102885,19.98233659977159,18239500.0
TCB,2024-03-21,20.12405529906075,21.305044459803753,20.12405529906075,21.305044459803753,19640600.0
TCB,2024-03-22,21.49400272552263,21.49400272552263,20.80902901229169,21.21056532694431,14213201.0
TCB,2024-03-25,21.54124229195235,21.919158823390113,20.85626857872141,21.16332576051459,15385900.0
TCB,2024-03-26,21.16332576051459,21.824679690530672,21.02160706122543,21.706580774456373,10522020.0
TCB,2024-03-27,21.824679690530672,21.824679690530672,21.305044459803753,21.51762250873749,5976700.0
TCB,2024-03-28,23.005668851273676,23.005668851273676,22.533273186976473,22.674991886265634,31095100.0
TCB,2024-03-29,22.651372103050775,22.745851235910212,22.46241383733189,22.46241383733189,9046100.0
TCB,2024-04-01,22.46241383733189,22.533273186976473,22.131736872323852,22.415174270902174,11181000.0
TCB,2024-04-02,22.486033620546753,22.674991886265634,22.20259622196843,22.50965340376161,28943770.0
TCB,2024-04-03,22.391554487687312,22.651372103050775,22.10811708910899,22.10811708910899,14928700.0
TCB,2024-04-04,21.966398389819833,22.084497305894132,21.706580774456373,21.730200557671232,11082712.0
TCB,2024-04-05,21.49400272552263,21.68296099124151,21.32866424301861,21.352284026233473,14385600.0
TCB,2024-04-08,21.257804893374033,21.659341208026653,21.21056532694431,21.49400272552263,10689400.0
TCB,2024-04-09,21.49400272552263,21.63572142481179,21.352284026233473,21.63572142481179,5734200.0
TCB,2024-04-10,21.730200557671232,22.10811708910899,21.54124229195235,21.56486207516721,7862900.0
TCB,2024-04-11,21.28142467658889,21.56486207516721,21.23418511015917,21.305044459803753,14375200.0
TCB,2024-04-12,21.470382942307772,22.415174270902174,21.305044459803753,22.391554487687312,14342300.0
TCB,2024-04-15,22.297075354827875,22.415174270902174,20.87988836193627,20.97436749479571,16220800.0
TCB,2024-04-16,21.23418511015917,21.49400272552263,20.87988836193627,21.49400272552263,15771800.0
TCB,2024-04-17,21.49400272552263,21.54124229195235,21.09246641087001,21.18694554372945,9203000.0
TCB,2024-04-19,20.78540922907683,21.09246641087001,20.47835204728365,21.02160706122543,15127400.0
TCB,2024-04-22,21.423143375878052,21.588481858382075,21.21056532694431,21.37590380944833,7066300.0
TCB,2024-04-23,21.49400272552263,22.438794054117032,21.49400272552263,21.824679690530672,16462900.0
TCB,2024-04-24,22.10811708910899,22.22621600518329,21.919158823390113,22.20259622196843,10845831.0
TCB,2024-04-25,22.20259622196843,22.20259622196843,21.63572142481179,21.80105990731581,9235596.0
TCB,2024-04-26,21.730200557671232,22.15535665553871,21.56486207516721,22.013637956249553,10536390.0
TCB,2024-05-02,22.10811708910899,22.178976438753573,21.89553904017525,22.131736872323852,4507700.0
TCB,2024-05-03,22.438794054117032,23.052908417703392,22.391554487687312,22.769471019125074,14679567.0
TCB,2024-05-06,22.911189718414235,23.005668851273676,22.627752319835913,22.840330368769653,13377500.0
TCB,2024-05-07,22.840330368769653,22.840330368769653,22.533273186976473,22.627752319835913,10341800.0
TCB,2024-05-08,22.627752319835913,23.241866683422277,22.344314921257592,22.769471019125074,15386300.0
TCB,2024-05-09,22.958429284843955,23.100147984133113,22.580512753406193,22.887569935199373,11035237.0
TCB,2024-05-10,23.052908417703392,23.052908417703392,22.627752319835913,22.911189718414235,7979300.0
TCB,2024-05-13,22.911189718414235,22.982049068058814,22.674991886265634,22.86395015198451,12644800.0
TCB,2024-05-14,22.887569935199373,22.887569935199373,22.604132536621055,22.627752319835913,8835800.0
TCB,2024-05-15,22.627752319835913,22.745851235910212,22.55689297019133,22.722231452695354,10026100.0
TCB,2024-05-16,22.911189718414235,23.596163431645177,22.86395015198451,23.572543648430315,21363102.0
TCB,2024-05-17,23.501684298785733,23.619783214860036,23.454444732356013,23.501684298785733,6610750.0
TCB,2024-05-20,23.596163431645177,23.855981047008633,23.407205165926293,23.478064515570875,11449601.0
TCB,2024-05-21,23.429354839284073,23.478064516704624,22.917903226368306,22.990967742499134,19123500.0
TCB,2024-05-22,23.015322581209407,23.137096774760778,22.576935484424467,22.60129032313474,15355900.0
TCB,2024-05-23,22.55258064571419,22.72306451668611,22.333387097321722,22.650000000555288,7238900.0
TCB,2024-05-24,22.479516129583367,23.015322581209407,22.309032258611445,22.60129032313474,21753601.0
TCB,2024-05-27,22.60129032313474,22.698709677975838,22.406451613452543,22.650000000555288,5077700.0
TCB,2024-05-28,22.650000000555288,22.86919354894776,22.55258064571419,22.844838710237486,6014900.0
TCB,2024-05-29,22.893548387658033,22.917903226368306,22.60129032313474,22.650000000555288,7308600.0
TCB,2024-05-30,22.430806452162816,22.796129032816935,22.333387097321722,22.796129032816935,7641701.0
TCB,2024-05-31,22.796129032816935,22.893548387658033,22.55258064571419,22.893548387658033,7954200.0
TCB,2024-06-03,23.137096774760778,23.23451612960188,22.942258065078583,22.966612903788857,12291000.0
TCB,2024-06-04,23.137096774760778,23.283225807022426,22.893548387658033,23.18580645218133,12239000.0
TCB,2024-06-05,23.23451612960188,23.258870968312152,22.990967742499134,23.137096774760778,12931100.0
TCB,2024-06-06,23.16145161347105,23.380645161863523,22.990967742499134,23.380645161863523,13278600.0
TCB,2024-06-07,23.867741936069013,24.20870967801286,23.72161290380737,23.916451613489563,18843700.0
TCB,2024-06-10,24.111290323171758,24.111290323171758,23.551129032835448,23.819032258648466,11175400.0
TCB,2024-06-11,24.111290323171758,24.281774194143683,23.940806452199837,24.038225807040938,16686900.0
TCB,2024-06-12,24.038225807040938,24.111290323171758,23.867741936069013,24.06258064575121,13822960.0
TCB,2024-06-13,24.111290323171758,24.16000000059231,24.01387096833066,24.06258064575121,8674900.0
TCB,2024-06-14,24.111290323171758,24.13564516188203,23.916451613489563,23.916451613489563,9835600.0
TCB,2024-06-17,23.892096774779287,23.892096774779287,23.624193548966268,23.67290322638682,13546200.0
TCB,2024-06-18,23.67290322638682,23.916451613489563,23.478064516704624,23.770322581227916,44387300.0
TCB,2024-06-19,23.867741936069013,23.867741936069013,23.453709677994347,23.52677419412517,32262300.0
TCB,2024-06-20,23.916451613489563,24.50096774253615,23.867741936069013,24.16000000059231,36583800.0
TCB,2024-06-21,24.306129032853956,24.306129032853956,23.57548387154572,23.867741936069013,11686300.0
TCB,2024-06-24,23.867741936069013,23.867741936069013,22.990967742499134,23.331935484442976,14634100.0
TCB,2024-06-25,23.331935484442976,23.380645161863523,22.796129032816935,23.380645161863523,12095000.0
TCB,2024-06-26,23.331935484442976,23.380645161863523,22.942258065078583,23.380645161863523,58321500.0
TCB,2024-06-27,23.03967741991968,23.08838709734023,22.74741935539639,22.844838710237486,32338200.0
TCB,2024-06-28,22.844838710237486,22.893548387658033,21.919354839247053,22.74741935539639,27544500.0
TCB,2024-07-01,22.503870968293644,22.503870968293644,22.0654838715087,22.0654838715087,9512800.0
TCB,2024-07-02,22.2603225811909,22.60129032313474,22.0654838715087,22.309032258611445,9248300.0
TCB,2024-07-03,22.357741936031996,22.942258065078583,22.309032258611445,22.893548387658033,10183800.0
TCB,2024-07-04,22.893548387658033,22.942258065078583,22.698709677975838,22.893548387658033,5683100.0
TCB,2024-07-05,22.74741935539639,22.893548387658033,22.60129032313474,22.893548387658033,8952700.0
TCB,2024-07-08,22.893548387658033,22.893548387658033,22.503870968293644,22.844838710237486,7543600.0
TCB,2024-07-09,22.698709677975838,22.893548387658033,22.650000000555288,22.74741935539639,11389200.0
TCB,2024-07-10,22.796129032816935,22.844838710237486,22.503870968293644,22.55258064571419,10290600.0
TCB,2024-07-11,22.55258064571419,22.74741935539639,22.211612903770348,22.211612903770348,15569800.0
TCB,2024-07-12,22.2603225811909,22.406451613452543,22.211612903770348,22.211612903770348,6743800.0
TCB,2024-07-15,22.2603225811909,22.309032258611445,22.016774194088153,22.0654838715087,6070600.0
TCB,2024-07-16,22.0654838715087,22.2603225811909,21.968064516667603,22.11419354892925,12585900.0
TCB,2024-07-17,22.2603225811909,23.57548387154572,22.211612903770348,23.08838709734023,30471410.0
TCB,2024-07-18,23.08838709734023,23.23451612960188,22.698709677975838,23.08838709734023,14816300.0
TCB,2024-07-19,23.137096774760778,23.137096774760778,22.503870968293644,22.796129032816935,14242100.0
TCB,2024-07-22,22.698709677975838,23.18580645218133,22.406451613452543,23.03967741991968,14972100.0
TCB,2024-07-23,23.18580645218133,23.18580645218133,22.406451613452543,22.455161290873093,14771200.0
TCB,2024-07-24,22.2603225811909,22.60129032313474,22.2603225811909,22.406451613452543,11077000.0
TCB,2024-07-25,22.2603225811909,22.309032258611445,21.968064516667603,22.162903226349798,10033700.0
TCB,2024-07-26,22.11419354892925,22.2603225811909,22.016774194088153,22.162903226349798,6956500.0
TCB,2024-07-29,22.2603225811909,22.357741936031996,22.162903226349798,22.162903226349798,6236701.0
TCB,2024-07-30,22.11419354892925,22.357741936031996,22.016774194088153,22.357741936031996,7473500.0
TCB,2024-07-31,22.406451613452543,22.74741935539639,22.357741936031996,22.650000000555288,15112900.0
TCB,2024-08-01,22.60129032313474,22.650000000555288,21.968064516667603,22.406451613452543,15387400.0
TCB,2024-08-02,21.968064516667603,22.893548387658033,21.968064516667603,22.893548387658033,14275300.0
TCB,2024-08-05,22.406451613452543,22.406451613452543,21.724516129564858,21.724516129564858,16860500.0
TCB,2024-08-06,21.821935484405955,22.016774194088153,21.480967742462113,21.724516129564858,25516500.0
TCB,2024-08-07,21.821935484405955,21.821935484405955,21.188709677938817,21.237419355359368,21275700.0
TCB,2024-08-08,21.042580645677173,21.09129032309772,20.214516129527837,20.311935484368938,41551901.0
TCB,2024-08-09,20.458064516630582,20.750322581153878,20.458064516630582,20.555483871471683,15115100.0
TCB,2024-08-12,20.65290322631278,20.701612903733327,20.458064516630582,20.701612903733327,10900200.0
TCB,2024-08-13,20.65290322631278,20.65290322631278,20.360645161789485,20.458064516630582,12411701.0
TCB,2024-08-14,20.506774194051133,20.750322581153878,20.360645161789485,20.65290322631278,21044400.0
TCB,2024-08-15,20.65290322631278,20.65290322631278,20.409354839210035,20.60419354889223,10972200.0
TCB,2024-08-16,20.60419354889223,20.993870968256623,20.506774194051133,20.896451613415525,23458600.0
TCB,2024-08-19,20.993870968256623,21.383548387621016,20.847741935994975,21.334838710200465,15738901.0
TCB,2024-08-20,21.383548387621016,21.480967742462113,21.237419355359368,21.286129032779918,12809000.0
TCB,2024-08-21,21.14000000051827,21.529677419882663,20.993870968256623,21.432258065041562,24738301.0
TCB,2024-08-22,21.432258065041562,22.0654838715087,21.432258065041562,21.77322580698541,28967900.0
TCB,2024-08-23,21.77322580698541,21.919354839247053,21.62709677472376,21.821935484405955,27522105.0
TCB,2024-08-26,21.919354839247053,22.0654838715087,21.821935484405955,21.919354839247053,22585603.0
TCB,2024-08-27,21.919354839247053,22.11419354892925,21.870645161826506,22.0654838715087,15117704.0
TCB,2024-08-28,22.11419354892925,22.55258064571419,22.016774194088153,22.406451613452543,24136000.0
TCB,2024-08-29,22.406451613452543,22.650000000555288,22.406451613452543,22.406451613452543,16888300.0
TCB,2024-08-30,22.406451613452543,22.74741935539639,22.406451613452543,22.74741935539639,13446303.0
TCB,2024-09-04,22.455161290873093,22.650000000555288,22.2603225811909,22.406451613452543,13719603.0
TCB,2024-09-05,22.309032258611445,22.455161290873093,22.11419354892925,22.211612903770348,13953800.0
TCB,2024-09-06,22.211612903770348,22.357741936031996,22.0654838715087,22.211612903770348,13500400.0
TCB,2024-09-09,22.11419354892925,22.2603225811909,22.016774194088153,22.0654838715087,17151502.0
TCB,2024-09-10,22.11419354892925,22.162903226349798,21.62709677472376,21.675806452144307,15470102.0
TCB,2024-09-11,21.57838709730321,21.675806452144307,21.383548387621016,21.529677419882663,28373101.0
TCB,2024-09-12,21.724516129564858,21.821935484405955,21.57838709730321,21.724516129564858,10882900.0
TCB,2024-09-13,21.724516129564858,21.77322580698541,21.57838709730321,21.62709677472376,10203800.0
TCB,2024-09-16,21.62709677472376,22.11419354892925,21.62709677472376,21.62709677472376,12063300.0
TCB,2024-09-17,21.57838709730321,22.162903226349798,21.57838709730321,22.162903226349798,11705515.0
TCB,2024-09-18,22.162903226349798,22.503870968293644,22.11419354892925,22.406451613452543,38316601.0
TCB,2024-09-19,22.60129032313474,22.60129032313474,22.309032258611445,22.60129032313474,14032600.0
TCB,2024-09-20,22.698709677975838,23.08838709734023,22.698709677975838,22.942258065078583,30615100.0
TCB,2024-09-23,22.942258065078583,23.137096774760778,22.74741935539639,22.74741935539639,15699000.0
TCB,2024-09-24,22.698709677975838,22.990967742499134,22.698709677975838,22.942258065078583,19034500.0
TCB,2024-09-25,23.137096774760778,23.331935484442976,22.990967742499134,23.18580645218133,35846800.0
TCB,2024-09-26,23.18580645218133,23.770322581227916,23.03967741991968,23.478064516704624,36214900.0
TCB,2024-09-27,23.57548387154572,23.72161290380737,23.429354839284073,23.57548387154572,16900100.0
TCB,2024-09-30,23.52677419412517,23.72161290380737,23.331935484442976,23.57548387154572,21749802.0
TCB,2024-10-01,23.57548387154572,24.16000000059231,23.52677419412517,24.01387096833066,42036400.0
TCB,2024-10-02,23.916451613489563,24.50096774253615,23.72161290380737,24.257419355433406,28212200.0
TCB,2024-10-03,24.306129032853956,24.5496774199567,23.72161290380737,23.72161290380737,29754600.0
TCB,2024-10-04,23.72161290380737,23.819032258648466,23.429354839284073,23.429354839284073,21424400.0
TCB,2024-10-07,23.624193548966268,23.72161290380737,23.380645161863523,23.52677419412517,12843900.0
TCB,2024-10-08,23.57548387154572,23.965161290910114,23.57548387154572,23.770322581227916,16248500.0
TCB,2024-10-09,23.770322581227916,24.111290323171758,23.67290322638682,24.01387096833066,22177200.0
TCB,2024-10-10,24.257419355433406,24.354838710274503,23.916451613489563,23.916451613489563,18247801.0
TCB,2024-10-11,23.916451613489563,23.965161290910114,23.624193548966268,23.819032258648466,13916200.0
TCB,2024-10-14,23.916451613489563,23.965161290910114,23.72161290380737,23.72161290380737,13123501.0
TCB,2024-10-15,23.72161290380737,23.965161290910114,23.52677419412517,23.624193548966268,14676800.0
TCB,2024-10-16,23.57548387154572,23.67290322638682,23.478064516704624,23.57548387154572,15668701.0
TCB,2024-10-17,23.57548387154572,23.770322581227916,23.478064516704624,23.72161290380737,9452800.0
TCB,2024-10-18,23.819032258648466,24.16000000059231,23.770322581227916,23.819032258648466,15574701.0
TCB,2024-10-21,23.819032258648466,23.867741936069013,23.478064516704624,23.52677419412517,13585000.0
TCB,2024-10-22,23.57548387154572,23.770322581227916,23.380645161863523,23.57548387154572,19789300.0
TCB,2024-10-23,23.57548387154572,23.67290322638682,23.137096774760778,23.57548387154572,20381400.0
TCB,2024-10-24,23.52677419412517,23.57548387154572,22.942258065078583,23.03967741991968,17222802.0
TCB,2024-10-25,23.137096774760778,23.23451612960188,22.796129032816935,22.893548387658033,18284200.0
TCB,2024-10-28,22.893548387658033,23.08838709734023,22.844838710237486,23.03967741991968,7160103.0
TCB,2024-10-29,23.08838709734023,23.23451612960188,23.08838709734023,23.137096774760778,6629901.0
TCB,2024-10-30,23.18580645218133,23.380645161863523,23.137096774760778,23.380645161863523,11627000.0
TCB,2024-10-31,23.380645161863523,23.478064516704624,23.23451612960188,23.283225807022426,8621601.0
TCB,2024-11-01,23.23451612960188,23.380645161863523,23.08838709734023,23.08838709734023,15280800.0
TCB,2024-11-04,23.137096774760778,23.137096774760778,22.796129032816935,22.844838710237486,16960101.0
TCB,2024-11-05,22.893548387658033,23.03967741991968,22.844838710237486,22.844838710237486,10161800.0
TCB,2024-11-06,22.990967742499134,23.429354839284073,22.990967742499134,23.283225807022426,18270201.0
TCB,2024-11-07,23.52677419412517,23.52677419412517,23.23451612960188,23.23451612960188,8695800.0
TCB,2024-11-08,23.380645161863523,23.380645161863523,22.844838710237486,22.990967742499134,13220800.0
TCB,2024-11-11,23.08838709734023,23.08838709734023,22.455161290873093,22.60129032313474,26301301.0
TCB,2024-11-12,22.796129032816935,22.796129032816935,22.309032258611445,22.455161290873093,22626100.0
TCB,2024-11-13,22.406451613452543,22.55258064571419,22.11419354892925,22.55258064571419,16466900.0
TCB,2024-11-14,22.406451613452543,22.455161290873093,22.162903226349798,22.211612903770348,9866600.0
TCB,2024-11-15,22.211612903770348,22.211612903770348,21.821935484405955,21.870645161826506,15154100.0
TCB,2024-11-18,21.821935484405955,22.11419354892925,21.62709677472376,21.870645161826506,12312401.0
TCB,2024-11-19,21.968064516667603,21.968064516667603,21.62709677472376,21.821935484405955,8502100.0
TCB,2024-11-20,21.724516129564858,22.2603225811909,21.675806452144307,22.2603225811909,10279500.0
TCB,2024-11-21,22.211612903770348,22.60129032313474,22.016774194088153,22.60129032313474,11574400.0
TCB,2024-11-22,22.60129032313474,22.942258065078583,22.55258064571419,22.893548387658033,33053601.0
TCB,2024-11-25,22.893548387658033,22.990967742499134,22.796129032816935,22.893548387658033,11738600.0
TCB,2024-11-26,22.893548387658033,23.08838709734023,22.844838710237486,22.942258065078583,14264400.0
TCB,2024-11-27,22.893548387658033,22.990967742499134,22.74741935539639,22.893548387658033,9728200.0
TCB,2024-11-28,23.03967741991968,23.08838709734023,22.796129032816935,22.990967742499134,9790900.0
TCB,2024-11-29,22.893548387658033,22.990967742499134,22.74741935539639,22.990967742499134,10974400.0
TCB,2024-12-02,23.08838709734023,23.08838709734023,22.796129032816935,23.03967741991968,7071301.0
TCB,2024-12-03,23.03967741991968,23.137096774760778,22.844838710237486,23.03967741991968,10358700.0
TCB,2024-12-04,22.844838710237486,22.990967742499134,22.796129032816935,22.844838710237486,8491302.0
TCB,2024-12-05,22.844838710237486,23.57548387154572,22.74741935539639,23.57548387154572,17651200.0
TCB,2024-12-06,23.57548387154572,23.624193548966268,23.331935484442976,23.52677419412517,17444762.0
TCB,2024-12-09,23.478064516704624,23.67290322638682,23.331935484442976,23.52677419412517,8318200.0
TCB,2024-12-10,23.429354839284073,23.57548387154572,23.380645161863523,23.429354839284073,8221400.0
TCB,2024-12-11,23.429354839284073,23.67290322638682,23.380645161863523,23.52677419412517,10641200.0
TCB,2024-12-12,23.57548387154572,23.867741936069013,23.52677419412517,23.624193548966268,18575300.0
TCB,2024-12-13,23.67290322638682,23.916451613489563,23.478064516704624,23.72161290380737,15732500.0
TCB,2024-12-16,23.67290322638682,23.770322581227916,23.478064516704624,23.67290322638682,13385145.0
TCB,2024-12-17,23.770322581227916,23.770322581227916,23.52677419412517,23.57548387154572,19221401.0
TCB,2024-12-18,23.624193548966268,23.67290322638682,23.478064516704624,23.57548387154572,30364011.0
TCB,2024-12-19,23.380645161863523,23.429354839284073,23.137096774760778,23.137096774760778,18864798.0
TCB,2024-12-20,23.23451612960188,23.331935484442976,23.18580645218133,23.18580645218133,9341750.0
TCB,2024-12-23,23.380645161863523,23.429354839284073,23.18580645218133,23.283225807022426,7902800.0
TCB,2024-12-24,23.429354839284073,23.429354839284073,23.18580645218133,23.380645161863523,10919389.0
TCB,2024-12-25,23.380645161863523,24.257419355433406,23.331935484442976,23.819032258648466,22484761.0
TCB,2024-12-26,23.867741936069013,23.916451613489563,23.67290322638682,23.72161290380737,16412351.0
TCB,2024-12-27,23.867741936069013,24.257419355433406,23.819032258648466,23.965161290910114,17282850.0
TCB,2024-12-30,24.111290323171758,24.111290323171758,23.72161290380737,23.770322581227916,17581200.0
TCB,2024-12-31,23.72161290380737,24.01387096833066,23.72161290380737,24.01387096833066,12111500.0
TCB,2025-01-02,24.01387096833066,24.06258064575121,23.67290322638682,23.72161290380737,12334500.0
TCB,2025-01-03,23.72161290380737,23.72161290380737,22.990967742499134,22.990967742499134,24408400.0
TCB,2025-01-06,22.990967742499134,23.23451612960188,22.893548387658033,22.990967742499134,8175100.0
TCB,2025-01-07,23.283225807022426,23.283225807022426,22.942258065078583,23.03967741991968,8254000.0
TCB,2025-01-08,23.18580645218133,23.67290322638682,23.03967741991968,23.331935484442976,12801000.0
TCB,2025-01-09,23.429354839284073,23.429354839284073,23.137096774760778,23.331935484442976,6159600.0
TCB,2025-01-10,23.380645161863523,23.380645161863523,22.796129032816935,22.796129032816935,6657100.0
TCB,2025-01-13,22.60129032313474,23.18580645218133,22.55258064571419,23.18580645218133,8004200.0
TCB,2025-01-14,22.942258065078583,23.137096774760778,22.893548387658033,22.990967742499134,5054100.0
TCB,2025-01-15,23.18580645218133,23.283225807022426,23.03967741991968,23.08838709734023,7076900.0
TCB,2025-01-16,23.23451612960188,23.331935484442976,22.990967742499134,23.23451612960188,8713000.0
TCB,2025-01-17,23.23451612960188,23.770322581227916,23.137096774760778,23.770322581227916,10306550.0
TCB,2025-01-20,23.770322581227916,23.867741936069013,23.624193548966268,23.770322581227916,13279000.0
TCB,2025-01-21,23.770322581227916,23.867741936069013,23.52677419412517,23.57548387154572,8439900.0
TCB,2025-01-22,23.819032258648466,23.819032258648466,23.52677419412517,23.57548387154572,13909201.0
TCB,2025-01-23,23.72161290380737,24.20870967801286,23.624193548966268,23.965161290910114,27232000.0
TCB,2025-01-24,24.16000000059231,24.20870967801286,24.01387096833066,24.111290323171758,10331500.0
TCB,2025-02-03,23.867741936069013,24.06258064575121,23.624193548966268,23.624193548966268,12611800.0
TCB,2025-02-04,23.72161290380737,24.06258064575121,23.67290322638682,24.01387096833066,20245600.0
TCB,2025-02-05,24.20870967801286,24.257419355433406,23.916451613489563,24.06258064575121,9819701.0
TCB,2025-02-06,24.257419355433406,24.841935484479993,24.16000000059231,24.5496774199567,40507800.0
TCB,2025-02-07,24.793225807059446,25.13419354900329,24.5496774199567,25.08548387158274,26974888.0
TCB,2025-02-10,25.08548387158274,25.57258064578823,24.793225807059446,25.08548387158274,30082901.0
TCB,2025-02-11,25.426451613526584,25.47516129094713,25.08548387158274,25.231612903844386,16412900.0
TCB,2025-02-12,25.329032258685483,25.329032258685483,25.03677419416219,25.03677419416219,12339500.0
TCB,2025-02-13,24.939354839321094,25.329032258685483,24.890645161900544,25.280322581264937,12877400.0
TCB,2025-02-14,25.426451613526584,25.52387096836768,25.231612903844386,25.329032258685483,12855600.0
TCB,2025-02-17,25.329032258685483,25.426451613526584,25.03677419416219,25.03677419416219,13942348.0
TCB,2025-02-18,25.03677419416219,25.426451613526584,24.98806451674164,25.18290322642384,10805026.0
TCB,2025-02-19,25.280322581264937,25.47516129094713,25.13419354900329,25.426451613526584,15212400.0
TCB,2025-02-20,25.52387096836768,25.913548387732074,25.377741936106034,25.864838710311524,24481100.0
TCB,2025-02-21,25.913548387732074,25.913548387732074,25.718709678049876,25.816129032890974,24224901.0
TCB,2025-02-24,25.718709678049876,25.96225806515262,25.62129032320878,25.816129032890974,23274402.0
TCB,2025-02-25,25.913548387732074,26.10838709741427,25.67000000062933,25.718709678049876,14496400.0
TCB,2025-02-26,25.718709678049876,25.864838710311524,25.62129032320878,25.62129032320878,15262600.0
TCB,2025-02-27,25.718709678049876,25.718709678049876,25.329032258685483,25.57258064578823,17004700.0
TCB,2025-02-28,25.57258064578823,25.62129032320878,25.377741936106034,25.426451613526584,16188500.0
TCB,2025-03-03,25.47516129094713,25.62129032320878,25.377741936106034,25.426451613526584,45526001.0
TCB,2025-03-04,25.426451613526584,26.839032258722504,25.329032258685483,26.790322581301954,44781301.0
TCB,2025-03-05,26.790322581301954,26.887741936143055,26.59548387161976,26.59548387161976,13269400.0
TCB,2025-03-06,26.741612903881407,26.985161290984152,26.64419354904031,26.985161290984152,18892901.0
TCB,2025-03-07,26.985161290984152,27.180000000666347,26.741612903881407,27.0338709684047,15454800.0
TCB,2025-03-10,27.0338709684047,27.56967742003074,26.985161290984152,27.08258064582525,16470900.0
TCB,2025-03-11,26.790322581301954,27.277419355507444,26.741612903881407,27.277419355507444,15632001.0
TCB,2025-03-12,27.374838710348545,27.52096774261019,27.08258064582525,27.1312903232458,14776100.0
TCB,2025-03-13,27.08258064582525,27.08258064582525,26.54677419419921,26.59548387161976,20519000.0
TCB,2025-03-14,26.400645161937565,26.692903226460857,26.400645161937565,26.59548387161976,20697701.0
TCB,2025-03-17,26.64419354904031,26.741612903881407,26.44935483935811,26.741612903881407,23393411.0
TCB,2025-03-18,26.790322581301954,26.887741936143055,26.59548387161976,26.692903226460857,12435800.0
TCB,2025-03-19,26.59548387161976,26.64419354904031,26.44935483935811,26.54677419419921,41831300.0
TCB,2025-03-20,26.790322581301954,26.839032258722504,26.400645161937565,26.741612903881407,19811206.0
TCB,2025-03-21,26.64419354904031,26.839032258722504,26.59548387161976,26.64419354904031,9396202.0
TCB,2025-03-24,26.64419354904031,27.47225806518964,26.498064516778662,27.277419355507444,24586700.0
TCB,2025-03-25,27.374838710348545,27.47225806518964,27.1312903232458,27.180000000666347,17748819.0
TCB,2025-03-26,27.180000000666347,27.764516129712934,27.08258064582525,27.277419355507444,25004901.0
TCB,2025-03-27,27.277419355507444,27.42354838776909,27.0338709684047,27.0338709684047,11907788.0
TCB,2025-03-28,27.0338709684047,27.08258064582525,26.741612903881407,26.839032258722504,15763600.0
TCB,2025-03-31,26.692903226460857,26.790322581301954,26.498064516778662,26.790322581301954,20298500.0
TCB,2025-04-01,26.790322581301954,27.277419355507444,26.692903226460857,27.228709678086897,12074500.0
TCB,2025-04-02,27.277419355507444,27.42354838776909,27.1312903232458,27.180000000666347,17556500.0
TCB,2025-04-03,26.254516129675917,26.498064516778662,25.280322581264937,25.280322581264937,64088501.0
TCB,2025-04-04,23.52677419412517,25.08548387158274,23.52677419412517,25.03677419416219,62498000.0
TCB,2025-04-08,24.354838710274503,24.354838710274503,23.331935484442976,23.331935484442976,35044802.0
TCB,2025-04-09,21.724516129564858,24.257419355433406,21.724516129564858,22.990967742499134,42662800.0
TCB,2025-04-10,24.59838709737725,24.59838709737725,24.59838709737725,24.59838709737725,5529900.0
TCB,2025-04-11,25.816129032890974,25.913548387732074,24.939354839321094,25.913548387732074,56656629.0
TCB,2025-04-14,25.913548387732074,26.010967742573172,25.426451613526584,25.864838710311524,24747100.0
TCB,2025-04-15,25.377741936106034,25.67000000062933,25.13419354900329,25.329032258685483,24536300.0
TCB,2025-04-16,25.47516129094713,25.767419355470427,25.08548387158274,25.13419354900329,22388501.0
TCB,2025-04-17,24.939354839321094,25.329032258685483,24.890645161900544,25.329032258685483,15875301.0
TCB,2025-04-18,25.816129032890974,25.816129032890974,25.329032258685483,25.329032258685483,18104900.0
TCB,2025-04-21,25.329032258685483,25.62129032320878,24.939354839321094,25.08548387158274,12337500.0
TCB,2025-04-22,24.59838709737725,24.98806451674164,23.331935484442976,24.50096774253615,35079801.0
TCB,2025-04-23,25.08548387158274,25.62129032320878,24.50096774253615,25.426451613526584,20399101.0
TCB,2025-04-24,25.329032258685483,25.426451613526584,25.03677419416219,25.08548387158274,21453400.0
TCB,2025-04-25,25.280322581264937,25.377741936106034,24.744516129638896,25.280322581264937,29050500.0
TCB,2025-04-28,25.329032258685483,25.426451613526584,25.13419354900329,25.329032258685483,30189402.0
TCB,2025-04-29,25.329032258685483,25.913548387732074,25.329032258685483,25.62129032320878,26803000.0
TCB,2025-05-05,25.96225806515262,25.96225806515262,25.47516129094713,25.816129032890974,13512621.0
TCB,2025-05-06,25.816129032890974,26.498064516778662,25.718709678049876,26.15709677483482,24721500.0
TCB,2025-05-07,26.15709677483482,26.400645161937565,25.913548387732074,26.303225807096464,16988101.0
TCB,2025-05-08,26.303225807096464,26.741612903881407,26.15709677483482,26.692903226460857,18606800.0
TCB,2025-05-09,26.59548387161976,27.277419355507444,26.54677419419921,26.887741936143055,19669200.0
TCB,2025-05-12,26.9364516135636,28.690000000703364,26.887741936143055,28.641290323282817,59187101.0
TCB,2025-05-13,28.738709678123914,28.93354838780611,28.397741936180072,28.641290323282817,28504500.0
TCB,2025-05-14,28.59258064586227,29.712903226534895,28.54387096844172,29.07967742006776,21163400.0
TCB,2025-05-15,29.128387097488307,29.4206451620116,28.787419355544465,29.128387097488307,20142480.0
TCB,2025-05-16,29.128387097488307,29.128387097488307,28.49516129102117,28.690000000703364,23141600.0
TCB,2025-05-19,28.44645161360062,29.177096774908854,28.349032258759525,28.738709678123914,22134800.0
TCB,2025-05-20,28.738709678123914,30.297419355581486,28.738709678123914,30.151290323319834,50872360.0
TCB,2025-05-21,30.200000000740385,30.589677420104778,29.90774193621709,30.102580645899288,25135300.0
TCB,2025-05-22,29.859032258796542,30.39483871042258,29.5180645168527,29.712903226534895,30654473.0
TCB,2025-05-23,29.761612903955445,29.810322581375996,29.03096774264721,29.371935484591052,30882501.0
TCB,2025-05-26,29.371935484591052,29.56677419427325,28.738709678123914,29.56677419427325,32841200.0
TCB,2025-05-27,29.810322581375996,30.44354838784313,29.56677419427325,29.810322581375996,23777600.0
TCB,2025-05-28,29.90774193621709,30.00516129105819,29.46935483943215,29.712903226534895,19385600.0
TCB,2025-05-29,29.712903226534895,30.00516129105819,29.5180645168527,30.00516129105819,19545400.0
TCB,2025-05-30,30.00516129105819,30.00516129105819,29.664193549114344,29.664193549114344,10866600.0
TCB,2025-06-02,29.615483871693797,30.151290323319834,29.4206451620116,30.05387096847874,14363700.0
TCB,2025-06-03,30.102580645899288,31.076774194310268,30.102580645899288,30.784516129786976,24085101.0
TCB,2025-06-04,30.88193548462807,30.88193548462807,30.39483871042258,30.54096774268423,17242100.0
TCB,2025-06-05,30.54096774268423,30.784516129786976,30.248709678160935,30.297419355581486,16052300.0
TCB,2025-06-06,30.200000000740385,30.200000000740385,29.5180645168527,29.5180645168527,30222601.0
TCB,2025-06-09,29.5180645168527,29.664193549114344,28.98225806522666,28.98225806522666,21598800.0
TCB,2025-06-10,29.177096774908854,29.712903226534895,29.07967742006776,29.274516129749955,17059700.0
TCB,2025-06-11,29.56677419427325,29.56677419427325,29.177096774908854,29.323225807170505,7725700.0
TCB,2025-06-12,29.56677419427325,30.346129033002033,29.46935483943215,30.151290323319834,25823800.0
TCB,2025-06-13,29.90774193621709,30.687096774945875,29.712903226534895,30.39483871042258,30353300.0
TCB,2025-06-16,30.200000000740385,31.51516129109521,30.151290323319834,31.466451613674657,27105301.0
TCB,2025-06-17,31.710000000777402,31.758709678197956,31.222903226571912,31.563870968515758,39764300.0
TCB,2025-06-18,31.563870968515758,32.48935483950619,31.369032258833563,31.953548387880147,26915301.0
TCB,2025-06-19,31.953548387880147,33.12258064597333,31.953548387880147,33.12258064597333,25180900.0
TCB,2025-06-20,33.317419355655524,33.95064516212266,33.02516129113223,33.12258064597333,23300301.0
TCB,2025-06-23,32.73290322660893,33.12258064597333,32.53806451692674,32.92774193629113,22702203.0
TCB,2025-06-24,33.17129032339387,33.85322580728156,32.830322581450034,33.12258064597333,33666100.0
TCB,2025-06-25,33.26870967823497,33.36612903307607,32.92774193629113,32.92774193629113,35580600.0
TCB,2025-06-26,33.12258064597333,33.56096774275827,32.92774193629113,33.17129032339387,31848001.0
TCB,2025-06-27,33.22000000081442,33.36612903307607,32.97645161371168,33.07387096855278,20733500.0
TCB,2025-06-30,33.22000000081442,33.804516129861014,33.12258064597333,33.317419355655524,17429500.0
TCB,2025-07-01,33.317419355655524,33.65838709759936,33.17129032339387,33.51225806533772,24754078.0
TCB,2025-07-02,33.60967742017882,34.1941935492254,33.56096774275827,34.09677419438431,33636702.0
TCB,2025-07-03,34.24290322664595,34.3890322589076,33.90193548470211,33.95064516212266,32337300.0
TCB,2025-07-04,33.95064516212266,34.09677419438431,33.75580645244046,34.04806451696376,12511500.0
TCB,2025-07-07,34.291612904066504,34.53516129116925,34.1941935492254,34.3890322589076,15614900.0
TCB,2025-07-08,34.3890322589076,34.63258064601034,34.1941935492254,34.3890322589076,29718100.0
TCB,2025-07-09,34.53516129116925,34.68129032343089,33.804516129861014,33.99935483954321,35385300.0
TCB,2025-07-10,33.99935483954321,34.09677419438431,33.75580645244046,33.90193548470211,16352900.0
TCB,2025-07-11,33.90193548470211,34.5838709685898,33.90193548470211,34.04806451696376,21722900.0
TCB,2025-07-14,34.04806451696376,34.1941935492254,33.41483871049662,34.1941935492254,21271301.0
TCB,2025-07-15,34.24290322664595,34.82741935569254,33.90193548470211,33.90193548470211,26887400.0
TCB,2025-07-16,33.90193548470211,34.53516129116925,33.70709677501991,34.34032258148705,19067400.0
TCB,2025-07-17,34.4864516137487,34.68129032343089,34.1941935492254,34.24290322664595,18361100.0
TCB,2025-07-18,34.24290322664595,35.55806451700078,34.14548387180485,35.31451612989803,38495000.0
TCB,2025-07-21,35.36322580731858,35.55806451700078,34.43774193632815,34.53516129116925,25035400.0
TCB,2025-07-22,34.24290322664595,34.53516129116925,33.99935483954321,34.43774193632815,28689800.0
TCB,2025-07-23,34.4864516137487,34.53516129116925,33.99935483954321,34.09677419438431,28773711.0
TCB,2025-07-24,34.14548387180485,34.68129032343089,34.04806451696376,34.14548387180485,19482501.0
TCB,2025-07-25,34.1941935492254,34.291612904066504,34.04806451696376,34.291612904066504,19156900.0
TCB,2025-07-28,34.34032258148705,34.92483871053364,34.291612904066504,34.68129032343089,33722700.0
TCB,2025-07-29,34.82741935569254,34.82741935569254,33.02516129113223,33.02516129113223,59485801.0
TCB,2025-07-30,33.26870967823497,33.70709677501991,32.830322581450034,33.60967742017882,33696901.0
TCB,2025-07-31,33.70709677501991,34.09677419438431,32.92774193629113,33.12258064597333,30518514.0
TCB,2025-08-01,33.26870967823497,33.804516129861014,33.17129032339387,33.22000000081442,23025200.0
TCB,2025-08-04,33.22000000081442,34.43774193632815,33.12258064597333,34.43774193632815,27096900.0
TCB,2025-08-05,34.87612903311309,36.82451612993505,34.87612903311309,36.04516129120627,98291101.0
TCB,2025-08-06,37.01935483961725,37.99354838802823,36.240000000888465,37.214193549299445,33334700.0
TCB,2025-08-07,37.50645161382274,37.89612903318713,36.82451612993505,37.40903225898164,33411100.0
TCB,2025-08-08,37.75000000092548,37.75000000092548,36.43483871057066,36.8732258073556,31007000.0
TCB,2025-08-11,36.9706451621967,37.45774193640219,36.629677420252854,36.7758064525145,24692200.0
TCB,2025-08-12,36.82451612993505,37.01935483961725,36.240000000888465,36.727096775093955,22652401.0
TCB,2025-08-13,36.82451612993505,37.01935483961725,35.94774193636517,36.53225806541176,33498600.0
TCB,2025-08-14,36.7758064525145,38.188387097710425,36.7758064525145,37.40903225898164,42438000.0
TCB,2025-08-15,37.89612903318713,37.944838710607684,36.629677420252854,36.629677420252854,33906801.0
TCB,2025-08-18,37.214193549299445,37.65258064608438,36.6783870976734,36.9706451621967,25569500.0
TCB,2025-08-19,37.26290322671999,38.431935484813174,37.116774194458344,38.188387097710425,47531600.0
TCB,2025-08-20,39.406129033224154,39.84451613000909,37.89612903318713,39.454838710644694,58884600.0
TCB,2025-08-21,40.23419354937348,41.403225807466654,39.941935484850184,40.47774193647622,49877601.0
TCB,2025-08-22,39.454838710644694,40.039354839691285,37.65258064608438,37.99354838802823,62641600.0
TCB,2025-08-25,38.52935483965426,38.62677419449536,36.33741935572956,36.5809677428323,41063700.0
TCB,2025-08-26,37.01935483961725,38.38322580739262,35.99645161378572,38.33451612997207,36928200.0
TCB,2025-08-27,38.48064516223372,39.649677420326896,37.89612903318713,37.944838710607684,25174600.0
TCB,2025-08-28,38.578064517074814,38.578064517074814,37.79870967834603,38.578064517074814,18835900.0
TCB,2025-08-29,39.065161291280305,39.21129032354195,38.578064517074814,38.578064517074814,27742900.0
TCB,2025-09-03,39.01645161385975,39.065161291280305,38.431935484813174,38.578064517074814,13836800.0
TCB,2025-09-04,38.578064517074814,38.919032259018664,38.38322580739262,38.578064517074814,17774901.0
TCB,2025-09-05,38.919032259018664,39.893225807429644,38.48064516223372,38.48064516223372,35912100.0
TCB,2025-09-08,38.48064516223372,38.578064517074814,37.01935483961725,37.01935483961725,33158301.0
TCB,2025-09-09,37.55516129124328,37.65258064608438,36.8732258073556,37.50645161382274,28196900.0
TCB,2025-09-10,38.23709677513097,38.77290322675701,37.603870968663834,37.99354838802823,30369000.0
TCB,2025-09-11,37.89612903318713,37.99354838802823,36.727096775093955,37.701290323504935,22582400.0
TCB,2025-09-12,38.04225806544877,38.090967742869324,37.50645161382274,37.603870968663834,24797602.0
TCB,2025-09-15,37.55516129124328,37.99354838802823,37.55516129124328,37.99354838802823,19222901.0
TCB,2025-09-16,38.62677419449536,39.065161291280305,38.23709677513097,38.33451612997207,46900600.0
TCB,2025-09-17,38.33451612997207,38.431935484813174,37.50645161382274,37.701290323504935,16515200.0
TCB,2025-09-18,37.701290323504935,37.79870967834603,37.214193549299445,37.79870967834603,13719900.0
TCB,2025-09-19,37.79870967834603,37.79870967834603,37.116774194458344,37.40903225898164,11768500.0
TCB,2025-09-22,37.31161290414054,37.40903225898164,36.33741935572956,36.53225806541176,26033800.0
TCB,2025-09-23,36.5809677428323,37.01935483961725,36.53225806541176,36.53225806541176,10315400.0
TCB,2025-09-24,36.53225806541176,37.79870967834603,36.19129032346791,37.79870967834603,19693100.0
TCB,2025-09-25,37.79870967834603,37.944838710607684,37.55516129124328,37.89612903318713,13473200.0
TCB,2025-09-26,37.89612903318713,37.944838710607684,37.40903225898164,37.701290323504935,12298300.0
TCB,2025-09-29,37.603870968663834,37.79870967834603,37.40903225898164,37.75000000092548,13476500.0
TCB,2025-09-30,38.05,38.05,37.5,37.85,12782500.0
TCB,2025-10-01,37.85,38.6,37.8,38.55,13385600.0
TCB,2025-10-02,38.85,39.2,38.4,38.85,18862100.0
TCB,2025-10-03,38.55,38.65,38.05,38.35,11272100.0
TCB,2025-10-06,38.95,39.4,38.5,39.4,25120100.0
TCB,2025-10-07,40.0,40.0,38.95,39.0,13250100.0
TCB,2025-10-08,39.25,39.4,38.45,38.6,20775501.0
TCB,2025-10-09,38.6,39.1,38.55,38.95,19870600.0
TCB,2025-10-10,39.1,39.9,39.0,39.35,27319800.0
TCB,2025-10-13,39.3,41.5,39.25,41.3,49211300.0
TCB,2025-10-14,41.75,42.0,40.55,40.8,27796200.0
TCB,2025-10-15,41.0,41.35,40.55,40.8,15458200.0
TCB,2025-10-16,41.2,41.25,40.8,41.25,21999101.0
TCB,2025-10-17,41.65,41.65,40.45,40.65,19530000.0
TCB,2025-10-20,40.65,40.65,37.85,37.85,38352801.0
TCB,2025-10-21,38.1,38.45,36.5,37.65,28984000.0
TCB,2025-10-22,38.1,38.15,36.4,38.0,23881800.0
TCB,2025-10-23,38.05,38.05,36.8,37.25,15619200.0
TCB,2025-10-24,37.0,37.0,36.05,36.1,23716600.0
TCB,2025-10-27,36.3,36.5,35.05,35.05,16784000.0
TCB,2025-10-28,35.05,36.4,34.0,36.0,29323801.0
TCB,2025-10-29,35.9,36.9,35.65,36.4,13766300.0
TCB,2025-10-30,36.5,36.6,35.6,35.7,10667900.0
TCB,2025-10-31,35.7,36.2,35.1,35.1,12906400.0
TCB,2025-11-03,35.1,35.5,33.6,33.6,22395001.0
TCB,2025-11-04,33.6,35.2,33.45,35.0,20658800.0
TCB,2025-11-05,34.9,34.9,34.05,34.1,12650500.0
TCB,2025-11-06,34.15,34.5,33.5,33.6,14268500.0
TCB,2025-11-07,33.6,33.95,33.0,33.0,16123600.0
TCB,2025-11-10,33.3,33.6,32.95,33.4,13009501.0
TCB,2025-11-11,33.45,34.0,33.35,33.65,11449701.0
TCB,2025-11-12,33.7,35.0,33.6,35.0,13025801.0
TCB,2025-11-13,34.65,35.5,34.6,35.1,12750800.0
TCB,2025-11-14,34.8,35.35,34.7,35.1,5603100.0
TCB,2025-11-17,35.1,35.25,34.7,35.15,11169501.0
TCB,2025-11-18,35.2,35.35,34.95,35.35,12850800.0
TCB,2025-11-19,35.4,35.4,34.75,34.8,12256700.0
TCB,2025-11-20,34.85,35.0,34.6,34.6,9998100.0
TCB,2025-11-21,34.5,34.5,33.5,34.25,8922150.0
TCB,2025-11-24,34.3,34.4,33.9,33.95,10276900.0
TCB,2025-11-25,34.0,34.0,33.45,33.45,15936600.0
TCB,2025-11-26,33.6,33.9,33.5,33.85,13069902.0
TCB,2025-11-27,33.95,34.2,33.7,33.75,11214300.0
TCB,2025-11-28,33.75,33.9,33.3,33.75,24412300.0
TCB,2025-12-01,33.7,33.7,33.2,33.2,9720701.0
TCB,2025-12-02,33.2,34.3,33.15,34.2,16645300.0
TCB,2025-12-03,34.25,35.0,34.25,34.9,19089500.0
TCB,2025-12-04,35.0,35.5,34.8,35.4,12840600.0
TCB,2025-12-05,35.5,35.5,34.7,34.7,7456700.0
TCB,2025-12-08,34.65,34.8,34.15,34.2,8303600.0
TCB,2025-12-09,34.2,34.2,33.5,33.8,16614500.0
TCB,2025-12-10,33.75,34.15,33.7,33.7,7811914.0
TCB,2025-12-11,33.75,34.0,33.4,33.4,11392500.0
TCB,2025-12-12,33.45,33.6,32.0,32.0,22316300.0
TCB,2025-12-15,32.0,32.3,31.5,32.0,31903300.0
TCB,2025-12-16,32.0,33.1,30.5,33.0,14575102.0
TCB,2025-12-17,33.0,33.15,32.55,32.6,9303500.0
TCB,2025-12-18,32.8,33.1,32.5,33.0,9649400.0
TCB,2025-12-19,33.2,33.65,33.1,33.6,10138900.0
TCB,2025-12-22,33.85,35.2,33.75,35.2,18600201.0
TCB,2025-12-23,35.3,35.35,34.75,34.8,12963000.0
TCB,2025-12-24,34.7,35.2,34.3,34.95,15775000.0
TCB,2025-12-25,34.95,35.8,34.0,34.0,12359100.0
TCB,2025-12-26,33.5,34.35,33.05,33.9,14530300.0
TCB,2025-12-29,33.95,34.45,33.8,34.05,24491700.0
TCB,2025-12-30,34.2,34.4,33.75,34.35,17515300.0
TCB,2025-12-31,34.8,34.9,34.25,34.9,9631500.0
TCB,2026-01-05,34.65,34.95,33.8,34.95,12264500.0
TCB,2026-01-06,34.95,36.0,34.2,36.0,25372700.0
TCB,2026-01-07,36.25,36.5,35.95,36.4,23021700.0
TCB,2026-01-08,36.5,36.65,35.5,36.0,21044200.0
TCB,2026-01-09,37.05,37.15,36.2,36.65,28290500.0
TCB,2026-01-12,36.7,38.0,36.45,38.0,23390400.0
TCB,2026-01-13,38.1,38.2,37.15,37.35,20065400.0
TCB,2026-01-14,37.2,37.3,36.0,36.5,24159300.0
TCB,2026-01-15,36.0,36.6,35.3,35.6,27274000.0
TCB,2026-01-16,35.65,36.35,35.6,35.8,9580800.0
TCB,2026-01-19,35.9,36.45,35.8,36.3,9996300.0
TCB,2026-01-20,36.35,36.6,35.65,35.95,15678200.0
TCB,2026-01-21,35.8,35.9,35.0,35.8,11159500.0
TCB,2026-01-22,35.85,36.25,35.65,36.0,8784900.0
TCB,2026-01-23,36.2,36.9,35.95,36.5,20704300.0
TCB,2026-01-26,36.7,36.7,35.65,35.65,9416700.0
TCB,2026-01-27,35.5,35.8,34.75,34.95,12126400.0
TCB,2026-01-28,35.0,35.3,34.35,34.5,11482000.0
TCB,2026-01-29,34.65,35.0,34.15,34.9,8593000.0
TCB,2026-01-30,34.85,35.9,34.8,35.9,11603200.0
TCB,2026-02-02,35.3,35.75,34.75,35.0,9657500.0
TCB,2026-02-03,35.6,35.6,34.7,34.7,14012600.0
TCB,2026-02-04,34.7,34.9,34.35,34.55,11708700.0
TCB,2026-02-05,34.95,35.1,34.75,34.85,10700200.0
TCB,2026-02-06,34.5,34.6,34.1,34.6,12492400.0
TCB,2026-02-09,35.0,35.0,34.5,34.75,7754700.0
TCB,2026-02-10,34.8,35.0,34.45,34.6,9951100.0
TCB,2026-02-11,34.7,35.35,34.6,35.3,11045000.0
TCB,2026-02-12,35.4,35.75,35.2,35.45,7542700.0
TCB,2026-02-13,35.2,35.5,35.2,35.45,6059700.0
TCB,2026-02-23,35.5,35.9,35.45,35.85,9141000.0
TCB,2026-02-24,35.85,35.9,35.75,35.8,10872100.0
TCB,2026-02-25,35.8,36.45,35.7,36.0,12384800.0
TCB,2026-02-26,36.1,36.45,36.0,36.45,9305800.0
TCB,2026-02-27,36.05,36.4,35.85,36.25,7958700.0
TCB,2026-03-02,35.8,35.8,34.65,34.65,17516400.0
TCB,2026-03-03,34.65,34.95,33.6,33.6,17273500.0
TCB,2026-03-04,33.5,33.7,31.8,32.5,30866600.0
TCB,2026-03-05,33.0,33.1,32.2,32.2,15754300.0
TCB,2026-03-06,32.1,32.1,31.35,31.45,14743000.0
TCB,2026-03-09,29.25,29.8,29.25,29.25,33386400.0
TCB,2026-03-10,30.8,30.8,29.75,30.3,18772700.0
TCB,2026-03-11,30.05,31.35,29.95,31.1,12998900.0
TCB,2026-03-12,30.55,31.0,29.9,30.0,18068400.0
TCB,2026-03-13,30.0,30.3,29.65,30.0,9833600.0
TCB,2026-03-16,30.0,30.45,30.0,30.2,8138100.0
TCB,2026-03-17,30.25,30.9,30.1,30.3,13156600.0
TCB,2026-03-18,30.5,30.8,30.15,30.3,6834600.0
TCB,2026-03-19,30.15,30.3,29.9,30.05,16386600.0
TCB,2026-03-20,30.0,30.1,29.85,29.85,7919000.0
TCB,2026-03-23,29.5,29.55,28.9,28.9,15397100.0
TCB,2026-03-24,29.3,29.85,29.15,29.85,9251700.0
TCB,2026-03-25,30.3,30.9,30.05,30.8,10014500.0
TCB,2026-03-26,30.7,30.7,30.15,30.15,7432100.0
TCB,2026-03-27,30.15,30.7,30.05,30.65,7624800.0
TCB,2026-03-30,30.05,30.5,29.75,30.5,6340300.0
TCB,2026-03-31,30.5,30.75,30.4,30.7,8861500.0
TCB,2026-04-01,31.35,31.35,30.8,30.8,8787500.0
TCB,2026-04-02,30.5,30.55,30.1,30.35,7864700.0
TCB,2026-04-03,30.4,30.5,29.75,29.75,8900100.0
TCB,2026-04-06,29.7,29.7,29.0,29.05,12541800.0
TCB,2026-04-07,29.25,29.3,28.35,28.7,15385300.0
TCB,2026-04-08,29.75,30.7,29.5,30.7,18128900.0
TCB,2026-04-09,30.95,31.6,30.6,30.9,20809500.0
TCB,2026-04-10,31.05,32.65,31.05,32.25,30690500.0
TCB,2026-04-13,31.5,32.15,31.5,31.9,10921700.0
TCB,2026-04-14,32.4,32.55,31.85,32.05,9838400.0
TCB,2026-04-15,32.4,32.55,31.85,31.85,12297700.0
TCB,2026-04-16,31.85,32.1,31.8,31.9,8572900.0
TCB,2026-04-17,32.15,32.45,32.0,32.25,12197000.0
TCB,2026-04-20,32.4,32.9,32.35,32.6,12615300.0
TCB,2026-04-21,32.65,32.85,32.5,32.7,10355500.0
TCB,2026-04-22,33.1,33.5,32.9,33.0,15089100.0
TCB,2026-04-23,33.0,33.7,32.9,33.3,12864900.0
TCB,2026-04-24,33.4,34.3,33.3,34.25,24933500.0
TCB,2026-04-28,35.0,35.0,34.5,34.6,16775400.0
TCB,2026-04-29,34.5,34.6,33.5,33.85,16456400.0
TCB,2026-05-04,33.8,33.95,33.3,33.55,11611400.0
TCB,2026-05-05,33.45,33.45,32.7,33.3,10590600.0
TCB,2026-05-06,33.45,33.9,33.2,33.9,7863100.0
TCB,2026-05-07,34.05,34.2,33.7,33.7,9746800.0
TCB,2026-05-08,33.65,33.95,33.55,33.85,10525100.0
TCB,2026-05-11,33.95,33.95,33.75,33.8,10445400.0
TCB,2026-05-12,33.8,33.85,33.65,33.8,9674900.0
TCB,2026-05-13,33.9,33.9,33.55,33.6,11500800.0
TCB,2026-05-14,33.6,34.0,33.6,34.0,10236700.0
