Symbol,Date,Open,High,Low,Close,Volume
TPB,2021-05-17,11.082837868118965,11.35904566545526,11.082837868118965,11.25546774145415,10851800.0
TPB,2021-05-18,11.25546774145415,11.25546774145415,10.910207994783777,11.082837868118965,8828100.0
TPB,2021-05-19,11.082837868118965,11.35904566545526,11.082837868118965,11.35904566545526,6049900.0
TPB,2021-05-20,11.3935716401223,11.583464500791003,11.341782678121744,11.3935716401223,6273700.0
TPB,2021-05-21,11.3935716401223,11.566201513457486,11.272730728787668,11.3935716401223,6277600.0
TPB,2021-05-24,11.3935716401223,11.566201513457486,11.25546774145415,11.51441255145693,7400000.0
TPB,2021-05-25,11.600727488124523,12.204932044797676,11.583464500791003,12.118617108130081,6027300.0
TPB,2021-05-26,12.1358800954636,12.429350880133416,12.118617108130081,12.4120878927999,8035500.0
TPB,2021-05-27,12.360298930799342,12.429350880133416,11.911461260127858,12.118617108130081,8594100.0
TPB,2021-05-28,12.118617108130081,12.463876854800455,12.032302171462488,12.463876854800455,6656000.0
TPB,2021-05-31,12.463876854800455,12.947240500138976,12.463876854800455,12.929977512805458,6344899.0
TPB,2021-06-01,13.327026221476386,13.327026221476386,12.929977512805458,13.050818424140086,6046600.0
TPB,2021-06-02,12.77461062680379,12.999029462139532,12.636506728135641,12.843662576137865,5550600.0
TPB,2021-06-03,12.929977512805458,13.223448297475274,12.843662576137865,13.206185310141755,5382100.0
TPB,2021-06-04,13.119870373474162,14.121123638818244,12.947240500138976,13.465130120144535,5396400.0
TPB,2021-06-07,13.119870373474162,13.39607817081046,12.601980753468604,12.843662576137865,5115100.0
TPB,2021-06-08,12.77461062680379,12.947240500138976,11.945987234794895,12.084091133463044,5103800.0
TPB,2021-06-09,12.084091133463044,12.567454778801565,11.738831386792672,12.394824905466379,5857500.0
TPB,2021-06-10,12.601980753468604,12.740084652136751,12.170406070130637,12.170406070130637,3283700.0
TPB,2021-06-11,12.25672100679823,12.77461062680379,12.170406070130637,12.636506728135641,5681100.0
TPB,2021-06-14,12.77461062680379,12.77461062680379,12.360298930799342,12.532928804134528,3289600.0
TPB,2021-06-15,12.532928804134528,12.601980753468604,12.25672100679823,12.429350880133416,3629500.0
TPB,2021-06-16,12.25672100679823,12.636506728135641,12.084091133463044,12.29124698146527,5993800.0
TPB,2021-06-17,12.084091133463044,12.429350880133416,11.980513209461934,12.222195032131193,3953600.0
TPB,2021-06-18,12.360298930799342,12.4120878927999,12.239458019464713,12.25672100679823,2732200.0
TPB,2021-06-21,12.377561918132862,12.463876854800455,12.15314308279712,12.170406070130637,3684200.0
TPB,2021-06-22,12.170406070130637,12.429350880133416,12.15314308279712,12.239458019464713,3665200.0
TPB,2021-06-23,12.394824905466379,12.446613867466935,12.273983994131749,12.343035943465823,2609800.0
TPB,2021-06-24,12.429350880133416,12.463876854800455,12.239458019464713,12.308509968798786,8563600.0
TPB,2021-06-25,12.308509968798786,12.394824905466379,12.170406070130637,12.394824905466379,2778100.0
TPB,2021-06-28,12.532928804134528,12.999029462139532,12.360298930799342,12.999029462139532,11082500.0
TPB,2021-06-29,13.119870373474162,13.119870373474162,12.740084652136751,12.8781885508049,4886800.0
TPB,2021-06-30,12.843662576137865,12.912714525471939,12.671032702802679,12.688295690136197,5731800.0
TPB,2021-07-01,12.705558677469714,12.843662576137865,12.481139842133972,12.843662576137865,12011400.0
TPB,2021-07-02,12.981766474806014,13.085344398807125,12.843662576137865,13.03355543680657,5091100.0
TPB,2021-07-05,13.137133360807681,13.568708044145646,13.068081411473607,13.568708044145646,8382000.0
TPB,2021-07-06,13.568708044145646,13.63775999347972,12.619243740802121,12.619243740802121,8022400.0
TPB,2021-07-07,12.740084652136751,13.050818424140086,12.29124698146527,12.947240500138976,5701400.0
TPB,2021-07-08,12.929977512805458,13.430604145477497,12.843662576137865,13.03355543680657,5984600.0
TPB,2021-07-09,12.912714525471939,13.257974272142311,12.429350880133416,12.77461062680379,4759000.0
TPB,2021-07-12,12.77461062680379,12.77461062680379,11.894198272794341,12.101354120796563,7554300.0
TPB,2021-07-13,12.25672100679823,12.308509968798786,11.738831386792672,12.01503918412897,8324000.0
TPB,2021-07-14,11.980513209461934,12.084091133463044,11.35904566545526,11.3935716401223,5212700.0
TPB,2021-07-15,11.3935716401223,11.894198272794341,11.25546774145415,11.63525346279156,3272200.0
TPB,2021-07-16,11.842409310793782,11.87693528546082,11.669779437458596,11.704305412125635,1930300.0
TPB,2021-07-19,11.462623589456374,11.462623589456374,10.892945007450258,10.892945007450258,5202600.0
TPB,2021-07-20,10.979259944117851,11.3935716401223,10.841156045449702,11.3935716401223,7650000.0
TPB,2021-07-21,11.462623589456374,11.566201513457486,11.35904566545526,11.428097614789337,5750900.0
TPB,2021-07-22,11.428097614789337,11.687042424792116,11.289993716121188,11.687042424792116,6179900.0
TPB,2021-07-23,11.49714956412341,11.652516450125079,11.3935716401223,11.3935716401223,6293200.0
TPB,2021-07-26,11.220941766787112,11.548938526123967,11.203678779453595,11.35904566545526,7083400.0
TPB,2021-07-27,11.531675538790447,11.842409310793782,11.462623589456374,11.77335736145971,9483900.0
TPB,2021-07-28,11.704305412125635,11.980513209461934,11.669779437458596,11.807883336126746,5651400.0
TPB,2021-07-29,11.859672298127302,12.084091133463044,11.859672298127302,11.980513209461934,7422900.0
TPB,2021-07-30,12.084091133463044,12.187669057464156,11.980513209461934,12.084091133463044,5460700.0
TPB,2021-08-02,11.980513209461934,12.118617108130081,11.894198272794341,11.894198272794341,6590300.0
TPB,2021-08-03,11.911461260127858,12.032302171462488,11.77335736145971,11.928724247461375,3921100.0
TPB,2021-08-04,11.980513209461934,12.325772956132306,11.963250222128414,12.118617108130081,9425000.0
TPB,2021-08-05,12.25672100679823,12.394824905466379,12.118617108130081,12.394824905466379,5079300.0
TPB,2021-08-06,12.463876854800455,12.532928804134528,12.239458019464713,12.25672100679823,3867300.0
TPB,2021-08-09,12.187669057464156,12.394824905466379,12.066828146129527,12.394824905466379,3632200.0
TPB,2021-08-10,12.498402829467492,12.498402829467492,12.222195032131193,12.429350880133416,3413600.0
TPB,2021-08-11,12.498402829467492,12.947240500138976,12.360298930799342,12.77461062680379,13559700.0
TPB,2021-08-12,12.740084652136751,12.809136601470827,12.567454778801565,12.567454778801565,3106500.0
TPB,2021-08-13,12.29124698146527,12.601980753468604,12.29124698146527,12.567454778801565,3475900.0
TPB,2021-08-16,12.567454778801565,12.860925563471383,12.429350880133416,12.809136601470827,6804300.0
TPB,2021-08-17,13.068081411473607,13.068081411473607,12.77461062680379,12.89545153813842,4819100.0
TPB,2021-08-18,12.8781885508049,12.981766474806014,12.77461062680379,12.860925563471383,2954100.0
TPB,2021-08-19,12.791873614137307,12.809136601470827,12.584717766135086,12.671032702802679,3203000.0
TPB,2021-08-20,12.671032702802679,12.671032702802679,11.807883336126746,12.084091133463044,6442500.0
TPB,2021-08-23,11.945987234794895,12.15314308279712,11.669779437458596,11.669779437458596,4981600.0
TPB,2021-08-24,11.652516450125079,11.807883336126746,11.600727488124523,11.756094374126189,3121900.0
TPB,2021-08-25,11.756094374126189,12.049565158796007,11.600727488124523,12.049565158796007,3063600.0
TPB,2021-08-26,12.084091133463044,12.1358800954636,11.77335736145971,11.77335736145971,3452600.0
TPB,2021-08-27,11.61799047545804,11.997776196795451,11.548938526123967,11.738831386792672,2387500.0
TPB,2021-08-30,11.842409310793782,12.032302171462488,11.721568399459153,11.963250222128414,2214900.0
TPB,2021-08-31,11.980513209461934,12.084091133463044,11.738831386792672,11.77335736145971,2002600.0
TPB,2021-09-01,11.738831386792672,11.911461260127858,11.704305412125635,11.807883336126746,2358900.0
TPB,2021-09-06,12.032302171462488,12.15314308279712,11.859672298127302,12.01503918412897,4847800.0
TPB,2021-09-07,12.049565158796007,12.601980753468604,12.01503918412897,12.567454778801565,11320500.0
TPB,2021-09-08,12.601980753468604,12.757347639470272,12.429350880133416,12.463876854800455,6472700.0
TPB,2021-09-09,12.463876854800455,13.085344398807125,12.377561918132862,13.050818424140086,21405160.0
TPB,2021-09-10,13.119870373474162,13.292500246809348,12.912714525471939,12.912714525471939,16375440.0
TPB,2021-09-13,12.947240500138976,13.361552196143425,12.8781885508049,13.1543963481412,6969300.0
TPB,2021-09-14,12.981766474806014,13.257974272142311,12.964503487472493,12.981766474806014,6442000.0
TPB,2021-09-15,12.947240500138976,13.292500246809348,12.77461062680379,13.206185310141755,6953500.0
TPB,2021-09-16,13.292500246809348,13.568708044145646,13.188922322808239,13.344289208809904,5306100.0
TPB,2021-09-17,13.39607817081046,14.086597664151205,13.327026221476386,14.086597664151205,11835000.0
TPB,2021-09-20,14.15564961348528,14.431857410821578,13.63775999347972,13.844915841481946,8941100.0
TPB,2021-09-21,13.67228596814676,13.948493765483056,13.63775999347972,13.810389866814909,6615400.0
TPB,2021-09-22,13.913967790816018,13.913967790816018,13.568708044145646,13.844915841481946,4192000.0
TPB,2021-09-23,13.965756752816576,14.500909360155653,13.67228596814676,14.345542474153985,18096300.0
TPB,2021-09-24,14.397331436154543,14.535435334822692,14.25922753748639,14.362805461487504,9207500.0
TPB,2021-09-27,14.397331436154543,14.397331436154543,13.810389866814909,13.810389866814909,6913140.0
TPB,2021-09-28,13.63775999347972,14.052071689484169,13.499656094811574,14.052071689484169,10596500.0
TPB,2021-09-29,13.913967790816018,14.328279486820467,13.913967790816018,14.29375351215343,10052500.0
TPB,2021-09-30,14.190175588152318,14.449120398155097,14.190175588152318,14.362805461487504,6347900.0
TPB,2021-10-01,14.449120398155097,14.742591182824915,14.31101649948695,14.708065208157878,15434329.0
TPB,2021-10-04,14.77711715749195,14.811643132158988,14.328279486820467,14.500909360155653,13312300.0
TPB,2021-10-05,14.604487284156765,14.708065208157878,14.362805461487504,14.673539233490839,32269100.0
TPB,2021-10-06,14.673539233490839,14.897958068826581,14.466383385488616,14.604487284156765,8403600.0
TPB,2021-10-07,14.656276246157322,14.656276246157322,14.431857410821578,14.500909360155653,4841500.0
TPB,2021-10-08,14.742591182824915,14.742591182824915,14.431857410821578,14.552698322156209,3133300.0
TPB,2021-10-11,14.535435334822692,14.880695081493064,14.518172347489172,14.880695081493064,4961600.0
TPB,2021-10-12,14.915221056160101,14.949747030827137,14.742591182824915,14.742591182824915,1868600.0
TPB,2021-10-13,14.673539233490839,14.77711715749195,14.604487284156765,14.639013258823802,2308600.0
TPB,2021-10-14,14.56996130948973,14.725328195491395,14.500909360155653,14.604487284156765,3564900.0
TPB,2021-10-15,14.708065208157878,15.087850929495287,14.690802220824358,15.03606196749473,8141800.0
TPB,2021-10-18,15.122376904162323,15.295006777497509,15.070587942161767,15.191428853496399,5380700.0
TPB,2021-10-19,15.15690287882936,15.277743790163992,14.949747030827137,15.15690287882936,1827300.0
TPB,2021-10-20,15.364058726831585,15.364058726831585,15.05332495482825,15.225954828163436,3448400.0
TPB,2021-10-21,15.17416586616288,15.346795739498067,15.087850929495287,15.087850929495287,3518900.0
TPB,2021-10-22,15.105113916828806,15.191428853496399,14.880695081493064,14.915221056160101,2698400.0
TPB,2021-10-25,14.915221056160101,14.984273005494174,14.500909360155653,14.500909360155653,3636400.0
TPB,2021-10-26,14.466383385488616,14.690802220824358,14.397331436154543,14.673539233490839,2109700.0
TPB,2021-10-27,14.828906119492508,15.018798980161213,14.673539233490839,14.949747030827137,1757700.0
TPB,2021-10-28,15.018798980161213,15.364058726831585,15.018798980161213,15.329532752164548,5366700.0
TPB,2021-10-29,15.329532752164548,15.519425612833254,15.17416586616288,15.484899638166215,4835600.0
TPB,2021-11-01,15.484899638166215,15.484899638166215,14.811643132158988,14.984273005494174,5024900.0
TPB,2021-11-02,15.018798980161213,15.260480802830473,14.984273005494174,15.122376904162323,7017200.0
TPB,2021-11-03,15.122376904162323,15.415847688832141,15.087850929495287,15.260480802830473,5696100.0
TPB,2021-11-04,15.260480802830473,15.277743790163992,15.070587942161767,15.105113916828806,2050700.0
TPB,2021-11-05,15.225954828163436,15.243217815496955,14.915221056160101,15.018798980161213,2881900.0
TPB,2021-11-08,15.139639891495843,15.208691840829916,15.087850929495287,15.122376904162323,7777800.0
TPB,2021-11-09,15.191428853496399,15.191428853496399,14.915221056160101,14.984273005494174,2336200.0
TPB,2021-11-10,14.915221056160101,15.191428853496399,14.863432094159544,15.191428853496399,1944200.0
TPB,2021-11-11,15.191428853496399,15.225954828163436,14.77711715749195,14.846169106826025,2618500.0
TPB,2021-11-12,14.880695081493064,15.122376904162323,14.742591182824915,15.018798980161213,1883100.0
TPB,2021-11-15,15.260480802830473,15.260480802830473,15.018798980161213,15.17416586616288,2505800.0
TPB,2021-11-16,15.191428853496399,15.260480802830473,15.087850929495287,15.087850929495287,2533500.0
TPB,2021-11-17,15.191428853496399,15.191428853496399,14.915221056160101,14.93248404349362,2572000.0
TPB,2021-11-18,14.897958068826581,14.949747030827137,14.828906119492508,14.828906119492508,2382100.0
TPB,2021-11-19,14.811643132158988,15.364058726831585,14.794380144825471,15.018798980161213,3155700.0
TPB,2021-11-22,15.191428853496399,16.05457822017233,15.018798980161213,16.05457822017233,10194000.0
TPB,2021-11-23,16.399837966842703,16.81414966284715,16.05457822017233,16.81414966284715,8005849.0
TPB,2021-11-24,16.81414966284715,17.21119837151808,16.468889916176778,16.9522535615153,7302100.0
TPB,2021-11-25,17.090357460183448,17.090357460183448,16.624256802178444,16.986779536182336,4304700.0
TPB,2021-11-26,16.9522535615153,16.986779536182336,16.399837966842703,16.399837966842703,3319200.0
TPB,2021-11-29,16.05457822017233,16.57246784017789,16.05457822017233,16.296260042841592,2430200.0
TPB,2021-11-30,16.537941865510852,16.537941865510852,15.364058726831585,15.571214574833808,6316500.0
TPB,2021-12-01,15.536688600166771,16.658782776845484,15.467636650832695,16.658782776845484,5781300.0
TPB,2021-12-02,16.589730827511406,17.228461358851597,16.589730827511406,16.71057173884604,5774000.0
TPB,2021-12-03,16.883201612181225,16.91772758684826,16.227208093507517,16.227208093507517,3624400.0
TPB,2021-12-06,16.08910419483937,16.503415890843815,15.536688600166771,16.227208093507517,4309000.0
TPB,2021-12-07,16.365311992175666,16.745097713513076,16.071841207505848,16.503415890843815,2466700.0
TPB,2021-12-08,16.606993814844927,17.642773054856047,16.606993814844927,17.642773054856047,9186000.0
TPB,2021-12-09,17.642773054856047,17.953506826859382,17.401091232186783,17.677299029523084,2668600.0
TPB,2021-12-10,17.677299029523084,18.47139644686494,17.53919513085493,17.953506826859382,8220500.0
TPB,2021-12-13,17.953506826859382,18.091610725527527,17.262987333518634,17.43561720685382,4742900.0
TPB,2021-12-14,17.262987333518634,17.711825004190118,17.090357460183448,17.43561720685382,2485500.0
TPB,2021-12-15,17.470143181520857,18.195188649528642,17.228461358851597,17.953506826859382,4720000.0
TPB,2021-12-16,18.195188649528642,18.195188649528642,17.677299029523084,17.677299029523084,4016000.0
TPB,2021-12-17,17.746350978857155,17.780876953524192,17.401091232186783,17.711825004190118,9490000.0
TPB,2021-12-20,18.177925662195122,18.644026320200126,18.038095464793624,18.550806188599122,8359200.0
TPB,2021-12-21,18.410975991197624,18.457586056998124,17.94487533319262,18.08470553059412,3634600.0
TPB,2021-12-22,17.94487533319262,18.410975991197624,17.665214938389617,17.711825004190118,11063900.0
TPB,2021-12-23,17.711825004190118,17.99148539899312,16.63979349077861,17.105894148783616,4718400.0
TPB,2021-12-24,17.059284082983115,18.294450826696373,16.989368984282365,18.294450826696373,8139000.0
TPB,2021-12-27,18.457586056998124,19.389787373008133,18.271145793796123,18.99360181370388,9162400.0
TPB,2021-12-28,18.87707664920263,19.669447767811135,18.644026320200126,19.59953266911038,8713900.0
TPB,2021-12-29,19.59953266911038,19.785972932312383,19.180042076905877,19.273262208506882,10395300.0
TPB,2021-12-30,19.180042076905877,19.29656724140713,18.900381682102875,18.99360181370388,3684400.0
TPB,2021-12-31,19.110126978205127,19.739362866511883,19.110126978205127,19.133432011105377,3846400.0
TPB,2022-01-04,19.34317730720763,20.158853458716386,19.249957175606628,19.925803129713884,11034900.0
TPB,2022-01-05,19.809277965212633,19.925803129713884,19.52961757040963,19.57622763621013,3952300.0
TPB,2022-01-06,19.249957175606628,20.042328294215135,19.249957175606628,19.57622763621013,5310700.0
TPB,2022-01-07,19.50631253750938,19.762667899412133,19.110126978205127,19.110126978205127,4150700.0
TPB,2022-01-10,19.110126978205127,19.552922603309884,18.853771616302378,18.853771616302378,4219100.0
TPB,2022-01-11,18.830466583402124,19.34317730720763,18.644026320200126,18.737246451801127,4950600.0
TPB,2022-01-12,18.737246451801127,20.042328294215135,18.644026320200126,20.042328294215135,19145300.0
TPB,2022-01-13,20.182158491616633,20.50842895222014,19.62283770201063,19.64614273491088,17747000.0
TPB,2022-01-14,19.436397438808633,19.832582998112883,19.389787373008133,19.52961757040963,5686700.0
TPB,2022-01-17,19.389787373008133,19.669447767811135,18.737246451801127,18.737246451801127,9068700.0
TPB,2022-01-18,18.457586056998124,18.760551484701377,18.06140049769387,18.13131559639462,9973455.0
TPB,2022-01-19,17.99148539899312,18.783856517601624,17.99148539899312,18.317755859596623,6653400.0
TPB,2022-01-20,18.317755859596623,18.807161550501878,18.294450826696373,18.457586056998124,7434600.0
TPB,2022-01-21,18.480891089898375,19.110126978205127,18.480891089898375,18.644026320200126,8225000.0
TPB,2022-01-24,18.644026320200126,18.87707664920263,17.338944477786118,17.595299839688867,6820100.0
TPB,2022-01-25,17.57199480678862,18.644026320200126,17.57199480678862,18.527501155698875,8957900.0
TPB,2022-01-26,18.644026320200126,18.900381682102875,18.271145793796123,18.271145793796123,10946400.0
TPB,2022-01-27,18.364365925397124,18.87707664920263,18.271145793796123,18.737246451801127,7264800.0
TPB,2022-01-28,18.713941418900877,19.716057833611632,18.644026320200126,19.552922603309884,15526500.0
TPB,2022-02-07,19.716057833611632,19.855888031013134,19.249957175606628,19.436397438808633,5806800.0
TPB,2022-02-08,19.50631253750938,19.762667899412133,19.249957175606628,19.57622763621013,5776900.0
TPB,2022-02-09,19.52961757040963,19.739362866511883,19.29656724140713,19.34317730720763,5419400.0
TPB,2022-02-10,19.48300750460913,19.48300750460913,19.016906846604126,19.20334710980613,3954300.0
TPB,2022-02-11,19.110126978205127,20.019023261314885,19.016906846604126,19.972413195514385,15984500.0
TPB,2022-02-14,19.57622763621013,19.972413195514385,18.644026320200126,18.644026320200126,7405700.0
TPB,2022-02-15,19.110126978205127,19.133432011105377,18.737246451801127,18.99360181370388,3153900.0
TPB,2022-02-16,19.08682194530488,19.15673704400563,18.807161550501878,18.830466583402124,2879600.0
TPB,2022-02-17,18.830466583402124,19.180042076905877,18.783856517601624,19.180042076905877,3081100.0
TPB,2022-02-18,18.87707664920263,19.20334710980613,18.87707664920263,19.016906846604126,3759900.0
TPB,2022-02-21,18.87707664920263,19.063516912404626,18.690636386000627,19.063516912404626,3994200.0
TPB,2022-02-22,18.900381682102875,19.34317730720763,18.830466583402124,19.34317730720763,8309400.0
TPB,2022-02-23,19.34317730720763,20.135548425816136,19.319872274307382,19.855888031013134,16076300.0
TPB,2022-02-24,19.57622763621013,19.762667899412133,18.783856517601624,19.226652142706378,4957200.0
TPB,2022-02-25,19.436397438808633,19.925803129713884,19.249957175606628,19.552922603309884,10795200.0
TPB,2022-02-28,19.48300750460913,19.809277965212633,19.110126978205127,19.692752800711382,5548200.0
TPB,2022-03-01,19.669447767811135,20.135548425816136,19.52961757040963,19.949108162614134,11884800.0
TPB,2022-03-02,19.785972932312383,20.182158491616633,19.15673704400563,19.319872274307382,13271600.0
TPB,2022-03-03,19.389787373008133,19.692752800711382,19.15673704400563,19.34317730720763,4590700.0
TPB,2022-03-04,19.15673704400563,19.45970247170888,18.87707664920263,18.99360181370388,5147000.0
TPB,2022-03-07,18.830466583402124,18.853771616302378,17.94487533319262,18.177925662195122,20674585.0
TPB,2022-03-08,18.08470553059412,18.644026320200126,17.87496023449187,18.08470553059412,5092700.0
TPB,2022-03-09,18.10801056349437,18.341060892496873,18.08470553059412,18.08470553059412,2653800.0
TPB,2022-03-10,18.550806188599122,18.550806188599122,18.15462062929487,18.177925662195122,2043100.0
TPB,2022-03-11,18.038095464793624,18.410975991197624,17.96818036609287,18.01479043189337,2509400.0
TPB,2022-03-14,17.94487533319262,18.410975991197624,17.94487533319262,18.271145793796123,2160600.0
TPB,2022-03-15,18.271145793796123,18.783856517601624,18.224535727995622,18.597416254399626,8713700.0
TPB,2022-03-16,18.620721287299876,18.830466583402124,18.480891089898375,18.527501155698875,8033800.0
TPB,2022-03-17,18.667331353100373,18.830466583402124,18.457586056998124,18.457586056998124,3131300.0
TPB,2022-03-18,18.597416254399626,18.644026320200126,18.387670958297374,18.410975991197624,1622300.0
TPB,2022-03-21,18.434281024097874,18.783856517601624,18.434281024097874,18.597416254399626,8745800.0
TPB,2022-03-22,18.597416254399626,19.063516912404626,18.574111221499376,18.87707664920263,6367200.0
TPB,2022-03-23,18.87707664920263,19.133432011105377,18.644026320200126,18.667331353100373,4207000.0
TPB,2022-03-24,18.667331353100373,18.760551484701377,18.550806188599122,18.690636386000627,2951000.0
TPB,2022-03-25,18.92368671500313,18.92368671500313,18.597416254399626,18.597416254399626,4993700.0
TPB,2022-03-28,18.574111221499376,18.737246451801127,18.10801056349437,18.387670958297374,2993800.0
TPB,2022-03-29,18.387670958297374,18.87707664920263,18.387670958297374,18.783856517601624,4909800.0
TPB,2022-03-30,18.783856517601624,19.08682194530488,18.550806188599122,18.644026320200126,5350100.0
TPB,2022-03-31,18.783856517601624,19.016906846604126,18.690636386000627,18.713941418900877,2433800.0
TPB,2022-04-01,18.713941418900877,19.36648234010788,18.644026320200126,19.226652142706378,11121000.0
TPB,2022-04-04,19.436397438808633,19.48300750460913,19.15673704400563,19.226652142706378,6600400.0
TPB,2022-04-05,19.110126978205127,19.36648234010788,18.97029678080363,19.016906846604126,4682200.0
TPB,2022-04-06,18.97029678080363,19.29656724140713,18.737246451801127,19.180042076905877,6695600.0
TPB,2022-04-07,19.273262208506882,19.436397438808633,18.97029678080363,19.110126978205127,13626600.0
TPB,2022-04-08,19.063516912404626,19.20334710980613,18.737246451801127,18.737246451801127,3486300.0
TPB,2022-04-12,18.783856517601624,18.853771616302378,17.735130037090368,17.735130037090368,3022200.0
TPB,2022-04-13,18.01479043189337,18.737246451801127,17.735130037090368,18.644026320200126,5941400.0
TPB,2022-04-14,18.644026320200126,18.644026320200126,18.177925662195122,18.201230695095372,2541800.0
TPB,2022-04-15,18.224535727995622,18.317755859596623,17.40885957648687,17.40885957648687,5117800.0
TPB,2022-04-18,17.618604872589117,17.85165520159162,17.245724346185117,17.665214938389617,3139300.0
TPB,2022-04-19,17.665214938389617,17.75843506999062,16.872843819781114,16.872843819781114,1927100.0
TPB,2022-04-20,17.152504214584113,17.292334411985617,16.54657335917761,16.54657335917761,3759500.0
TPB,2022-04-21,16.59318342497811,16.919453885581614,15.894032437970608,16.220302898574108,3722600.0
TPB,2022-04-22,16.33682806307536,16.779623688180113,16.220302898574108,16.406743161776113,2544600.0
TPB,2022-04-25,16.45335322757661,16.63979349077861,15.264796549663853,16.080472701172607,5162500.0
TPB,2022-04-26,15.847422372170106,16.33682806307536,15.101661319362101,16.290217997274862,3801700.0
TPB,2022-04-27,16.290217997274862,16.31352303017511,15.591067010267356,16.220302898574108,2244300.0
TPB,2022-04-28,16.266912964374608,16.266912964374608,15.660982108968106,15.660982108968106,7670600.0
TPB,2022-04-29,15.660982108968106,16.05716766827236,15.474541845766105,15.660982108968106,3022600.0
TPB,2022-05-04,15.660982108968106,15.707592174768607,14.9152210561601,14.9152210561601,1643600.0
TPB,2022-05-05,15.148271385162602,15.940642503771109,15.148271385162602,15.940642503771109,7805500.0
TPB,2022-05-06,15.660982108968106,16.05716766827236,15.497846878666355,15.660982108968106,2198000.0
TPB,2022-05-09,15.288101582564101,15.777507273469357,14.635560661357097,14.7287807929581,2197900.0
TPB,2022-05-10,14.449120398155097,15.660982108968106,14.216070069152595,15.521151911566603,5931000.0
TPB,2022-05-11,15.521151911566603,15.591067010267356,14.8220009245591,15.591067010267356,3606600.0
TPB,2022-05-12,15.381321714165104,15.521151911566603,14.519035496855848,14.7287807929581,9829400.0
TPB,2022-05-13,14.9152210561601,14.9152210561601,13.703359345347092,13.983019740150095,4558200.0
TPB,2022-05-16,14.449120398155097,14.7287807929581,14.076239871751094,14.449120398155097,4422200.0
TPB,2022-05-17,14.449120398155097,15.404626747065352,14.216070069152595,15.381321714165104,5919900.0
TPB,2022-05-18,15.427931779965604,15.894032437970608,15.008441187761102,15.008441187761102,5859845.0
TPB,2022-05-19,14.658865694257349,14.98513615486085,14.332595233653846,14.519035496855848,1963400.0
TPB,2022-05-20,14.868610990359599,15.008441187761102,14.542340529756098,14.635560661357097,5775800.0
TPB,2022-05-23,14.868610990359599,14.961831121960602,13.936409674349592,13.983019740150095,4649800.0
TPB,2022-05-24,14.076239871751094,14.425815365254847,14.076239871751094,14.402510332354597,4674200.0
TPB,2022-05-25,14.425815365254847,14.9152210561601,14.402510332354597,14.868610990359599,4540800.0
TPB,2022-05-26,14.868610990359599,14.89191602325985,14.658865694257349,14.7287807929581,1314300.0
TPB,2022-05-27,14.7287807929581,15.288101582564101,14.6821707271576,15.0550512535616,4877200.0
TPB,2022-05-30,15.101661319362101,15.427931779965604,14.98513615486085,15.381321714165104,16771700.0
TPB,2022-05-31,15.381321714165104,15.404626747065352,15.078356286461853,15.078356286461853,3721700.0
TPB,2022-06-01,14.98513615486085,15.241491516763604,14.6821707271576,14.9152210561601,3734700.0
TPB,2022-06-02,14.9152210561601,14.9152210561601,14.542340529756098,14.9152210561601,3071400.0
TPB,2022-06-03,14.79869589165885,14.9152210561601,14.542340529756098,14.84530595745935,1206700.0
TPB,2022-06-06,14.8220009245591,14.84530595745935,14.122849937551596,14.309290200753596,2785800.0
TPB,2022-06-07,14.309290200753596,14.309290200753596,13.749969411147593,13.796579476948093,2127800.0
TPB,2022-06-08,13.843189542748593,14.449120398155097,13.843189542748593,14.099544904651346,3549200.0
TPB,2022-06-09,14.099544904651346,14.146154970451846,13.983019740150095,14.006324773050345,1949185.0
TPB,2022-06-10,13.936409674349592,14.262680134953097,13.843189542748593,13.843189542748593,1371900.0
TPB,2022-06-13,13.610139213746091,13.610139213746091,12.887683193838336,12.887683193838336,3791000.0
TPB,2022-06-14,12.817768095137586,12.817768095137586,12.118617108130081,12.351667437132583,4019300.0
TPB,2022-06-15,12.351667437132583,12.444887568733584,11.559296318524078,12.374972470032834,3493100.0
TPB,2022-06-16,12.444887568733584,12.677937897736085,12.235142272631332,12.491497634534085,2916700.0
TPB,2022-06-17,12.118617108130081,12.305057371332083,11.652516450125079,11.88556677912758,3609900.0
TPB,2022-06-20,11.862261746227329,12.188532206830832,11.675821483025329,11.675821483025329,6051400.0
TPB,2022-06-21,11.629211417224829,12.211837239731082,11.629211417224829,11.95548187782833,3071400.0
TPB,2022-06-22,11.95548187782833,12.351667437132583,11.95548187782833,12.211837239731082,1667200.0
TPB,2022-06-23,12.211837239731082,12.351667437132583,11.97878691072858,12.351667437132583,1838200.0
TPB,2022-06-24,12.351667437132583,12.421582535833332,12.118617108130081,12.118617108130081,7861300.0
TPB,2022-06-27,12.118617108130081,12.654632864835834,12.118617108130081,12.444887568733584,1953200.0
TPB,2022-06-28,12.771158029337085,13.050818424140088,12.561412733234834,12.864378160938088,3599500.0
TPB,2022-06-29,12.631327831935586,13.19064862154159,12.631327831935586,12.771158029337085,1929300.0
TPB,2022-06-30,12.677937897736085,13.050818424140088,12.654632864835834,12.654632864835834,1757700.0
TPB,2022-07-01,12.654632864835834,12.864378160938088,12.305057371332083,12.724547963536587,3398800.0
TPB,2022-07-04,12.724547963536587,12.957598292539087,12.677937897736085,12.724547963536587,6183145.0
TPB,2022-07-05,12.817768095137586,13.027513391239838,12.608022799035336,12.817768095137586,4569960.0
TPB,2022-07-06,12.724547963536587,12.957598292539087,12.305057371332083,12.561412733234834,7989215.0
TPB,2022-07-07,12.444887568733584,12.887683193838336,12.444887568733584,12.794463062237336,1466500.0
TPB,2022-07-08,12.817768095137586,12.980903325439337,12.584717766135086,12.631327831935586,8137300.0
TPB,2022-07-11,12.584717766135086,12.631327831935586,12.118617108130081,12.118617108130081,5794315.0
TPB,2022-07-12,12.141922141030332,12.468192601633834,12.141922141030332,12.444887568733584,629500.0
TPB,2022-07-13,12.444887568733584,12.817768095137586,12.141922141030332,12.421582535833332,6625985.0
TPB,2022-07-14,12.374972470032834,12.608022799035336,12.351667437132583,12.538107700334583,852480.0
TPB,2022-07-15,12.584717766135086,12.817768095137586,12.584717766135086,12.631327831935586,2726345.0
TPB,2022-07-18,12.747852996436837,12.817768095137586,12.654632864835834,12.701242930636335,4908110.0
TPB,2022-07-19,12.724547963536587,12.724547963536587,12.468192601633834,12.654632864835834,4623050.0
TPB,2022-07-20,12.817768095137586,13.28386875314259,12.677937897736085,13.260563720242338,3076300.0
TPB,2022-07-21,13.30717378604284,13.353783851843339,13.074123457040338,13.19064862154159,2614000.0
TPB,2022-07-22,13.19064862154159,13.353783851843339,13.027513391239838,13.074123457040338,2447800.0
TPB,2022-07-25,12.841073128037836,13.004208358339588,12.724547963536587,12.771158029337085,1365400.0
TPB,2022-07-26,12.817768095137586,12.864378160938088,12.584717766135086,12.584717766135086,1678345.0
TPB,2022-07-27,12.584717766135086,12.631327831935586,12.351667437132583,12.561412733234834,1653200.0
TPB,2022-07-28,12.608022799035336,12.957598292539087,12.608022799035336,12.677937897736085,2702875.0
TPB,2022-07-29,12.864378160938088,12.864378160938088,12.398277502933084,12.398277502933084,15082915.0
TPB,2022-08-01,12.631327831935586,12.794463062237336,12.608022799035336,12.701242930636335,1942000.0
TPB,2022-08-02,12.724547963536587,12.957598292539087,12.724547963536587,12.887683193838336,2771820.0
TPB,2022-08-03,12.817768095137586,13.097428489940588,12.724547963536587,13.050818424140088,3807700.0
TPB,2022-08-04,13.28386875314259,13.610139213746091,13.167343588641339,13.423698950544091,7312600.0
TPB,2022-08-05,13.47030901634459,13.610139213746091,13.28386875314259,13.423698950544091,1921300.0
TPB,2022-08-08,13.40039391764384,13.586834180845841,13.21395365444184,13.30717378604284,4260100.0
TPB,2022-08-09,13.49361404924484,13.49361404924484,13.237258687342088,13.33047881894309,3801425.0
TPB,2022-08-10,13.37708888474359,13.37708888474359,13.167343588641339,13.19064862154159,3634920.0
TPB,2022-08-11,13.353783851843339,13.563529147945593,13.167343588641339,13.28386875314259,3640900.0
TPB,2022-08-12,13.353783851843339,13.353783851843339,13.21395365444184,13.33047881894309,1013100.0
TPB,2022-08-15,13.49361404924484,13.656749279546592,13.37708888474359,13.49361404924484,4541800.0
TPB,2022-08-16,13.51691908214509,13.54022411504534,13.40039391764384,13.447003983444342,2548100.0
TPB,2022-08-17,13.447003983444342,13.49361404924484,13.37708888474359,13.37708888474359,2603000.0
TPB,2022-08-18,13.37708888474359,13.423698950544091,13.19064862154159,13.37708888474359,2894800.0
TPB,2022-08-19,13.423698950544091,13.423698950544091,13.19064862154159,13.237258687342088,1464800.0
TPB,2022-08-22,13.167343588641339,13.19064862154159,12.934293259638837,13.004208358339588,2079295.0
TPB,2022-08-23,12.817768095137586,13.050818424140088,12.817768095137586,13.050818424140088,1225800.0
TPB,2022-08-24,13.050818424140088,13.167343588641339,13.027513391239838,13.097428489940588,7913300.0
TPB,2022-08-25,13.260563720242338,13.47030901634459,13.120733522840837,13.423698950544091,3033896.0
TPB,2022-08-26,13.447003983444342,13.47030901634459,13.21395365444184,13.237258687342088,1359300.0
TPB,2022-08-29,13.050818424140088,13.097428489940588,12.631327831935586,12.910988226738587,3038100.0
TPB,2022-08-30,13.050818424140088,13.144038555741089,12.910988226738587,13.004208358339588,5190465.0
TPB,2022-08-31,13.004208358339588,13.120733522840837,12.841073128037836,13.050818424140088,969353.0
TPB,2022-09-05,13.28386875314259,13.28386875314259,12.934293259638837,13.050818424140088,2527200.0
TPB,2022-09-06,13.120733522840837,13.120733522840837,12.887683193838336,13.050818424140088,2148000.0
TPB,2022-09-07,12.957598292539087,13.004208358339588,12.724547963536587,12.724547963536587,8598000.0
TPB,2022-09-08,12.747852996436837,12.771158029337085,12.538107700334583,12.538107700334583,1939300.0
TPB,2022-09-09,12.724547963536587,12.724547963536587,12.398277502933084,12.584717766135086,1435700.0
TPB,2022-09-12,12.584717766135086,12.631327831935586,12.491497634534085,12.561412733234834,1381465.0
TPB,2022-09-13,12.631327831935586,12.631327831935586,12.468192601633834,12.514802667434335,1269200.0
TPB,2022-09-14,12.351667437132583,12.491497634534085,12.235142272631332,12.374972470032834,1203000.0
TPB,2022-09-15,12.421582535833332,12.747852996436837,12.351667437132583,12.374972470032834,1747400.0
TPB,2022-09-16,12.351667437132583,12.514802667434335,12.258447305531583,12.258447305531583,1765600.0
TPB,2022-09-19,12.258447305531583,12.258447305531583,11.512686252723578,11.652516450125079,3550400.0
TPB,2022-09-20,11.838956713327079,11.838956713327079,11.605906384324577,11.838956713327079,2690600.0
TPB,2022-09-21,11.652516450125079,11.838956713327079,11.652516450125079,11.76904161462633,2152000.0
TPB,2022-09-22,11.652516450125079,11.81565168042683,11.559296318524078,11.81565168042683,604500.0
TPB,2022-09-23,11.81565168042683,11.838956713327079,11.652516450125079,11.675821483025329,1059500.0
TPB,2022-09-26,11.512686252723578,11.605906384324577,11.046585594718573,11.605906384324577,1898800.0
TPB,2022-09-27,11.559296318524078,11.605906384324577,11.186415792120075,11.605906384324577,1141500.0
TPB,2022-09-28,11.302940956621326,11.535991285623828,10.953365463117574,11.489381219823327,1533900.0
TPB,2022-09-29,11.512686252723578,11.652516450125079,11.279635923721075,11.512686252723578,10128500.0
TPB,2022-09-30,11.419466121122577,11.69912651592558,11.163110759219824,11.652516450125079,2074800.0
TPB,2022-10-03,11.69912651592558,11.69912651592558,10.906755397317072,11.116500693419326,1603200.0
TPB,2022-10-04,11.139805726319574,11.372856055322076,11.069890627618825,11.093195660519076,2418200.0
TPB,2022-10-05,11.186415792120075,11.256330890820825,11.069890627618825,11.186415792120075,1213400.0
TPB,2022-10-06,11.139805726319574,11.279635923721075,10.720315134115072,11.186415792120075,3791100.0
TPB,2022-10-07,10.743620167015322,10.790230232815823,10.417349706411821,10.417349706411821,2352600.0
TPB,2022-10-10,9.694893686504066,10.114384278708568,9.694893686504066,9.694893686504066,3728400.0
TPB,2022-10-11,9.019047732396812,9.322013160100063,9.019047732396812,9.019047732396812,10778300.0
TPB,2022-10-12,8.529642041491558,9.555063489102563,8.529642041491558,9.555063489102563,16362600.0
TPB,2022-10-13,9.555063489102563,9.601673554903066,9.182182962698562,9.601673554903066,3781000.0
TPB,2022-10-14,9.764808785204815,9.811418851005316,9.461843357501564,9.601673554903066,2177800.0
TPB,2022-10-17,9.368623225900564,9.601673554903066,9.04235276529706,9.601673554903066,14007200.0
TPB,2022-10-18,9.648283620703564,9.764808785204815,9.508453423302063,9.601673554903066,9285305.0
TPB,2022-10-19,9.648283620703564,9.648283620703564,9.345318193000313,9.578368522002815,1715200.0
TPB,2022-10-20,9.461843357501564,9.624978587803314,9.322013160100063,9.601673554903066,9525300.0
TPB,2022-10-21,9.601673554903066,9.694893686504066,9.019047732396812,9.368623225900564,2799000.0
TPB,2022-10-24,9.368623225900564,9.391928258800812,8.716082304693558,9.391928258800812,4669700.0
TPB,2022-10-25,9.182182962698562,9.624978587803314,8.99574269949656,9.391928258800812,13154600.0
TPB,2022-10-26,9.415233291701062,9.531758456202313,9.228793028499062,9.322013160100063,10303900.0
TPB,2022-10-27,9.298708127199813,9.788113818105066,9.252098061399312,9.788113818105066,4362200.0
TPB,2022-10-28,9.881333949706066,10.021164147107568,9.624978587803314,9.718198719404317,3274700.0
TPB,2022-10-31,9.788113818105066,9.788113818105066,9.461843357501564,9.648283620703564,2827900.0
TPB,2022-11-01,9.788113818105066,10.30082454191057,9.741503752304565,10.160994344509069,5884300.0
TPB,2022-11-02,10.160994344509069,10.48726480511257,10.044469180007818,10.044469180007818,4312500.0
TPB,2022-11-03,9.951249048406817,10.30082454191057,9.718198719404317,9.904638982606317,8909000.0
TPB,2022-11-04,9.788113818105066,9.927944015506567,9.228793028499062,9.927944015506567,7433300.0
TPB,2022-11-07,9.997859114207317,9.997859114207317,9.322013160100063,9.368623225900564,3364100.0
TPB,2022-11-08,9.182182962698562,9.648283620703564,9.088962831097561,9.555063489102563,7370700.0
TPB,2022-11-09,9.648283620703564,9.788113818105066,9.368623225900564,9.415233291701062,3049378.0
TPB,2022-11-10,9.345318193000313,9.368623225900564,8.855912502095059,9.275403094299561,2993600.0
TPB,2022-11-11,9.555063489102563,9.555063489102563,8.94913263369606,9.275403094299561,3738000.0
TPB,2022-11-14,9.088962831097561,9.205487995598812,8.87921753499531,9.182182962698562,18705600.0
TPB,2022-11-15,9.04235276529706,9.275403094299561,8.552947074391808,9.275403094299561,14060500.0
TPB,2022-11-16,8.73938733759381,9.788113818105066,8.669472238893059,9.718198719404317,5537900.0
TPB,2022-11-17,9.927944015506567,10.021164147107568,9.531758456202313,9.718198719404317,5229400.0
TPB,2022-11-18,9.601673554903066,9.741503752304565,9.391928258800812,9.601673554903066,7495900.0
TPB,2022-11-21,9.648283620703564,9.648283620703564,9.322013160100063,9.601673554903066,5759900.0
TPB,2022-11-22,9.555063489102563,9.881333949706066,9.391928258800812,9.624978587803314,5489300.0
TPB,2022-11-23,9.485148390401815,9.694893686504066,9.275403094299561,9.322013160100063,2889500.0
TPB,2022-11-24,9.368623225900564,9.438538324601314,8.94913263369606,9.322013160100063,4812700.0
TPB,2022-11-25,9.415233291701062,9.485148390401815,9.205487995598812,9.461843357501564,3035400.0
TPB,2022-11-28,9.555063489102563,9.927944015506567,9.345318193000313,9.788113818105066,14524489.0
TPB,2022-11-29,9.927944015506567,10.067774212908068,9.648283620703564,10.021164147107568,9286500.0
TPB,2022-11-30,10.114384278708568,10.48726480511257,9.718198719404317,10.25421447611007,12992800.0
TPB,2022-12-01,10.417349706411821,10.603789969613821,10.067774212908068,10.160994344509069,15159700.0
TPB,2022-12-02,10.021164147107568,10.627095002514071,9.881333949706066,10.627095002514071,8249700.0
TPB,2022-12-05,10.813535265716073,11.186415792120075,10.697010101214822,10.790230232815823,22969600.0
TPB,2022-12-06,10.720315134115072,10.790230232815823,10.067774212908068,10.067774212908068,11606200.0
TPB,2022-12-07,10.021164147107568,10.160994344509069,9.671588653603814,9.764808785204815,8893600.0
TPB,2022-12-08,9.951249048406817,10.44065473931207,9.694893686504066,10.25421447611007,20798800.0
TPB,2022-12-09,10.347434607711069,10.720315134115072,10.160994344509069,10.48726480511257,13932600.0
TPB,2022-12-12,10.603789969613821,10.813535265716073,10.394044673511571,10.673705068314572,14481000.0
TPB,2022-12-13,10.533874870913072,10.720315134115072,10.48726480511257,10.720315134115072,9694900.0
TPB,2022-12-14,10.906755397317072,10.906755397317072,10.533874870913072,10.627095002514071,15302800.0
TPB,2022-12-15,10.55717990381332,10.999975528918075,10.48726480511257,10.720315134115072,13100400.0
TPB,2022-12-16,10.603789969613821,10.976670496017825,10.48726480511257,10.720315134115072,4769000.0
TPB,2022-12-19,10.697010101214822,10.860145331516573,10.48726480511257,10.48726480511257,9729900.0
TPB,2022-12-20,10.46395977221232,10.46395977221232,9.904638982606317,10.25421447611007,12398700.0
TPB,2022-12-21,10.370739640611319,10.44065473931207,9.997859114207317,10.067774212908068,10263500.0
TPB,2022-12-22,10.207604410309568,10.48726480511257,10.067774212908068,10.417349706411821,6263900.0
TPB,2022-12-23,10.44065473931207,10.44065473931207,10.18429937740932,10.25421447611007,6730500.0
TPB,2022-12-26,10.18429937740932,10.30082454191057,9.601673554903066,9.788113818105066,8927060.0
TPB,2022-12-27,9.578368522002815,9.927944015506567,9.578368522002815,9.811418851005316,5896500.0
TPB,2022-12-28,9.811418851005316,9.997859114207317,9.624978587803314,9.974554081307067,7254200.0
TPB,2022-12-29,10.021164147107568,10.044469180007818,9.881333949706066,9.974554081307067,14802200.0
TPB,2022-12-30,10.044469180007818,10.044469180007818,9.811418851005316,9.811418851005316,3246000.0
TPB,2023-01-03,9.811418851005316,10.207604410309568,9.811418851005316,10.207604410309568,2332900.0
TPB,2023-01-04,10.324129574810819,10.417349706411821,10.091079245808317,10.25421447611007,4383100.0
TPB,2023-01-05,10.25421447611007,10.627095002514071,10.18429937740932,10.51056983801282,7503200.0
TPB,2023-01-06,10.51056983801282,10.766925199915573,10.394044673511571,10.48726480511257,5805800.0
TPB,2023-01-09,10.51056983801282,10.697010101214822,10.394044673511571,10.48726480511257,5456300.0
TPB,2023-01-10,10.627095002514071,10.627095002514071,10.394044673511571,10.48726480511257,9504600.0
TPB,2023-01-11,10.44065473931207,10.650400035414322,10.417349706411821,10.46395977221232,6429800.0
TPB,2023-01-12,10.533874870913072,10.533874870913072,10.370739640611319,10.44065473931207,3266900.0
TPB,2023-01-13,10.48726480511257,10.51056983801282,10.347434607711069,10.44065473931207,5305200.0
TPB,2023-01-16,10.44065473931207,10.48726480511257,10.25421447611007,10.25421447611007,8378600.0
TPB,2023-01-17,10.347434607711069,10.720315134115072,10.30082454191057,10.720315134115072,16765800.0
TPB,2023-01-18,10.743620167015322,11.093195660519076,10.743620167015322,10.999975528918075,10092300.0
TPB,2023-01-19,10.906755397317072,11.256330890820825,10.836840298616323,11.186415792120075,13448400.0
TPB,2023-01-27,11.326245989521576,11.559296318524078,11.186415792120075,11.419466121122577,12821500.0
TPB,2023-01-30,11.419466121122577,11.419466121122577,11.093195660519076,11.139805726319574,8922400.0
TPB,2023-01-31,11.163110759219824,11.652516450125079,10.930060430217324,11.652516450125079,16821100.0
TPB,2023-02-01,11.652516450125079,11.838956713327079,10.860145331516573,11.046585594718573,14496400.0
TPB,2023-02-02,11.093195660519076,11.233025857920577,10.953365463117574,11.139805726319574,8057700.0
TPB,2023-02-03,11.186415792120075,11.186415792120075,10.976670496017825,11.186415792120075,6602450.0
TPB,2023-02-06,11.093195660519076,11.279635923721075,11.069890627618825,11.233025857920577,4563500.0
TPB,2023-02-07,11.279635923721075,11.629211417224829,11.209720825020327,11.372856055322076,20700800.0
TPB,2023-02-08,11.605906384324577,11.605906384324577,11.372856055322076,11.466076186923077,6007800.0
TPB,2023-02-09,11.419466121122577,11.722431548825828,11.302940956621326,11.302940956621326,15896600.0
TPB,2023-02-10,11.302940956621326,11.419466121122577,10.976670496017825,10.976670496017825,10773100.0
TPB,2023-02-13,10.976670496017825,11.046585594718573,10.603789969613821,10.720315134115072,6111438.0
TPB,2023-02-14,10.906755397317072,10.999975528918075,10.860145331516573,10.953365463117574,9394800.0
TPB,2023-02-15,10.976670496017825,11.349551022421828,10.930060430217324,11.093195660519076,6781300.0
TPB,2023-02-16,11.139805726319574,11.186415792120075,11.023280561818323,11.186415792120075,3654400.0
TPB,2023-02-17,11.233025857920577,11.233025857920577,11.046585594718573,11.116500693419326,7511900.0
TPB,2023-02-20,11.116500693419326,11.466076186923077,11.093195660519076,11.466076186923077,8701300.0
TPB,2023-02-21,11.512686252723578,11.69912651592558,11.326245989521576,11.559296318524078,11404800.0
TPB,2023-02-22,11.419466121122577,11.466076186923077,10.976670496017825,10.976670496017825,4053900.0
TPB,2023-02-23,11.046585594718573,11.186415792120075,10.860145331516573,11.186415792120075,5338600.0
TPB,2023-02-24,11.186415792120075,11.279635923721075,10.953365463117574,10.953365463117574,2352900.0
TPB,2023-02-27,10.860145331516573,10.999975528918075,10.743620167015322,10.836840298616323,3119800.0
TPB,2023-02-28,10.906755397317072,10.999975528918075,10.860145331516573,10.860145331516573,2203100.0
TPB,2023-03-01,10.836840298616323,11.233025857920577,10.766925199915573,11.186415792120075,4259000.0
TPB,2023-03-02,11.186415792120075,11.279635923721075,11.093195660519076,11.093195660519076,2696900.0
TPB,2023-03-03,11.093195660519076,11.209720825020327,10.906755397317072,10.906755397317072,2869100.0
TPB,2023-03-06,10.999975528918075,11.163110759219824,10.930060430217324,10.930060430217324,2322000.0
TPB,2023-03-07,11.046585594718573,11.093195660519076,10.906755397317072,10.953365463117574,1778600.0
TPB,2023-03-08,10.906755397317072,11.186415792120075,10.860145331516573,11.163110759219824,5425591.0
TPB,2023-03-09,11.186415792120075,11.442771154022827,11.139805726319574,11.419466121122577,7712500.0
TPB,2023-03-10,11.279635923721075,11.396161088222327,11.139805726319574,11.186415792120075,2711500.0
TPB,2023-03-13,11.046585594718573,11.466076186923077,11.023280561818323,11.326245989521576,6635000.0
TPB,2023-03-14,11.396161088222327,11.396161088222327,11.116500693419326,11.279635923721075,6715100.0
TPB,2023-03-15,11.466076186923077,11.69912651592558,11.326245989521576,11.489381219823327,9040600.0
TPB,2023-03-16,11.442771154022827,11.605906384324577,11.349551022421828,11.489381219823327,4292800.0
TPB,2023-03-17,11.489381219823327,11.88556677912758,11.489381219823327,11.79234664752658,12056300.0
TPB,2023-03-20,11.792346647452003,11.792346647452003,11.171696823901899,11.171696823901899,4278800.0
TPB,2023-03-21,11.275138461160248,11.352719689104012,11.094115595958133,11.171696823901899,2205300.0
TPB,2023-03-22,11.223417642531071,11.456161326362361,11.223417642531071,11.275138461160248,3281600.0
TPB,2023-03-23,11.275138461160248,11.456161326362361,11.223417642531071,11.404440507733186,2586700.0
TPB,2023-03-24,11.404440507733186,11.48202173567695,11.326859279789423,11.378580098418599,6092900.0
TPB,2023-03-27,11.404440507733186,11.507882144991537,11.326859279789423,11.326859279789423,5101100.0
TPB,2023-03-28,11.378580098418599,11.48202173567695,11.300998870474837,11.300998870474837,7987700.0
TPB,2023-03-29,11.378580098418599,11.378580098418599,11.24927805184566,11.326859279789423,10260900.0
TPB,2023-03-30,11.378580098418599,11.48202173567695,11.326859279789423,11.456161326362361,4640800.0
TPB,2023-03-31,11.430300917047775,11.533742554306126,11.430300917047775,11.48202173567695,2386600.0
TPB,2023-04-03,11.637184191564476,11.792346647452003,11.507882144991537,11.766486238137414,8217100.0
TPB,2023-04-04,11.844067466081178,11.844067466081178,11.611323782249888,11.688905010193652,6197900.0
TPB,2023-04-05,11.71476541950824,11.766486238137414,11.533742554306126,11.740625828822827,7708700.0
TPB,2023-04-06,11.740625828822827,12.076811149912468,11.688905010193652,11.947509103339529,12330100.0
TPB,2023-04-07,11.844067466081178,12.05095074059788,11.81820705676659,11.947509103339529,4469000.0
TPB,2023-04-10,12.05095074059788,12.154392377856231,11.792346647452003,11.947509103339529,12756400.0
TPB,2023-04-11,11.869927875395765,12.025090331283293,11.71476541950824,11.947509103339529,4723300.0
TPB,2023-04-12,11.947509103339529,12.05095074059788,11.844067466081178,11.947509103339529,4644200.0
TPB,2023-04-13,12.102671559227055,12.102671559227055,11.947509103339529,11.999229921968704,8110900.0
TPB,2023-04-14,11.999229921968704,12.309554833743757,11.999229921968704,11.999229921968704,14925100.0
TPB,2023-04-17,11.999229921968704,11.999229921968704,11.792346647452003,11.895788284710353,1630000.0
TPB,2023-04-18,11.792346647452003,12.05095074059788,11.688905010193652,11.792346647452003,1700400.0
TPB,2023-04-19,11.792346647452003,11.895788284710353,11.559602963620714,11.559602963620714,1858000.0
TPB,2023-04-20,11.559602963620714,11.688905010193652,11.507882144991537,11.5854633729353,951600.0
TPB,2023-04-21,11.5854633729353,11.921648694024942,11.5854633729353,11.663044600879065,2818640.0
TPB,2023-04-24,11.637184191564476,11.921648694024942,11.637184191564476,11.81820705676659,4873400.0
TPB,2023-04-25,11.81820705676659,11.844067466081178,11.688905010193652,11.766486238137414,1385200.0
TPB,2023-04-26,11.71476541950824,11.973369512654116,11.637184191564476,11.895788284710353,4375100.0
TPB,2023-04-27,11.947509103339529,12.025090331283293,11.869927875395765,11.921648694024942,5334500.0
TPB,2023-04-28,11.921648694024942,12.309554833743757,11.895788284710353,12.309554833743757,8037300.0
TPB,2023-05-04,12.309554833743757,12.309554833743757,12.128531968541642,12.206113196485408,1873800.0
TPB,2023-05-05,12.154392377856231,12.25783401511458,11.921648694024942,12.076811149912468,6454500.0
TPB,2023-05-08,12.05095074059788,12.180252787170819,11.921648694024942,12.025090331283293,5033900.0
TPB,2023-05-09,12.025090331283293,12.25783401511458,12.025090331283293,12.180252787170819,5221000.0
TPB,2023-05-10,12.206113196485408,12.361275652372932,12.05095074059788,12.28369442442917,10307700.0
TPB,2023-05-11,12.309554833743757,12.335415243058346,12.102671559227055,12.206113196485408,2583101.0
TPB,2023-05-12,12.231973605799993,12.231973605799993,12.076811149912468,12.180252787170819,1785000.0
TPB,2023-05-15,12.206113196485408,12.51643810826046,12.154392377856231,12.361275652372932,10104401.0
TPB,2023-05-16,12.361275652372932,12.38713606168752,12.206113196485408,12.335415243058346,1726700.0
TPB,2023-05-17,12.361275652372932,12.38713606168752,12.025090331283293,12.025090331283293,1959500.0
TPB,2023-05-18,12.05095074059788,12.25783401511458,12.05095074059788,12.102671559227055,1495800.0
TPB,2023-05-19,12.206113196485408,12.206113196485408,11.999229921968704,12.128531968541642,4417100.0
TPB,2023-05-22,12.335415243058346,12.412996471002108,12.154392377856231,12.309554833743757,6070901.0
TPB,2023-05-23,12.25783401511458,12.464717289631285,12.25783401511458,12.25783401511458,4100800.0
TPB,2023-05-24,12.361275652372932,12.38713606168752,12.154392377856231,12.154392377856231,4343060.0
TPB,2023-05-25,12.206113196485408,12.25783401511458,12.05095074059788,12.102671559227055,5584800.0
TPB,2023-05-26,12.25783401511458,12.25783401511458,12.102671559227055,12.231973605799993,1359200.0
TPB,2023-05-29,12.38713606168752,12.645740154833398,12.25783401511458,12.568158926889634,8264100.0
TPB,2023-05-30,12.697460973462574,12.697460973462574,12.361275652372932,12.464717289631285,2890900.0
TPB,2023-05-31,12.645740154833398,13.033646294552213,12.542298517575047,12.930204657293862,11085500.0
TPB,2023-06-01,13.08536711318139,13.52499407152938,12.930204657293862,13.52499407152938,20239900.0
TPB,2023-06-02,13.318110797012679,13.887039801933609,13.318110797012679,13.602575299473143,13169200.0
TPB,2023-06-05,14.22322512302325,14.22322512302325,13.447412843585617,13.499133662214794,9632301.0
TPB,2023-06-06,13.499133662214794,13.628435708787732,13.214669159754328,13.343971206327266,10016600.0
TPB,2023-06-07,13.447412843585617,13.628435708787732,13.318110797012679,13.576714890158556,9330100.0
TPB,2023-06-08,13.628435708787732,13.628435708787732,13.240529569068915,13.240529569068915,11731801.0
TPB,2023-06-09,13.46216879314052,13.678139415490369,13.318188378240622,13.426173689415545,7729200.0
TPB,2023-06-12,13.498163896865496,13.498163896865496,13.138212859615749,13.246198170790672,4105800.0
TPB,2023-06-13,13.318188378240622,13.318188378240622,13.066222652165798,13.066222652165798,4059200.0
TPB,2023-06-14,13.102217755890774,13.282193274515647,13.066222652165798,13.066222652165798,4469300.0
TPB,2023-06-15,13.102217755890774,13.102217755890774,12.99423244471585,13.066222652165798,2761300.0
TPB,2023-06-16,13.066222652165798,13.246198170790672,13.066222652165798,13.102217755890774,5159900.0
TPB,2023-06-19,13.138212859615749,13.174207963340724,13.030227548440825,13.174207963340724,1542701.0
TPB,2023-06-20,13.174207963340724,13.210203067065699,13.066222652165798,13.138212859615749,3385700.0
TPB,2023-06-21,13.174207963340724,13.246198170790672,13.138212859615749,13.246198170790672,4232500.0
TPB,2023-06-22,13.390178585690572,13.498163896865496,13.246198170790672,13.246198170790672,5292600.0
TPB,2023-06-23,13.282193274515647,13.426173689415545,13.210203067065699,13.318188378240622,6148700.0
TPB,2023-06-26,13.354183481965597,13.426173689415545,13.138212859615749,13.282193274515647,7282300.0
TPB,2023-06-27,13.282193274515647,13.318188378240622,13.138212859615749,13.246198170790672,2754101.0
TPB,2023-06-28,13.246198170790672,13.282193274515647,13.174207963340724,13.282193274515647,21862900.0
TPB,2023-06-29,13.318188378240622,13.318188378240622,13.030227548440825,13.030227548440825,3935500.0
TPB,2023-06-30,13.030227548440825,13.066222652165798,12.958237340990875,12.958237340990875,2644201.0
TPB,2023-07-03,13.138212859615749,13.138212859615749,12.99423244471585,13.066222652165798,3748600.0
TPB,2023-07-04,13.102217755890774,13.138212859615749,13.030227548440825,13.066222652165798,2338300.0
TPB,2023-07-05,13.102217755890774,13.138212859615749,13.030227548440825,13.030227548440825,3935100.0
TPB,2023-07-06,13.030227548440825,13.102217755890774,12.958237340990875,13.102217755890774,4455200.0
TPB,2023-07-07,12.99423244471585,13.102217755890774,12.9222422372659,12.99423244471585,11427800.0
TPB,2023-07-10,13.030227548440825,13.138212859615749,12.958237340990875,13.102217755890774,5894902.0
TPB,2023-07-11,13.174207963340724,13.390178585690572,13.102217755890774,13.174207963340724,12994743.0
TPB,2023-07-12,13.246198170790672,13.246198170790672,13.066222652165798,13.066222652165798,13844900.0
TPB,2023-07-13,13.102217755890774,13.174207963340724,13.030227548440825,13.138212859615749,4729790.0
TPB,2023-07-14,13.138212859615749,13.174207963340724,12.99423244471585,13.066222652165798,4167601.0
TPB,2023-07-17,13.066222652165798,13.138212859615749,13.030227548440825,13.138212859615749,6428303.0
TPB,2023-07-18,13.138212859615749,13.642144311765394,13.102217755890774,13.642144311765394,24802601.0
TPB,2023-07-19,13.678139415490369,13.75012962294032,13.426173689415545,13.46216879314052,9348203.0
TPB,2023-07-20,13.46216879314052,13.53415900059047,13.246198170790672,13.53415900059047,11869246.0
TPB,2023-07-21,13.46216879314052,13.642144311765394,13.390178585690572,13.498163896865496,9215053.0
TPB,2023-07-24,13.46216879314052,13.53415900059047,13.282193274515647,13.426173689415545,7639482.0
TPB,2023-07-25,13.426173689415545,13.858114934115243,13.390178585690572,13.678139415490369,14403637.0
TPB,2023-07-26,13.678139415490369,13.678139415490369,13.46216879314052,13.53415900059047,6632443.0
TPB,2023-07-27,13.53415900059047,13.570154104315446,13.246198170790672,13.354183481965597,6699743.0
TPB,2023-07-28,13.318188378240622,13.53415900059047,13.282193274515647,13.46216879314052,7887760.0
TPB,2023-07-31,13.426173689415545,13.570154104315446,13.390178585690572,13.498163896865496,6147298.0
TPB,2023-08-01,13.53415900059047,13.858114934115243,13.498163896865496,13.53415900059047,17795368.0
TPB,2023-08-02,13.498163896865496,13.678139415490369,13.46216879314052,13.606149208040419,7533580.0
TPB,2023-08-03,13.606149208040419,13.678139415490369,13.246198170790672,13.282193274515647,6907262.0
TPB,2023-08-04,13.390178585690572,13.678139415490369,13.282193274515647,13.642144311765394,12307667.0
TPB,2023-08-07,13.678139415490369,14.00209534901514,13.642144311765394,13.894110037840218,21646169.0
TPB,2023-08-08,13.966100245290164,13.966100245290164,13.642144311765394,13.678139415490369,13232173.0
TPB,2023-08-09,13.714134519215344,13.75012962294032,13.498163896865496,13.570154104315446,7395690.0
TPB,2023-08-10,13.570154104315446,13.606149208040419,13.282193274515647,13.318188378240622,5798495.0
TPB,2023-08-11,13.354183481965597,13.426173689415545,13.138212859615749,13.426173689415545,5338086.0
TPB,2023-08-14,13.426173689415545,13.46216879314052,13.318188378240622,13.426173689415545,7595490.0
TPB,2023-08-15,13.46216879314052,13.78612472666529,13.354183481965597,13.678139415490369,12072107.0
TPB,2023-08-16,13.678139415490369,13.78612472666529,13.53415900059047,13.75012962294032,10294785.0
TPB,2023-08-17,13.75012962294032,13.78612472666529,13.53415900059047,13.570154104315446,6348868.0
TPB,2023-08-18,13.498163896865496,13.53415900059047,12.958237340990875,13.030227548440825,13063314.0
TPB,2023-08-21,13.174207963340724,13.390178585690572,12.99423244471585,13.318188378240622,9695179.0
TPB,2023-08-22,13.246198170790672,13.390178585690572,13.102217755890774,13.354183481965597,5643977.0
TPB,2023-08-23,13.426173689415545,13.426173689415545,13.210203067065699,13.318188378240622,14040418.0
TPB,2023-08-24,13.318188378240622,13.606149208040419,13.210203067065699,13.53415900059047,11567923.0
TPB,2023-08-25,13.46216879314052,13.570154104315446,13.390178585690572,13.570154104315446,11087012.0
TPB,2023-08-28,13.642144311765394,13.714134519215344,13.53415900059047,13.678139415490369,9466505.0
TPB,2023-08-29,13.678139415490369,13.75012962294032,13.570154104315446,13.678139415490369,11650305.0
TPB,2023-08-30,13.678139415490369,14.074085556465091,13.678139415490369,14.074085556465091,24142902.0
TPB,2023-08-31,14.146075763915038,14.182070867640013,13.930105141565193,14.110080660190066,5939504.0
TPB,2023-09-05,14.182070867640013,14.290056178814938,14.110080660190066,14.146075763915038,19227205.0
TPB,2023-09-06,14.146075763915038,14.218065971364988,13.78612472666529,14.218065971364988,11948109.0
TPB,2023-09-07,14.254061075089963,14.470031697439811,14.074085556465091,14.146075763915038,16379002.0
TPB,2023-09-08,14.146075763915038,14.182070867640013,13.966100245290164,13.966100245290164,6024308.0
TPB,2023-09-11,14.038090452740114,14.110080660190066,13.606149208040419,13.642144311765394,10329800.0
TPB,2023-09-12,13.642144311765394,13.822119830390267,13.53415900059047,13.822119830390267,12210800.0
TPB,2023-09-13,13.858114934115243,13.930105141565193,13.642144311765394,13.858114934115243,7253300.0
TPB,2023-09-14,13.858114934115243,14.038090452740114,13.678139415490369,13.678139415490369,8802300.0
TPB,2023-09-15,13.822119830390267,13.894110037840218,13.714134519215344,13.822119830390267,14282500.0
TPB,2023-09-18,13.822119830390267,13.822119830390267,13.53415900059047,13.642144311765394,5313201.0
TPB,2023-09-19,13.53415900059047,13.75012962294032,13.498163896865496,13.714134519215344,8463008.0
TPB,2023-09-20,13.642144311765394,14.110080660190066,13.570154104315446,14.038090452740114,17095664.0
TPB,2023-09-21,14.038090452740114,14.074085556465091,13.714134519215344,13.714134519215344,7969986.0
TPB,2023-09-22,13.570154104315446,13.642144311765394,13.210203067065699,13.354183481965597,8917426.0
TPB,2023-09-25,13.354183481965597,13.46216879314052,12.958237340990875,12.958237340990875,10675821.0
TPB,2023-09-26,12.958237340990875,13.138212859615749,12.742266718641027,12.742266718641027,7202130.0
TPB,2023-09-27,12.742266718641027,12.850252029815952,12.526296096291178,12.814256926090977,9338816.0
TPB,2023-09-28,12.814256926090977,13.030227548440825,12.418310785116256,12.99423244471585,6388211.0
TPB,2023-09-29,12.99423244471585,13.030227548440825,12.814256926090977,12.850252029815952,4069223.0
TPB,2023-10-02,12.850252029815952,12.886247133540925,12.598286303741128,12.598286303741128,7603122.0
TPB,2023-10-03,12.526296096291178,12.526296096291178,12.022364644141534,12.022364644141534,7810602.0
TPB,2023-10-04,11.878384229241636,12.238335266491383,11.878384229241636,11.950374436691586,13261500.0
TPB,2023-10-05,12.166345059041433,12.166345059041433,11.878384229241636,11.914379332966611,3336200.0
TPB,2023-10-06,11.914379332966611,12.13034995531646,11.878384229241636,12.094354851591484,4441500.0
TPB,2023-10-09,12.094354851591484,12.274330370216358,12.022364644141534,12.13034995531646,19186301.0
TPB,2023-10-10,12.238335266491383,12.238335266491383,12.05835974786651,12.05835974786651,4293100.0
TPB,2023-10-11,12.094354851591484,12.13034995531646,11.98636954041656,12.05835974786651,4637900.0
TPB,2023-10-12,12.13034995531646,12.382315681391281,12.05835974786651,12.382315681391281,5222800.0
TPB,2023-10-13,12.238335266491383,12.490300992566207,12.202340162766408,12.418310785116256,7508503.0
TPB,2023-10-16,12.382315681391281,12.382315681391281,12.05835974786651,12.094354851591484,4724902.0
TPB,2023-10-17,12.094354851591484,12.202340162766408,11.878384229241636,11.878384229241636,3429202.0
TPB,2023-10-18,11.914379332966611,11.950374436691586,11.482438088266914,11.698408710616762,9962800.0
TPB,2023-10-19,11.698408710616762,11.734403814341738,11.554428295716864,11.626418503166812,2472901.0
TPB,2023-10-20,11.590423399441839,11.914379332966611,11.590423399441839,11.878384229241636,2685900.0
TPB,2023-10-23,11.878384229241636,12.05835974786651,11.770398918066713,11.842389125516661,6245201.0
TPB,2023-10-24,11.878384229241636,12.13034995531646,11.842389125516661,12.094354851591484,4260802.0
TPB,2023-10-25,12.094354851591484,12.166345059041433,11.950374436691586,12.05835974786651,4184700.0
TPB,2023-10-26,11.806394021791686,11.950374436691586,11.266467465917067,11.518433191991889,6938901.0
TPB,2023-10-27,11.518433191991889,11.734403814341738,11.44644298454194,11.662413606891787,2254000.0
TPB,2023-10-30,11.662413606891787,11.770398918066713,11.518433191991889,11.518433191991889,8316501.0
TPB,2023-10-31,11.590423399441839,11.590423399441839,11.37445277709199,11.37445277709199,2935201.0
TPB,2023-11-01,11.482438088266914,11.482438088266914,11.230472362192092,11.37445277709199,3308401.0
TPB,2023-11-02,11.554428295716864,12.022364644141534,11.554428295716864,11.806394021791686,7603800.0
TPB,2023-11-03,11.950374436691586,11.98636954041656,11.554428295716864,11.554428295716864,5785600.0
TPB,2023-11-06,11.842389125516661,12.05835974786651,11.662413606891787,11.950374436691586,9526558.0
TPB,2023-11-07,11.878384229241636,12.05835974786651,11.842389125516661,11.914379332966611,5593300.0
TPB,2023-11-08,11.914379332966611,12.598286303741128,11.878384229241636,12.418310785116256,10010201.0
TPB,2023-11-09,12.490300992566207,12.562291200016153,12.274330370216358,12.310325473941333,5483600.0
TPB,2023-11-10,12.238335266491383,12.454305888841231,12.166345059041433,12.238335266491383,5916200.0
TPB,2023-11-13,12.238335266491383,12.418310785116256,12.166345059041433,12.418310785116256,5153300.0
TPB,2023-11-14,12.598286303741128,12.850252029815952,12.418310785116256,12.526296096291178,12503701.0
TPB,2023-11-15,12.562291200016153,12.886247133540925,12.526296096291178,12.742266718641027,9764000.0
TPB,2023-11-16,12.67027651119108,12.67027651119108,12.418310785116256,12.598286303741128,5719100.0
TPB,2023-11-17,12.598286303741128,12.706271614916052,12.166345059041433,12.238335266491383,7432101.0
TPB,2023-11-20,12.022364644141534,12.526296096291178,11.98636954041656,12.382315681391281,8008577.0
TPB,2023-11-21,12.382315681391281,12.526296096291178,12.238335266491383,12.274330370216358,7665500.0
TPB,2023-11-22,12.274330370216358,12.382315681391281,12.238335266491383,12.310325473941333,2304201.0
TPB,2023-11-23,12.382315681391281,12.526296096291178,12.238335266491383,12.238335266491383,6954701.0
TPB,2023-11-24,12.274330370216358,12.274330370216358,12.05835974786651,12.238335266491383,3548100.0
TPB,2023-11-27,12.202340162766408,12.238335266491383,11.98636954041656,11.98636954041656,3113700.0
TPB,2023-11-28,11.98636954041656,12.13034995531646,11.878384229241636,12.05835974786651,3155600.0
TPB,2023-11-29,12.05835974786651,12.202340162766408,12.022364644141534,12.13034995531646,2466900.0
TPB,2023-11-30,12.05835974786651,12.310325473941333,12.05835974786651,12.238335266491383,11576600.0
TPB,2023-12-01,12.274330370216358,12.346320577666305,12.13034995531646,12.310325473941333,10676800.0
TPB,2023-12-04,12.346320577666305,12.562291200016153,12.310325473941333,12.382315681391281,11159100.0
TPB,2023-12-05,12.418310785116256,12.418310785116256,12.274330370216358,12.274330370216358,4489600.0
TPB,2023-12-06,12.310325473941333,12.67027651119108,12.274330370216358,12.562291200016153,17002600.0
TPB,2023-12-07,12.598286303741128,12.67027651119108,12.418310785116256,12.634281407466105,15077101.0
TPB,2023-12-08,12.598286303741128,12.742266718641027,12.526296096291178,12.562291200016153,5176002.0
TPB,2023-12-11,12.562291200016153,12.634281407466105,12.490300992566207,12.490300992566207,7640200.0
TPB,2023-12-12,12.526296096291178,12.562291200016153,12.418310785116256,12.490300992566207,2415200.0
TPB,2023-12-13,12.526296096291178,12.526296096291178,12.238335266491383,12.238335266491383,4894002.0
TPB,2023-12-14,12.310325473941333,12.382315681391281,12.13034995531646,12.166345059041433,3328300.0
TPB,2023-12-15,12.238335266491383,12.274330370216358,12.13034995531646,12.202340162766408,3379900.0
TPB,2023-12-18,12.166345059041433,12.238335266491383,12.05835974786651,12.166345059041433,4626300.0
TPB,2023-12-19,12.094354851591484,12.238335266491383,12.05835974786651,12.238335266491383,4228400.0
TPB,2023-12-20,12.166345059041433,12.238335266491383,12.13034995531646,12.166345059041433,8924600.0
TPB,2023-12-21,12.166345059041433,12.166345059041433,12.022364644141534,12.166345059041433,8226801.0
TPB,2023-12-22,12.166345059041433,12.202340162766408,12.05835974786651,12.166345059041433,2372900.0
TPB,2023-12-25,12.166345059041433,12.310325473941333,12.166345059041433,12.274330370216358,2546800.0
TPB,2023-12-26,12.310325473941333,12.310325473941333,12.202340162766408,12.238335266491383,2299300.0
TPB,2023-12-27,12.238335266491383,12.490300992566207,12.238335266491383,12.490300992566207,5355700.0
TPB,2023-12-28,12.454305888841231,12.490300992566207,12.346320577666305,12.454305888841231,4159200.0
TPB,2023-12-29,12.526296096291178,12.562291200016153,12.418310785116256,12.526296096291178,5816299.0
TPB,2024-01-02,12.562291200016153,12.598286303741128,12.418310785116256,12.454305888841231,6970701.0
TPB,2024-01-03,12.418310785116256,12.562291200016153,12.310325473941333,12.562291200016153,8835200.0
TPB,2024-01-04,12.598286303741128,13.102217755890774,12.526296096291178,12.886247133540925,30598000.0
TPB,2024-01-05,12.886247133540925,13.066222652165798,12.778261822366002,12.958237340990875,11024500.0
TPB,2024-01-08,13.102217755890774,13.102217755890774,12.814256926090977,12.9222422372659,22562200.0
TPB,2024-01-09,12.958237340990875,12.99423244471585,12.742266718641027,12.778261822366002,12203800.0
TPB,2024-01-10,12.814256926090977,13.390178585690572,12.778261822366002,13.318188378240622,31926600.0
TPB,2024-01-11,13.318188378240622,13.678139415490369,13.210203067065699,13.318188378240622,18614600.0
TPB,2024-01-12,13.210203067065699,13.53415900059047,13.066222652165798,13.354183481965597,19799600.0
TPB,2024-01-15,13.498163896865496,13.53415900059047,13.174207963340724,13.174207963340724,14406102.0
TPB,2024-01-16,13.102217755890774,13.390178585690572,13.102217755890774,13.390178585690572,9333300.0
TPB,2024-01-17,13.354183481965597,13.46216879314052,13.210203067065699,13.210203067065699,7453000.0
TPB,2024-01-18,13.210203067065699,13.282193274515647,13.102217755890774,13.282193274515647,5369001.0
TPB,2024-01-19,13.282193274515647,13.426173689415545,13.246198170790672,13.390178585690572,5649500.0
TPB,2024-01-22,13.390178585690572,13.46216879314052,13.282193274515647,13.426173689415545,8796900.0
TPB,2024-01-23,13.426173689415545,13.53415900059047,13.318188378240622,13.390178585690572,9420200.0
TPB,2024-01-24,13.354183481965597,13.354183481965597,13.138212859615749,13.174207963340724,10312000.0
TPB,2024-01-25,13.174207963340724,13.174207963340724,13.066222652165798,13.066222652165798,6330100.0
TPB,2024-01-26,13.102217755890774,13.318188378240622,13.066222652165798,13.174207963340724,3898400.0
TPB,2024-01-29,13.174207963340724,13.246198170790672,13.066222652165798,13.066222652165798,3947502.0
TPB,2024-01-30,13.066222652165798,13.282193274515647,13.066222652165798,13.174207963340724,10766600.0
TPB,2024-01-31,13.282193274515647,13.282193274515647,12.814256926090977,12.850252029815952,11250136.0
TPB,2024-02-01,12.850252029815952,12.99423244471585,12.814256926090977,12.850252029815952,5055900.0
TPB,2024-02-02,12.886247133540925,12.9222422372659,12.598286303741128,12.598286303741128,9172100.0
TPB,2024-02-05,12.598286303741128,13.138212859615749,12.598286303741128,13.066222652165798,29367100.0
TPB,2024-02-06,13.138212859615749,13.210203067065699,13.030227548440825,13.030227548440825,10611100.0
TPB,2024-02-07,13.030227548440825,13.390178585690572,13.030227548440825,13.318188378240622,14675200.0
TPB,2024-02-15,13.426173689415545,13.78612472666529,13.390178585690572,13.570154104315446,25897301.0
TPB,2024-02-16,13.606149208040419,13.714134519215344,13.53415900059047,13.606149208040419,14361001.0
TPB,2024-02-19,13.606149208040419,13.642144311765394,13.426173689415545,13.53415900059047,8878702.0
TPB,2024-02-20,13.498163896865496,13.570154104315446,13.426173689415545,13.498163896865496,9312600.0
TPB,2024-02-21,13.498163896865496,14.038090452740114,13.354183481965597,14.038090452740114,32812400.0
TPB,2024-02-22,14.038090452740114,14.218065971364988,13.822119830390267,14.074085556465091,16407702.0
TPB,2024-02-23,14.110080660190066,14.470031697439811,13.75012962294032,13.75012962294032,43600000.0
TPB,2024-02-26,13.714134519215344,13.894110037840218,13.642144311765394,13.78612472666529,8401000.0
TPB,2024-02-27,13.78612472666529,13.894110037840218,13.570154104315446,13.78612472666529,15468600.0
TPB,2024-02-28,13.858114934115243,14.398041489989861,13.75012962294032,14.398041489989861,25599801.0
TPB,2024-02-29,14.398041489989861,14.578017008614735,14.182070867640013,14.290056178814938,30155901.0
TPB,2024-03-01,14.290056178814938,14.362046386264886,14.074085556465091,14.290056178814938,14443792.0
TPB,2024-03-04,14.326051282539911,14.362046386264886,14.038090452740114,14.110080660190066,20833204.0
TPB,2024-03-05,14.110080660190066,14.110080660190066,13.894110037840218,13.966100245290164,19605509.0
TPB,2024-03-06,13.966100245290164,14.146075763915038,13.75012962294032,13.822119830390267,11654301.0
TPB,2024-03-07,13.930105141565193,13.930105141565193,13.78612472666529,13.858114934115243,9134900.0
TPB,2024-03-08,13.858114934115243,13.894110037840218,13.390178585690572,13.390178585690572,22061000.0
TPB,2024-03-11,13.354183481965597,13.53415900059047,13.246198170790672,13.318188378240622,13621505.0
TPB,2024-03-12,13.318188378240622,13.46216879314052,13.282193274515647,13.318188378240622,7979802.0
TPB,2024-03-13,13.318188378240622,13.678139415490369,13.282193274515647,13.678139415490369,7637400.0
TPB,2024-03-14,13.678139415490369,13.714134519215344,13.390178585690572,13.498163896865496,7674301.0
TPB,2024-03-15,13.46216879314052,13.678139415490369,13.282193274515647,13.53415900059047,9497702.0
TPB,2024-03-18,13.678139415490369,13.678139415490369,12.742266718641027,13.174207963340724,13698801.0
TPB,2024-03-19,13.174207963340724,13.246198170790672,13.102217755890774,13.102217755890774,8366347.0
TPB,2024-03-20,13.102217755890774,13.498163896865496,12.9222422372659,13.390178585690572,19003001.0
TPB,2024-03-21,13.53415900059047,13.570154104315446,13.318188378240622,13.498163896865496,9348501.0
TPB,2024-03-22,13.53415900059047,13.858114934115243,13.426173689415545,13.498163896865496,18131500.0
TPB,2024-03-25,13.53415900059047,13.858114934115243,13.46216879314052,13.678139415490369,18888100.0
TPB,2024-03-26,13.678139415490369,13.822119830390267,13.606149208040419,13.78612472666529,10873500.0
TPB,2024-03-27,13.822119830390267,13.858114934115243,13.678139415490369,13.822119830390267,6134200.0
TPB,2024-03-28,13.966100245290164,14.038090452740114,13.678139415490369,13.75012962294032,10132800.0
TPB,2024-03-29,13.822119830390267,13.822119830390267,13.678139415490369,13.75012962294032,5907301.0
TPB,2024-04-01,13.678139415490369,13.714134519215344,13.426173689415545,13.498163896865496,14517501.0
TPB,2024-04-02,13.426173689415545,13.570154104315446,13.174207963340724,13.570154104315446,10457500.0
TPB,2024-04-03,13.53415900059047,13.53415900059047,13.282193274515647,13.318188378240622,12751802.0
TPB,2024-04-04,13.318188378240622,13.354183481965597,13.174207963340724,13.246198170790672,11405700.0
TPB,2024-04-05,13.102217755890774,13.210203067065699,13.030227548440825,13.102217755890774,9729700.0
TPB,2024-04-08,13.102217755890774,13.390178585690572,13.030227548440825,13.138212859615749,11665800.0
TPB,2024-04-09,13.210203067065699,13.390178585690572,13.066222652165798,13.390178585690572,4445600.0
TPB,2024-04-10,13.426173689415545,13.426173689415545,13.210203067065699,13.210203067065699,4267500.0
TPB,2024-04-11,13.030227548440825,13.210203067065699,13.030227548440825,13.210203067065699,6870000.0
TPB,2024-04-12,13.210203067065699,13.46216879314052,13.138212859615749,13.46216879314052,10980100.0
TPB,2024-04-15,13.282193274515647,13.426173689415545,12.598286303741128,12.598286303741128,16148001.0
TPB,2024-04-16,12.598286303741128,12.778261822366002,12.238335266491383,12.67027651119108,16793400.0
TPB,2024-04-17,12.742266718641027,12.742266718641027,12.238335266491383,12.238335266491383,6196500.0
TPB,2024-04-19,12.202340162766408,12.310325473941333,11.806394021791686,11.950374436691586,8460401.0
TPB,2024-04-22,12.238335266491383,12.634281407466105,12.094354851591484,12.598286303741128,19980996.0
TPB,2024-04-23,12.526296096291178,12.67027651119108,12.346320577666305,12.418310785116256,6323700.0
TPB,2024-04-24,12.634281407466105,12.958237340990875,12.598286303741128,12.958237340990875,11888100.0
TPB,2024-04-25,12.9222422372659,12.958237340990875,12.742266718641027,12.9222422372659,4944201.0
TPB,2024-04-26,12.706271614916052,12.9222422372659,12.706271614916052,12.886247133540925,3090800.0
TPB,2024-05-02,12.886247133540925,12.9222422372659,12.706271614916052,12.706271614916052,1761501.0
TPB,2024-05-03,12.778261822366002,12.886247133540925,12.598286303741128,12.598286303741128,7855100.0
TPB,2024-05-06,12.742266718641027,12.886247133540925,12.67027651119108,12.814256926090977,4036603.0
TPB,2024-05-07,12.850252029815952,12.850252029815952,12.67027651119108,12.778261822366002,2573501.0
TPB,2024-05-08,12.742266718641027,12.814256926090977,12.634281407466105,12.778261822366002,4167202.0
TPB,2024-05-09,12.814256926090977,13.246198170790672,12.742266718641027,13.066222652165798,15535602.0
TPB,2024-05-10,13.102217755890774,13.174207963340724,12.958237340990875,13.030227548440825,8319000.0
TPB,2024-05-13,13.030227548440825,13.210203067065699,12.886247133540925,12.958237340990875,7692600.0
TPB,2024-05-14,12.99423244471585,13.102217755890774,12.886247133540925,12.958237340990875,6135801.0
TPB,2024-05-15,13.102217755890774,13.102217755890774,12.886247133540925,12.9222422372659,10493000.0
TPB,2024-05-16,13.102217755890774,13.246198170790672,12.958237340990875,13.210203067065699,9637601.0
TPB,2024-05-17,13.246198170790672,13.426173689415545,13.138212859615749,13.246198170790672,12133500.0
TPB,2024-05-20,13.246198170790672,13.390178585690572,13.246198170790672,13.282193274515647,14311500.0
TPB,2024-05-21,13.318188378240622,13.318188378240622,13.102217755890774,13.210203067065699,4448700.0
TPB,2024-05-22,13.246198170790672,13.282193274515647,13.030227548440825,13.066222652165798,6154000.0
TPB,2024-05-23,13.066222652165798,13.174207963340724,12.99423244471585,13.174207963340724,5960500.0
TPB,2024-05-24,12.958237340990875,13.210203067065699,12.67027651119108,12.778261822366002,15598300.0
TPB,2024-05-27,12.778261822366002,12.886247133540925,12.634281407466105,12.742266718641027,7460100.0
TPB,2024-05-28,12.814256926090977,12.886247133540925,12.742266718641027,12.850252029815952,4456602.0
TPB,2024-05-29,12.886247133540925,12.886247133540925,12.742266718641027,12.742266718641027,4679700.0
TPB,2024-05-30,12.742266718641027,12.778261822366002,12.598286303741128,12.742266718641027,6358402.0
TPB,2024-05-31,12.742266718641027,12.814256926090977,12.634281407466105,12.706271614916052,3886000.0
TPB,2024-06-03,12.778261822366002,13.210203067065699,12.742266718641027,12.99423244471585,12042301.0
TPB,2024-06-04,13.066222652165798,13.102217755890774,12.958237340990875,12.99423244471585,6423400.0
TPB,2024-06-05,12.99423244471585,13.066222652165798,12.9222422372659,12.958237340990875,4055200.0
TPB,2024-06-06,12.958237340990875,13.210203067065699,12.9222422372659,13.138212859615749,8447800.0
TPB,2024-06-07,13.174207963340724,13.246198170790672,13.030227548440825,13.030227548440825,3579300.0
TPB,2024-06-10,13.138212859615749,13.390178585690572,13.102217755890774,13.210203067065699,13946800.0
TPB,2024-06-11,13.246198170790672,13.318188378240622,13.066222652165798,13.102217755890774,4545700.0
TPB,2024-06-12,13.102217755890774,13.318188378240622,13.066222652165798,13.282193274515647,6745501.0
TPB,2024-06-13,13.318188378240622,13.75012962294032,13.282193274515647,13.678139415490369,43999801.0
TPB,2024-06-14,13.678139415490369,13.75012962294032,13.426173689415545,13.426173689415545,11910200.0
TPB,2024-06-17,13.46216879314052,13.46216879314052,13.246198170790672,13.354183481965597,9223002.0
TPB,2024-06-18,13.498163896865496,13.498163896865496,13.318188378240622,13.390178585690572,7922300.0
TPB,2024-06-19,13.46216879314052,13.498163896865496,13.246198170790672,13.354183481965597,8452000.0
TPB,2024-06-20,13.539144471692078,13.539144471692078,13.317191283631551,13.50215227368199,8930202.0
TPB,2024-06-21,13.428167877661814,13.576136669702166,13.35418348164164,13.391175679651727,7475406.0
TPB,2024-06-24,13.35418348164164,13.391175679651727,12.873284907510499,12.873284907510499,9992603.0
TPB,2024-06-25,12.984261501540763,13.021253699550853,12.873284907510499,12.984261501540763,4193101.0
TPB,2024-06-26,12.947269303530675,12.984261501540763,12.799300511490326,12.984261501540763,6852702.0
TPB,2024-06-27,12.910277105520587,12.984261501540763,12.836292709500414,12.910277105520587,2868300.0
TPB,2024-06-28,12.762308313480236,12.947269303530675,12.651331719449976,12.725316115470148,5476605.0
TPB,2024-07-01,12.725316115470148,12.836292709500414,12.68832391746006,12.836292709500414,2303004.0
TPB,2024-07-02,12.836292709500414,13.021253699550853,12.836292709500414,12.910277105520587,2731302.0
TPB,2024-07-03,12.947269303530675,13.095238095571025,12.910277105520587,12.984261501540763,3468303.0
TPB,2024-07-04,13.021253699550853,13.169222491591201,12.984261501540763,13.058245897560937,4743502.0
TPB,2024-07-05,13.058245897560937,13.095238095571025,12.910277105520587,13.095238095571025,2551701.0
TPB,2024-07-08,13.095238095571025,13.35418348164164,13.095238095571025,13.132230293581113,12782902.0
TPB,2024-07-09,13.132230293581113,13.317191283631551,13.095238095571025,13.243206887611375,7756600.0
TPB,2024-07-10,13.317191283631551,13.317191283631551,13.021253699550853,13.206214689601289,4927401.0
TPB,2024-07-11,13.243206887611375,13.35418348164164,13.132230293581113,13.243206887611375,9595200.0
TPB,2024-07-12,13.243206887611375,13.317191283631551,13.169222491591201,13.280199085621463,4261329.0
TPB,2024-07-15,13.280199085621463,13.317191283631551,13.021253699550853,13.058245897560937,2938515.0
TPB,2024-07-16,13.095238095571025,13.35418348164164,13.095238095571025,13.206214689601289,4740205.0
TPB,2024-07-17,13.206214689601289,13.539144471692078,13.095238095571025,13.206214689601289,10965703.0
TPB,2024-07-18,13.280199085621463,13.317191283631551,13.095238095571025,13.317191283631551,4112231.0
TPB,2024-07-19,13.317191283631551,13.724105461742516,13.243206887611375,13.613128867712252,42887007.0
TPB,2024-07-22,13.613128867712252,13.983050847813129,13.539144471692078,13.761097659752604,32697708.0
TPB,2024-07-23,13.79808985776269,13.835082055772778,12.799300511490326,13.132230293581113,14187909.0
TPB,2024-07-24,13.058245897560937,13.391175679651727,12.947269303530675,13.280199085621463,16209202.0
TPB,2024-07-25,13.095238095571025,13.317191283631551,13.095238095571025,13.169222491591201,7531020.0
TPB,2024-07-26,13.243206887611375,13.317191283631551,13.169222491591201,13.206214689601289,5556106.0
TPB,2024-07-29,13.317191283631551,13.539144471692078,13.280199085621463,13.391175679651727,13236203.0
TPB,2024-07-30,13.391175679651727,13.465160075671902,13.169222491591201,13.317191283631551,5119103.0
TPB,2024-07-31,13.35418348164164,13.724105461742516,13.317191283631551,13.428167877661814,21618015.0
TPB,2024-08-01,13.465160075671902,13.50215227368199,12.947269303530675,13.095238095571025,14776803.0
TPB,2024-08-02,12.947269303530675,13.132230293581113,12.836292709500414,13.132230293581113,12207101.0
TPB,2024-08-05,12.799300511490326,12.984261501540763,12.42937853138945,12.42937853138945,18427903.0
TPB,2024-08-06,12.614339521439888,12.947269303530675,12.466370729399538,12.836292709500414,10542703.0
TPB,2024-08-07,12.836292709500414,13.021253699550853,12.577347323429798,12.614339521439888,14139412.0
TPB,2024-08-08,12.614339521439888,12.725316115470148,12.466370729399538,12.503362927409622,6124711.0
TPB,2024-08-09,12.725316115470148,12.836292709500414,12.577347323429798,12.651331719449976,13229005.0
TPB,2024-08-12,12.651331719449976,12.799300511490326,12.577347323429798,12.762308313480236,5002491.0
TPB,2024-08-13,12.762308313480236,12.947269303530675,12.68832391746006,12.762308313480236,7202004.0
TPB,2024-08-14,12.836292709500414,12.836292709500414,12.725316115470148,12.725316115470148,2720105.0
TPB,2024-08-15,12.725316115470148,12.799300511490326,12.651331719449976,12.651331719449976,3772101.0
TPB,2024-08-16,12.68832391746006,12.984261501540763,12.68832391746006,12.947269303530675,8172703.0
TPB,2024-08-19,12.947269303530675,13.058245897560937,12.836292709500414,12.947269303530675,8330107.0
TPB,2024-08-20,12.947269303530675,13.095238095571025,12.947269303530675,12.984261501540763,8885503.0
TPB,2024-08-21,12.984261501540763,13.243206887611375,12.947269303530675,13.243206887611375,16790104.0
TPB,2024-08-22,13.317191283631551,13.465160075671902,13.243206887611375,13.317191283631551,7985004.0
TPB,2024-08-23,13.317191283631551,13.317191283631551,13.095238095571025,13.243206887611375,8048012.0
TPB,2024-08-26,13.243206887611375,13.465160075671902,13.169222491591201,13.169222491591201,11809408.0
TPB,2024-08-27,13.169222491591201,13.243206887611375,13.095238095571025,13.132230293581113,4463807.0
TPB,2024-08-28,13.169222491591201,13.317191283631551,13.095238095571025,13.132230293581113,8033608.0
TPB,2024-08-29,13.132230293581113,13.35418348164164,13.132230293581113,13.206214689601289,7339303.0
TPB,2024-08-30,13.206214689601289,13.317191283631551,13.169222491591201,13.243206887611375,6996806.0
TPB,2024-09-04,13.021253699550853,13.132230293581113,12.947269303530675,13.058245897560937,7585403.0
TPB,2024-09-05,13.132230293581113,13.169222491591201,12.984261501540763,13.021253699550853,4837202.0
TPB,2024-09-06,13.058245897560937,13.243206887611375,12.984261501540763,13.095238095571025,7407102.0
TPB,2024-09-09,13.058245897560937,13.132230293581113,12.984261501540763,13.021253699550853,3032808.0
TPB,2024-09-10,13.095238095571025,13.35418348164164,13.095238095571025,13.169222491591201,16886001.0
TPB,2024-09-11,13.243206887611375,13.280199085621463,13.095238095571025,13.206214689601289,3935401.0
TPB,2024-09-12,13.317191283631551,13.576136669702166,13.243206887611375,13.428167877661814,28878901.0
TPB,2024-09-13,13.465160075671902,13.50215227368199,13.35418348164164,13.428167877661814,6112702.0
TPB,2024-09-16,13.428167877661814,13.576136669702166,13.243206887611375,13.317191283631551,20931250.0
TPB,2024-09-17,13.317191283631551,13.428167877661814,13.243206887611375,13.428167877661814,4889121.0
TPB,2024-09-18,13.50215227368199,13.613128867712252,13.35418348164164,13.50215227368199,15982800.0
TPB,2024-09-19,13.539144471692078,13.687113263732428,13.50215227368199,13.50215227368199,15224500.0
TPB,2024-09-20,13.576136669702166,13.687113263732428,13.35418348164164,13.391175679651727,24874503.0
TPB,2024-09-23,13.583535109304183,13.849878934976813,13.539144471692076,13.539144471692076,11929901.0
TPB,2024-09-24,13.583535109304183,13.672316384528392,13.450363196467867,13.672316384528392,5340600.0
TPB,2024-09-25,13.761097659752602,13.894269572588918,13.716707022140497,13.849878934976813,14998002.0
TPB,2024-09-26,13.938660210201022,14.78208232483102,13.805488297364708,14.78208232483102,65280602.0
TPB,2024-09-27,15.092816788115757,15.270379338564178,14.737691687218916,15.004035512891546,60281901.0
TPB,2024-09-30,15.004035512891546,15.492332526624702,14.959644875279443,15.270379338564178,41162002.0
TPB,2024-10-01,15.270379338564178,15.447941889012597,15.048426150503651,15.181598063339969,30044702.0
TPB,2024-10-02,15.314769976176283,15.62550443946102,15.137207425727864,15.53672316423681,33118600.0
TPB,2024-10-03,15.62550443946102,16.06941081558207,15.403551251400495,15.53672316423681,51532500.0
TPB,2024-10-04,15.714285714685229,15.714285714685229,15.270379338564178,15.314769976176283,20462400.0
TPB,2024-10-07,15.492332526624702,15.62550443946102,15.314769976176283,15.53672316423681,16722300.0
TPB,2024-10-08,15.714285714685229,16.06941081558207,15.581113801848915,15.581113801848915,32029800.0
TPB,2024-10-09,15.62550443946102,15.714285714685229,15.447941889012597,15.62550443946102,15086313.0
TPB,2024-10-10,15.803066989909441,16.025020177969967,15.447941889012597,15.492332526624702,34599801.0
TPB,2024-10-11,15.492332526624702,15.53672316423681,15.314769976176283,15.53672316423681,13142403.0
TPB,2024-10-14,15.62550443946102,15.714285714685229,15.403551251400495,15.492332526624702,13954903.0
TPB,2024-10-15,15.62550443946102,15.803066989909441,15.447941889012597,15.492332526624702,15190200.0
TPB,2024-10-16,15.447941889012597,15.581113801848915,15.403551251400495,15.53672316423681,8606303.0
TPB,2024-10-17,15.581113801848915,15.936238902745755,15.359160613788388,15.89184826513365,22478604.0
TPB,2024-10-18,15.98062954035786,16.06941081558207,15.758676352297336,15.803066989909441,29518078.0
TPB,2024-10-21,15.669895077073123,15.803066989909441,15.53672316423681,15.53672316423681,13365322.0
TPB,2024-10-22,15.447941889012597,15.803066989909441,15.22598870095207,15.359160613788388,31041233.0
TPB,2024-10-23,15.403551251400495,15.758676352297336,15.270379338564178,15.669895077073123,23864463.0
TPB,2024-10-24,15.758676352297336,15.847457627521546,15.137207425727864,15.137207425727864,18317619.0
TPB,2024-10-25,15.22598870095207,15.359160613788388,15.092816788115757,15.137207425727864,16901524.0
TPB,2024-10-28,15.137207425727864,15.270379338564178,15.137207425727864,15.270379338564178,7919631.0
TPB,2024-10-29,15.314769976176283,15.403551251400495,15.181598063339969,15.181598063339969,10622420.0
TPB,2024-10-30,15.22598870095207,15.314769976176283,15.092816788115757,15.314769976176283,11117820.0
TPB,2024-10-31,15.22598870095207,15.581113801848915,15.137207425727864,15.359160613788388,19905822.0
TPB,2024-11-01,15.270379338564178,15.359160613788388,15.137207425727864,15.137207425727864,13064001.0
TPB,2024-11-04,15.137207425727864,15.181598063339969,14.648910411994706,14.693301049606811,34160386.0
TPB,2024-11-05,14.693301049606811,14.826472962443125,14.648910411994706,14.693301049606811,15478302.0
TPB,2024-11-06,14.826472962443125,15.137207425727864,14.693301049606811,15.048426150503651,12387402.0
TPB,2024-11-07,15.137207425727864,15.137207425727864,14.870863600055232,14.915254237667337,6857030.0
TPB,2024-11-08,15.004035512891546,15.004035512891546,14.693301049606811,14.78208232483102,9265239.0
TPB,2024-11-11,14.737691687218916,14.78208232483102,14.205004035873653,14.382566586322074,40249613.0
TPB,2024-11-12,14.471347861546285,14.471347861546285,14.24939467348576,14.293785311097865,9873115.0
TPB,2024-11-13,14.24939467348576,14.382566586322074,13.938660210201022,14.338175948709969,17558909.0
TPB,2024-11-14,14.24939467348576,14.471347861546285,13.983050847813129,13.983050847813129,11372209.0
TPB,2024-11-15,13.849878934976813,13.983050847813129,13.761097659752602,13.849878934976813,16470409.0
TPB,2024-11-18,13.849878934976813,14.293785311097865,13.805488297364708,14.205004035873653,16934106.0
TPB,2024-11-19,14.160613398261548,14.24939467348576,14.027441485425234,14.027441485425234,9959403.0
TPB,2024-11-20,13.938660210201022,14.515738499158392,13.938660210201022,14.24939467348576,11825303.0
TPB,2024-11-21,14.338175948709969,14.42695722393418,14.24939467348576,14.42695722393418,6087203.0
TPB,2024-11-22,14.382566586322074,14.471347861546285,14.293785311097865,14.293785311097865,7276402.0
TPB,2024-11-25,14.338175948709969,14.42695722393418,14.24939467348576,14.338175948709969,5428500.0
TPB,2024-11-26,14.338175948709969,14.560129136770493,14.338175948709969,14.338175948709969,7843100.0
TPB,2024-11-27,14.338175948709969,14.471347861546285,14.293785311097865,14.338175948709969,6167601.0
TPB,2024-11-28,14.42695722393418,14.648910411994706,14.382566586322074,14.42695722393418,11416302.0
TPB,2024-11-29,14.42695722393418,14.515738499158392,14.382566586322074,14.382566586322074,5324201.0
TPB,2024-12-02,14.515738499158392,14.6045197743826,14.293785311097865,14.293785311097865,6965306.0
TPB,2024-12-03,14.338175948709969,14.382566586322074,14.205004035873653,14.205004035873653,7003700.0
TPB,2024-12-04,14.24939467348576,14.24939467348576,14.027441485425234,14.027441485425234,8010905.0
TPB,2024-12-05,14.071832123037337,14.6045197743826,13.983050847813129,14.6045197743826,12187503.0
TPB,2024-12-06,14.648910411994706,14.648910411994706,14.42695722393418,14.42695722393418,9875301.0
TPB,2024-12-09,14.515738499158392,14.648910411994706,14.42695722393418,14.560129136770493,8710502.0
TPB,2024-12-10,14.560129136770493,14.648910411994706,14.515738499158392,14.515738499158392,4979300.0
TPB,2024-12-11,14.560129136770493,14.648910411994706,14.382566586322074,14.471347861546285,6912901.0
TPB,2024-12-12,14.515738499158392,14.78208232483102,14.42695722393418,14.515738499158392,17357404.0
TPB,2024-12-13,14.515738499158392,14.6045197743826,14.42695722393418,14.42695722393418,5035604.0
TPB,2024-12-16,14.42695722393418,14.560129136770493,14.338175948709969,14.382566586322074,16400602.0
TPB,2024-12-17,14.382566586322074,14.471347861546285,14.338175948709969,14.382566586322074,4740402.0
TPB,2024-12-18,14.382566586322074,14.471347861546285,14.293785311097865,14.42695722393418,6405701.0
TPB,2024-12-19,14.24939467348576,14.338175948709969,14.160613398261548,14.205004035873653,11235403.0
TPB,2024-12-20,14.24939467348576,14.24939467348576,14.116222760649444,14.116222760649444,5572801.0
TPB,2024-12-23,14.338175948709969,14.382566586322074,14.205004035873653,14.24939467348576,7722108.0
TPB,2024-12-24,14.24939467348576,14.338175948709969,14.205004035873653,14.24939467348576,7449200.0
TPB,2024-12-25,14.293785311097865,14.959644875279443,14.24939467348576,14.560129136770493,16040602.0
TPB,2024-12-26,14.515738499158392,14.737691687218916,14.515738499158392,14.693301049606811,8942501.0
TPB,2024-12-27,14.737691687218916,15.137207425727864,14.693301049606811,14.870863600055232,27796401.0
TPB,2024-12-30,14.915254237667337,15.004035512891546,14.648910411994706,14.78208232483102,6760608.0
TPB,2024-12-31,14.78208232483102,14.915254237667337,14.648910411994706,14.78208232483102,7930003.0
TPB,2025-01-02,14.826472962443125,14.826472962443125,14.560129136770493,14.693301049606811,5149608.0
TPB,2025-01-03,14.648910411994706,14.693301049606811,14.382566586322074,14.382566586322074,10057205.0
TPB,2025-01-06,14.382566586322074,14.471347861546285,14.205004035873653,14.24939467348576,7769804.0
TPB,2025-01-07,14.293785311097865,14.42695722393418,14.24939467348576,14.293785311097865,5784503.0
TPB,2025-01-08,14.42695722393418,14.515738499158392,14.338175948709969,14.382566586322074,4666606.0
TPB,2025-01-09,14.471347861546285,14.471347861546285,14.24939467348576,14.293785311097865,4448701.0
TPB,2025-01-10,14.293785311097865,14.42695722393418,14.071832123037337,14.116222760649444,8367401.0
TPB,2025-01-13,14.027441485425234,14.24939467348576,13.938660210201022,14.116222760649444,6936805.0
TPB,2025-01-14,14.116222760649444,14.24939467348576,14.071832123037337,14.116222760649444,3547501.0
TPB,2025-01-15,14.205004035873653,14.293785311097865,14.116222760649444,14.205004035873653,5990503.0
TPB,2025-01-16,14.293785311097865,14.382566586322074,14.205004035873653,14.24939467348576,6277100.0
TPB,2025-01-17,14.24939467348576,14.382566586322074,14.205004035873653,14.338175948709969,5197801.0
TPB,2025-01-20,14.42695722393418,14.6045197743826,14.382566586322074,14.560129136770493,6956100.0
TPB,2025-01-21,14.648910411994706,14.648910411994706,14.382566586322074,14.382566586322074,5493500.0
TPB,2025-01-22,14.471347861546285,14.471347861546285,14.293785311097865,14.293785311097865,5321701.0
TPB,2025-01-23,14.42695722393418,14.560129136770493,14.293785311097865,14.515738499158392,6459900.0
TPB,2025-01-24,14.471347861546285,14.648910411994706,14.471347861546285,14.6045197743826,8382701.0
TPB,2025-02-03,14.560129136770493,14.560129136770493,14.293785311097865,14.338175948709969,8872102.0
TPB,2025-02-04,14.42695722393418,14.737691687218916,14.338175948709969,14.693301049606811,10979000.0
TPB,2025-02-05,14.737691687218916,14.826472962443125,14.6045197743826,14.737691687218916,9206804.0
TPB,2025-02-06,14.826472962443125,15.004035512891546,14.648910411994706,14.693301049606811,9614907.0
TPB,2025-02-07,14.78208232483102,14.915254237667337,14.6045197743826,14.693301049606811,11050905.0
TPB,2025-02-10,14.648910411994706,14.959644875279443,14.515738499158392,14.870863600055232,17700208.0
TPB,2025-02-11,14.870863600055232,15.270379338564178,14.870863600055232,15.092816788115757,42514003.0
TPB,2025-02-12,15.181598063339969,15.181598063339969,14.915254237667337,14.959644875279443,7638404.0
TPB,2025-02-13,14.959644875279443,15.048426150503651,14.870863600055232,15.004035512891546,10449004.0
TPB,2025-02-14,15.092816788115757,15.22598870095207,15.004035512891546,15.004035512891546,9816600.0
TPB,2025-02-17,15.004035512891546,15.092816788115757,14.915254237667337,14.959644875279443,8921240.0
TPB,2025-02-18,14.959644875279443,15.137207425727864,14.915254237667337,15.004035512891546,9227105.0
TPB,2025-02-19,15.048426150503651,15.092816788115757,14.959644875279443,15.092816788115757,8589205.0
TPB,2025-02-20,15.092816788115757,15.314769976176283,15.048426150503651,15.181598063339969,17107501.0
TPB,2025-02-21,15.22598870095207,15.22598870095207,15.004035512891546,15.092816788115757,11808804.0
TPB,2025-02-24,15.092816788115757,15.22598870095207,15.004035512891546,15.137207425727864,12868208.0
TPB,2025-02-25,15.22598870095207,15.22598870095207,15.004035512891546,15.048426150503651,15529902.0
TPB,2025-02-26,15.181598063339969,15.181598063339969,15.004035512891546,15.048426150503651,13056217.0
TPB,2025-02-27,15.092816788115757,15.137207425727864,14.915254237667337,15.004035512891546,18440305.0
TPB,2025-02-28,14.959644875279443,15.004035512891546,14.826472962443125,14.826472962443125,20436101.0
TPB,2025-03-03,14.560129136770493,14.6045197743826,14.293785311097865,14.382566586322074,62232602.0
TPB,2025-03-04,14.382566586322074,14.515738499158392,14.293785311097865,14.382566586322074,20875802.0
TPB,2025-03-05,14.42695722393418,14.560129136770493,14.293785311097865,14.293785311097865,15091100.0
TPB,2025-03-06,14.293785311097865,14.42695722393418,14.24939467348576,14.382566586322074,17481604.0
TPB,2025-03-07,14.382566586322074,14.6045197743826,14.382566586322074,14.515738499158392,19355401.0
TPB,2025-03-10,14.515738499158392,14.6045197743826,14.382566586322074,14.382566586322074,12081103.0
TPB,2025-03-11,14.293785311097865,14.42695722393418,14.24939467348576,14.42695722393418,9815604.0
TPB,2025-03-12,14.42695722393418,14.471347861546285,14.293785311097865,14.338175948709969,8865405.0
TPB,2025-03-13,14.338175948709969,14.382566586322074,14.24939467348576,14.24939467348576,10329303.0
TPB,2025-03-14,14.24939467348576,14.338175948709969,14.205004035873653,14.293785311097865,10218602.0
TPB,2025-03-17,14.338175948709969,14.6045197743826,14.24939467348576,14.515738499158392,14948803.0
TPB,2025-03-18,14.560129136770493,14.560129136770493,14.382566586322074,14.42695722393418,5575004.0
TPB,2025-03-19,14.42695722393418,14.471347861546285,14.205004035873653,14.24939467348576,18268700.0
TPB,2025-03-20,14.24939467348576,14.293785311097865,13.317191283631551,13.49475383407997,82476702.0
TPB,2025-03-21,13.317191283631551,13.49475383407997,12.96206618273471,13.095238095571025,38645001.0
TPB,2025-03-24,13.05084745795892,13.272800646019444,12.828894269898393,12.873284907510499,29368602.0
TPB,2025-03-25,12.917675545122604,13.317191283631551,12.917675545122604,13.13962873318313,21987500.0
TPB,2025-03-26,13.13962873318313,13.184019370795236,12.828894269898393,12.873284907510499,18695400.0
TPB,2025-03-27,12.873284907510499,12.96206618273471,12.606941081837867,12.69572235706208,19905703.0
TPB,2025-03-28,12.740112994674183,12.784503632286288,12.606941081837867,12.606941081837867,11719501.0
TPB,2025-03-31,12.606941081837867,12.873284907510499,12.606941081837867,12.69572235706208,12374805.0
TPB,2025-04-01,12.784503632286288,12.828894269898393,12.651331719449972,12.69572235706208,7914207.0
TPB,2025-04-02,12.69572235706208,12.784503632286288,12.606941081837867,12.651331719449972,12239803.0
TPB,2025-04-03,11.896690880044185,12.429378531389448,11.807909604819976,11.807909604819976,52529102.0
TPB,2025-04-04,11.008878127802083,11.497175141535237,11.008878127802083,11.319612591086818,45857000.0
TPB,2025-04-08,11.008878127802083,11.097659403026292,10.56497175168103,10.56497175168103,34617708.0
TPB,2025-04-09,9.854721549887348,11.053268765414186,9.854721549887348,10.38740920123261,35273403.0
TPB,2025-04-10,11.097659403026292,11.097659403026292,11.097659403026292,11.097659403026292,1277805.0
TPB,2025-04-11,11.85230024243208,11.85230024243208,11.319612591086818,11.719128329595764,26108300.0
TPB,2025-04-14,11.763518967207869,11.807909604819976,11.497175141535237,11.58595641675945,13386501.0
TPB,2025-04-15,11.58595641675945,11.630347054371553,11.319612591086818,11.364003228698923,18688200.0
TPB,2025-04-16,11.319612591086818,11.541565779147344,11.319612591086818,11.497175141535237,9195702.0
TPB,2025-04-17,11.452784503923134,11.630347054371553,11.408393866311028,11.630347054371553,9430302.0
TPB,2025-04-18,11.630347054371553,11.85230024243208,11.630347054371553,11.719128329595764,12414901.0
TPB,2025-04-21,11.985472155268395,12.207425343328921,11.896690880044185,12.0298627928805,17736101.0
TPB,2025-04-22,11.896690880044185,12.0298627928805,11.541565779147344,11.896690880044185,24952602.0
TPB,2025-04-23,12.163034705716816,12.163034705716816,11.94108151765629,11.985472155268395,8547801.0
TPB,2025-04-24,12.0298627928805,12.074253430492606,11.85230024243208,11.94108151765629,7604701.0
TPB,2025-04-25,12.0298627928805,12.074253430492606,11.896690880044185,11.896690880044185,16038801.0
TPB,2025-04-28,12.074253430492606,12.074253430492606,11.896690880044185,11.985472155268395,8453303.0
TPB,2025-04-29,12.0298627928805,12.118644068104711,11.985472155268395,12.074253430492606,7037501.0
TPB,2025-05-05,12.163034705716816,12.207425343328921,12.0298627928805,12.074253430492606,4493804.0
TPB,2025-05-06,11.985472155268395,12.38498789377734,11.985472155268395,12.251815980941027,14692900.0
TPB,2025-05-07,12.429378531389448,12.429378531389448,12.251815980941027,12.340597256165237,12153500.0
TPB,2025-05-08,12.429378531389448,12.562550444225764,12.38498789377734,12.473769169001553,17146100.0
TPB,2025-05-09,12.606941081837867,12.606941081837867,12.429378531389448,12.473769169001553,22052400.0
TPB,2025-05-12,12.562550444225764,13.13962873318313,12.518159806613657,13.095238095571025,34278302.0
TPB,2025-05-13,13.285714285714285,13.285714285714285,12.857142857142856,12.95238095238095,18602703.0
TPB,2025-05-14,13.0,13.142857142857142,12.95238095238095,13.142857142857142,14763501.0
TPB,2025-05-15,13.142857142857142,13.238095238095237,12.904761904761905,13.095238095238095,14236201.0
TPB,2025-05-16,13.047619047619046,13.095238095238095,12.904761904761905,12.95238095238095,8585600.0
TPB,2025-05-19,12.857142857142856,12.904761904761905,12.761904761904761,12.809523809523808,9325600.0
TPB,2025-05-20,12.809523809523808,12.904761904761905,12.714285714285714,12.857142857142856,10472800.0
TPB,2025-05-21,12.857142857142856,13.095238095238095,12.809523809523808,12.857142857142856,16201200.0
TPB,2025-05-22,12.809523809523808,12.857142857142856,12.619047619047619,12.666666666666666,16260500.0
TPB,2025-05-23,12.666666666666666,12.714285714285714,12.523809523809524,12.619047619047619,13025504.0
TPB,2025-05-26,12.666666666666666,12.761904761904761,12.38095238095238,12.714285714285714,9088306.0
TPB,2025-05-27,12.714285714285714,12.809523809523808,12.38095238095238,12.714285714285714,11358501.0
TPB,2025-05-28,12.761904761904761,12.857142857142856,12.666666666666666,12.714285714285714,8508801.0
TPB,2025-05-29,12.761904761904761,12.809523809523808,12.714285714285714,12.761904761904761,7026200.0
TPB,2025-05-30,12.761904761904761,12.809523809523808,12.57142857142857,12.619047619047619,7899801.0
TPB,2025-06-02,12.285714285714285,12.523809523809524,12.142857142857142,12.476190476190474,22237905.0
TPB,2025-06-03,12.523809523809524,12.666666666666666,12.523809523809524,12.619047619047619,7580603.0
TPB,2025-06-04,12.619047619047619,12.666666666666666,12.476190476190474,12.476190476190474,9413602.0
TPB,2025-06-05,12.57142857142857,12.57142857142857,12.476190476190474,12.523809523809524,4778705.0
TPB,2025-06-06,12.523809523809524,12.57142857142857,12.428571428571429,12.476190476190474,6755002.0
TPB,2025-06-09,12.476190476190474,12.523809523809524,12.38095238095238,12.428571428571429,6810203.0
TPB,2025-06-10,12.428571428571429,12.523809523809524,12.38095238095238,12.428571428571429,4591706.0
TPB,2025-06-11,12.476190476190474,12.714285714285714,12.428571428571429,12.619047619047619,16464305.0
TPB,2025-06-12,12.619047619047619,12.714285714285714,12.57142857142857,12.666666666666666,7342103.0
TPB,2025-06-13,12.57142857142857,12.666666666666666,12.476190476190474,12.57142857142857,15361503.0
TPB,2025-06-16,12.57142857142857,12.714285714285714,12.523809523809524,12.666666666666666,8624303.0
TPB,2025-06-17,12.761904761904761,13.047619047619046,12.714285714285714,12.857142857142856,15758102.0
TPB,2025-06-18,12.904761904761905,12.904761904761905,12.714285714285714,12.761904761904761,5248201.0
TPB,2025-06-19,12.761904761904761,12.857142857142856,12.714285714285714,12.761904761904761,4779801.0
TPB,2025-06-20,12.714285714285714,12.857142857142856,12.666666666666666,12.714285714285714,6952301.0
TPB,2025-06-23,12.57142857142857,12.666666666666666,12.523809523809524,12.666666666666666,7194207.0
TPB,2025-06-24,12.761904761904761,12.761904761904761,12.619047619047619,12.619047619047619,6949302.0
TPB,2025-06-25,12.666666666666666,12.857142857142856,12.619047619047619,12.761904761904761,11605602.0
TPB,2025-06-26,12.761904761904761,12.809523809523808,12.666666666666666,12.714285714285714,5718001.0
TPB,2025-06-27,12.761904761904761,12.809523809523808,12.666666666666666,12.761904761904761,8293802.0
TPB,2025-06-30,12.809523809523808,12.904761904761905,12.761904761904761,12.809523809523808,12750806.0
TPB,2025-07-01,12.904761904761905,12.95238095238095,12.809523809523808,12.904761904761905,13297303.0
TPB,2025-07-02,12.904761904761905,13.0,12.857142857142856,12.95238095238095,11526201.0
TPB,2025-07-03,13.0,13.285714285714285,12.904761904761905,13.095238095238095,27462560.0
TPB,2025-07-04,13.142857142857142,13.238095238095237,13.095238095238095,13.095238095238095,10473100.0
TPB,2025-07-07,13.095238095238095,13.523809523809522,13.095238095238095,13.476190476190476,26300605.0
TPB,2025-07-08,13.285714285714285,13.476190476190476,13.238095238095237,13.333333333333332,32540400.0
TPB,2025-07-09,13.428571428571427,14.238095238095237,13.380952380952381,14.19047619047619,64835802.0
TPB,2025-07-10,14.285714285714285,14.333333333333334,13.999999999999998,14.142857142857142,17093800.0
TPB,2025-07-11,14.142857142857142,14.428571428571429,14.047619047619047,14.142857142857142,27321200.0
TPB,2025-07-14,14.142857142857142,14.19047619047619,13.857142857142858,14.19047619047619,32960003.0
TPB,2025-07-15,14.238095238095237,14.38095238095238,14.047619047619047,14.047619047619047,21682401.0
TPB,2025-07-16,13.999999999999998,14.19047619047619,13.999999999999998,14.19047619047619,18111901.0
TPB,2025-07-17,14.285714285714285,14.428571428571429,14.095238095238095,14.19047619047619,21292101.0
TPB,2025-07-18,14.238095238095237,14.619047619047619,14.142857142857142,14.38095238095238,26979601.0
TPB,2025-07-21,14.523809523809524,14.571428571428571,14.333333333333334,14.38095238095238,21259300.0
TPB,2025-07-22,14.333333333333334,14.714285714285714,14.142857142857142,14.571428571428571,30616988.0
TPB,2025-07-23,14.714285714285714,14.80952380952381,14.523809523809524,14.666666666666666,29550982.0
TPB,2025-07-24,14.666666666666666,15.142857142857142,14.666666666666666,14.857142857142856,28826902.0
TPB,2025-07-25,15.0,15.047619047619047,14.761904761904761,14.857142857142856,23916200.0
TPB,2025-07-28,14.904761904761905,15.714285714285714,14.857142857142856,15.666666666666666,42094401.0
TPB,2025-07-29,15.80952380952381,15.80952380952381,14.571428571428571,14.571428571428571,48783303.0
TPB,2025-07-30,14.666666666666666,15.238095238095237,14.571428571428571,15.142857142857142,28965799.0
TPB,2025-07-31,15.285714285714286,15.333333333333334,14.714285714285714,14.95238095238095,19584201.0
TPB,2025-08-01,14.95238095238095,15.0,14.619047619047619,14.95238095238095,21634501.0
TPB,2025-08-04,14.761904761904761,15.952380952380953,14.761904761904761,15.952380952380953,58230502.0
TPB,2025-08-05,16.619047619047617,17.047619047619044,16.047619047619047,16.761904761904763,101148703.0
TPB,2025-08-06,17.238095238095237,17.904761904761905,16.952380952380953,17.333333333333332,52729600.0
TPB,2025-08-07,17.476190476190478,18.523809523809522,17.142857142857142,18.523809523809522,75384605.0
TPB,2025-08-08,18.80952380952381,19.142857142857142,18.19047619047619,18.42857142857143,43594800.0
TPB,2025-08-11,18.476190476190474,18.76190476190476,17.952380952380953,18.61904761904762,61776301.0
TPB,2025-08-12,18.76190476190476,18.857142857142858,18.047619047619047,18.285714285714285,42623401.0
TPB,2025-08-13,18.285714285714285,18.57142857142857,17.666666666666668,18.238095238095237,44570301.0
TPB,2025-08-14,18.238095238095237,19.380952380952383,18.238095238095237,18.857142857142858,71835801.0
TPB,2025-08-15,19.095238095238095,19.095238095238095,18.285714285714285,18.57142857142857,44703504.0
TPB,2025-08-18,18.57142857142857,19.61904761904762,18.333333333333332,19.19047619047619,50781002.0
TPB,2025-08-19,19.333333333333332,20.238095238095237,19.19047619047619,20.238095238095237,70595805.0
TPB,2025-08-20,20.476190476190474,20.523809523809522,18.857142857142858,19.666666666666664,58556903.0
TPB,2025-08-21,20.0,21.0,19.666666666666664,21.0,115719701.0
TPB,2025-08-22,20.952380952380953,21.714285714285715,19.571428571428573,20.571428571428573,80694300.0
TPB,2025-08-25,20.571428571428573,20.761904761904763,19.142857142857142,19.142857142857142,59687202.0
TPB,2025-08-26,18.57142857142857,20.047619047619047,18.38095238095238,19.952380952380953,49728803.0
TPB,2025-08-27,20.285714285714285,20.619047619047617,19.095238095238095,19.238095238095237,54262501.0
TPB,2025-08-28,19.523809523809522,20.0,19.19047619047619,19.80952380952381,39142601.0
TPB,2025-08-29,20.0,20.38095238095238,19.666666666666664,19.9047619047619,47735902.0
TPB,2025-09-03,19.952380952380953,20.142857142857142,19.71428571428571,20.047619047619047,27520509.0
TPB,2025-09-04,20.333333333333332,20.666666666666664,20.047619047619047,20.476190476190474,37932805.0
TPB,2025-09-05,20.571428571428573,20.80952380952381,19.61904761904762,19.61904761904762,47125001.0
TPB,2025-09-08,19.238095238095237,19.571428571428573,18.42857142857143,18.42857142857143,54255203.0
TPB,2025-09-09,18.523809523809522,18.666666666666668,18.142857142857142,18.523809523809522,22337802.0
TPB,2025-09-10,18.61904761904762,18.80952380952381,18.19047619047619,18.285714285714285,20204200.0
TPB,2025-09-11,18.238095238095237,18.76190476190476,17.523809523809522,18.71428571428571,33258100.0
TPB,2025-09-12,18.857142857142858,18.857142857142858,18.42857142857143,18.57142857142857,13552301.0
TPB,2025-09-15,18.61904761904762,18.95238095238095,18.523809523809522,18.857142857142858,13096007.0
TPB,2025-09-16,19.0,19.095238095238095,18.57142857142857,18.71428571428571,14881101.0
TPB,2025-09-17,18.71428571428571,18.76190476190476,18.38095238095238,18.38095238095238,10738103.0
TPB,2025-09-18,18.38095238095238,18.523809523809522,17.809523809523807,17.952380952380953,19366302.0
TPB,2025-09-19,17.999999999999996,18.238095238095237,17.714285714285715,17.714285714285715,12254000.0
TPB,2025-09-22,17.809523809523807,18.095238095238095,17.333333333333332,18.095238095238095,20761204.0
TPB,2025-09-23,18.047619047619047,18.285714285714285,17.857142857142858,18.285714285714285,13562803.0
TPB,2025-09-24,18.238095238095237,18.71428571428571,17.76190476190476,18.71428571428571,29866300.0
TPB,2025-09-25,18.71428571428571,18.76190476190476,18.42857142857143,18.476190476190474,20796203.0
TPB,2025-09-26,18.42857142857143,18.523809523809522,17.904761904761905,17.904761904761905,13399500.0
TPB,2025-09-29,17.904761904761905,18.19047619047619,17.76190476190476,17.952380952380953,7329401.0
TPB,2025-09-30,17.999999999999996,18.095238095238095,17.523809523809522,17.952380952380953,11779602.0
TPB,2025-10-01,17.952380952380953,18.61904761904762,17.904761904761905,18.38095238095238,19780100.0
TPB,2025-10-02,18.38095238095238,18.61904761904762,17.904761904761905,17.904761904761905,11176400.0
TPB,2025-10-03,17.809523809523807,17.999999999999996,17.666666666666668,17.809523809523807,9148300.0
TPB,2025-10-06,18.142857142857142,19.0,17.904761904761905,18.904761904761905,31142500.0
TPB,2025-10-07,19.0,19.0,18.42857142857143,18.42857142857143,12580201.0
TPB,2025-10-08,18.76190476190476,18.76190476190476,18.19047619047619,18.523809523809522,21783802.0
TPB,2025-10-09,18.61904761904762,19.095238095238095,18.476190476190474,19.047619047619047,43295402.0
TPB,2025-10-10,19.142857142857142,19.19047619047619,18.61904761904762,18.666666666666668,23938701.0
TPB,2025-10-13,18.38095238095238,18.61904761904762,18.333333333333332,18.523809523809522,18298800.0
TPB,2025-10-14,18.57142857142857,18.857142857142858,18.142857142857142,18.285714285714285,41097904.0
TPB,2025-10-15,18.285714285714285,18.904761904761905,18.285714285714285,18.76190476190476,29325103.0
TPB,2025-10-16,18.904761904761905,18.904761904761905,18.57142857142857,18.80952380952381,17601803.0
TPB,2025-10-17,18.80952380952381,18.857142857142858,18.285714285714285,18.333333333333332,18700200.0
TPB,2025-10-20,18.333333333333332,18.333333333333332,17.095238095238095,17.095238095238095,26339100.0
TPB,2025-10-21,16.952380952380953,17.523809523809522,16.19047619047619,17.333333333333332,23292002.0
TPB,2025-10-22,17.476190476190478,17.523809523809522,16.714285714285715,17.285714285714285,8153402.0
TPB,2025-10-23,17.333333333333332,17.38095238095238,16.952380952380953,16.952380952380953,9146101.0
TPB,2025-10-24,17.0,17.095238095238095,16.619047619047617,17.047619047619044,10405103.0
TPB,2025-10-27,17.142857142857142,17.19047619047619,16.714285714285715,16.714285714285715,7504400.0
TPB,2025-10-28,16.666666666666664,17.095238095238095,16.619047619047617,17.095238095238095,8995802.0
TPB,2025-10-29,17.142857142857142,17.523809523809522,17.047619047619044,17.285714285714285,11134103.0
TPB,2025-10-30,17.5,17.5,17.15,17.15,5633501.0
TPB,2025-10-31,17.1,17.3,16.65,16.65,8998603.0
TPB,2025-11-03,16.8,17.3,16.65,16.65,20592706.0
TPB,2025-11-04,16.65,17.45,16.55,17.25,16470600.0
TPB,2025-11-05,17.2,17.25,16.85,16.9,4660000.0
TPB,2025-11-06,16.9,17.15,16.75,16.9,4174704.0
TPB,2025-11-07,16.8,16.95,16.35,16.5,8560702.0
TPB,2025-11-10,16.5,16.8,16.45,16.5,5423201.0
TPB,2025-11-11,16.55,16.9,16.45,16.9,4332601.0
TPB,2025-11-12,16.9,17.3,16.75,17.3,10837703.0
TPB,2025-11-13,17.2,17.25,16.95,16.95,4898502.0
TPB,2025-11-14,16.95,17.0,16.8,16.95,4315301.0
TPB,2025-11-17,17.0,17.2,16.9,17.15,4700500.0
TPB,2025-11-18,17.15,17.6,17.1,17.6,13307100.0
TPB,2025-11-19,17.6,17.6,17.15,17.15,5309002.0
TPB,2025-11-20,17.2,17.3,17.0,17.25,4211000.0
TPB,2025-11-21,17.05,17.25,16.85,17.25,5447601.0
TPB,2025-11-24,17.25,17.3,17.0,17.25,6698002.0
TPB,2025-11-25,17.1,17.25,16.85,16.95,7240000.0
TPB,2025-11-26,16.9,17.45,16.9,17.4,7945102.0
TPB,2025-11-27,17.4,17.8,17.3,17.35,9047800.0
TPB,2025-11-28,17.35,17.4,17.0,17.3,3772500.0
TPB,2025-12-01,17.2,17.25,17.0,17.0,8367400.0
TPB,2025-12-02,17.0,17.15,16.85,17.1,6543900.0
TPB,2025-12-03,17.15,17.65,17.15,17.35,17179000.0
TPB,2025-12-04,17.35,17.65,17.35,17.6,16295000.0
TPB,2025-12-05,17.7,17.75,17.25,17.4,7624600.0
TPB,2025-12-08,17.35,17.45,17.15,17.2,4425100.0
TPB,2025-12-09,17.15,17.25,16.7,16.9,16834200.0
TPB,2025-12-10,16.9,17.1,16.9,16.9,3193101.0
TPB,2025-12-11,16.95,17.05,16.75,16.8,6568300.0
TPB,2025-12-12,16.8,16.9,16.35,16.35,9135901.0
TPB,2025-12-15,16.3,16.5,16.25,16.35,7333703.0
TPB,2025-12-16,16.35,16.8,15.9,16.8,10785401.0
TPB,2025-12-17,16.7,16.9,16.5,16.5,10272400.0
TPB,2025-12-18,16.5,16.7,16.45,16.7,3477100.0
TPB,2025-12-19,16.75,16.85,16.65,16.85,3947500.0
TPB,2025-12-22,16.95,17.4,16.8,17.3,12593001.0
TPB,2025-12-23,17.4,17.65,16.95,17.35,12036601.0
TPB,2025-12-24,17.35,17.6,17.1,17.4,7993920.0
TPB,2025-12-25,17.45,17.55,17.0,17.0,6278500.0
TPB,2025-12-26,16.9,17.15,16.6,16.95,7715420.0
TPB,2025-12-29,17.0,17.15,16.9,16.9,6787801.0
TPB,2025-12-30,17.0,17.3,16.95,17.15,9442820.0
TPB,2025-12-31,17.25,17.25,17.1,17.1,4734200.0
TPB,2026-01-05,17.15,17.2,16.55,16.6,10069720.0
TPB,2026-01-06,16.75,17.15,16.55,17.05,9984603.0
TPB,2026-01-07,17.2,17.65,17.1,17.45,26198100.0
TPB,2026-01-08,17.5,18.15,17.3,17.65,28555100.0
TPB,2026-01-09,17.9,18.0,17.5,17.6,23633700.0
TPB,2026-01-12,17.6,18.4,17.55,18.2,31613600.0
TPB,2026-01-13,18.3,18.5,17.85,17.9,25027900.0
TPB,2026-01-14,17.95,17.95,17.5,17.5,16879600.0
TPB,2026-01-15,17.5,17.65,17.3,17.4,9922700.0
TPB,2026-01-16,17.65,17.7,17.35,17.4,8678500.0
TPB,2026-01-19,17.4,17.5,17.3,17.35,5048400.0
TPB,2026-01-20,17.4,17.8,17.4,17.45,19291000.0
TPB,2026-01-21,17.3,17.45,17.1,17.2,7502100.0
TPB,2026-01-22,17.2,17.6,17.2,17.4,7320300.0
TPB,2026-01-23,17.4,17.5,17.2,17.25,6045100.0
TPB,2026-01-26,17.15,17.25,16.8,17.1,9056800.0
TPB,2026-01-27,17.05,17.25,17.0,17.2,7435400.0
TPB,2026-01-28,17.25,17.25,16.85,16.9,6350500.0
TPB,2026-01-29,16.9,17.1,16.7,16.7,5243000.0
TPB,2026-01-30,16.8,17.2,16.65,17.2,6437600.0
TPB,2026-02-02,17.2,17.35,17.0,17.0,7436300.0
TPB,2026-02-03,17.2,17.35,16.95,17.15,8592700.0
TPB,2026-02-04,17.15,17.45,17.1,17.4,8474000.0
TPB,2026-02-05,17.4,17.55,17.1,17.1,5380800.0
TPB,2026-02-06,17.05,17.1,16.75,16.8,8877300.0
TPB,2026-02-09,16.9,17.0,16.75,16.8,4925200.0
TPB,2026-02-10,16.7,17.0,16.65,16.8,4365300.0
TPB,2026-02-11,16.8,17.35,16.8,17.35,9392200.0
TPB,2026-02-12,17.45,17.5,17.15,17.15,4649600.0
TPB,2026-02-13,17.15,17.5,17.1,17.5,5366800.0
TPB,2026-02-23,17.6,18.05,17.4,18.0,34774400.0
TPB,2026-02-24,18.0,18.35,17.65,18.05,34910600.0
TPB,2026-02-25,18.25,18.7,18.05,18.65,50381300.0
TPB,2026-02-26,18.8,18.8,18.15,18.35,20461500.0
TPB,2026-02-27,18.45,18.7,18.25,18.4,17459800.0
TPB,2026-03-02,17.9,18.45,17.8,17.8,38690700.0
TPB,2026-03-03,17.85,18.2,17.55,17.6,24818800.0
TPB,2026-03-04,17.55,17.8,16.6,17.3,30118900.0
TPB,2026-03-05,17.5,17.7,17.05,17.05,18616900.0
TPB,2026-03-06,17.0,17.25,16.85,16.85,14312800.0
TPB,2026-03-09,15.8,16.5,15.7,15.7,28431800.0
TPB,2026-03-10,16.1,16.35,15.7,16.0,22268300.0
TPB,2026-03-11,16.05,16.7,16.0,16.45,21018900.0
TPB,2026-03-12,16.2,16.45,15.95,16.05,13103500.0
TPB,2026-03-13,16.1,16.2,15.85,16.0,11262700.0
TPB,2026-03-16,16.1,16.2,15.95,16.0,6987300.0
TPB,2026-03-17,16.15,16.35,16.1,16.1,6385100.0
TPB,2026-03-18,16.2,16.35,15.9,16.05,8612200.0
TPB,2026-03-19,15.85,16.1,15.75,16.0,11842100.0
TPB,2026-03-20,15.9,16.0,15.8,15.8,4820600.0
TPB,2026-03-23,15.6,15.75,15.1,15.1,11931000.0
TPB,2026-03-24,15.5,15.95,15.35,15.8,11898000.0
TPB,2026-03-25,15.85,16.2,15.8,16.15,11989200.0
TPB,2026-03-26,16.15,16.15,15.9,15.9,6802600.0
TPB,2026-03-27,15.9,16.3,15.9,16.25,9247800.0
TPB,2026-03-30,15.9,16.2,15.85,15.95,5128400.0
TPB,2026-03-31,16.05,16.5,16.0,16.3,11363300.0
TPB,2026-04-01,16.55,16.75,16.3,16.35,11594500.0
TPB,2026-04-02,16.25,16.25,15.95,16.0,5650100.0
TPB,2026-04-03,16.15,16.15,15.95,16.0,4118600.0
TPB,2026-04-06,16.0,16.1,15.85,15.85,4698000.0
TPB,2026-04-07,15.95,16.0,15.55,15.75,9187900.0
TPB,2026-04-08,16.2,16.6,16.15,16.5,17311600.0
TPB,2026-04-09,16.45,16.45,16.25,16.25,5397600.0
TPB,2026-04-10,16.4,16.9,16.3,16.3,8878700.0
TPB,2026-04-13,16.2,16.5,16.1,16.35,7939500.0
TPB,2026-04-14,16.5,16.7,16.4,16.45,8610800.0
TPB,2026-04-15,16.45,16.6,16.35,16.4,6809100.0
TPB,2026-04-16,16.4,16.45,16.2,16.25,6088700.0
TPB,2026-04-17,16.25,16.4,16.2,16.25,6009400.0
TPB,2026-04-20,16.25,16.5,16.25,16.4,6485400.0
TPB,2026-04-21,16.45,16.5,16.25,16.25,6860400.0
TPB,2026-04-22,16.35,16.35,16.15,16.3,5312400.0
TPB,2026-04-23,16.3,16.65,16.25,16.3,7412000.0
TPB,2026-04-24,16.35,16.45,16.25,16.3,4051000.0
TPB,2026-04-28,16.3,16.4,16.25,16.25,4413200.0
TPB,2026-04-29,16.25,16.4,16.15,16.25,4029500.0
TPB,2026-05-04,16.25,16.45,16.25,16.3,6862500.0
TPB,2026-05-05,16.25,16.3,15.95,16.25,11225300.0
TPB,2026-05-06,16.2,16.3,16.0,16.25,7676800.0
TPB,2026-05-07,16.25,16.35,16.05,16.05,10346200.0
TPB,2026-05-08,16.05,16.2,15.95,16.0,12442900.0
TPB,2026-05-11,16.1,16.1,15.75,15.75,12446900.0
TPB,2026-05-12,15.8,15.85,15.5,15.8,11282100.0
TPB,2026-05-13,15.8,15.85,15.55,15.6,7045100.0
TPB,2026-05-14,15.7,16.0,15.6,15.85,11037200.0
