Symbol,Date,Open,High,Low,Close,Volume
VCB,2021-05-17,42.26853718078295,42.355599049332454,41.702635035211195,41.7896969037607,1715100.0
VCB,2021-05-18,41.484980363837444,41.7896969037607,41.13673288963944,41.18026382391419,2103400.0
VCB,2021-05-19,41.18026382391419,41.18026382391419,40.83201634971618,40.96260915254043,1738100.0
VCB,2021-05-20,40.96260915254043,43.09562493200322,40.96260915254043,43.09562493200322,1938100.0
VCB,2021-05-21,41.920289706584946,42.66031558925571,41.7896969037607,42.1379443779587,1799200.0
VCB,2021-05-24,42.44266091788196,42.87797026062947,42.00735157513445,42.39912998360721,1874700.0
VCB,2021-05-25,42.39912998360721,43.53093427475073,42.39912998360721,43.44387240620122,4450000.0
VCB,2021-05-26,43.48740334047598,44.31449109169624,43.400341471926474,43.70505801184973,2356000.0
VCB,2021-05-27,43.70505801184973,43.70505801184973,42.66031558925571,42.965032129178965,1818400.0
VCB,2021-05-28,43.09562493200322,44.009774551772985,42.48619185215671,43.35681053765172,2230000.0
VCB,2021-05-31,43.966243617498236,43.966243617498236,42.79090839207996,42.92150119490422,2821000.0
VCB,2021-06-01,43.26974866910223,45.35923351429026,42.965032129178965,45.1415788429165,4573500.0
VCB,2021-06-02,45.272171645740755,46.79575434535703,45.1415788429165,46.14279033123577,5416100.0
VCB,2021-06-03,46.18632126551052,47.01340901673078,46.14279033123577,46.44750687115903,2802000.0
VCB,2021-06-04,46.360445002609524,46.360445002609524,45.315702580015504,45.663950054213515,2945800.0
VCB,2021-06-07,45.40276444856501,45.663950054213515,44.05330548604773,44.83686230299325,3023900.0
VCB,2021-06-08,44.83686230299325,45.272171645740755,43.53093427475073,43.53093427475073,2351600.0
VCB,2021-06-09,43.53093427475073,44.401552960245745,43.18268680055272,44.401552960245745,2433900.0
VCB,2021-06-10,44.401552960245745,44.7933313687185,43.53093427475073,44.31449109169624,2282500.0
VCB,2021-06-11,44.009774551772985,45.054516974367004,43.74858894612448,44.74980043444375,2048000.0
VCB,2021-06-14,44.44508389452049,45.010986040092256,44.09683642032248,44.401552960245745,1548700.0
VCB,2021-06-15,44.44508389452049,44.83686230299325,43.966243617498236,44.74980043444375,1440700.0
VCB,2021-06-16,44.619207631619496,46.14279033123577,44.619207631619496,45.272171645740755,2898400.0
VCB,2021-06-17,45.272171645740755,45.707480988488264,44.401552960245745,45.35923351429026,2896100.0
VCB,2021-06-18,45.489826317114506,47.44871835947829,45.40276444856501,47.23106368810454,3824900.0
VCB,2021-06-21,47.01340901673078,47.10047088528029,46.14279033123577,46.40397593688427,3007900.0
VCB,2021-06-22,46.62163060825802,47.23106368810454,46.360445002609524,46.83928527963178,2171000.0
VCB,2021-06-23,47.01340901673078,48.31933704497331,46.578099673983274,47.75343489940155,2308600.0
VCB,2021-06-24,47.8840277022258,48.232275176423805,46.926347148181286,48.188744242149056,1143400.0
VCB,2021-06-25,48.188744242149056,49.102893861918815,47.40518742520354,49.01583199336932,2321990.0
VCB,2021-06-28,49.01583199336932,49.18995573046832,48.36286797924806,49.01583199336932,2360500.0
VCB,2021-06-29,48.75464638772081,49.62526507321583,48.53699171634706,49.62526507321583,2353100.0
VCB,2021-06-30,49.62526507321583,51.01825497000785,49.62526507321583,50.67000749580985,3337000.0
VCB,2021-07-01,50.8006002986341,50.84413123290885,50.06057441596334,50.67000749580985,2056400.0
VCB,2021-07-02,50.67000749580985,50.757069364359346,49.62526507321583,50.01704348168859,1767290.0
VCB,2021-07-05,49.58173413894108,49.58173413894108,48.27580611069856,49.45114133611683,2416000.0
VCB,2021-07-06,48.97230105909457,50.06057441596334,48.75464638772081,48.75464638772081,1754600.0
VCB,2021-07-07,48.75464638772081,49.36407946756733,46.14279033123577,49.36407946756733,2808000.0
VCB,2021-07-08,48.40639891352281,49.18995573046832,47.44871835947829,48.31933704497331,1384100.0
VCB,2021-07-09,47.8840277022258,48.36286797924806,46.49103780543378,47.796965833676296,3021900.0
VCB,2021-07-12,47.66637303085204,47.66637303085204,44.880393237267995,46.62163060825802,2500600.0
VCB,2021-07-13,46.53456873970853,46.53456873970853,44.44508389452049,45.010986040092256,2356600.0
VCB,2021-07-14,45.010986040092256,45.054516974367004,43.53093427475073,44.31449109169624,2316700.0
VCB,2021-07-15,43.61799614330023,45.489826317114506,43.61799614330023,44.619207631619496,2339400.0
VCB,2021-07-16,44.619207631619496,45.010986040092256,43.966243617498236,44.619207631619496,1617300.0
VCB,2021-07-19,43.53093427475073,43.61799614330023,41.74616596948595,42.22500624650821,2689700.0
VCB,2021-07-20,42.57325372070621,43.966243617498236,40.70142354689193,43.61799614330023,2652500.0
VCB,2021-07-21,43.31327960337698,43.74858894612448,42.79090839207996,43.09562493200322,1463700.0
VCB,2021-07-22,43.05209399772847,43.83565081467398,42.66031558925571,43.66152707757498,1500800.0
VCB,2021-07-23,43.22621773482747,43.44387240620122,42.22500624650821,42.22500624650821,1744300.0
VCB,2021-07-26,42.00735157513445,42.44266091788196,41.659104100936446,41.7896969037607,1294200.0
VCB,2021-07-27,42.44266091788196,42.48619185215671,41.35438756101319,41.35438756101319,2686200.0
VCB,2021-07-28,41.39791849528794,42.22500624650821,41.39791849528794,42.22500624650821,1490800.0
VCB,2021-07-29,42.39912998360721,42.61678465498096,42.22500624650821,42.61678465498096,1191800.0
VCB,2021-07-30,42.355599049332454,43.008563063453714,42.312068115057706,42.66031558925571,1564600.0
VCB,2021-08-02,42.22500624650821,42.965032129178965,41.9638206408597,42.22500624650821,1395000.0
VCB,2021-08-03,42.26853718078295,43.008563063453714,42.22500624650821,43.008563063453714,1265700.0
VCB,2021-08-04,43.18268680055272,43.22621773482747,42.70384652353046,42.87797026062947,1222300.0
VCB,2021-08-05,42.66031558925571,43.31327960337698,42.61678465498096,43.26974866910223,1127700.0
VCB,2021-08-06,43.44387240620122,43.44387240620122,42.70384652353046,42.70384652353046,1114400.0
VCB,2021-08-09,42.70384652353046,43.05209399772847,42.52972278643146,42.79090839207996,1290900.0
VCB,2021-08-10,43.09562493200322,43.18268680055272,42.87797026062947,43.09562493200322,1597400.0
VCB,2021-08-11,43.22621773482747,44.27096015742149,43.13915586627797,43.74858894612448,1711800.0
VCB,2021-08-12,43.74858894612448,43.87918174894873,43.31327960337698,43.48740334047598,1048600.0
VCB,2021-08-13,43.48740334047598,43.48740334047598,42.79090839207996,43.35681053765172,1568900.0
VCB,2021-08-16,43.35681053765172,43.79211988039923,43.09562493200322,43.79211988039923,2053400.0
VCB,2021-08-17,44.619207631619496,44.83686230299325,43.966243617498236,43.966243617498236,1930700.0
VCB,2021-08-18,43.966243617498236,44.619207631619496,43.400341471926474,43.966243617498236,1848000.0
VCB,2021-08-19,43.83565081467398,44.83686230299325,43.44387240620122,44.74980043444375,2617600.0
VCB,2021-08-20,44.05330548604773,44.358022025970996,43.26974866910223,43.574465209025476,1860500.0
VCB,2021-08-23,43.09562493200322,43.53093427475073,42.0508825094092,42.355599049332454,2136200.0
VCB,2021-08-24,43.18268680055272,43.18268680055272,42.00735157513445,42.22500624650821,1090100.0
VCB,2021-08-25,42.22500624650821,43.09562493200322,42.1379443779587,42.44266091788196,1119200.0
VCB,2021-08-26,42.57325372070621,43.09562493200322,42.1379443779587,42.1379443779587,1158900.0
VCB,2021-08-27,41.7896969037607,42.87797026062947,41.7896969037607,42.57325372070621,1106600.0
VCB,2021-08-30,42.83443932635472,43.26974866910223,42.57325372070621,43.22621773482747,1542495.0
VCB,2021-08-31,43.31327960337698,43.48740334047598,42.79090839207996,43.26974866910223,1013900.0
VCB,2021-09-01,43.26974866910223,43.48740334047598,41.7896969037607,43.26974866910223,907500.0
VCB,2021-09-06,43.26974866910223,43.574465209025476,43.26974866910223,43.53093427475073,978700.0
VCB,2021-09-07,43.48740334047598,43.87918174894873,43.44387240620122,43.53093427475073,1123800.0
VCB,2021-09-08,43.53093427475073,43.574465209025476,42.1379443779587,43.400341471926474,928000.0
VCB,2021-09-09,43.400341471926474,43.574465209025476,42.92150119490422,43.22621773482747,838200.0
VCB,2021-09-10,43.44387240620122,43.44387240620122,42.92150119490422,43.18268680055272,939800.0
VCB,2021-09-13,43.008563063453714,43.09562493200322,42.70384652353046,42.70384652353046,1043100.0
VCB,2021-09-14,42.70384652353046,42.87797026062947,42.22500624650821,42.79090839207996,2751500.0
VCB,2021-09-15,42.79090839207996,42.79090839207996,42.26853718078295,42.26853718078295,880500.0
VCB,2021-09-16,43.05209399772847,43.05209399772847,42.44266091788196,42.70384652353046,570400.0
VCB,2021-09-17,42.44266091788196,42.83443932635472,42.312068115057706,42.312068115057706,1023200.0
VCB,2021-09-20,42.355599049332454,43.966243617498236,42.355599049332454,43.35681053765172,2359900.0
VCB,2021-09-21,43.31327960337698,43.44387240620122,42.66031558925571,42.66031558925571,862000.0
VCB,2021-09-22,42.83443932635472,43.31327960337698,42.66031558925571,43.31327960337698,916200.0
VCB,2021-09-23,43.35681053765172,43.70505801184973,42.87797026062947,43.31327960337698,758000.0
VCB,2021-09-24,43.31327960337698,43.44387240620122,43.22621773482747,43.31327960337698,454700.0
VCB,2021-09-27,43.31327960337698,43.400341471926474,42.66031558925571,42.66031558925571,518900.0
VCB,2021-09-28,42.57325372070621,43.22621773482747,42.44266091788196,43.18268680055272,566500.0
VCB,2021-09-29,43.31327960337698,43.31327960337698,42.44266091788196,42.87797026062947,565000.0
VCB,2021-09-30,42.87797026062947,42.92150119490422,42.26853718078295,42.312068115057706,1287900.0
VCB,2021-10-01,42.355599049332454,42.747377457805214,41.702635035211195,41.74616596948595,3061848.0
VCB,2021-10-04,41.7896969037607,42.00735157513445,41.09320195536469,41.18026382391419,959300.0
VCB,2021-10-05,41.39791849528794,41.83322783803545,41.39791849528794,41.61557316666169,1061700.0
VCB,2021-10-06,41.61557316666169,41.61557316666169,41.267325692463686,41.61557316666169,773200.0
VCB,2021-10-07,41.61557316666169,42.1379443779587,41.35438756101319,42.1379443779587,847200.0
VCB,2021-10-08,42.0508825094092,42.22500624650821,41.61557316666169,42.22500624650821,785500.0
VCB,2021-10-11,42.22500624650821,42.83443932635472,42.1379443779587,42.44266091788196,1178000.0
VCB,2021-10-12,42.79090839207996,42.79090839207996,42.22500624650821,42.22500624650821,913500.0
VCB,2021-10-13,42.61678465498096,42.66031558925571,42.22500624650821,42.22500624650821,1555800.0
VCB,2021-10-14,42.22500624650821,42.312068115057706,41.74616596948595,42.094413443683955,1866700.0
VCB,2021-10-15,42.1379443779587,42.355599049332454,42.00735157513445,42.00735157513445,731500.0
VCB,2021-10-18,41.920289706584946,42.22500624650821,41.35438756101319,41.7896969037607,1350900.0
VCB,2021-10-19,41.83322783803545,42.00735157513445,41.441449429562695,41.9638206408597,918300.0
VCB,2021-10-20,41.9638206408597,42.094413443683955,40.91907821826568,41.35438756101319,1561000.0
VCB,2021-10-21,41.52851129811219,41.7896969037607,40.91907821826568,40.91907821826568,1329100.0
VCB,2021-10-22,41.35438756101319,41.35438756101319,40.91907821826568,41.049671021089935,322000.0
VCB,2021-10-25,41.74616596948595,41.74616596948595,40.96260915254043,40.96260915254043,800600.0
VCB,2021-10-26,40.96260915254043,41.18026382391419,40.74495448116668,40.91907821826568,735000.0
VCB,2021-10-27,41.18026382391419,42.00735157513445,41.049671021089935,41.83322783803545,1465800.0
VCB,2021-10-28,42.0508825094092,42.61678465498096,41.83322783803545,42.61678465498096,1858200.0
VCB,2021-10-29,42.355599049332454,42.83443932635472,42.18147531223346,42.66031558925571,1304800.0
VCB,2021-11-01,42.70384652353046,42.747377457805214,42.22500624650821,42.22500624650821,1077500.0
VCB,2021-11-02,42.39912998360721,42.66031558925571,42.355599049332454,42.61678465498096,808300.0
VCB,2021-11-03,42.52972278643146,43.008563063453714,42.355599049332454,42.965032129178965,2358300.0
VCB,2021-11-04,42.965032129178965,43.008563063453714,42.312068115057706,42.83443932635472,989400.0
VCB,2021-11-05,42.44266091788196,43.09562493200322,42.22500624650821,42.44266091788196,1576000.0
VCB,2021-11-08,42.70384652353046,42.83443932635472,42.44266091788196,42.747377457805214,1206200.0
VCB,2021-11-09,42.66031558925571,42.92150119490422,42.22500624650821,42.26853718078295,1434400.0
VCB,2021-11-10,42.26853718078295,42.747377457805214,42.1379443779587,42.48619185215671,877100.0
VCB,2021-11-11,42.57325372070621,43.22621773482747,42.22500624650821,42.79090839207996,1115600.0
VCB,2021-11-12,42.79090839207996,42.79090839207996,42.44266091788196,42.747377457805214,676800.0
VCB,2021-11-15,42.79090839207996,43.09562493200322,42.312068115057706,42.52972278643146,834700.0
VCB,2021-11-16,42.52972278643146,42.87797026062947,42.22500624650821,42.312068115057706,706300.0
VCB,2021-11-17,42.312068115057706,42.70384652353046,42.312068115057706,42.66031558925571,850300.0
VCB,2021-11-18,42.79090839207996,42.79090839207996,42.22500624650821,42.22500624650821,818700.0
VCB,2021-11-19,42.312068115057706,42.61678465498096,42.26853718078295,42.26853718078295,413000.0
VCB,2021-11-22,42.355599049332454,43.05209399772847,42.26853718078295,43.008563063453714,1078900.0
VCB,2021-11-23,43.09562493200322,43.13915586627797,42.747377457805214,43.13915586627797,658200.0
VCB,2021-11-24,43.18268680055272,45.968666594136764,43.18268680055272,45.62041911993876,1883300.0
VCB,2021-11-25,45.707480988488264,47.01340901673078,45.533357251389255,46.62163060825802,1557500.0
VCB,2021-11-26,46.44750687115903,47.10047088528029,45.272171645740755,45.707480988488264,962600.0
VCB,2021-11-29,44.9674551058175,45.663950054213515,43.966243617498236,44.009774551772985,851000.0
VCB,2021-11-30,45.272171645740755,45.272171645740755,43.05209399772847,43.05209399772847,1336500.0
VCB,2021-12-01,43.26974866910223,44.18389828887199,42.79090839207996,43.09562493200322,634500.0
VCB,2021-12-02,43.66152707757498,43.87918174894873,43.008563063453714,43.13915586627797,787700.0
VCB,2021-12-03,43.18268680055272,43.87918174894873,42.44266091788196,42.66031558925571,795900.0
VCB,2021-12-06,42.66031558925571,43.53093427475073,41.52851129811219,41.52851129811219,1091600.0
VCB,2021-12-07,41.83322783803545,43.26974866910223,41.83322783803545,42.747377457805214,873000.0
VCB,2021-12-08,42.66031558925571,43.26974866910223,42.66031558925571,42.965032129178965,507500.0
VCB,2021-12-09,42.39912998360721,43.26974866910223,42.355599049332454,43.18268680055272,960000.0
VCB,2021-12-10,43.966243617498236,44.74980043444375,43.48740334047598,43.53093427475073,1934200.0
VCB,2021-12-13,44.401552960245745,44.401552960245745,43.18268680055272,43.35681053765172,1098000.0
VCB,2021-12-14,43.35681053765172,43.74858894612448,43.13915586627797,43.22621773482747,862300.0
VCB,2021-12-15,43.31327960337698,43.83565081467398,43.09562493200322,43.48740334047598,837300.0
VCB,2021-12-16,43.87918174894873,43.87918174894873,42.70384652353046,43.13915586627797,1047100.0
VCB,2021-12-17,43.53093427475073,43.53093427475073,42.00735157513445,42.00735157513445,3475700.0
VCB,2021-12-20,42.87797026062947,43.31327960337698,42.70384652353046,43.31327960337698,841900.0
VCB,2021-12-21,43.09562493200322,43.44387240620122,42.87797026062947,43.05209399772847,774100.0
VCB,2021-12-22,43.29533612377567,43.74515779778892,43.07042528676904,43.23910841452401,1915300.0
VCB,2021-12-23,43.57647467003395,44.363662599557145,43.014197577517386,43.014197577517386,1489000.0
VCB,2021-12-24,43.18288070527235,44.13875176255052,43.18288070527235,44.13875176255052,849400.0
VCB,2021-12-27,44.363662599557145,45.15085052908034,43.80138550704058,44.869711982822054,934100.0
VCB,2021-12-28,44.98216740132537,45.54444449384194,43.857613216292236,44.98216740132537,2368800.0
VCB,2021-12-29,44.70102885506709,44.869711982822054,44.476118018060454,44.70102885506709,440000.0
VCB,2021-12-30,44.869711982822054,44.92593969207371,43.68893008853727,44.08252405329886,1009300.0
VCB,2021-12-31,44.4198903088088,44.53234572731212,44.08252405329886,44.30743489030549,422000.0
VCB,2022-01-04,44.4198903088088,44.64480114581543,43.857613216292236,44.4198903088088,1133800.0
VCB,2022-01-05,44.4198903088088,45.207078238331995,43.857613216292236,43.857613216292236,1692100.0
VCB,2022-01-06,44.19497947180217,44.92593969207371,43.80138550704058,44.476118018060454,1215600.0
VCB,2022-01-07,44.75725656431874,44.92593969207371,43.97006863479555,44.869711982822054,966200.0
VCB,2022-01-10,44.8134842735704,44.92593969207371,44.13875176255052,44.70102885506709,1156000.0
VCB,2022-01-11,44.98216740132537,44.98216740132537,44.13875176255052,44.64480114581543,1081700.0
VCB,2022-01-12,44.64480114581543,44.98216740132537,43.857613216292236,44.98216740132537,2301500.0
VCB,2022-01-13,45.26330594758365,47.45618660839827,45.094622819828686,46.05049387710685,2571800.0
VCB,2022-01-14,46.05049387710685,46.8939095158817,45.54444449384194,46.8939095158817,1552100.0
VCB,2022-01-17,46.66899867887507,49.480384141457904,46.27540471411347,48.46828537492809,2668530.0
VCB,2022-01-18,48.07469141016649,49.25547330445127,47.23127577139164,49.25547330445127,1735600.0
VCB,2022-01-19,49.19924559519962,49.19924559519962,47.793552863908204,48.80565163043802,1414800.0
VCB,2022-01-20,47.90600828241152,49.19924559519962,46.72522638812672,48.97433475819299,2794300.0
VCB,2022-01-21,48.861879339689686,50.60493832649104,48.41205766567642,50.15511665247779,2611300.0
VCB,2022-01-24,50.2675720709811,52.57290815029902,49.59283955996122,52.29176960404074,2728300.0
VCB,2022-01-25,52.010631057782454,53.978600881590445,50.04266123397447,53.86614546308713,2396600.0
VCB,2022-01-26,53.86614546308713,53.86614546308713,52.06685876703411,53.13518524281559,2523500.0
VCB,2022-01-27,52.29176960404074,53.13518524281559,50.82984916349767,51.167215419007604,1732900.0
VCB,2022-01-28,51.167215419007604,51.72949251152417,50.04266123397447,50.04266123397447,2140700.0
VCB,2022-02-07,50.94230458200098,52.23554189478909,50.323799780232754,51.9544033485308,1725600.0
VCB,2022-02-08,51.9544033485308,51.9544033485308,50.661166035742696,51.72949251152417,1225400.0
VCB,2022-02-09,51.27967083751092,51.67326480227252,50.773621454246005,51.05476000050429,1612900.0
VCB,2022-02-10,51.22344312825926,52.51668044104737,51.167215419007604,51.33589854676257,1827200.0
VCB,2022-02-11,51.33589854676257,51.504581674517546,50.60493832649104,50.60493832649104,17258100.0
VCB,2022-02-14,49.53661185070956,49.930205815471155,48.35582995642477,48.35582995642477,3709138.0
VCB,2022-02-15,48.35582995642477,49.64906726921287,47.11882035288832,48.91810704894134,2453500.0
VCB,2022-02-16,49.19924559519962,49.42415643220625,48.5807407934314,48.91810704894134,1365000.0
VCB,2022-02-17,48.91810704894134,49.31170101370294,48.80565163043802,49.19924559519962,1491200.0
VCB,2022-02-18,48.5807407934314,49.19924559519962,48.5807407934314,49.03056246744465,1066200.0
VCB,2022-02-21,48.693196211934705,49.25547330445127,48.693196211934705,49.14301788594797,1096900.0
VCB,2022-02-22,48.91810704894134,48.91810704894134,47.793552863908204,48.80565163043802,1600200.0
VCB,2022-02-23,48.91810704894134,48.91810704894134,48.243374537921454,48.861879339689686,986300.0
VCB,2022-02-24,48.74942392118637,48.80565163043802,47.793552863908204,47.96223599166317,2157700.0
VCB,2022-02-25,47.96223599166317,48.29960224717312,47.793552863908204,47.849780573159855,1676500.0
VCB,2022-02-28,47.849780573159855,47.849780573159855,47.45618660839827,47.51241431764992,1322100.0
VCB,2022-03-01,47.51241431764992,48.018463700914836,47.28750348064329,47.793552863908204,1374400.0
VCB,2022-03-02,48.13091911941814,48.13091911941814,47.34373118989495,47.793552863908204,1715600.0
VCB,2022-03-03,47.793552863908204,48.07469141016649,47.62486973615324,48.07469141016649,1052200.0
VCB,2022-03-04,47.90600828241152,48.07469141016649,47.68109744540489,47.73732515465655,1137100.0
VCB,2022-03-07,47.399958899146604,47.73732515465655,47.175048062139986,47.73732515465655,1782800.0
VCB,2022-03-08,47.11882035288832,47.51241431764992,45.82558304010022,45.82558304010022,2966300.0
VCB,2022-03-09,45.99426616785519,46.72522638812672,45.938038458603536,46.66899867887507,1404300.0
VCB,2022-03-10,46.66899867887507,47.06259264363667,46.61277096962342,46.95013722513335,1184100.0
VCB,2022-03-11,47.06259264363667,47.175048062139986,46.66899867887507,47.11882035288832,906100.0
VCB,2022-03-14,46.83768180663004,47.34373118989495,46.781454097378386,47.34373118989495,1517200.0
VCB,2022-03-15,47.23127577139164,47.28750348064329,45.54444449384194,45.60067220309359,2415900.0
VCB,2022-03-16,45.713127621596904,46.781454097378386,45.713127621596904,46.38786013261679,1030600.0
VCB,2022-03-17,46.66899867887507,46.95013722513335,46.5003155511201,46.66899867887507,1301400.0
VCB,2022-03-18,46.72522638812672,47.90600828241152,46.61277096962342,47.34373118989495,1436600.0
VCB,2022-03-21,47.34373118989495,48.07469141016649,47.23127577139164,47.73732515465655,963900.0
VCB,2022-03-22,47.73732515465655,48.07469141016649,47.73732515465655,47.73732515465655,1009600.0
VCB,2022-03-23,47.73732515465655,48.13091911941814,47.73732515465655,47.73732515465655,1020600.0
VCB,2022-03-24,47.73732515465655,47.73732515465655,46.95013722513335,46.95013722513335,600200.0
VCB,2022-03-25,47.23127577139164,47.23127577139164,46.1067215863585,46.38786013261679,1192800.0
VCB,2022-03-28,46.66899867887507,46.66899867887507,46.1067215863585,46.331632423365136,779400.0
VCB,2022-03-29,46.331632423365136,46.66899867887507,45.88181074935187,46.05049387710685,1048600.0
VCB,2022-03-30,45.99426616785519,46.95013722513335,45.82558304010022,46.1067215863585,968900.0
VCB,2022-03-31,46.1067215863585,46.44408784186844,46.1067215863585,46.162949295610154,492400.0
VCB,2022-04-01,46.162949295610154,47.006364934385005,45.60067220309359,46.556543260371754,984300.0
VCB,2022-04-04,46.781454097378386,47.28750348064329,46.44408784186844,46.44408784186844,792000.0
VCB,2022-04-05,46.556543260371754,46.781454097378386,46.44408784186844,46.66899867887507,526100.0
VCB,2022-04-06,46.61277096962342,47.793552863908204,45.938038458603536,47.56864202690157,2009600.0
VCB,2022-04-07,47.73732515465655,47.90600828241152,46.66899867887507,46.66899867887507,983000.0
VCB,2022-04-08,47.175048062139986,47.175048062139986,46.61277096962342,46.66899867887507,812200.0
VCB,2022-04-12,46.66899867887507,46.781454097378386,45.88181074935187,46.331632423365136,881300.0
VCB,2022-04-13,46.66899867887507,46.72522638812672,46.1067215863585,46.331632423365136,905700.0
VCB,2022-04-14,46.331632423365136,46.61277096962342,45.54444449384194,45.54444449384194,1175400.0
VCB,2022-04-15,45.65689991234525,45.82558304010022,45.094622819828686,45.094622819828686,934800.0
VCB,2022-04-18,44.98216740132537,45.094622819828686,43.632702379285604,43.68893008853727,1292300.0
VCB,2022-04-19,43.74515779778892,44.13875176255052,43.632702379285604,43.68893008853727,1047400.0
VCB,2022-04-20,43.857613216292236,44.363662599557145,43.68893008853727,44.08252405329886,904600.0
VCB,2022-04-21,44.08252405329886,44.53234572731212,43.97006863479555,44.08252405329886,2178200.0
VCB,2022-04-22,44.476118018060454,46.44408784186844,44.476118018060454,46.21917700486182,4820600.0
VCB,2022-04-25,46.21917700486182,46.66899867887507,43.29533612377567,45.99426616785519,2879400.0
VCB,2022-04-26,44.4198903088088,45.26330594758365,44.4198903088088,45.26330594758365,2507000.0
VCB,2022-04-27,44.92593969207371,46.1067215863585,43.97006863479555,45.82558304010022,2334900.0
VCB,2022-04-28,45.82558304010022,45.88181074935187,44.70102885506709,45.82558304010022,564100.0
VCB,2022-04-29,45.76935533084857,46.27540471411347,44.98216740132537,45.48821678459028,28854200.0
VCB,2022-05-04,45.48821678459028,45.54444449384194,44.4198903088088,44.92593969207371,936600.0
VCB,2022-05-05,45.26330594758365,45.82558304010022,44.75725656431874,45.54444449384194,1019300.0
VCB,2022-05-06,44.8134842735704,45.65689991234525,44.64480114581543,44.64480114581543,1330900.0
VCB,2022-05-09,44.30743489030549,45.207078238331995,43.74515779778892,43.80138550704058,1718200.0
VCB,2022-05-10,43.35156383302732,44.98216740132537,43.35156383302732,44.98216740132537,926000.0
VCB,2022-05-11,44.98216740132537,45.15085052908034,44.4198903088088,44.98216740132537,1026300.0
VCB,2022-05-12,44.4198903088088,44.92593969207371,43.29533612377567,43.29533612377567,1016300.0
VCB,2022-05-13,43.29533612377567,43.857613216292236,41.046227753709395,41.046227753709395,1983664.0
VCB,2022-05-16,42.45192048500082,42.95796986826573,41.60850484622597,41.72096026472928,1558800.0
VCB,2022-05-17,41.72096026472928,43.29533612377567,41.10245546296105,42.7330590312591,2346300.0
VCB,2022-05-18,43.29533612377567,43.29533612377567,42.170781938742536,42.39569277574916,936000.0
VCB,2022-05-19,42.170781938742536,43.126652996020695,42.05832652023922,42.7330590312591,575800.0
VCB,2022-05-20,42.22700964799419,43.014197577517386,42.170781938742536,42.3394650664975,742800.0
VCB,2022-05-23,42.50814819425247,42.50814819425247,41.38359400921934,41.833415683232595,686600.0
VCB,2022-05-24,42.11455422949088,42.56437590350413,41.777187973980936,42.50814819425247,898700.0
VCB,2022-05-25,42.7330590312591,43.29533612377567,42.05832652023922,43.29533612377567,898000.0
VCB,2022-05-26,43.29533612377567,43.35156383302732,42.7330590312591,43.126652996020695,1033900.0
VCB,2022-05-27,43.126652996020695,43.520246960782295,42.90174215901407,43.520246960782295,892000.0
VCB,2022-05-30,43.520246960782295,45.54444449384194,42.95796986826573,43.857613216292236,1408400.0
VCB,2022-05-31,44.363662599557145,44.363662599557145,43.857613216292236,44.363662599557145,1188700.0
VCB,2022-06-01,44.4198903088088,45.26330594758365,44.4198903088088,45.26330594758365,798800.0
VCB,2022-06-02,45.43198907533862,45.43198907533862,44.4198903088088,44.4198903088088,742483.0
VCB,2022-06-03,44.08252405329886,44.70102885506709,42.95796986826573,43.57647467003395,582800.0
VCB,2022-06-06,43.57647467003395,44.98216740132537,42.22700964799419,44.8134842735704,880500.0
VCB,2022-06-07,44.4198903088088,46.1067215863585,43.91384092554389,45.54444449384194,1014000.0
VCB,2022-06-08,45.54444449384194,45.54444449384194,44.30743489030549,44.53234572731212,1219700.0
VCB,2022-06-09,44.4198903088088,44.92593969207371,43.68893008853727,43.74515779778892,1067500.0
VCB,2022-06-10,43.74515779778892,44.4198903088088,43.520246960782295,43.68893008853727,390900.0
VCB,2022-06-13,43.29533612377567,43.29533612377567,41.66473255547762,42.95796986826573,1220800.0
VCB,2022-06-14,42.45192048500082,43.91384092554389,41.60850484622597,43.29533612377567,1087200.0
VCB,2022-06-15,43.520246960782295,44.0262963440472,42.3394650664975,43.014197577517386,1243600.0
VCB,2022-06-16,43.126652996020695,44.98216740132537,43.014197577517386,44.476118018060454,1324600.0
VCB,2022-06-17,43.29533612377567,44.0262963440472,42.789286740510754,42.789286740510754,1071600.0
VCB,2022-06-20,44.70102885506709,44.70102885506709,42.3394650664975,42.7330590312591,1089700.0
VCB,2022-06-21,42.7330590312591,43.68893008853727,42.283237357245845,43.68893008853727,977100.0
VCB,2022-06-22,43.80138550704058,43.857613216292236,42.170781938742536,42.7330590312591,2165200.0
VCB,2022-06-23,42.22700964799419,43.126652996020695,42.11455422949088,42.676831322007445,590200.0
VCB,2022-06-24,42.84551444976241,42.90174215901407,41.945871101735904,42.170781938742536,688600.0
VCB,2022-06-27,42.45192048500082,42.7330590312591,42.05832652023922,42.11455422949088,958500.0
VCB,2022-06-28,42.170781938742536,43.29533612377567,42.05832652023922,42.90174215901407,1095800.0
VCB,2022-06-29,42.62060361275579,42.676831322007445,42.3394650664975,42.45192048500082,1387500.0
VCB,2022-06-30,42.45192048500082,42.7330590312591,42.05832652023922,42.05832652023922,794468.0
VCB,2022-07-01,41.88964339248425,42.170781938742536,40.990000044457744,41.60850484622597,1383000.0
VCB,2022-07-04,42.11455422949088,42.283237357245845,41.55227713697431,41.66473255547762,786200.0
VCB,2022-07-05,42.11455422949088,42.11455422949088,41.38359400921934,41.60850484622597,1064500.0
VCB,2022-07-06,41.439821718470995,41.55227713697431,38.74089167439148,40.933772335206086,1644200.0
VCB,2022-07-07,40.87754462595443,42.45192048500082,40.31526753343786,42.45192048500082,1287400.0
VCB,2022-07-08,42.11455422949088,42.170781938742536,41.55227713697431,41.60850484622597,761000.0
VCB,2022-07-11,41.21491088146437,41.32736629996768,40.48395066119283,40.48395066119283,756800.0
VCB,2022-07-12,40.54017837044449,40.82131691670277,40.31526753343786,40.42772295194118,840500.0
VCB,2022-07-13,40.37149524268952,41.27113859071603,40.146584405682894,40.37149524268952,1379900.0
VCB,2022-07-14,40.37149524268952,40.933772335206086,40.2590398241862,40.70886149819946,439400.0
VCB,2022-07-15,40.54017837044449,41.32736629996768,40.54017837044449,40.6526337889478,626500.0
VCB,2022-07-18,40.76508920745111,40.990000044457744,40.48395066119283,40.48395066119283,391400.0
VCB,2022-07-19,40.48395066119283,40.54017837044449,39.97790127792792,40.090356696431236,922100.0
VCB,2022-07-20,40.2590398241862,40.76508920745111,40.2590398241862,40.76508920745111,573900.0
VCB,2022-07-21,40.76508920745111,40.990000044457744,40.54017837044449,40.76508920745111,1164600.0
VCB,2022-07-22,40.54017837044449,40.87754462595443,40.48395066119283,40.76508920745111,1119600.0
VCB,2022-07-25,40.70886149819946,41.15868317221271,40.48395066119283,40.990000044457744,991700.0
VCB,2022-07-26,41.15868317221271,41.833415683232595,41.15868317221271,41.55227713697431,1119800.0
VCB,2022-07-27,41.60850484622597,42.170781938742536,41.439821718470995,42.170781938742536,1369900.0
VCB,2022-07-28,42.39569277574916,42.50814819425247,42.05832652023922,42.3394650664975,1193800.0
VCB,2022-07-29,42.39569277574916,42.45192048500082,42.00209881098756,42.00209881098756,2499000.0
VCB,2022-08-01,42.00209881098756,43.29533612377567,41.833415683232595,43.29533612377567,1664300.0
VCB,2022-08-02,43.29533612377567,44.53234572731212,42.7330590312591,44.363662599557145,1777800.0
VCB,2022-08-03,44.0262963440472,44.70102885506709,43.857613216292236,44.70102885506709,1857700.0
VCB,2022-08-04,44.70102885506709,46.38786013261679,44.64480114581543,46.38786013261679,2348100.0
VCB,2022-08-05,46.1067215863585,46.331632423365136,45.60067220309359,46.1067215863585,1395800.0
VCB,2022-08-08,46.1067215863585,46.38786013261679,46.05049387710685,46.1067215863585,967000.0
VCB,2022-08-09,46.1067215863585,46.1067215863585,44.92593969207371,45.43198907533862,1304900.0
VCB,2022-08-10,45.03839511057702,45.54444449384194,45.03839511057702,45.26330594758365,547500.0
VCB,2022-08-11,45.713127621596904,46.1067215863585,45.319533656835304,45.82558304010022,1223500.0
VCB,2022-08-12,45.82558304010022,46.05049387710685,45.48821678459028,45.88181074935187,1398800.0
VCB,2022-08-15,46.1067215863585,46.27540471411347,45.938038458603536,45.99426616785519,1319500.0
VCB,2022-08-16,46.1067215863585,46.1067215863585,45.60067220309359,45.82558304010022,1016700.0
VCB,2022-08-17,45.65689991234525,45.938038458603536,45.65689991234525,45.82558304010022,851000.0
VCB,2022-08-18,45.713127621596904,46.1067215863585,45.65689991234525,45.82558304010022,1713600.0
VCB,2022-08-19,45.319533656835304,46.1067215863585,45.319533656835304,45.48821678459028,1200000.0
VCB,2022-08-22,45.03839511057702,45.82558304010022,44.98216740132537,44.98216740132537,617800.0
VCB,2022-08-23,44.98216740132537,45.713127621596904,44.92593969207371,45.094622819828686,813000.0
VCB,2022-08-24,45.65689991234525,46.61277096962342,45.15085052908034,46.1067215863585,1135700.0
VCB,2022-08-25,46.21917700486182,46.21917700486182,45.713127621596904,46.1067215863585,630800.0
VCB,2022-08-26,46.1067215863585,47.06259264363667,46.1067215863585,46.38786013261679,1594500.0
VCB,2022-08-29,45.76935533084857,46.38786013261679,45.48821678459028,46.38786013261679,1063500.0
VCB,2022-08-30,46.38786013261679,48.35582995642477,46.38786013261679,48.35582995642477,2562800.0
VCB,2022-08-31,48.35582995642477,48.636968502683054,47.23127577139164,47.23127577139164,1127900.0
VCB,2022-09-05,47.23127577139164,47.399958899146604,46.38786013261679,46.44408784186844,1582800.0
VCB,2022-09-06,46.44408784186844,47.23127577139164,46.162949295610154,46.5003155511201,1027300.0
VCB,2022-09-07,46.1067215863585,46.38786013261679,44.869711982822054,44.98216740132537,2365300.0
VCB,2022-09-08,45.48821678459028,45.48821678459028,43.857613216292236,43.857613216292236,1424300.0
VCB,2022-09-09,44.13875176255052,44.58857343656377,43.97006863479555,44.30743489030549,2704640.0
VCB,2022-09-12,44.75725656431874,44.8134842735704,44.30743489030549,44.476118018060454,1025800.0
VCB,2022-09-13,44.64480114581543,44.64480114581543,44.19497947180217,44.19497947180217,2154900.0
VCB,2022-09-14,43.40779154227898,44.70102885506709,43.29533612377567,44.0262963440472,1085800.0
VCB,2022-09-15,44.13875176255052,44.58857343656377,43.91384092554389,44.53234572731212,804200.0
VCB,2022-09-16,44.58857343656377,44.98216740132537,44.13875176255052,44.98216740132537,1519200.0
VCB,2022-09-19,44.4198903088088,45.094622819828686,43.857613216292236,44.30743489030549,1030500.0
VCB,2022-09-20,44.30743489030549,44.98216740132537,44.19497947180217,44.53234572731212,521200.0
VCB,2022-09-21,44.58857343656377,44.75725656431874,43.80138550704058,44.363662599557145,1519200.0
VCB,2022-09-22,43.68893008853727,44.19497947180217,43.57647467003395,43.857613216292236,1255000.0
VCB,2022-09-23,43.40779154227898,43.68893008853727,42.62060361275579,42.676831322007445,1054100.0
VCB,2022-09-26,42.22700964799419,43.29533612377567,41.66473255547762,42.170781938742536,1734900.0
VCB,2022-09-27,42.7330590312591,42.7330590312591,41.72096026472928,41.777187973980936,673400.0
VCB,2022-09-28,41.60850484622597,42.170781938742536,41.49604942772265,42.170781938742536,587700.0
VCB,2022-09-29,42.7330590312591,42.7330590312591,41.60850484622597,41.60850484622597,587800.0
VCB,2022-09-30,41.15868317221271,41.777187973980936,40.70886149819946,41.15868317221271,1776400.0
VCB,2022-10-03,41.32736629996768,41.49604942772265,39.52807960391467,39.69676273166964,919900.0
VCB,2022-10-04,39.359396476159695,40.42772295194118,39.07825792990141,40.090356696431236,1280900.0
VCB,2022-10-05,40.146584405682894,40.48395066119283,39.97790127792792,40.202812114934545,929000.0
VCB,2022-10-06,40.48395066119283,40.48395066119283,39.303168766908044,39.41562418541135,865600.0
VCB,2022-10-07,39.13448563915307,39.13448563915307,36.71669414133183,37.50388207085503,2203700.0
VCB,2022-10-10,37.39142665235171,38.066159163371594,36.041961630311945,36.60423872282851,1366000.0
VCB,2022-10-11,36.71669414133183,37.11028810609343,34.86117973602716,34.86117973602716,1531700.0
VCB,2022-10-12,35.42345682854373,36.71669414133183,34.97363515453048,35.985733921060294,1586400.0
VCB,2022-10-13,36.041961630311945,37.39142665235171,35.25477370078876,37.39142665235171,1666800.0
VCB,2022-10-14,38.515980837384845,38.515980837384845,37.84124832636496,38.29107000037822,1838300.0
VCB,2022-10-17,37.84124832636496,38.23484229112656,36.829149559835145,37.278971233848395,1301400.0
VCB,2022-10-18,38.23484229112656,38.23484229112656,37.84124832636496,38.066159163371594,905000.0
VCB,2022-10-19,38.17861458187491,38.23484229112656,37.84124832636496,38.17861458187491,696400.0
VCB,2022-10-20,38.17861458187491,39.359396476159695,37.72879290786165,38.909574802146444,1577282.0
VCB,2022-10-21,38.909574802146444,39.752990440921295,38.23484229112656,38.23484229112656,1454700.0
VCB,2022-10-24,39.07825792990141,39.07825792990141,36.99783268759011,38.23484229112656,874100.0
VCB,2022-10-25,37.11028810609343,39.69676273166964,37.11028810609343,39.303168766908044,1694200.0
VCB,2022-10-26,39.69676273166964,39.69676273166964,38.515980837384845,39.359396476159695,651400.0
VCB,2022-10-27,39.64053502241798,40.990000044457744,38.965802511398095,40.31526753343786,1297800.0
VCB,2022-10-28,40.76508920745111,41.88964339248425,40.2590398241862,40.2590398241862,1561000.0
VCB,2022-10-31,41.32736629996768,41.32736629996768,40.76508920745111,41.32736629996768,659400.0
VCB,2022-11-01,41.60850484622597,42.170781938742536,41.21491088146437,42.170781938742536,826100.0
VCB,2022-11-02,41.60850484622597,41.88964339248425,40.48395066119283,41.38359400921934,1255100.0
VCB,2022-11-03,40.48395066119283,41.27113859071603,40.48395066119283,41.046227753709395,754600.0
VCB,2022-11-04,40.202812114934545,40.76508920745111,38.74089167439148,40.37149524268952,1578000.0
VCB,2022-11-07,40.37149524268952,41.046227753709395,39.97790127792792,40.37149524268952,1760000.0
VCB,2022-11-08,40.48395066119283,42.170781938742536,40.2590398241862,40.82131691670277,2258900.0
VCB,2022-11-09,41.32736629996768,41.72096026472928,40.82131691670277,41.60850484622597,1214800.0
VCB,2022-11-10,41.55227713697431,41.55227713697431,40.2590398241862,40.933772335206086,1517500.0
VCB,2022-11-11,41.046227753709395,42.45192048500082,41.046227753709395,42.45192048500082,1931600.0
VCB,2022-11-14,42.45192048500082,43.014197577517386,41.66473255547762,42.22700964799419,1836500.0
VCB,2022-11-15,41.833415683232595,42.95796986826573,40.54017837044449,42.170781938742536,2001800.0
VCB,2022-11-16,39.52807960391467,43.857613216292236,39.52807960391467,42.22700964799419,3319800.0
VCB,2022-11-17,42.789286740510754,43.07042528676904,42.45192048500082,43.014197577517386,1845700.0
VCB,2022-11-18,42.676831322007445,43.23910841452401,41.38359400921934,43.014197577517386,1564800.0
VCB,2022-11-21,43.014197577517386,43.014197577517386,42.170781938742536,42.170781938742536,1224900.0
VCB,2022-11-22,41.88964339248425,42.7330590312591,40.76508920745111,41.32736629996768,1936000.0
VCB,2022-11-23,41.046227753709395,41.32736629996768,40.70886149819946,41.32736629996768,1773000.0
VCB,2022-11-24,41.32736629996768,41.60850484622597,40.76508920745111,41.046227753709395,1135000.0
VCB,2022-11-25,41.10245546296105,41.38359400921934,40.933772335206086,41.10245546296105,1875100.0
VCB,2022-11-28,41.88964339248425,43.29533612377567,41.49604942772265,43.126652996020695,2356900.0
VCB,2022-11-29,42.7330590312591,44.869711982822054,42.7330590312591,44.869711982822054,1707400.0
VCB,2022-11-30,45.15085052908034,45.54444449384194,43.29533612377567,45.54444449384194,1458600.0
VCB,2022-12-01,45.48821678459028,45.76935533084857,44.53234572731212,44.98216740132537,1178900.0
VCB,2022-12-02,44.92593969207371,47.793552863908204,44.58857343656377,47.793552863908204,1377300.0
VCB,2022-12-05,47.28750348064329,48.91810704894134,46.38786013261679,47.793552863908204,1664000.0
VCB,2022-12-06,47.793552863908204,47.90600828241152,44.98216740132537,44.98216740132537,1378000.0
VCB,2022-12-07,44.98216740132537,46.1067215863585,43.857613216292236,44.13875176255052,1589800.0
VCB,2022-12-08,44.4198903088088,45.54444449384194,43.29533612377567,43.29533612377567,2479700.0
VCB,2022-12-09,44.08252405329886,44.53234572731212,43.35156383302732,43.46401925153064,1750100.0
VCB,2022-12-12,44.30743489030549,45.26330594758365,43.520246960782295,43.520246960782295,2405700.0
VCB,2022-12-13,43.91384092554389,44.58857343656377,43.80138550704058,43.97006863479555,2232500.0
VCB,2022-12-14,44.8134842735704,44.8134842735704,44.13875176255052,44.30743489030549,1246300.0
VCB,2022-12-15,44.30743489030549,45.37576136608697,44.19497947180217,44.70102885506709,1250400.0
VCB,2022-12-16,44.70102885506709,46.61277096962342,44.363662599557145,44.8134842735704,3410700.0
VCB,2022-12-19,44.98216740132537,45.54444449384194,44.4198903088088,44.53234572731212,757500.0
VCB,2022-12-20,44.8134842735704,46.1067215863585,44.4198903088088,44.4198903088088,1560400.0
VCB,2022-12-21,45.76935533084857,45.76935533084857,44.251207181053836,44.251207181053836,962000.0
VCB,2022-12-22,44.70102885506709,45.60067220309359,44.58857343656377,44.58857343656377,1100300.0
VCB,2022-12-23,45.094622819828686,45.65689991234525,44.476118018060454,44.476118018060454,1385200.0
VCB,2022-12-26,44.53234572731212,45.43198907533862,44.363662599557145,44.363662599557145,1203600.0
VCB,2022-12-27,45.094622819828686,45.26330594758365,44.363662599557145,44.476118018060454,1194000.0
VCB,2022-12-28,45.207078238331995,46.1067215863585,44.70102885506709,44.98216740132537,1173500.0
VCB,2022-12-29,46.27540471411347,46.38786013261679,45.26330594758365,45.37576136608697,1373400.0
VCB,2022-12-30,46.61277096962342,46.72522638812672,44.98216740132537,44.98216740132537,1510900.0
VCB,2023-01-03,45.094622819828686,46.44408784186844,45.094622819828686,46.44408784186844,1089800.0
VCB,2023-01-04,46.61277096962342,46.61277096962342,45.99426616785519,46.556543260371754,973900.0
VCB,2023-01-05,46.556543260371754,47.23127577139164,46.38786013261679,47.23127577139164,1078600.0
VCB,2023-01-06,47.23127577139164,47.68109744540489,47.175048062139986,47.23127577139164,1261500.0
VCB,2023-01-09,48.243374537921454,48.861879339689686,47.68109744540489,48.861879339689686,1667100.0
VCB,2023-01-10,48.46828537492809,50.54871061723939,48.46828537492809,49.086790176696304,2198500.0
VCB,2023-01-11,49.086790176696304,49.086790176696304,47.849780573159855,47.849780573159855,1313000.0
VCB,2023-01-12,47.90600828241152,47.90600828241152,47.11882035288832,47.68109744540489,1965000.0
VCB,2023-01-13,47.90600828241152,48.636968502683054,47.90600828241152,48.243374537921454,822000.0
VCB,2023-01-16,48.35582995642477,49.76152268771619,48.35582995642477,49.086790176696304,1034000.0
VCB,2023-01-17,49.76152268771619,50.2675720709811,49.086790176696304,50.2675720709811,644600.0
VCB,2023-01-18,50.60493832649104,51.167215419007604,50.2675720709811,50.60493832649104,884000.0
VCB,2023-01-19,50.323799780232754,53.978600881590445,49.19924559519962,52.29176960404074,1776800.0
VCB,2023-01-27,52.29176960404074,53.191412952067246,51.44835396526589,52.29176960404074,1585800.0
VCB,2023-01-30,51.78572022077583,52.010631057782454,50.49248290798772,50.54871061723939,1045000.0
VCB,2023-01-31,50.54871061723939,51.67326480227252,49.36792872295459,51.67326480227252,1533700.0
VCB,2023-02-01,51.72949251152417,52.010631057782454,50.09888894322613,50.09888894322613,1136400.0
VCB,2023-02-02,49.817750396967845,51.72949251152417,49.817750396967845,50.94230458200098,1030600.0
VCB,2023-02-03,50.773621454246005,52.29176960404074,50.09888894322613,52.29176960404074,933400.0
VCB,2023-02-06,52.06685876703411,54.14728400934541,51.44835396526589,53.978600881590445,1430100.0
VCB,2023-02-07,53.585006916828846,53.69746233533216,51.72949251152417,51.72949251152417,1469200.0
VCB,2023-02-08,51.78572022077583,54.091056300093754,51.78572022077583,52.96650211506062,950800.0
VCB,2023-02-09,52.741591278053995,53.41632378907387,52.29176960404074,52.29176960404074,840300.0
VCB,2023-02-10,53.13518524281559,53.13518524281559,52.17931418553743,53.13518524281559,713700.0
VCB,2023-02-13,53.30386837057056,53.641234626080504,51.72949251152417,52.57290815029902,892700.0
VCB,2023-02-14,52.57290815029902,52.57290815029902,51.27967083751092,52.010631057782454,1178100.0
VCB,2023-02-15,52.010631057782454,52.96650211506062,51.27967083751092,52.29176960404074,899300.0
VCB,2023-02-16,52.29176960404074,52.854046696557305,51.84194793002749,51.9544033485308,842600.0
VCB,2023-02-17,52.29176960404074,52.46045273179571,51.72949251152417,52.29176960404074,949200.0
VCB,2023-02-20,52.29176960404074,53.13518524281559,52.29176960404074,52.741591278053995,1161000.0
VCB,2023-02-21,52.96650211506062,53.36009607982222,52.854046696557305,52.96650211506062,695500.0
VCB,2023-02-22,52.96650211506062,53.02272982431228,52.010631057782454,52.29176960404074,1071500.0
VCB,2023-02-23,52.29176960404074,52.854046696557305,51.27967083751092,52.46045273179571,1045700.0
VCB,2023-02-24,52.29176960404074,52.854046696557305,50.60493832649104,52.57290815029902,691400.0
VCB,2023-02-27,52.29176960404074,52.57290815029902,51.560809383769204,52.17931418553743,521000.0
VCB,2023-02-28,52.347997313292396,52.68536356880234,52.06685876703411,52.57290815029902,625800.0
VCB,2023-03-01,51.898175639279145,52.51668044104737,51.84194793002749,52.29176960404074,775700.0
VCB,2023-03-02,52.29176960404074,52.741591278053995,51.61703709302086,52.404225022544054,984700.0
VCB,2023-03-03,51.61703709302086,52.17931418553743,51.11098770975595,51.11098770975595,864600.0
VCB,2023-03-06,51.167215419007604,51.84194793002749,51.167215419007604,51.167215419007604,711900.0
VCB,2023-03-07,51.44835396526589,52.010631057782454,51.22344312825926,51.67326480227252,1053300.0
VCB,2023-03-08,51.167215419007604,51.84194793002749,50.99853229125264,51.84194793002749,871900.0
VCB,2023-03-09,51.72949251152417,52.51668044104737,51.560809383769204,52.29176960404074,1118100.0
VCB,2023-03-10,51.84194793002749,52.010631057782454,51.44835396526589,51.78572022077583,773800.0
VCB,2023-03-13,51.72949251152417,51.72949251152417,51.05476000050429,51.44835396526589,759200.0
VCB,2023-03-14,51.167215419007604,51.27967083751092,50.88607687274932,51.167215419007604,906700.0
VCB,2023-03-15,51.504581674517546,51.72949251152417,51.22344312825926,51.39212625601424,850800.0
VCB,2023-03-16,51.167215419007604,51.72949251152417,50.323799780232754,51.167215419007604,806000.0
VCB,2023-03-17,51.167215419007604,51.22344312825926,50.04266123397447,50.04266123397447,2272200.0
VCB,2023-03-20,50.04266123397447,50.323799780232754,47.849780573159855,47.849780573159855,1077000.0
VCB,2023-03-21,48.018463700914836,50.54871061723939,48.018463700914836,48.636968502683054,1173400.0
VCB,2023-03-22,48.693196211934705,50.54871061723939,48.693196211934705,50.04266123397447,1098800.0
VCB,2023-03-23,49.930205815471155,50.99853229125264,49.086790176696304,50.99853229125264,1945500.0
VCB,2023-03-24,51.167215419007604,51.167215419007604,49.98643352472282,50.04266123397447,673000.0
VCB,2023-03-27,50.04266123397447,51.167215419007604,49.480384141457904,51.167215419007604,826100.0
VCB,2023-03-28,51.05476000050429,52.23554189478909,50.661166035742696,51.61703709302086,888800.0
VCB,2023-03-29,52.010631057782454,52.010631057782454,50.88607687274932,51.898175639279145,422800.0
VCB,2023-03-30,51.898175639279145,52.404225022544054,51.72949251152417,52.12308647628577,605700.0
VCB,2023-03-31,52.17931418553743,52.404225022544054,50.88607687274932,51.39212625601424,1033600.0
VCB,2023-04-03,51.560809383769204,52.23554189478909,51.27967083751092,52.17931418553743,812700.0
VCB,2023-04-04,52.17931418553743,52.23554189478909,51.504581674517546,51.72949251152417,312900.0
VCB,2023-04-05,51.898175639279145,51.898175639279145,51.22344312825926,51.78572022077583,432000.0
VCB,2023-04-06,51.44835396526589,51.78572022077583,51.27967083751092,51.27967083751092,419300.0
VCB,2023-04-07,51.167215419007604,51.22344312825926,50.323799780232754,50.60493832649104,843200.0
VCB,2023-04-10,50.60493832649104,50.60493832649104,50.04266123397447,50.04266123397447,682300.0
VCB,2023-04-11,50.04266123397447,50.60493832649104,49.59283955996122,49.59283955996122,827600.0
VCB,2023-04-12,49.64906726921287,49.817750396967845,49.480384141457904,49.64906726921287,581400.0
VCB,2023-04-13,49.64906726921287,49.76152268771619,49.36792872295459,49.59283955996122,567000.0
VCB,2023-04-14,49.64906726921287,50.09888894322613,49.59283955996122,49.705294978464536,477800.0
VCB,2023-04-17,49.705294978464536,49.76152268771619,49.36792872295459,49.705294978464536,524900.0
VCB,2023-04-18,49.64906726921287,49.817750396967845,49.19924559519962,49.480384141457904,758100.0
VCB,2023-04-19,49.53661185070956,49.873978106219504,49.480384141457904,49.76152268771619,492900.0
VCB,2023-04-20,49.930205815471155,49.930205815471155,49.480384141457904,49.64906726921287,257800.0
VCB,2023-04-21,49.480384141457904,49.53661185070956,49.14301788594797,49.19924559519962,1056500.0
VCB,2023-04-24,49.480384141457904,49.76152268771619,48.91810704894134,49.42415643220625,585200.0
VCB,2023-04-25,49.59283955996122,49.76152268771619,49.19924559519962,49.64906726921287,565800.0
VCB,2023-04-26,49.480384141457904,50.323799780232754,49.42415643220625,50.2675720709811,4045974.0
VCB,2023-04-27,49.873978106219504,50.88607687274932,49.705294978464536,50.60493832649104,721300.0
VCB,2023-04-28,50.60493832649104,50.88607687274932,49.930205815471155,50.88607687274932,740700.0
VCB,2023-05-04,50.60493832649104,50.60493832649104,49.76152268771619,49.76152268771619,559001.0
VCB,2023-05-05,49.76152268771619,50.54871061723939,49.59283955996122,50.49248290798772,600500.0
VCB,2023-05-08,50.60493832649104,52.404225022544054,50.49248290798772,52.29176960404074,1563200.0
VCB,2023-05-09,52.29176960404074,52.797818987305654,51.898175639279145,51.898175639279145,1019400.0
VCB,2023-05-10,51.67326480227252,52.29176960404074,51.504581674517546,51.72949251152417,820400.0
VCB,2023-05-11,51.72949251152417,51.78572022077583,51.167215419007604,51.167215419007604,681600.0
VCB,2023-05-12,51.167215419007604,52.17931418553743,51.05476000050429,52.17931418553743,893500.0
VCB,2023-05-15,51.72949251152417,52.29176960404074,51.27967083751092,51.560809383769204,678901.0
VCB,2023-05-16,51.72949251152417,52.347997313292396,51.33589854676257,52.06685876703411,901600.0
VCB,2023-05-17,52.010631057782454,52.29176960404074,51.898175639279145,52.17931418553743,799400.0
VCB,2023-05-18,52.23554189478909,53.978600881590445,51.84194793002749,53.41632378907387,1894800.0
VCB,2023-05-19,53.13518524281559,53.36009607982222,52.06685876703411,52.96650211506062,609900.0
VCB,2023-05-22,52.29176960404074,52.797818987305654,51.84194793002749,52.347997313292396,665300.0
VCB,2023-05-23,52.29176960404074,52.62913585955068,51.78572022077583,52.17931418553743,568800.0
VCB,2023-05-24,52.17931418553743,52.17931418553743,51.67326480227252,52.06685876703411,385200.0
VCB,2023-05-25,52.06685876703411,52.854046696557305,51.39212625601424,52.404225022544054,626600.0
VCB,2023-05-26,52.404225022544054,52.57290815029902,51.72949251152417,51.72949251152417,1026700.0
VCB,2023-05-29,51.72949251152417,53.41632378907387,51.72949251152417,52.347997313292396,630500.0
VCB,2023-05-30,52.347997313292396,53.30386837057056,51.9544033485308,53.13518524281559,1307500.0
VCB,2023-05-31,52.797818987305654,52.91027440580896,52.347997313292396,52.854046696557305,420100.0
VCB,2023-06-01,53.191412952067246,53.191412952067246,52.404225022544054,52.797818987305654,711300.0
VCB,2023-06-02,52.797818987305654,53.41632378907387,52.46045273179571,53.36009607982222,1457800.0
VCB,2023-06-05,53.52877920757719,55.49674903138517,53.52877920757719,55.10315506662358,1362801.0
VCB,2023-06-06,55.10315506662358,55.665432159140146,54.25973942784873,55.665432159140146,779500.0
VCB,2023-06-07,55.665432159140146,55.665432159140146,54.54087797410701,54.54087797410701,794600.0
VCB,2023-06-08,54.54087797410701,57.18358030893488,54.54087797410701,56.22770925165671,1359400.0
VCB,2023-06-09,56.22770925165671,57.352263436689846,55.665432159140146,56.508847797914996,1071100.0
VCB,2023-06-12,56.171481542405054,57.07112489043156,55.15938277587523,56.78998634417328,455100.0
VCB,2023-06-13,56.22770925165671,57.91454052920641,56.059026123901745,57.63340198294813,933900.0
VCB,2023-06-14,57.57717427369647,58.47681762172298,57.07112489043156,57.68962969219978,860500.0
VCB,2023-06-15,57.63340198294813,58.30813449396801,57.12735259968321,58.195679075464696,1057200.0
VCB,2023-06-16,58.589273040226296,59.826282643762745,58.02699594770973,59.039094714239546,1351800.0
VCB,2023-06-19,58.25190678471635,58.53304533097463,57.18358030893488,57.18358030893488,1214901.0
VCB,2023-06-20,56.84621405342493,56.84621405342493,56.115253833153396,56.171481542405054,1949509.0
VCB,2023-06-21,56.059026123901745,56.508847797914996,56.059026123901745,56.22770925165671,1242900.0
VCB,2023-06-22,57.352263436689846,57.352263436689846,56.171481542405054,56.45262008866334,896500.0
VCB,2023-06-23,56.45262008866334,56.45262008866334,55.94657070539843,56.171481542405054,793200.0
VCB,2023-06-26,55.7216598683918,56.73375863492162,55.7216598683918,56.22770925165671,807200.0
VCB,2023-06-27,56.22770925165671,56.78998634417328,56.059026123901745,56.22770925165671,715900.0
VCB,2023-06-28,56.22770925165671,57.46471885519316,56.115253833153396,56.84621405342493,894201.0
VCB,2023-06-29,57.23980801818653,57.91454052920641,56.84621405342493,57.29603572743819,997600.0
VCB,2023-06-30,56.84621405342493,57.23980801818653,56.22770925165671,56.22770925165671,629600.0
VCB,2023-07-03,56.22770925165671,56.67753092566996,56.115253833153396,56.22770925165671,490100.0
VCB,2023-07-04,56.62130321641831,57.29603572743819,56.171481542405054,56.22770925165671,785700.0
VCB,2023-07-05,56.78998634417328,57.63340198294813,56.39639237941168,57.352263436689846,2513400.0
VCB,2023-07-06,57.4084911459415,57.46471885519316,56.508847797914996,56.62130321641831,1849000.0
VCB,2023-07-07,56.508847797914996,59.039094714239546,56.45262008866334,59.039094714239546,2074301.0
VCB,2023-07-10,58.982867004987895,58.982867004987895,57.52094656444481,57.745857401451445,1743100.0
VCB,2023-07-11,57.23980801818653,59.039094714239546,57.23980801818653,57.91454052920641,2492600.0
VCB,2023-07-12,57.745857401451445,58.75795616798126,57.745857401451445,58.47681762172298,870800.0
VCB,2023-07-13,59.039094714239546,59.039094714239546,58.30813449396801,58.982867004987895,1683300.0
VCB,2023-07-14,58.982867004987895,59.039094714239546,58.47681762172298,59.039094714239546,1308700.0
VCB,2023-07-17,59.039094714239546,59.039094714239546,58.589273040226296,58.92663929573623,1291601.0
VCB,2023-07-18,58.982867004987895,59.039094714239546,58.64550074947795,58.64550074947795,793000.0
VCB,2023-07-19,58.814183877232914,60.21987660852433,58.814183877232914,59.882510353014396,2586200.0
VCB,2023-07-20,59.32023326049783,59.826282643762745,58.25190678471635,59.039094714239546,879605.0
VCB,2023-07-21,59.039094714239546,59.039094714239546,58.47681762172298,59.039094714239546,1823427.0
VCB,2023-07-24,59.0953224234912,59.26400555124618,58.75795616798126,58.814183877232914,916522.0
VCB,2023-07-25,60.03005186209075,61.42455527924109,59.96364693746454,60.893315882231434,2574808.0
VCB,2023-07-26,61.02612573148385,62.02219960087695,61.02612573148385,62.02219960087695,1737418.0
VCB,2023-07-27,62.22141437475557,62.22141437475557,61.42455527924109,61.5573651284935,957211.0
VCB,2023-07-28,61.5573651284935,61.75657990237212,60.95972080685764,61.75657990237212,1207918.0
VCB,2023-07-31,61.75657990237212,61.889389751624535,60.82691095760522,60.82691095760522,1468322.0
VCB,2023-08-01,60.82691095760522,61.623770053119706,60.5612912591004,60.5612912591004,1372616.0
VCB,2023-08-02,60.5612912591004,60.76050603297902,60.42848140984799,60.76050603297902,1055821.0
VCB,2023-08-03,60.76050603297902,60.76050603297902,60.096456786716956,60.16286171134316,970917.0
VCB,2023-08-04,60.22926663596937,60.49488633447419,59.83083708821213,59.83083708821213,1231617.0
VCB,2023-08-07,59.83083708821213,60.29567156059557,59.76443216358592,60.29567156059557,1244726.0
VCB,2023-08-08,60.29567156059557,60.5612912591004,59.83083708821213,60.22926663596937,823418.0
VCB,2023-08-09,60.22926663596937,60.362076485221785,59.83083708821213,59.89724201283834,703631.0
VCB,2023-08-10,60.096456786716956,60.096456786716956,58.76835829419282,58.76835829419282,1427128.0
VCB,2023-08-11,58.76835829419282,60.03005186209075,58.76835829419282,60.03005186209075,940830.0
VCB,2023-08-14,59.96364693746454,59.96364693746454,59.100382917323856,59.100382917323856,1584825.0
VCB,2023-08-15,59.76443216358592,59.76443216358592,58.76835829419282,59.03397799269765,1168516.0
VCB,2023-08-16,58.967573068071445,59.366002615828684,58.90116814344524,59.23319276657627,840335.0
VCB,2023-08-17,59.23319276657627,59.631622314333505,58.83476321881903,59.366002615828684,2165114.0
VCB,2023-08-18,59.631622314333505,59.96364693746454,59.100382917323856,59.43240754045489,2543404.0
VCB,2023-08-21,59.56521738970731,59.89724201283834,59.23319276657627,59.631622314333505,1730933.0
VCB,2023-08-22,59.43240754045489,59.56521738970731,58.30352382180938,58.701953369566624,1938024.0
VCB,2023-08-23,59.03397799269765,59.03397799269765,57.17464010316386,57.30744995241628,1774811.0
VCB,2023-08-24,57.30744995241628,58.569143520314206,57.10823517853766,57.77228442479972,973803.0
VCB,2023-08-25,57.24104502779007,57.77228442479972,57.10823517853766,57.24104502779007,1466600.0
VCB,2023-08-28,57.37385487704249,58.104309047930755,57.24104502779007,57.77228442479972,1449300.0
VCB,2023-08-29,57.77228442479972,58.76835829419282,57.70587950017352,58.701953369566624,1453903.0
VCB,2023-08-30,58.76835829419282,59.43240754045489,58.76835829419282,59.16678784195006,1401002.0
VCB,2023-08-31,59.16678784195006,59.498812465081095,58.63554844494041,59.16678784195006,2470000.0
VCB,2023-09-05,59.16678784195006,60.22926663596937,59.16678784195006,59.83083708821213,2013202.0
VCB,2023-09-06,59.89724201283834,59.89724201283834,59.56521738970731,59.89724201283834,2057603.0
VCB,2023-09-07,59.76443216358592,60.29567156059557,59.43240754045489,59.43240754045489,1958302.0
VCB,2023-09-08,59.43240754045489,59.43240754045489,59.16678784195006,59.43240754045489,1381905.0
VCB,2023-09-11,59.498812465081095,59.76443216358592,58.43633367106179,58.76835829419282,2592500.0
VCB,2023-09-12,59.100382917323856,59.76443216358592,59.03397799269765,59.69802723895972,1612100.0
VCB,2023-09-13,59.76443216358592,59.76443216358592,59.03397799269765,59.16678784195006,1675000.0
VCB,2023-09-14,59.100382917323856,59.43240754045489,58.502738595687994,59.16678784195006,1552600.0
VCB,2023-09-15,59.03397799269765,59.631622314333505,58.83476321881903,59.631622314333505,2235400.0
VCB,2023-09-18,59.43240754045489,59.56521738970731,58.63554844494041,58.967573068071445,789102.0
VCB,2023-09-19,58.967573068071445,59.23319276657627,57.10823517853766,58.502738595687994,1210203.0
VCB,2023-09-20,58.502738595687994,58.701953369566624,57.37385487704249,58.43633367106179,1057027.0
VCB,2023-09-21,58.43633367106179,58.43633367106179,57.63947457554731,57.77228442479972,1359910.0
VCB,2023-09-22,57.37385487704249,59.43240754045489,57.10823517853766,59.29959769120247,2679610.0
VCB,2023-09-25,59.100382917323856,59.43240754045489,58.63554844494041,59.29959769120247,2303421.0
VCB,2023-09-26,59.23319276657627,59.366002615828684,57.70587950017352,57.77228442479972,1663215.0
VCB,2023-09-27,58.17071397255696,59.100382917323856,57.77228442479972,58.30352382180938,1368902.0
VCB,2023-09-28,57.90509427405214,58.63554844494041,57.50666472629489,58.43633367106179,1065102.0
VCB,2023-09-29,58.63554844494041,58.63554844494041,57.83868934942593,58.104309047930755,613316.0
VCB,2023-10-02,57.83868934942593,57.90509427405214,57.440259801668695,57.440259801668695,765716.0
VCB,2023-10-03,57.440259801668695,57.573069650921106,56.975425329285244,57.30744995241628,1066600.0
VCB,2023-10-04,57.30744995241628,57.30744995241628,56.64340070615421,57.30744995241628,923800.0
VCB,2023-10-05,57.10823517853766,57.10823517853766,56.11216130914456,56.11216130914456,1014000.0
VCB,2023-10-06,56.11216130914456,56.70980563078042,55.448112062882494,56.70980563078042,800900.0
VCB,2023-10-09,56.70980563078042,56.70980563078042,55.78013668601353,56.178566233770766,1212100.0
VCB,2023-10-10,56.178566233770766,57.24104502779007,56.178566233770766,57.17464010316386,802101.0
VCB,2023-10-11,57.24104502779007,57.440259801668695,56.90902040465904,57.440259801668695,815401.0
VCB,2023-10-12,57.70587950017352,57.70587950017352,56.77621055540663,57.10823517853766,882100.0
VCB,2023-10-13,57.10823517853766,57.50666472629489,56.77621055540663,57.50666472629489,788100.0
VCB,2023-10-16,56.842615480032826,57.50666472629489,56.842615480032826,57.17464010316386,551300.0
VCB,2023-10-17,57.17464010316386,57.440259801668695,56.77621055540663,57.041830253911456,488400.0
VCB,2023-10-18,56.77621055540663,57.10823517853766,56.444185932275595,57.041830253911456,1266400.0
VCB,2023-10-19,56.77621055540663,57.10823517853766,55.84654161063973,56.11216130914456,1408600.0
VCB,2023-10-20,55.448112062882494,56.64340070615421,54.916872665872845,56.31137608302318,938400.0
VCB,2023-10-23,56.11216130914456,56.11216130914456,54.78406281662043,56.11216130914456,1130600.0
VCB,2023-10-24,56.11216130914456,57.440259801668695,55.71373176138732,57.10823517853766,994000.0
VCB,2023-10-25,56.51059085690179,56.975425329285244,56.178566233770766,56.975425329285244,924100.0
VCB,2023-10-26,56.444185932275595,57.10823517853766,55.448112062882494,56.11216130914456,1520300.0
VCB,2023-10-27,56.178566233770766,56.444185932275595,55.64732683676111,56.444185932275595,911400.0
VCB,2023-10-30,55.448112062882494,57.10823517853766,55.448112062882494,57.041830253911456,618900.0
VCB,2023-10-31,57.041830253911456,57.70587950017352,56.37778100764939,57.63947457554731,1438300.0
VCB,2023-11-01,57.63947457554731,58.30352382180938,57.17464010316386,58.30352382180938,1550100.0
VCB,2023-11-02,58.43633367106179,59.100382917323856,57.50666472629489,59.100382917323856,1114500.0
VCB,2023-11-03,59.100382917323856,59.366002615828684,58.502738595687994,59.03397799269765,1157600.0
VCB,2023-11-06,59.03397799269765,59.631622314333505,58.76835829419282,59.43240754045489,833800.0
VCB,2023-11-07,59.100382917323856,59.29959769120247,58.63554844494041,58.63554844494041,518900.0
VCB,2023-11-08,58.43633367106179,59.56521738970731,58.36992874643559,59.43240754045489,1329301.0
VCB,2023-11-09,59.43240754045489,59.43240754045489,58.36992874643559,58.36992874643559,2291800.0
VCB,2023-11-10,57.83868934942593,58.104309047930755,57.10823517853766,57.10823517853766,1411000.0
VCB,2023-11-13,57.10823517853766,57.17464010316386,56.70980563078042,56.77621055540663,3242786.0
VCB,2023-11-14,57.10823517853766,57.440259801668695,56.70980563078042,57.10823517853766,1086500.0
VCB,2023-11-15,57.440259801668695,58.23711889718317,57.440259801668695,58.23711889718317,4172800.0
VCB,2023-11-16,57.77228442479972,58.43633367106179,57.573069650921106,58.43633367106179,1343800.0
VCB,2023-11-17,58.30352382180938,58.36992874643559,56.77621055540663,56.842615480032826,1693000.0
VCB,2023-11-20,56.842615480032826,57.77228442479972,56.444185932275595,57.17464010316386,1157400.0
VCB,2023-11-21,57.17464010316386,57.573069650921106,56.975425329285244,57.50666472629489,1256400.0
VCB,2023-11-22,57.30744995241628,57.573069650921106,56.77621055540663,57.573069650921106,1071700.0
VCB,2023-11-23,57.573069650921106,57.63947457554731,56.77621055540663,56.77621055540663,752200.0
VCB,2023-11-24,56.77621055540663,57.10823517853766,56.444185932275595,57.10823517853766,793500.0
VCB,2023-11-27,57.10823517853766,57.10823517853766,56.51059085690179,56.975425329285244,548000.0
VCB,2023-11-28,56.77621055540663,57.041830253911456,56.31137608302318,56.975425329285244,838400.0
VCB,2023-11-29,56.70980563078042,57.041830253911456,56.51059085690179,56.51059085690179,838100.0
VCB,2023-11-30,56.51059085690179,56.70980563078042,56.24497115839698,56.24497115839698,986600.0
VCB,2023-12-01,56.37778100764939,56.444185932275595,55.84654161063973,56.444185932275595,788700.0
VCB,2023-12-04,56.70980563078042,57.24104502779007,56.31137608302318,57.10823517853766,978100.0
VCB,2023-12-05,57.10823517853766,57.17464010316386,56.31137608302318,56.70980563078042,2339861.0
VCB,2023-12-06,56.64340070615421,57.10823517853766,56.444185932275595,57.041830253911456,748000.0
VCB,2023-12-07,56.90902040465904,57.10823517853766,56.444185932275595,56.576995781528005,2403460.0
VCB,2023-12-08,56.576995781528005,56.77621055540663,56.444185932275595,56.444185932275595,1293000.0
VCB,2023-12-11,56.444185932275595,56.64340070615421,55.84654161063973,55.912946535265945,2768100.0
VCB,2023-12-12,56.24497115839698,56.24497115839698,55.78013668601353,55.912946535265945,1148400.0
VCB,2023-12-13,55.912946535265945,56.11216130914456,55.58092191213491,55.58092191213491,2541000.0
VCB,2023-12-14,55.78013668601353,56.11216130914456,55.78013668601353,56.045756384518356,982600.0
VCB,2023-12-15,55.78013668601353,56.045756384518356,54.58484804274181,54.58484804274181,2648401.0
VCB,2023-12-18,54.98327759049905,55.04968251512526,54.12001357035836,54.12001357035836,2004600.0
VCB,2023-12-19,54.12001357035836,54.12001357035836,53.190344625591464,53.920798796479744,2079400.0
VCB,2023-12-20,53.920798796479744,53.98720372110595,53.4559643240963,53.85439387185353,2014300.0
VCB,2023-12-21,53.78798894722733,53.78798894722733,53.32315447484388,53.72158402260113,2148400.0
VCB,2023-12-22,53.72158402260113,53.85439387185353,53.389559399470095,53.72158402260113,1721800.0
VCB,2023-12-25,53.72158402260113,54.31922834423698,53.58877417334871,54.31922834423698,1480000.0
VCB,2023-12-26,54.45203819348939,54.98327759049905,54.45203819348939,54.98327759049905,1113200.0
VCB,2023-12-27,55.04968251512526,55.24889728900388,54.78406281662043,54.916872665872845,1017700.0
VCB,2023-12-28,54.916872665872845,55.182492364377666,54.71765789199423,54.98327759049905,997500.0
VCB,2023-12-29,55.448112062882494,55.71373176138732,53.32315447484388,53.32315447484388,1894326.0
VCB,2024-01-02,55.04968251512526,55.5145169875087,54.58484804274181,55.448112062882494,1897801.0
VCB,2024-01-03,55.448112062882494,56.11216130914456,54.98327759049905,56.11216130914456,1521100.0
VCB,2024-01-04,56.11216130914456,57.24104502779007,55.78013668601353,57.041830253911456,2734900.0
VCB,2024-01-05,57.041830253911456,57.24104502779007,56.90902040465904,57.24104502779007,1328400.0
VCB,2024-01-08,57.30744995241628,57.63947457554731,57.30744995241628,57.63947457554731,1652800.0
VCB,2024-01-09,57.63947457554731,58.36992874643559,57.63947457554731,58.30352382180938,2074500.0
VCB,2024-01-10,58.30352382180938,59.43240754045489,57.90509427405214,59.43240754045489,1840400.0
VCB,2024-01-11,59.43240754045489,59.76443216358592,58.83476321881903,59.29959769120247,1593100.0
VCB,2024-01-12,58.502738595687994,59.43240754045489,58.03790412330456,58.90116814344524,1954500.0
VCB,2024-01-15,59.100382917323856,59.83083708821213,59.03397799269765,59.76443216358592,2012200.0
VCB,2024-01-16,59.100382917323856,59.83083708821213,59.03397799269765,59.76443216358592,1433200.0
VCB,2024-01-17,59.100382917323856,60.42848140984799,59.100382917323856,60.362076485221785,1676200.0
VCB,2024-01-18,60.362076485221785,60.5612912591004,59.76443216358592,60.49488633447419,1488900.0
VCB,2024-01-19,60.42848140984799,61.75657990237212,60.03005186209075,61.49096020386729,1601800.0
VCB,2024-01-22,62.08860452550315,62.08860452550315,61.09253065611006,61.09253065611006,1112300.0
VCB,2024-01-23,61.158935580736255,61.358150354614885,60.03005186209075,60.76050603297902,1354901.0
VCB,2024-01-24,60.82691095760522,61.09253065611006,60.362076485221785,60.49488633447419,810700.0
VCB,2024-01-25,60.49488633447419,60.82691095760522,60.22926663596937,60.42848140984799,601300.0
VCB,2024-01-26,60.82691095760522,61.09253065611006,60.69410110835282,61.09253065611006,1019100.0
VCB,2024-01-29,60.95972080685764,61.09253065611006,60.362076485221785,60.5612912591004,804500.0
VCB,2024-01-30,60.5612912591004,60.5612912591004,59.83083708821213,60.42848140984799,934600.0
VCB,2024-01-31,60.16286171134316,60.16286171134316,58.76835829419282,58.76835829419282,1019600.0
VCB,2024-02-01,58.43633367106179,59.89724201283834,58.43633367106179,59.631622314333505,668100.0
VCB,2024-02-02,59.16678784195006,60.096456786716956,59.16678784195006,59.96364693746454,847000.0
VCB,2024-02-05,59.89724201283834,60.16286171134316,59.366002615828684,59.76443216358592,2019000.0
VCB,2024-02-06,59.96364693746454,60.16286171134316,59.16678784195006,59.43240754045489,1426300.0
VCB,2024-02-07,59.76443216358592,60.29567156059557,59.29959769120247,59.76443216358592,1441400.0
VCB,2024-02-15,59.76443216358592,60.22926663596937,59.16678784195006,59.69802723895972,1140700.0
VCB,2024-02-16,59.69802723895972,59.89724201283834,59.43240754045489,59.498812465081095,804100.0
VCB,2024-02-19,59.69802723895972,60.096456786716956,59.29959769120247,59.89724201283834,1139300.0
VCB,2024-02-20,59.83083708821213,60.69410110835282,59.366002615828684,60.627696183726606,1520300.0
VCB,2024-02-21,60.893315882231434,60.893315882231434,60.096456786716956,60.5612912591004,1461400.0
VCB,2024-02-22,60.16286171134316,60.42848140984799,59.43240754045489,59.43240754045489,1293900.0
VCB,2024-02-23,59.43240754045489,60.69410110835282,59.03397799269765,59.03397799269765,1894900.0
VCB,2024-02-26,59.03397799269765,59.76443216358592,59.03397799269765,59.43240754045489,792000.0
VCB,2024-02-27,59.498812465081095,60.5612912591004,59.16678784195006,60.49488633447419,1698900.0
VCB,2024-02-28,60.42848140984799,64.67839658592521,60.03005186209075,64.67839658592521,4333900.0
VCB,2024-02-29,65.40885075681348,66.73694924933761,64.611991661299,64.611991661299,1991000.0
VCB,2024-03-01,65.20963598293487,65.20963598293487,63.018273470270046,64.611991661299,2423600.0
VCB,2024-03-04,65.07682613368245,65.07682613368245,63.48310794265349,63.74872764115832,1734400.0
VCB,2024-03-05,64.14715718891556,64.14715718891556,63.21748824414867,63.416703018027285,1434800.0
VCB,2024-03-06,63.416703018027285,64.27996703816797,63.151083319522456,63.48310794265349,2090600.0
VCB,2024-03-07,63.68232271653211,64.67839658592521,63.416703018027285,63.6159177919059,2506300.0
VCB,2024-03-08,63.68232271653211,64.08075226428934,63.151083319522456,63.151083319522456,2327900.0
VCB,2024-03-11,63.151083319522456,63.74872764115832,62.48703407326039,62.48703407326039,2004000.0
VCB,2024-03-12,62.48703407326039,63.018273470270046,62.420629148634184,62.68624884713901,1135300.0
VCB,2024-03-13,63.018273470270046,64.08075226428934,62.61984392251281,63.74872764115832,3285300.0
VCB,2024-03-14,63.74872764115832,63.81513256578452,62.81905869639142,63.08467839489625,2347601.0
VCB,2024-03-15,63.08467839489625,63.08467839489625,62.354224224007986,62.420629148634184,2466500.0
VCB,2024-03-18,62.61984392251281,62.75265377176522,61.42455527924109,61.75657990237212,1867600.0
VCB,2024-03-19,61.42455527924109,62.08860452550315,61.42455527924109,61.42455527924109,1060100.0
VCB,2024-03-20,61.42455527924109,62.48703407326039,61.42455527924109,61.889389751624535,970900.0
VCB,2024-03-21,62.420629148634184,63.416703018027285,62.420629148634184,63.21748824414867,1694100.0
VCB,2024-03-22,63.21748824414867,64.27996703816797,63.21748824414867,64.01434733966315,1889000.0
VCB,2024-03-25,63.08467839489625,64.34637196279418,62.48703407326039,63.5495128672797,1582600.0
VCB,2024-03-26,63.74872764115832,64.14715718891556,63.6159177919059,63.947942415036934,735400.0
VCB,2024-03-27,63.881537490410736,63.881537490410736,63.48310794265349,63.6159177919059,1258900.0
VCB,2024-03-28,63.881537490410736,64.01434733966315,63.48310794265349,63.5495128672797,1232900.0
VCB,2024-03-29,63.68232271653211,63.68232271653211,63.018273470270046,63.018273470270046,965200.0
VCB,2024-04-01,63.018273470270046,63.74872764115832,62.885463621017635,63.21748824414867,1221000.0
VCB,2024-04-02,63.151083319522456,63.21748824414867,62.354224224007986,62.75265377176522,1133000.0
VCB,2024-04-03,62.68624884713901,62.95186854564383,62.28781929938177,62.28781929938177,1549100.0
VCB,2024-04-04,63.018273470270046,63.74872764115832,62.68624884713901,63.74872764115832,2141700.0
VCB,2024-04-05,62.95186854564383,63.48310794265349,62.5534389978866,63.018273470270046,824400.0
VCB,2024-04-08,63.018273470270046,63.28389316877487,62.5534389978866,63.018273470270046,960100.0
VCB,2024-04-09,63.08467839489625,63.35029809340108,62.5534389978866,62.61984392251281,814600.0
VCB,2024-04-10,62.61984392251281,62.81905869639142,62.48703407326039,62.75265377176522,856400.0
VCB,2024-04-11,62.420629148634184,62.81905869639142,62.08860452550315,62.420629148634184,823000.0
VCB,2024-04-12,62.75265377176522,63.416703018027285,62.28781929938177,62.81905869639142,943800.0
VCB,2024-04-15,62.81905869639142,64.08075226428934,61.09253065611006,61.09253065611006,1965300.0
VCB,2024-04-16,62.28781929938177,62.28781929938177,60.096456786716956,60.42848140984799,1956700.0
VCB,2024-04-17,60.5612912591004,61.158935580736255,59.43240754045489,60.096456786716956,1609700.0
VCB,2024-04-19,59.76443216358592,60.362076485221785,59.56521738970731,60.096456786716956,1423800.0
VCB,2024-04-22,60.096456786716956,60.69410110835282,59.89724201283834,60.16286171134316,1064100.0
VCB,2024-04-23,60.16286171134316,60.5612912591004,59.23319276657627,59.83083708821213,1661900.0
VCB,2024-04-24,60.42848140984799,60.49488633447419,59.83083708821213,60.16286171134316,2190200.0
VCB,2024-04-25,60.16286171134316,61.69017497774592,60.096456786716956,60.42848140984799,1334700.0
VCB,2024-04-26,60.893315882231434,61.95579467625074,60.5612912591004,60.5612912591004,1763300.0
VCB,2024-05-02,61.158935580736255,61.42455527924109,60.49488633447419,61.02612573148385,1231400.0
VCB,2024-05-03,61.358150354614885,62.02219960087695,60.95972080685764,61.42455527924109,1535700.0
VCB,2024-05-06,61.69017497774592,61.95579467625074,61.5573651284935,61.75657990237212,1246201.0
VCB,2024-05-07,62.02219960087695,62.48703407326039,61.69017497774592,61.69017497774592,1219200.0
VCB,2024-05-08,61.5573651284935,61.889389751624535,61.158935580736255,61.75657990237212,1325000.0
VCB,2024-05-09,61.69017497774592,62.02219960087695,61.29174542998867,61.42455527924109,691600.0
VCB,2024-05-10,61.5573651284935,61.5573651284935,60.893315882231434,61.09253065611006,868444.0
VCB,2024-05-13,61.158935580736255,61.358150354614885,60.096456786716956,60.42848140984799,1317721.0
VCB,2024-05-14,60.49488633447419,60.82691095760522,60.096456786716956,60.16286171134316,932500.0
VCB,2024-05-15,60.42848140984799,60.627696183726606,60.29567156059557,60.42848140984799,968144.0
VCB,2024-05-16,61.09253065611006,61.5573651284935,60.76050603297902,61.49096020386729,1792922.0
VCB,2024-05-17,61.49096020386729,61.49096020386729,60.893315882231434,60.95972080685764,1084792.0
VCB,2024-05-20,61.29174542998867,61.75657990237212,60.95972080685764,61.02612573148385,1207866.0
VCB,2024-05-21,61.02612573148385,61.09253065611006,60.22926663596937,60.49488633447419,1486517.0
VCB,2024-05-22,60.76050603297902,60.893315882231434,60.22926663596937,60.22926663596937,1511733.0
VCB,2024-05-23,60.22926663596937,60.76050603297902,60.096456786716956,60.42848140984799,1317568.0
VCB,2024-05-24,60.42848140984799,60.42848140984799,59.76443216358592,59.89724201283834,2405530.0
VCB,2024-05-27,60.03005186209075,60.16286171134316,59.56521738970731,59.89724201283834,1258620.0
VCB,2024-05-28,59.631622314333505,60.22926663596937,59.631622314333505,60.22926663596937,1814349.0
VCB,2024-05-29,60.29567156059557,60.42848140984799,59.631622314333505,59.631622314333505,1186438.0
VCB,2024-05-30,59.43240754045489,59.56521738970731,58.76835829419282,58.83476321881903,2401032.0
VCB,2024-05-31,58.90116814344524,59.100382917323856,57.90509427405214,57.90509427405214,3921773.0
VCB,2024-06-03,58.43633367106179,59.29959769120247,58.43633367106179,58.569143520314206,2133669.0
VCB,2024-06-04,59.03397799269765,59.23319276657627,58.63554844494041,58.90116814344524,2164701.0
VCB,2024-06-05,58.90116814344524,59.43240754045489,58.83476321881903,58.967573068071445,2283379.0
VCB,2024-06-06,59.03397799269765,59.56521738970731,58.967573068071445,59.100382917323856,1699875.0
VCB,2024-06-07,59.16678784195006,59.56521738970731,58.76835829419282,58.76835829419282,1289639.0
VCB,2024-06-10,59.03397799269765,59.23319276657627,58.36992874643559,58.43633367106179,2921811.0
VCB,2024-06-11,58.63554844494041,58.701953369566624,57.83868934942593,57.90509427405214,2412580.0
VCB,2024-06-12,58.03790412330456,59.23319276657627,57.77228442479972,58.90116814344524,2249800.0
VCB,2024-06-13,59.03397799269765,59.16678784195006,58.701953369566624,58.701953369566624,1725400.0
VCB,2024-06-14,58.76835829419282,59.16678784195006,58.104309047930755,58.104309047930755,2482100.0
VCB,2024-06-17,58.17071397255696,58.30352382180938,57.83868934942593,57.83868934942593,2363700.0
VCB,2024-06-18,58.104309047930755,58.76835829419282,57.83868934942593,57.83868934942593,1410900.0
VCB,2024-06-19,57.971499198678345,58.104309047930755,57.440259801668695,57.50666472629489,2294500.0
VCB,2024-06-20,57.50666472629489,57.50666472629489,56.842615480032826,57.10823517853766,2718944.0
VCB,2024-06-21,57.17464010316386,57.573069650921106,56.77621055540663,57.10823517853766,1850476.0
VCB,2024-06-24,57.10823517853766,58.03790412330456,56.77621055540663,56.77621055540663,2189975.0
VCB,2024-06-25,56.90902040465904,57.573069650921106,56.77621055540663,56.77621055540663,1586014.0
VCB,2024-06-26,57.041830253911456,57.30744995241628,56.576995781528005,56.576995781528005,1727058.0
VCB,2024-06-27,56.576995781528005,57.10823517853766,56.576995781528005,56.576995781528005,1473182.0
VCB,2024-06-28,57.10823517853766,57.10823517853766,56.444185932275595,56.576995781528005,1172450.0
VCB,2024-07-01,56.975425329285244,57.24104502779007,56.576995781528005,57.17464010316386,1229330.0
VCB,2024-07-02,57.573069650921106,58.967573068071445,57.24104502779007,58.569143520314206,2535350.0
VCB,2024-07-03,58.43633367106179,58.90116814344524,58.30352382180938,58.76835829419282,2300880.0
VCB,2024-07-04,58.83476321881903,59.56521738970731,58.43633367106179,58.43633367106179,3170490.0
VCB,2024-07-05,58.502738595687994,59.23319276657627,58.43633367106179,58.43633367106179,1897745.0
VCB,2024-07-08,58.43633367106179,58.90116814344524,57.90509427405214,57.90509427405214,1253950.0
VCB,2024-07-09,58.104309047930755,58.701953369566624,57.573069650921106,58.502738595687994,1599210.0
VCB,2024-07-10,58.63554844494041,59.23319276657627,58.43633367106179,58.83476321881903,31833064.0
VCB,2024-07-11,58.83476321881903,59.03397799269765,58.502738595687994,58.502738595687994,1662106.0
VCB,2024-07-12,58.569143520314206,58.83476321881903,58.17071397255696,58.17071397255696,1884249.0
VCB,2024-07-15,58.17071397255696,58.63554844494041,58.104309047930755,58.104309047930755,2815458.0
VCB,2024-07-16,58.17071397255696,58.83476321881903,58.17071397255696,58.36992874643559,1664277.0
VCB,2024-07-17,58.967573068071445,59.76443216358592,58.104309047930755,58.43633367106179,4682740.0
VCB,2024-07-18,58.63554844494041,58.967573068071445,58.36992874643559,58.43633367106179,1761916.0
VCB,2024-07-19,58.43633367106179,58.967573068071445,58.104309047930755,58.104309047930755,1343117.0
VCB,2024-07-22,58.104309047930755,58.63554844494041,57.971499198678345,58.23711889718317,1601100.0
VCB,2024-07-23,58.30352382180938,58.63554844494041,58.104309047930755,58.104309047930755,1610400.0
VCB,2024-07-24,58.03790412330456,58.502738595687994,58.03790412330456,58.104309047930755,2461700.0
VCB,2024-07-25,58.17071397255696,58.23711889718317,57.90509427405214,57.971499198678345,919000.0
VCB,2024-07-26,57.971499198678345,58.23711889718317,57.90509427405214,57.971499198678345,1983800.0
VCB,2024-07-29,58.17071397255696,58.30352382180938,57.971499198678345,57.971499198678345,540810.0
VCB,2024-07-30,57.971499198678345,58.63554844494041,57.971499198678345,58.104309047930755,999800.0
VCB,2024-07-31,58.104309047930755,59.23319276657627,58.104309047930755,59.23319276657627,1913400.0
VCB,2024-08-01,59.29959769120247,60.69410110835282,59.23319276657627,60.22926663596937,4822600.0
VCB,2024-08-02,60.03005186209075,60.03005186209075,58.90116814344524,58.90116814344524,1591400.0
VCB,2024-08-05,58.76835829419282,58.76835829419282,57.70587950017352,57.70587950017352,3081700.0
VCB,2024-08-06,57.70587950017352,58.23711889718317,57.573069650921106,57.971499198678345,4273000.0
VCB,2024-08-07,58.03790412330456,58.23711889718317,57.77228442479972,58.23711889718317,813000.0
VCB,2024-08-08,58.23711889718317,58.23711889718317,57.90509427405214,57.971499198678345,1213200.0
VCB,2024-08-09,58.03790412330456,58.63554844494041,58.03790412330456,58.23711889718317,1136700.0
VCB,2024-08-12,58.701953369566624,58.701953369566624,57.971499198678345,58.30352382180938,1102300.0
VCB,2024-08-13,58.17071397255696,59.43240754045489,58.17071397255696,59.43240754045489,1592900.0
VCB,2024-08-14,59.29959769120247,59.366002615828684,58.30352382180938,58.43633367106179,1492818.0
VCB,2024-08-15,58.43633367106179,58.967573068071445,58.17071397255696,58.17071397255696,921018.0
VCB,2024-08-16,58.43633367106179,59.03397799269765,58.43633367106179,58.502738595687994,1420431.0
VCB,2024-08-19,58.967573068071445,59.29959769120247,58.63554844494041,58.967573068071445,1693231.0
VCB,2024-08-20,59.03397799269765,60.29567156059557,59.03397799269765,60.29567156059557,3384331.0
VCB,2024-08-21,60.29567156059557,61.75657990237212,60.03005186209075,61.623770053119706,3069362.0
VCB,2024-08-22,61.69017497774592,61.889389751624535,61.158935580736255,61.358150354614885,1413546.0
VCB,2024-08-23,61.42455527924109,61.623770053119706,60.096456786716956,61.358150354614885,1199522.0
VCB,2024-08-26,61.158935580736255,61.49096020386729,60.82691095760522,61.09253065611006,1565826.0
VCB,2024-08-27,61.09253065611006,61.158935580736255,60.362076485221785,60.76050603297902,1024616.0
VCB,2024-08-28,60.893315882231434,61.02612573148385,60.49488633447419,60.49488633447419,1031639.0
VCB,2024-08-29,60.42848140984799,61.358150354614885,60.42848140984799,60.76050603297902,1620326.0
VCB,2024-08-30,60.76050603297902,61.29174542998867,60.76050603297902,60.893315882231434,1669800.0
VCB,2024-09-04,60.49488633447419,60.49488633447419,59.96364693746454,60.42848140984799,2383039.0
VCB,2024-09-05,60.16286171134316,60.49488633447419,59.83083708821213,59.83083708821213,1183964.0
VCB,2024-09-06,59.89724201283834,60.29567156059557,59.631622314333505,59.89724201283834,1385400.0
VCB,2024-09-09,59.83083708821213,59.89724201283834,59.23319276657627,59.89724201283834,702800.0
VCB,2024-09-10,59.83083708821213,59.89724201283834,59.100382917323856,59.100382917323856,1480216.0
VCB,2024-09-11,58.83476321881903,59.100382917323856,58.43633367106179,58.701953369566624,1967366.0
VCB,2024-09-12,58.76835829419282,59.83083708821213,58.701953369566624,59.43240754045489,2217450.0
VCB,2024-09-13,59.631622314333505,59.89724201283834,59.16678784195006,59.69802723895972,1694814.0
VCB,2024-09-16,59.498812465081095,59.76443216358592,58.967573068071445,59.03397799269765,727700.0
VCB,2024-09-17,59.100382917323856,60.096456786716956,58.83476321881903,60.096456786716956,1020829.0
VCB,2024-09-18,60.16286171134316,61.02612573148385,59.56521738970731,60.42848140984799,1835254.0
VCB,2024-09-19,60.42848140984799,60.893315882231434,60.362076485221785,60.76050603297902,1395520.0
VCB,2024-09-20,60.95972080685764,61.09253065611006,60.16286171134316,60.16286171134316,2294409.0
VCB,2024-09-23,60.627696183726606,60.82691095760522,60.362076485221785,60.362076485221785,1536500.0
VCB,2024-09-24,60.362076485221785,60.76050603297902,60.362076485221785,60.5612912591004,636403.0
VCB,2024-09-25,60.76050603297902,61.75657990237212,60.5612912591004,61.623770053119706,2652445.0
VCB,2024-09-26,61.69017497774592,62.28781929938177,61.42455527924109,61.42455527924109,1930821.0
VCB,2024-09-27,61.42455527924109,62.155009450129356,61.42455527924109,61.42455527924109,1120900.0
VCB,2024-09-30,61.42455527924109,61.42455527924109,61.09253065611006,61.09253065611006,1390923.0
VCB,2024-10-01,61.29174542998867,62.02219960087695,61.09253065611006,61.09253065611006,1774400.0
VCB,2024-10-02,61.29174542998867,61.5573651284935,60.95972080685764,61.5573651284935,1378900.0
VCB,2024-10-03,61.49096020386729,62.354224224007986,61.358150354614885,61.49096020386729,1699200.0
VCB,2024-10-04,61.42455527924109,61.623770053119706,61.29174542998867,61.29174542998867,859700.0
VCB,2024-10-07,61.29174542998867,61.42455527924109,60.95972080685764,61.09253065611006,610700.0
VCB,2024-10-08,61.09253065611006,61.09253065611006,60.42848140984799,60.76050603297902,1145179.0
VCB,2024-10-09,60.627696183726606,60.95972080685764,60.362076485221785,60.42848140984799,2600725.0
VCB,2024-10-10,61.29174542998867,61.75657990237212,60.5612912591004,61.02612573148385,1405230.0
VCB,2024-10-11,61.02612573148385,61.02612573148385,60.5612912591004,60.76050603297902,1143553.0
VCB,2024-10-14,61.22534050536247,61.22534050536247,60.627696183726606,60.69410110835282,1010700.0
VCB,2024-10-15,60.627696183726606,61.158935580736255,60.627696183726606,60.69410110835282,1430630.0
VCB,2024-10-16,60.69410110835282,60.95972080685764,60.627696183726606,60.76050603297902,1313000.0
VCB,2024-10-17,61.09253065611006,61.29174542998867,60.893315882231434,61.22534050536247,1285417.0
VCB,2024-10-18,61.5573651284935,61.82298482699832,61.09253065611006,61.358150354614885,1362745.0
VCB,2024-10-21,61.42455527924109,61.95579467625074,61.09253065611006,61.09253065611006,1423100.0
VCB,2024-10-22,61.09253065611006,61.22534050536247,60.69410110835282,60.69410110835282,1259500.0
VCB,2024-10-23,60.5612912591004,60.95972080685764,60.5612912591004,60.76050603297902,749300.0
VCB,2024-10-24,61.22534050536247,61.29174542998867,60.69410110835282,60.893315882231434,755400.0
VCB,2024-10-25,61.158935580736255,61.29174542998867,60.893315882231434,60.95972080685764,1051301.0
VCB,2024-10-28,60.76050603297902,61.29174542998867,60.76050603297902,61.09253065611006,1129801.0
VCB,2024-10-29,61.158935580736255,61.49096020386729,61.09253065611006,61.09253065611006,1397600.0
VCB,2024-10-30,61.09253065611006,61.358150354614885,60.82691095760522,60.893315882231434,650500.0
VCB,2024-10-31,60.76050603297902,63.08467839489625,60.76050603297902,62.155009450129356,2988900.0
VCB,2024-11-01,62.420629148634184,63.018273470270046,62.08860452550315,62.08860452550315,1783305.0
VCB,2024-11-04,62.420629148634184,63.28389316877487,61.358150354614885,61.42455527924109,1953600.0
VCB,2024-11-05,61.49096020386729,61.75657990237212,61.09253065611006,61.49096020386729,1136100.0
VCB,2024-11-06,61.623770053119706,62.02219960087695,61.623770053119706,61.69017497774592,1516800.0
VCB,2024-11-07,61.889389751624535,62.354224224007986,61.889389751624535,61.889389751624535,1472300.0
VCB,2024-11-08,62.08860452550315,62.354224224007986,61.22534050536247,61.22534050536247,1480000.0
VCB,2024-11-11,61.623770053119706,61.623770053119706,61.02612573148385,61.09253065611006,2012800.0
VCB,2024-11-12,61.09253065611006,61.889389751624535,61.02612573148385,61.02612573148385,1406300.0
VCB,2024-11-13,61.02612573148385,61.69017497774592,61.02612573148385,61.42455527924109,1385200.0
VCB,2024-11-14,61.09253065611006,61.42455527924109,61.02612573148385,61.09253065611006,1789700.0
VCB,2024-11-15,61.09253065611006,61.42455527924109,60.82691095760522,60.893315882231434,1592000.0
VCB,2024-11-18,60.893315882231434,61.29174542998867,60.362076485221785,60.42848140984799,1944900.0
VCB,2024-11-19,60.76050603297902,60.82691095760522,59.76443216358592,59.76443216358592,1636400.0
VCB,2024-11-20,59.76443216358592,60.5612912591004,59.69802723895972,59.96364693746454,1710700.0
VCB,2024-11-21,60.03005186209075,60.627696183726606,59.89724201283834,60.096456786716956,1461100.0
VCB,2024-11-22,60.42848140984799,60.627696183726606,60.16286171134316,60.16286171134316,1893300.0
VCB,2024-11-25,60.362076485221785,61.22534050536247,60.362076485221785,60.627696183726606,1814001.0
VCB,2024-11-26,60.69410110835282,61.69017497774592,60.69410110835282,61.358150354614885,1923500.0
VCB,2024-11-27,61.29174542998867,61.889389751624535,61.29174542998867,61.5573651284935,1047200.0
VCB,2024-11-28,61.82298482699832,62.08860452550315,61.42455527924109,61.49096020386729,1388900.0
VCB,2024-11-29,61.49096020386729,61.95579467625074,61.42455527924109,61.95579467625074,1075100.0
VCB,2024-12-02,63.018273470270046,63.151083319522456,62.354224224007986,62.5534389978866,1649100.0
VCB,2024-12-03,62.68624884713901,62.68624884713901,61.49096020386729,61.75657990237212,2510400.0
VCB,2024-12-04,61.623770053119706,62.354224224007986,61.42455527924109,62.08860452550315,1204401.0
VCB,2024-12-05,61.75657990237212,62.81905869639142,61.75657990237212,62.420629148634184,2496600.0
VCB,2024-12-06,62.420629148634184,63.28389316877487,62.354224224007986,62.5534389978866,1700100.0
VCB,2024-12-09,62.5534389978866,63.28389316877487,62.354224224007986,63.28389316877487,2046500.0
VCB,2024-12-10,63.28389316877487,63.28389316877487,62.75265377176522,62.75265377176522,977300.0
VCB,2024-12-11,62.75265377176522,62.95186854564383,61.889389751624535,61.95579467625074,1758700.0
VCB,2024-12-12,62.08860452550315,62.68624884713901,62.08860452550315,62.08860452550315,706101.0
VCB,2024-12-13,61.889389751624535,62.155009450129356,61.69017497774592,61.82298482699832,1438100.0
VCB,2024-12-16,61.75657990237212,61.889389751624535,61.69017497774592,61.82298482699832,1202600.0
VCB,2024-12-17,61.75657990237212,61.82298482699832,61.623770053119706,61.75657990237212,1177100.0
VCB,2024-12-18,61.75657990237212,61.95579467625074,61.75657990237212,61.82298482699832,564900.0
VCB,2024-12-19,61.623770053119706,61.623770053119706,61.22534050536247,61.358150354614885,1998700.0
VCB,2024-12-20,61.358150354614885,61.69017497774592,61.29174542998867,61.42455527924109,1866500.0
VCB,2024-12-23,61.49096020386729,61.623770053119706,61.358150354614885,61.358150354614885,1612200.0
VCB,2024-12-24,61.5573651284935,61.623770053119706,61.09253065611006,61.158935580736255,1072300.0
VCB,2024-12-25,61.22534050536247,62.28781929938177,61.22534050536247,61.358150354614885,2736700.0
VCB,2024-12-26,61.42455527924109,61.623770053119706,61.09253065611006,61.158935580736255,2227900.0
VCB,2024-12-27,61.42455527924109,61.75657990237212,61.22534050536247,61.22534050536247,1639900.0
VCB,2024-12-30,61.22534050536247,61.42455527924109,61.09253065611006,61.09253065611006,1751700.0
VCB,2024-12-31,61.22534050536247,61.358150354614885,60.5612912591004,60.5612912591004,2528400.0
VCB,2025-01-02,60.82691095760522,61.42455527924109,60.76050603297902,61.02612573148385,1630501.0
VCB,2025-01-03,61.02612573148385,61.358150354614885,61.02612573148385,61.09253065611006,1701600.0
VCB,2025-01-06,61.09253065611006,62.02219960087695,61.02612573148385,61.69017497774592,1936800.0
VCB,2025-01-07,61.889389751624535,61.889389751624535,61.29174542998867,61.29174542998867,1517000.0
VCB,2025-01-08,61.29174542998867,61.358150354614885,60.76050603297902,61.358150354614885,1052000.0
VCB,2025-01-09,61.09253065611006,61.22534050536247,60.893315882231434,61.02612573148385,967700.0
VCB,2025-01-10,61.02612573148385,61.358150354614885,60.69410110835282,60.69410110835282,1112500.0
VCB,2025-01-13,60.627696183726606,61.02612573148385,60.49488633447419,61.02612573148385,1137000.0
VCB,2025-01-14,61.02612573148385,61.02612573148385,60.5612912591004,60.893315882231434,677300.0
VCB,2025-01-15,61.02612573148385,61.02612573148385,60.69410110835282,60.69410110835282,531100.0
VCB,2025-01-16,61.02612573148385,61.889389751624535,60.95972080685764,61.5573651284935,2517200.0
VCB,2025-01-17,61.5573651284935,61.75657990237212,61.22534050536247,61.42455527924109,1913886.0
VCB,2025-01-20,61.29174542998867,61.42455527924109,60.82691095760522,60.893315882231434,1875500.0
VCB,2025-01-21,61.158935580736255,61.158935580736255,60.627696183726606,60.69410110835282,1700997.0
VCB,2025-01-22,61.09253065611006,61.09253065611006,60.5612912591004,60.5612912591004,1143100.0
VCB,2025-01-23,60.627696183726606,61.69017497774592,60.627696183726606,61.42455527924109,1770900.0
VCB,2025-01-24,61.158935580736255,61.75657990237212,61.158935580736255,61.49096020386729,1058000.0
VCB,2025-02-03,61.29174542998867,61.358150354614885,60.82691095760522,60.82691095760522,1621600.0
VCB,2025-02-04,61.158935580736255,61.22534050536247,60.893315882231434,61.09253065611006,1019200.0
VCB,2025-02-05,61.09253065611006,61.623770053119706,61.09253065611006,61.49096020386729,1495800.0
VCB,2025-02-06,61.623770053119706,62.02219960087695,61.5573651284935,61.69017497774592,1551400.0
VCB,2025-02-07,61.69017497774592,61.889389751624535,61.42455527924109,61.75657990237212,2410900.0
VCB,2025-02-10,61.69017497774592,61.69017497774592,61.02612573148385,61.22534050536247,2497900.0
VCB,2025-02-11,61.22534050536247,61.29174542998867,60.893315882231434,61.02612573148385,1039400.0
VCB,2025-02-12,61.02612573148385,61.42455527924109,60.76050603297902,60.76050603297902,1253900.0
VCB,2025-02-13,61.02612573148385,61.02612573148385,60.69410110835282,60.82691095760522,862300.0
VCB,2025-02-14,61.22534050536247,61.22534050536247,60.76050603297902,60.82691095760522,1147600.0
VCB,2025-02-17,60.76050603297902,61.09253065611006,60.76050603297902,60.82691095760522,787100.0
VCB,2025-02-18,60.82691095760522,61.09253065611006,60.69410110835282,60.82691095760522,1265300.0
VCB,2025-02-19,60.82691095760522,60.893315882231434,60.627696183726606,60.893315882231434,1855500.0
VCB,2025-02-20,61.22534050536247,61.29174542998867,60.893315882231434,60.893315882231434,1836400.0
VCB,2025-02-21,61.158935580736255,61.82298482699832,61.158935580736255,61.82298482699832,2513400.0
VCB,2025-02-24,61.95579467625074,62.08860452550315,61.5573651284935,62.08860452550315,2092800.0
VCB,2025-02-25,62.08860452550315,62.155009450129356,61.42455527924109,61.49096020386729,1989600.0
VCB,2025-02-26,61.49096020386729,61.69017497774592,61.22534050536247,61.29174542998867,906000.0
VCB,2025-02-27,63.018273470270046,63.35029809340108,62.420629148634184,62.420629148634184,5091800.0
VCB,2025-02-28,62.5534389978866,62.5534389978866,61.95579467625074,61.95579467625074,2207600.0
VCB,2025-03-03,62.08860452550315,62.08860452550315,61.75657990237212,61.95579467625074,1314000.0
VCB,2025-03-04,61.889389751624535,62.02219960087695,61.5573651284935,61.75657990237212,2498900.0
VCB,2025-03-05,61.75657990237212,62.28781929938177,61.75657990237212,61.75657990237212,1820200.0
VCB,2025-03-06,62.08860452550315,62.5534389978866,61.889389751624535,62.08860452550315,2458600.0
VCB,2025-03-07,62.155009450129356,63.28389316877487,62.08860452550315,63.151083319522456,4082500.0
VCB,2025-03-10,64.01434733966315,64.67839658592521,63.81513256578452,64.27996703816797,4529800.0
VCB,2025-03-11,63.74872764115832,64.27996703816797,63.48310794265349,64.27996703816797,3703200.0
VCB,2025-03-12,65.52173912867804,68.10289854889868,65.12463767941331,66.21666666489129,7661300.0
VCB,2025-03-13,66.71304347647218,66.71304347647218,64.7275362301486,65.02536231709713,4559300.0
VCB,2025-03-14,64.92608695478097,66.31594202720746,64.92608695478097,65.52173912867804,5021600.0
VCB,2025-03-17,65.52173912867804,66.81231883878836,65.52173912867804,66.81231883878836,5003800.0
VCB,2025-03-18,67.30869565036924,67.30869565036924,66.31594202720746,66.31594202720746,3757000.0
VCB,2025-03-19,66.71304347647218,66.71304347647218,66.01811594025892,66.01811594025892,3937000.0
VCB,2025-03-20,66.01811594025892,66.51449275183982,65.72028985331039,66.31594202720746,1789901.0
VCB,2025-03-21,66.51449275183982,66.51449275183982,65.52173912867804,65.52173912867804,1764500.0
VCB,2025-03-24,65.81956521562657,66.01811594025892,65.02536231709713,66.01811594025892,2078600.0
VCB,2025-03-25,66.01811594025892,66.1173913025751,65.72028985331039,65.72028985331039,2091100.0
VCB,2025-03-26,65.91884057794276,66.1173913025751,65.32318840404568,65.32318840404568,1608400.0
VCB,2025-03-27,65.32318840404568,65.42246376636186,65.02536231709713,65.02536231709713,964500.0
VCB,2025-03-28,65.02536231709713,65.2239130417295,64.33043478088389,64.33043478088389,1751600.0
VCB,2025-03-31,64.23115941856771,64.7275362301486,63.53623188235446,63.53623188235446,1834900.0
VCB,2025-04-01,64.23115941856771,64.82681159246478,63.53623188235446,64.03260869393536,1816200.0
VCB,2025-04-02,64.52898550551625,65.52173912867804,64.13188405625152,64.33043478088389,2393700.0
VCB,2025-04-03,63.53623188235446,63.93333333161918,59.86304347665584,59.86304347665584,10107100.0
VCB,2025-04-04,56.28913043327341,59.56521738970731,55.79275362169251,59.56521738970731,12023700.0
VCB,2025-04-08,59.366666665074945,59.366666665074945,55.39565217242779,55.39565217242779,7323201.0
VCB,2025-04-09,51.623188404413,59.26739130275877,51.623188404413,52.119565215993894,8995800.0
VCB,2025-04-10,55.69347825937633,55.69347825937633,55.69347825937633,55.69347825937633,196200.0
VCB,2025-04-11,59.366666665074945,59.46594202739112,57.57971014338373,59.366666665074945,8059500.0
VCB,2025-04-14,59.56521738970731,59.56521738970731,58.274637679596985,58.87028985349405,3783500.0
VCB,2025-04-15,58.671739128861695,60.45869565055291,57.87753623033226,59.56521738970731,5783200.0
VCB,2025-04-16,59.26739130275877,59.86304347665584,58.57246376654552,58.87028985349405,2789800.0
VCB,2025-04-17,58.87028985349405,58.87028985349405,57.678985505699906,57.678985505699906,3151800.0
VCB,2025-04-18,58.274637679596985,59.16811594044259,57.678985505699906,57.678985505699906,2329401.0
VCB,2025-04-21,58.07608695496462,58.47318840422933,57.678985505699906,57.77826086801609,1290500.0
VCB,2025-04-22,57.678985505699906,58.373913041913156,54.30362318694983,58.07608695496462,4014700.0
VCB,2025-04-23,58.96956521581023,58.96956521581023,57.57971014338373,57.57971014338373,1928700.0
VCB,2025-04-24,57.77826086801609,58.1753623172808,57.57971014338373,57.77826086801609,2025200.0
VCB,2025-04-25,57.77826086801609,58.57246376654552,57.083333331802834,57.083333331802834,3682000.0
VCB,2025-04-28,57.281884056435196,57.87753623033226,57.083333331802834,57.083333331802834,1818600.0
VCB,2025-04-29,57.281884056435196,58.07608695496462,56.88478260717047,56.88478260717047,2462700.0
VCB,2025-05-05,57.083333331802834,57.57971014338373,56.58695652022194,56.68623188253812,2227500.0
VCB,2025-05-06,56.88478260717047,57.57971014338373,56.58695652022194,56.58695652022194,3502900.0
VCB,2025-05-07,56.68623188253812,57.083333331802834,56.58695652022194,56.58695652022194,2541400.0
VCB,2025-05-08,56.984057969486656,57.281884056435196,56.48768115790576,56.68623188253812,3060300.0
VCB,2025-05-09,56.88478260717047,57.18260869411901,56.18985507095722,56.18985507095722,6034400.0
VCB,2025-05-12,56.58695652022194,56.88478260717047,55.79275362169251,56.18985507095722,6030801.0
VCB,2025-05-13,56.68623188253812,56.88478260717047,56.18985507095722,56.38840579558958,7599600.0
VCB,2025-05-14,56.7855072448543,58.373913041913156,56.7855072448543,58.274637679596985,10367400.0
VCB,2025-05-15,58.87028985349405,59.366666665074945,58.274637679596985,58.274637679596985,8277601.0
VCB,2025-05-16,58.373913041913156,58.57246376654552,57.083333331802834,57.083333331802834,11572800.0
VCB,2025-05-19,56.984057969486656,57.18260869411901,56.58695652022194,56.58695652022194,4991400.0
VCB,2025-05-20,56.58695652022194,56.984057969486656,56.38840579558958,56.68623188253812,3905000.0
VCB,2025-05-21,57.083333331802834,57.480434781067544,56.58695652022194,56.68623188253812,5368800.0
VCB,2025-05-22,56.68623188253812,56.984057969486656,56.48768115790576,56.48768115790576,4089300.0
VCB,2025-05-23,56.48768115790576,57.083333331802834,56.28913043327341,56.38840579558958,3753500.0
VCB,2025-05-26,56.48768115790576,56.58695652022194,55.59420289706015,56.58695652022194,5049300.0
VCB,2025-05-27,56.38840579558958,56.7855072448543,56.28913043327341,56.38840579558958,5814700.0
VCB,2025-05-28,56.68623188253812,57.18260869411901,56.38840579558958,56.38840579558958,7450100.0
VCB,2025-05-29,56.7855072448543,56.7855072448543,56.28913043327341,56.28913043327341,4311500.0
VCB,2025-05-30,56.38840579558958,56.48768115790576,55.99130434632487,55.99130434632487,3972000.0
VCB,2025-06-02,56.090579708641044,56.090579708641044,55.69347825937633,55.79275362169251,3432700.0
VCB,2025-06-03,56.28913043327341,56.48768115790576,55.99130434632487,56.38840579558958,3402000.0
VCB,2025-06-04,56.48768115790576,56.58695652022194,56.090579708641044,56.18985507095722,2897501.0
VCB,2025-06-05,56.28913043327341,56.38840579558958,55.89202898400868,55.89202898400868,2911103.0
VCB,2025-06-06,55.89202898400868,56.18985507095722,55.69347825937633,55.69347825937633,2718900.0
VCB,2025-06-09,55.79275362169251,55.99130434632487,55.49492753474397,55.49492753474397,2281900.0
VCB,2025-06-10,55.59420289706015,55.79275362169251,55.49492753474397,55.49492753474397,2418400.0
VCB,2025-06-11,55.79275362169251,55.79275362169251,55.29637681011162,55.29637681011162,2353800.0
VCB,2025-06-12,55.59420289706015,55.69347825937633,55.29637681011162,55.59420289706015,2747800.0
VCB,2025-06-13,55.49492753474397,56.68623188253812,55.19710144779544,55.79275362169251,5422900.0
VCB,2025-06-16,55.79275362169251,56.28913043327341,55.79275362169251,56.18985507095722,4623600.0
VCB,2025-06-17,56.48768115790576,57.083333331802834,56.38840579558958,56.7855072448543,5217800.0
VCB,2025-06-18,56.7855072448543,56.88478260717047,56.090579708641044,56.28913043327341,3608102.0
VCB,2025-06-19,56.28913043327341,56.58695652022194,56.090579708641044,56.18985507095722,2426700.0
VCB,2025-06-20,56.28913043327341,56.7855072448543,56.090579708641044,56.68623188253812,8073501.0
VCB,2025-06-23,56.28913043327341,56.48768115790576,56.090579708641044,56.18985507095722,2771700.0
VCB,2025-06-24,56.48768115790576,56.68623188253812,56.18985507095722,56.18985507095722,4664600.0
VCB,2025-06-25,56.38840579558958,56.48768115790576,56.18985507095722,56.18985507095722,2827801.0
VCB,2025-06-26,56.28913043327341,56.38840579558958,55.99130434632487,55.99130434632487,2999900.0
VCB,2025-06-27,56.18985507095722,56.88478260717047,55.99130434632487,56.28913043327341,4170600.0
VCB,2025-06-30,56.58695652022194,56.7855072448543,56.48768115790576,56.58695652022194,3984201.0
VCB,2025-07-01,56.7855072448543,58.373913041913156,56.68623188253812,57.77826086801609,10137500.0
VCB,2025-07-02,57.87753623033226,58.1753623172808,57.281884056435196,57.57971014338373,3030600.0
VCB,2025-07-03,57.678985505699906,58.373913041913156,57.281884056435196,57.480434781067544,7523300.0
VCB,2025-07-04,57.480434781067544,58.373913041913156,57.381159418751366,57.97681159264844,4966800.0
VCB,2025-07-07,58.07608695496462,58.47318840422933,57.77826086801609,58.1753623172808,8184200.0
VCB,2025-07-08,58.373913041913156,59.06884057812641,58.1753623172808,58.57246376654552,10876000.0
VCB,2025-07-09,58.96956521581023,61.35217391139852,58.96956521581023,61.054347824449984,16577700.0
VCB,2025-07-10,61.35217391139852,61.35217391139852,60.55797101286909,60.955072462133806,8269900.0
VCB,2025-07-11,61.054347824449984,62.64275362150885,61.054347824449984,62.245652172244135,12829900.0
VCB,2025-07-14,62.44420289687649,62.44420289687649,60.55797101286909,61.947826085295596,8152000.0
VCB,2025-07-15,61.947826085295596,62.14637680992796,60.955072462133806,60.955072462133806,6443400.0
VCB,2025-07-16,60.955072462133806,61.64999999834706,60.657246375185274,61.35217391139852,55302200.0
VCB,2025-07-17,61.35217391139852,62.245652172244135,61.35217391139852,61.74927536066324,14275700.0
VCB,2025-07-18,61.84855072297942,62.14637680992796,61.35217391139852,61.4514492737147,7032300.0
VCB,2025-07-21,61.74927536066324,62.245652172244135,60.85579709981763,60.85579709981763,7116200.0
VCB,2025-07-22,60.85579709981763,61.74927536066324,60.45869565055291,61.74927536066324,5019600.0
VCB,2025-07-23,62.04710144761177,62.14637680992796,61.35217391139852,61.64999999834706,5215300.0
VCB,2025-07-24,61.74927536066324,63.03985507077356,61.4514492737147,61.64999999834706,8927200.0
VCB,2025-07-25,61.64999999834706,62.04710144761177,61.4514492737147,61.55072463603088,5106400.0
VCB,2025-07-28,61.74927536066324,62.54347825919267,61.64999999834706,62.344927534560306,10801700.0
VCB,2025-07-29,62.74202898382503,62.74202898382503,60.55797101286909,60.55797101286909,10767800.0
VCB,2025-07-30,60.55797101286909,61.4514492737147,59.96231883897202,60.45869565055291,7388000.0
VCB,2025-07-31,61.054347824449984,61.252898549082346,59.664492752023484,59.76376811433966,6194900.0
VCB,2025-08-01,59.86304347665584,60.16086956360438,59.26739130275877,59.76376811433966,4928600.0
VCB,2025-08-04,59.664492752023484,60.955072462133806,59.56521738970731,60.657246375185274,4590400.0
VCB,2025-08-05,61.054347824449984,63.238405795405924,60.75652173750145,61.054347824449984,18868200.0
VCB,2025-08-06,61.64999999834706,62.344927534560306,61.4514492737147,61.84855072297942,4805500.0
VCB,2025-08-07,62.44420289687649,62.44420289687649,60.85579709981763,61.252898549082346,9615700.0
VCB,2025-08-08,61.74927536066324,62.8413043461412,61.15362318676617,61.4514492737147,10807800.0
VCB,2025-08-11,61.64999999834706,62.74202898382503,61.64999999834706,62.04710144761177,7383300.0
VCB,2025-08-12,62.344927534560306,64.33043478088389,62.245652172244135,62.54347825919267,12457000.0
VCB,2025-08-13,63.03985507077356,63.13913043308975,61.55072463603088,62.04710144761177,7582800.0
VCB,2025-08-14,63.238405795405924,65.81956521562657,62.8413043461412,64.7275362301486,19276101.0
VCB,2025-08-15,66.91159420110455,67.01086956342071,63.73478260698682,63.83405796930299,16730800.0
VCB,2025-08-18,64.33043478088389,65.12463767941331,63.53623188235446,64.03260869393536,8570300.0
VCB,2025-08-19,64.03260869393536,64.92608695478097,63.73478260698682,63.73478260698682,9408400.0
VCB,2025-08-20,64.03260869393536,64.13188405625152,61.74927536066324,62.54347825919267,10750600.0
VCB,2025-08-21,62.8413043461412,64.52898550551625,62.8413043461412,63.73478260698682,9909300.0
VCB,2025-08-22,63.53623188235446,66.71304347647218,63.238405795405924,64.13188405625152,19157300.0
VCB,2025-08-25,65.32318840404568,65.32318840404568,62.940579708457385,63.13913043308975,7867800.0
VCB,2025-08-26,63.13913043308975,64.52898550551625,62.44420289687649,64.13188405625152,8201400.0
VCB,2025-08-27,64.52898550551625,68.59927536047957,64.52898550551625,68.59927536047957,33198100.0
VCB,2025-08-28,68.99637680974429,70.08840579522226,68.20217391121487,68.4999999981634,9344400.0
VCB,2025-08-29,68.69855072279576,69.59202898364136,68.0036231865825,68.10289854889868,14696101.0
VCB,2025-09-03,68.30144927353103,68.30144927353103,66.51449275183982,66.51449275183982,14561900.0
VCB,2025-09-04,67.01086956342071,68.4999999981634,66.41521738952365,68.40072463584723,9032100.0
VCB,2025-09-05,68.99637680974429,69.09565217206047,67.01086956342071,67.01086956342071,11292800.0
VCB,2025-09-08,66.613768114156,67.01086956342071,64.82681159246478,64.82681159246478,11249800.0
VCB,2025-09-09,65.02536231709713,65.72028985331039,64.03260869393536,64.42971014320007,6437300.0
VCB,2025-09-10,65.12463767941331,65.52173912867804,64.33043478088389,65.32318840404568,5006400.0
VCB,2025-09-11,65.12463767941331,65.52173912867804,63.73478260698682,65.2239130417295,6631100.0
VCB,2025-09-12,65.72028985331039,65.72028985331039,64.52898550551625,65.32318840404568,5694200.0
VCB,2025-09-15,65.52173912867804,65.52173912867804,65.02536231709713,65.32318840404568,12016900.0
VCB,2025-09-16,65.52173912867804,66.1173913025751,65.12463767941331,65.12463767941331,6820401.0
VCB,2025-09-17,65.02536231709713,65.32318840404568,64.33043478088389,64.33043478088389,6266800.0
VCB,2025-09-18,64.42971014320007,64.42971014320007,63.13913043308975,63.43695652003828,8803400.0
VCB,2025-09-19,63.73478260698682,64.03260869393536,62.54347825919267,62.54347825919267,7137700.0
VCB,2025-09-22,62.54347825919267,62.74202898382503,61.35217391139852,61.55072463603088,6101300.0
VCB,2025-09-23,61.947826085295596,62.64275362150885,61.74927536066324,61.74927536066324,3806300.0
VCB,2025-09-24,61.947826085295596,62.245652172244135,61.35217391139852,62.245652172244135,3919200.0
VCB,2025-09-25,62.8413043461412,62.940579708457385,62.245652172244135,62.54347825919267,4075300.0
VCB,2025-09-26,62.74202898382503,62.940579708457385,62.44420289687649,62.54347825919267,4021900.0
VCB,2025-09-29,62.44420289687649,62.44420289687649,61.947826085295596,62.14637680992796,3220900.0
VCB,2025-09-30,62.344927534560306,62.44420289687649,61.35217391139852,61.55072463603088,4294100.0
VCB,2025-10-01,62.245652172244135,62.245652172244135,61.55072463603088,61.947826085295596,3227000.0
VCB,2025-10-02,61.947826085295596,62.64275362150885,61.64999999834706,61.64999999834706,3757500.0
VCB,2025-10-03,62.0,62.0,61.4,61.7,3066100.0
VCB,2025-10-06,62.8,64.0,62.8,64.0,7461700.0
VCB,2025-10-07,64.1,64.1,63.3,63.7,4474300.0
VCB,2025-10-08,64.2,64.9,63.6,64.6,8308800.0
VCB,2025-10-09,64.5,65.2,63.8,63.8,5979200.0
VCB,2025-10-10,63.9,64.4,63.6,64.2,5385600.0
VCB,2025-10-13,63.4,63.8,62.8,63.1,8521300.0
VCB,2025-10-14,63.5,64.0,62.9,63.1,7008900.0
VCB,2025-10-15,63.1,63.4,62.5,62.5,5563800.0
VCB,2025-10-16,62.7,63.0,62.5,62.9,4634400.0
VCB,2025-10-17,62.9,62.9,61.8,61.9,5954100.0
VCB,2025-10-20,61.8,62.2,58.6,59.4,12115600.0
VCB,2025-10-21,59.7,60.7,59.3,59.3,8897200.0
VCB,2025-10-22,60.1,60.2,58.5,59.6,4664800.0
VCB,2025-10-23,58.9,60.3,58.9,59.8,4472100.0
VCB,2025-10-24,59.8,59.9,58.8,59.5,4372700.0
VCB,2025-10-27,60.0,60.0,59.2,59.2,2885000.0
VCB,2025-10-28,59.2,60.2,59.1,60.0,2789704.0
VCB,2025-10-29,60.0,61.0,59.8,60.7,4461008.0
VCB,2025-10-30,61.0,61.2,60.3,60.6,1946603.0
VCB,2025-10-31,60.8,60.8,59.6,59.6,2396810.0
VCB,2025-11-03,60.0,60.3,59.3,59.3,2850103.0
VCB,2025-11-04,59.2,60.4,59.1,60.1,5163404.0
VCB,2025-11-05,60.0,61.1,59.9,60.8,4601708.0
VCB,2025-11-06,60.9,61.3,60.2,60.3,3168216.0
VCB,2025-11-07,60.0,60.0,59.0,59.3,3654303.0
VCB,2025-11-10,59.4,59.7,58.8,58.8,2913500.0
VCB,2025-11-11,59.1,59.6,58.8,58.9,2580901.0
VCB,2025-11-12,59.1,59.7,59.0,59.5,2217700.0
VCB,2025-11-13,59.5,60.0,59.2,59.8,2653500.0
VCB,2025-11-14,59.8,60.4,59.4,60.0,2544600.0
VCB,2025-11-17,60.0,60.4,59.9,60.2,1855618.0
VCB,2025-11-18,60.4,60.4,59.8,59.9,4733808.0
VCB,2025-11-19,59.9,60.1,59.3,59.4,3198800.0
VCB,2025-11-20,59.6,59.7,59.2,59.4,2734400.0
VCB,2025-11-21,59.1,59.2,58.7,59.0,4122407.0
VCB,2025-11-24,59.0,59.3,58.7,58.8,2800610.0
VCB,2025-11-25,58.9,59.0,58.2,58.2,2995002.0
VCB,2025-11-26,58.5,58.6,57.8,58.1,7184210.0
VCB,2025-11-27,58.2,58.5,57.9,57.9,3183504.0
VCB,2025-11-28,58.0,58.1,57.4,57.4,3709305.0
VCB,2025-12-01,57.6,58.0,57.5,57.5,2894900.0
VCB,2025-12-02,57.5,57.8,57.2,57.6,3360605.0
VCB,2025-12-03,57.8,59.1,57.8,58.9,6231200.0
VCB,2025-12-04,59.0,59.4,58.7,58.9,3098107.0
VCB,2025-12-05,59.0,59.2,58.2,58.3,3674704.0
VCB,2025-12-08,58.2,58.3,57.8,57.9,2316500.0
VCB,2025-12-09,57.9,58.7,57.3,58.0,7229704.0
VCB,2025-12-10,58.3,58.6,57.8,58.2,6927600.0
VCB,2025-12-11,58.4,58.4,57.6,57.6,1866700.0
VCB,2025-12-12,57.8,57.8,56.8,56.8,4897701.0
VCB,2025-12-15,56.8,57.3,56.7,56.8,3743104.0
VCB,2025-12-16,56.9,57.4,56.0,56.9,6366804.0
VCB,2025-12-17,57.0,57.5,56.7,56.7,2409219.0
VCB,2025-12-18,57.2,57.5,56.7,56.8,3575804.0
VCB,2025-12-19,57.0,57.5,56.7,57.5,4335501.0
VCB,2025-12-22,57.7,58.0,57.3,57.8,2961200.0
VCB,2025-12-23,57.8,58.1,57.0,57.2,3477900.0
VCB,2025-12-24,57.3,57.3,56.9,57.0,4431500.0
VCB,2025-12-25,57.0,57.9,57.0,57.1,4248100.0
VCB,2025-12-26,57.1,57.4,56.6,57.1,3302509.0
VCB,2025-12-29,57.4,57.5,57.1,57.1,3099700.0
VCB,2025-12-30,57.3,58.1,57.2,57.3,2958006.0
VCB,2025-12-31,57.4,57.9,57.3,57.5,3530800.0
VCB,2026-01-05,57.5,57.6,57.0,57.1,3591800.0
VCB,2026-01-06,57.1,57.5,56.6,57.3,4223211.0
VCB,2026-01-07,57.6,59.9,57.5,59.6,13088300.0
VCB,2026-01-08,59.8,63.7,59.7,63.7,27104600.0
VCB,2026-01-09,65.4,68.0,65.4,68.0,32481400.0
VCB,2026-01-12,69.9,72.7,69.6,72.7,21973100.0
VCB,2026-01-13,74.3,76.0,71.8,74.0,28198200.0
VCB,2026-01-14,73.1,78.8,73.1,76.0,21213600.0
VCB,2026-01-15,74.0,74.9,71.9,71.9,23227200.0
VCB,2026-01-16,73.0,76.0,72.0,73.0,13426500.0
VCB,2026-01-19,73.0,73.5,71.6,72.7,8212000.0
VCB,2026-01-20,74.0,75.0,72.1,73.5,18491600.0
VCB,2026-01-21,72.8,73.6,71.7,72.8,11179000.0
VCB,2026-01-22,73.4,75.9,70.6,71.0,18577500.0
VCB,2026-01-23,71.0,71.0,68.5,68.6,16804700.0
VCB,2026-01-26,68.9,71.1,68.7,69.6,10990600.0
VCB,2026-01-27,69.7,71.5,68.1,70.6,9645200.0
VCB,2026-01-28,71.1,72.9,69.4,69.6,12283200.0
VCB,2026-01-29,69.3,70.8,68.6,69.8,7855400.0
VCB,2026-01-30,70.6,71.9,69.6,70.5,11480700.0
VCB,2026-02-02,70.5,71.5,69.3,71.5,10711000.0
VCB,2026-02-03,72.4,73.3,71.3,71.8,15094700.0
VCB,2026-02-04,72.0,72.0,70.5,70.8,8726700.0
VCB,2026-02-05,70.7,70.8,68.4,68.4,11688700.0
VCB,2026-02-06,67.9,67.9,64.9,65.1,24570400.0
VCB,2026-02-09,65.5,66.0,64.2,65.0,7308900.0
VCB,2026-02-10,64.5,65.5,62.6,63.1,15811100.0
VCB,2026-02-11,64.0,66.6,63.5,64.7,11121200.0
VCB,2026-02-12,65.5,65.5,64.2,64.2,7950400.0
VCB,2026-02-13,64.7,65.1,64.0,64.4,4951400.0
VCB,2026-02-23,65.0,66.7,64.6,66.4,10104200.0
VCB,2026-02-24,66.6,66.6,64.9,65.0,10246500.0
VCB,2026-02-25,65.0,66.5,64.7,65.1,9488800.0
VCB,2026-02-26,65.2,65.9,65.0,65.4,7561900.0
VCB,2026-02-27,65.5,66.4,64.8,64.9,8831200.0
VCB,2026-03-02,62.9,63.9,62.9,62.9,17105000.0
VCB,2026-03-03,62.9,63.7,61.4,61.6,12575400.0
VCB,2026-03-04,61.8,63.2,61.7,63.0,10259500.0
VCB,2026-03-05,63.7,63.7,62.5,62.5,6037000.0
VCB,2026-03-06,62.0,63.2,61.6,61.6,8854200.0
VCB,2026-03-09,57.4,59.7,57.3,57.3,29396000.0
VCB,2026-03-10,59.8,60.9,58.8,60.4,11524700.0
VCB,2026-03-11,60.5,61.2,60.0,60.4,8789200.0
VCB,2026-03-12,60.2,60.3,59.5,59.8,6217000.0
VCB,2026-03-13,59.2,60.1,58.9,59.0,5656900.0
VCB,2026-03-16,59.3,59.8,58.6,58.8,3985900.0
VCB,2026-03-17,59.5,60.5,59.4,60.5,7148800.0
VCB,2026-03-18,60.9,62.0,60.0,60.5,8225000.0
VCB,2026-03-19,59.7,60.0,59.0,59.8,6184000.0
VCB,2026-03-20,59.8,59.8,58.0,58.0,8322900.0
VCB,2026-03-23,57.8,58.3,56.5,57.6,9648600.0
VCB,2026-03-24,59.0,59.0,58.0,58.2,4332300.0
VCB,2026-03-25,58.8,59.1,58.0,58.4,8558200.0
VCB,2026-03-26,58.5,58.6,57.5,57.9,6217800.0
VCB,2026-03-27,58.0,59.0,57.9,58.8,6135900.0
VCB,2026-03-30,57.9,58.5,57.8,58.0,5546000.0
VCB,2026-03-31,58.2,58.9,58.0,58.1,5481100.0
VCB,2026-04-01,58.9,59.2,58.5,59.0,8254700.0
VCB,2026-04-02,58.7,58.8,58.1,58.2,5664500.0
VCB,2026-04-03,58.3,58.5,57.7,57.7,5919600.0
VCB,2026-04-06,57.8,58.2,57.7,58.0,4303300.0
VCB,2026-04-07,58.0,58.3,57.7,58.0,3889100.0
VCB,2026-04-08,59.2,60.3,58.8,60.2,13743100.0
VCB,2026-04-09,60.0,60.1,59.3,59.4,6217700.0
VCB,2026-04-10,59.6,61.0,59.6,59.8,7655400.0
VCB,2026-04-13,59.5,59.5,59.0,59.2,5088700.0
VCB,2026-04-14,59.7,59.8,59.1,59.3,5548100.0
VCB,2026-04-15,59.7,60.5,59.6,59.9,8919600.0
VCB,2026-04-16,60.0,60.1,59.3,59.4,4174500.0
VCB,2026-04-17,59.4,59.9,59.4,59.5,4257800.0
VCB,2026-04-20,59.6,60.5,59.5,60.1,6442900.0
VCB,2026-04-21,60.4,60.6,59.6,59.6,6379000.0
VCB,2026-04-22,59.6,59.8,59.2,59.4,3011000.0
VCB,2026-04-23,59.7,63.5,59.6,62.8,35200000.0
VCB,2026-04-24,63.0,63.0,60.6,60.6,11882500.0
VCB,2026-04-28,60.8,61.5,59.8,59.8,7596400.0
VCB,2026-04-29,59.9,60.5,59.5,59.8,6431000.0
VCB,2026-05-04,60.5,61.2,60.0,60.7,7506200.0
VCB,2026-05-05,60.6,60.7,59.7,59.9,6407700.0
VCB,2026-05-06,60.2,60.5,59.7,60.5,5807400.0
VCB,2026-05-07,60.9,61.1,60.3,60.3,6055700.0
VCB,2026-05-08,60.5,61.7,60.3,60.7,9970000.0
VCB,2026-05-11,61.0,61.1,60.2,60.3,5510000.0
VCB,2026-05-12,60.3,60.5,59.5,59.9,6549200.0
VCB,2026-05-13,59.7,61.3,59.2,60.1,8868000.0
VCB,2026-05-14,60.5,61.5,60.0,61.0,5612100.0
