Symbol,Date,Open,High,Low,Close,Volume
VIB,2021-05-17,17.288626092757763,17.485087752902736,17.064098481163505,17.12023038406207,7364833.0
VIB,2021-05-18,17.00796657826494,17.00796657826494,16.16598803478648,16.446647549279298,2193900.0
VIB,2021-05-19,16.839570869569247,17.12023038406207,16.362449694931453,16.97990062681566,2148187.0
VIB,2021-05-20,17.00796657826494,17.40088989855489,17.00796657826494,17.344757995656327,1435100.0
VIB,2021-05-21,17.37282394710561,17.40088989855489,17.12023038406207,17.204428238409914,1802400.0
VIB,2021-05-24,17.204428238409914,17.344757995656327,17.064098481163505,17.12023038406207,5238944.0
VIB,2021-05-25,17.12023038406207,17.12023038406207,16.97990062681566,17.12023038406207,5856300.0
VIB,2021-05-26,17.204428238409914,17.79381321884484,17.204428238409914,17.681549413047712,3825000.0
VIB,2021-05-27,18.242868442033352,18.242868442033352,17.82187917029412,17.906077024641966,7141318.0
VIB,2021-05-28,17.96220892754053,18.102538684786943,17.82187917029412,18.046406781888376,1958199.0
VIB,2021-05-31,18.186736539134788,19.28130864565679,18.102538684786943,19.225176742758226,1273300.0
VIB,2021-06-01,19.646166014497457,20.207485043483096,19.365506500004635,20.011023383338124,1593800.0
VIB,2021-06-02,19.87069362609171,20.263616946381664,19.646166014497457,20.207485043483096,1429100.0
VIB,2021-06-03,20.207485043483096,20.88106787826587,20.207485043483096,20.76880407246874,4101900.0
VIB,2021-06-04,21.02139763551228,21.3020571500051,20.572342412323763,20.76880407246874,3218600.0
VIB,2021-06-07,20.88106787826587,20.993331684062994,19.337440548555357,20.263616946381664,1792800.0
VIB,2021-06-08,20.263616946381664,20.488144557975918,19.365506500004635,19.618100063048175,1769168.0
VIB,2021-06-09,20.039089334787406,20.824935975367303,19.84262767464243,20.628474315222327,3580400.0
VIB,2021-06-10,20.432012655077354,21.217859295657252,20.039089334787406,20.39272032304836,1063900.0
VIB,2021-06-11,20.432012655077354,20.8642283073963,19.84262767464243,20.70705897928032,1962100.0
VIB,2021-06-14,20.70705897928032,20.74635131130931,20.31413565899037,20.353427991019363,1312700.0
VIB,2021-06-15,20.353427991019363,20.353427991019363,19.960504670729414,19.960504670729414,1033400.0
VIB,2021-06-16,19.646166014497457,20.039089334787406,19.54793518442497,19.567581350439465,1315900.0
VIB,2021-06-17,18.89961170594655,19.84262767464243,18.89961170594655,19.646166014497457,743400.0
VIB,2021-06-18,20.039089334787406,20.039089334787406,19.646166014497457,19.803335342613433,702220.0
VIB,2021-06-21,19.881920006671425,20.235550994932378,19.803335342613433,19.803335342613433,1130900.0
VIB,2021-06-22,20.039089334787406,20.039089334787406,19.724750678555445,19.881920006671425,11740400.0
VIB,2021-06-23,19.960504670729414,20.196258662903382,19.84262767464243,19.84262767464243,1906500.0
VIB,2021-06-24,19.84262767464243,20.039089334787406,19.567581350439465,19.646166014497457,694800.0
VIB,2021-06-25,19.646166014497457,19.646166014497457,19.174658030149516,19.2925350262365,1099500.0
VIB,2021-06-28,19.2925350262365,19.84262767464243,18.860319373917555,19.626519848482957,2421700.0
VIB,2021-06-29,19.803335342613433,19.99979700275841,19.60687368246846,19.646166014497457,1040100.0
VIB,2021-06-30,19.646166014497457,19.724750678555445,19.37111969029449,19.430058188337984,429100.0
VIB,2021-07-01,19.2925350262365,19.646166014497457,19.174658030149516,19.2925350262365,1196100.0
VIB,2021-07-02,19.44970435435248,19.960504670729414,19.2925350262365,19.68545834652645,1492800.0
VIB,2021-07-05,20.039089334787406,20.039089334787406,19.508642852395973,19.724750678555445,1295000.0
VIB,2021-07-06,19.803335342613433,20.39272032304836,19.724750678555445,19.84262767464243,6170800.0
VIB,2021-07-07,19.724750678555445,19.724750678555445,18.860319373917555,19.567581350439465,1817100.0
VIB,2021-07-08,19.626519848482957,20.31413565899037,19.488996686381476,20.196258662903382,5395700.0
VIB,2021-07-09,20.196258662903382,21.217859295657252,19.881920006671425,20.58918198319333,7558900.0
VIB,2021-07-12,20.432012655077354,20.432012655077354,19.15501186413502,19.331827358265496,2804300.0
VIB,2021-07-13,19.724750678555445,19.724750678555445,18.467396053627606,18.742442377830574,3357800.0
VIB,2021-07-14,18.19234972942464,18.663857713772583,17.44579542087374,17.44579542087374,4797400.0
VIB,2021-07-15,17.28862609275776,18.074472733337657,16.699241112322838,17.642257081018712,4470800.0
VIB,2021-07-16,17.878011073192685,17.99588806927967,17.583318582975224,17.622610915004216,794000.0
VIB,2021-07-19,16.934995104496807,16.934995104496807,16.404548622105374,16.404548622105374,4165100.0
VIB,2021-07-20,16.109856131887913,16.50277945217786,15.324009491308015,16.50277945217786,3838200.0
VIB,2021-07-21,16.89570277246781,16.89570277246781,16.14914846391691,16.14914846391691,737300.0
VIB,2021-07-22,16.109856131887913,16.463487120148866,15.716932811597964,16.384902456090877,8950700.0
VIB,2021-07-23,16.267025460003893,16.30631779203289,15.795517475655956,15.795517475655956,1449500.0
VIB,2021-07-26,15.343655657322511,15.716932811597964,15.009670835076056,15.147193997177537,1706700.0
VIB,2021-07-27,15.36330182333701,15.716932811597964,15.245424827250025,15.59905581551098,1394300.0
VIB,2021-07-28,15.324009491308015,16.14914846391691,15.324009491308015,15.834809807684948,1223300.0
VIB,2021-07-29,15.854455973699446,16.05091763384442,15.854455973699446,15.933040637757435,753200.0
VIB,2021-07-30,15.952686803771934,16.384902456090877,15.952686803771934,16.34561012406188,1881100.0
VIB,2021-08-02,16.34561012406188,16.483133286163365,16.109856131887913,16.404548622105374,2318235.0
VIB,2021-08-03,16.463487120148866,16.50277945217786,16.227733127974897,16.34561012406188,1278600.0
VIB,2021-08-04,16.36525629007638,16.384902456090877,16.188440795945905,16.247379293989397,1241100.0
VIB,2021-08-05,16.247379293989397,16.581364116235854,16.109856131887913,16.50277945217786,2093700.0
VIB,2021-08-06,16.581364116235854,16.60101028225035,16.384902456090877,16.384902456090877,1293000.0
VIB,2021-08-09,16.325963958047385,16.561717950221354,16.168794629931405,16.50277945217786,1313300.0
VIB,2021-08-10,16.699241112322838,16.699241112322838,16.404548622105374,16.42419478811987,1496400.0
VIB,2021-08-11,16.463487120148866,16.659948780293842,16.325963958047385,16.34561012406188,1322800.0
VIB,2021-08-12,16.34561012406188,16.384902456090877,16.109856131887913,16.109856131887913,1851400.0
VIB,2021-08-13,16.109856131887913,16.227733127974897,15.874102139713942,16.03127146782992,1376200.0
VIB,2021-08-16,16.03127146782992,16.463487120148866,15.874102139713942,16.42419478811987,2766000.0
VIB,2021-08-17,16.620656448264846,16.640302614279346,16.30631779203289,16.36525629007638,1469900.0
VIB,2021-08-18,16.36525629007638,16.384902456090877,16.109856131887913,16.14914846391691,2068000.0
VIB,2021-08-19,16.070563799858917,16.109856131887913,15.913394471742938,15.933040637757435,1031300.0
VIB,2021-08-20,16.03127146782992,16.03127146782992,14.852501506960074,15.20613249522103,2610200.0
VIB,2021-08-23,15.12754783116304,15.20613249522103,14.145239530438168,14.145239530438168,4861200.0
VIB,2021-08-24,14.027362534351184,14.380993522612137,13.654085380075731,14.086301032394676,1408500.0
VIB,2021-08-25,14.164885696452664,14.734624510873092,14.164885696452664,14.538162850728117,943800.0
VIB,2021-08-26,14.538162850728117,14.6560398468151,14.223824194496158,14.26311652652515,1400500.0
VIB,2021-08-27,13.988070202322188,14.26311652652515,13.555854550003243,14.145239530438168,1539400.0
VIB,2021-08-30,14.145239530438168,14.380993522612137,14.066654866380176,14.322055024568646,1482700.0
VIB,2021-08-31,14.538162850728117,14.6560398468151,14.145239530438168,14.243470360510655,917400.0
VIB,2021-09-01,14.145239530438168,14.223824194496158,14.105947198409172,14.164885696452664,625300.0
VIB,2021-09-06,14.145239530438168,14.223824194496158,13.948777870293194,14.066654866380176,1040400.0
VIB,2021-09-07,14.105947198409172,14.518516684713621,14.105947198409172,14.341701190583143,1478100.0
VIB,2021-09-08,14.459578186670125,14.636393680800603,14.302408858554147,14.361347356597639,1361300.0
VIB,2021-09-09,14.380993522612137,14.380993522612137,14.223824194496158,14.380993522612137,459800.0
VIB,2021-09-10,14.400639688626635,14.420285854641133,14.184531862467162,14.26311652652515,727600.0
VIB,2021-09-13,14.223824194496158,14.26311652652515,14.027362534351184,14.105947198409172,867700.0
VIB,2021-09-14,14.105947198409172,14.105947198409172,13.889839372249702,13.909485538264198,860700.0
VIB,2021-09-15,13.83090087420621,13.909485538264198,13.75231621014822,13.81125470819171,633500.0
VIB,2021-09-16,13.870193206235202,14.26311652652515,13.81125470819171,13.83090087420621,450000.0
VIB,2021-09-17,13.850547040220706,14.223824194496158,13.83090087420621,14.145239530438168,730600.0
VIB,2021-09-20,14.302408858554147,15.12754783116304,14.302408858554147,15.12754783116304,4256300.0
VIB,2021-09-21,15.12754783116304,15.52047115145299,14.970378503047062,15.52047115145299,3518600.0
VIB,2021-09-22,15.716932811597964,15.716932811597964,15.20613249522103,15.245424827250025,1070500.0
VIB,2021-09-23,15.166840163192036,15.245424827250025,14.832855340945578,14.852501506960074,3012400.0
VIB,2021-09-24,14.931086171018066,15.20613249522103,14.931086171018066,15.107901665148544,2162100.0
VIB,2021-09-27,15.048963167105049,15.107901665148544,14.341701190583143,14.341701190583143,1536300.0
VIB,2021-09-28,14.380993522612137,14.538162850728117,14.184531862467162,14.341701190583143,994900.0
VIB,2021-09-29,14.322055024568646,14.361347356597639,13.96842403630769,14.125593364423672,1640700.0
VIB,2021-09-30,14.105947198409172,14.322055024568646,13.83090087420621,13.889839372249702,2072400.0
VIB,2021-10-01,13.889839372249702,13.96842403630769,13.477269885945253,13.477269885945253,2302320.0
VIB,2021-10-04,13.516562217974249,13.713023878119223,13.064700399640808,13.064700399640808,2270200.0
VIB,2021-10-05,13.1236388976843,13.536208383988747,13.1236388976843,13.536208383988747,1440200.0
VIB,2021-10-06,13.536208383988747,13.673731546090227,13.477269885945253,13.555854550003243,851600.0
VIB,2021-10-07,13.516562217974249,13.654085380075731,13.280808225800278,13.496916051959753,1000800.0
VIB,2021-10-08,13.595146882032239,13.614793048046735,13.359392889858269,13.595146882032239,1130300.0
VIB,2021-10-11,13.713023878119223,14.027362534351184,13.713023878119223,14.007716368336684,1405400.0
VIB,2021-10-12,14.223824194496158,14.341701190583143,14.125593364423672,14.184531862467162,1387900.0
VIB,2021-10-13,14.223824194496158,14.26311652652515,13.948777870293194,14.223824194496158,1122400.0
VIB,2021-10-14,14.302408858554147,14.538162850728117,14.204178028481659,14.302408858554147,825400.0
VIB,2021-10-15,14.302408858554147,14.498870518699121,14.145239530438168,14.420285854641133,1545000.0
VIB,2021-10-18,14.420285854641133,14.498870518699121,14.145239530438168,14.361347356597639,863800.0
VIB,2021-10-19,14.400639688626635,14.400639688626635,14.105947198409172,14.302408858554147,1303300.0
VIB,2021-10-20,14.223824194496158,14.538162850728117,14.086301032394676,14.380993522612137,1255700.0
VIB,2021-10-21,14.420285854641133,14.6560398468151,14.302408858554147,14.498870518699121,1664600.0
VIB,2021-10-22,14.518516684713621,14.636393680800603,14.322055024568646,14.498870518699121,925900.0
VIB,2021-10-25,14.498870518699121,14.498870518699121,14.145239530438168,14.204178028481659,660000.0
VIB,2021-10-26,14.145239530438168,14.459578186670125,14.027362534351184,14.459578186670125,1187100.0
VIB,2021-10-27,14.538162850728117,14.59710134877161,14.26311652652515,14.577455182757111,1844500.0
VIB,2021-10-28,14.577455182757111,14.734624510873092,14.341701190583143,14.616747514786107,1176700.0
VIB,2021-10-29,14.59710134877161,14.616747514786107,14.380993522612137,14.538162850728117,1051800.0
VIB,2021-11-01,14.538162850728117,14.577455182757111,14.361347356597639,14.380993522612137,847700.0
VIB,2021-11-02,14.361347356597639,14.714978344858595,14.204178028481659,14.714978344858595,3952400.0
VIB,2021-11-03,14.754270676887588,15.324009491308015,14.734624510873092,15.20613249522103,3197500.0
VIB,2021-11-04,15.284717159279019,15.343655657322511,14.990024669061558,15.048963167105049,671500.0
VIB,2021-11-05,15.088255499134045,15.107901665148544,14.734624510873092,14.931086171018066,758900.0
VIB,2021-11-08,14.931086171018066,15.324009491308015,14.695332178844096,14.793563008916584,6659500.0
VIB,2021-11-09,14.813209174931082,15.048963167105049,14.773916842902088,14.931086171018066,1364000.0
VIB,2021-11-10,14.931086171018066,14.970378503047062,14.793563008916584,14.89179383898907,988300.0
VIB,2021-11-11,14.89179383898907,14.931086171018066,14.420285854641133,14.852501506960074,1649900.0
VIB,2021-11-12,14.89179383898907,15.068609333119548,14.538162850728117,15.048963167105049,987800.0
VIB,2021-11-15,15.324009491308015,15.324009491308015,14.990024669061558,15.068609333119548,1746800.0
VIB,2021-11-16,15.009670835076056,15.245424827250025,14.872147672974574,14.950732337032562,13158600.0
VIB,2021-11-17,14.931086171018066,15.12754783116304,14.852501506960074,15.068609333119548,5231100.0
VIB,2021-11-18,15.068609333119548,15.068609333119548,14.793563008916584,14.852501506960074,1255200.0
VIB,2021-11-19,14.852501506960074,15.52047115145299,14.793563008916584,15.324009491308015,8796800.0
VIB,2021-11-22,15.677640479568968,16.384902456090877,15.559763483481985,16.384902456090877,10810100.0
VIB,2021-11-23,16.542071784206858,16.581364116235854,15.952686803771934,16.463487120148866,2721900.0
VIB,2021-11-24,16.384902456090877,17.60296474898972,16.30631779203289,17.60296474898972,12299200.0
VIB,2021-11-25,17.799426409134693,17.956595737250677,17.28862609275776,17.544026250946228,3340800.0
VIB,2021-11-26,17.583318582975224,18.19234972942464,17.327918424786755,17.68154941304771,4182200.0
VIB,2021-11-29,17.36721075681575,17.52438008493173,16.89570277246781,17.15110293065628,3624500.0
VIB,2021-11-30,17.406503088844744,17.544026250946228,15.952686803771934,16.581364116235854,5081000.0
VIB,2021-12-01,16.620656448264846,16.89570277246781,16.247379293989397,16.89570277246781,3571200.0
VIB,2021-12-02,17.05287210058379,17.327918424786755,16.777825776380826,16.856410440438815,2183800.0
VIB,2021-12-03,16.738533444351834,17.44579542087374,16.659948780293842,16.659948780293842,3128900.0
VIB,2021-12-06,16.81711810840982,16.81711810840982,15.500824985438493,15.952686803771934,8739200.0
VIB,2021-12-07,16.03127146782992,16.30631779203289,15.913394471742938,16.090209965873417,1216700.0
VIB,2021-12-08,16.109856131887913,16.876056606453314,16.011625301815425,16.42419478811987,1414900.0
VIB,2021-12-09,16.50277945217786,16.699241112322838,16.42419478811987,16.699241112322838,1473500.0
VIB,2021-12-10,16.954641270511303,17.111810598627283,16.797471942395322,16.89570277246781,2197200.0
VIB,2021-12-13,17.092164432612787,17.092164432612787,16.60101028225035,16.89570277246781,2224200.0
VIB,2021-12-14,16.797471942395322,17.092164432612787,16.620656448264846,16.81711810840982,1307500.0
VIB,2021-12-15,16.934995104496807,17.249333760728764,16.718887278337334,17.170749096670775,3477900.0
VIB,2021-12-16,17.28862609275776,17.642257081018712,17.249333760728764,17.28862609275776,2489100.0
VIB,2021-12-17,17.46544158688824,17.52438008493173,17.131456764641783,17.229687594714267,1372500.0
VIB,2021-12-20,17.229687594714267,17.878011073192685,17.05287210058379,17.878011073192685,4092500.0
VIB,2021-12-21,17.85836490717819,17.878011073192685,17.327918424786755,17.327918424786755,1968700.0
VIB,2021-12-22,17.327918424786755,17.36721075681575,16.34561012406188,17.092164432612787,3397500.0
VIB,2021-12-23,16.81711810840982,16.81711810840982,16.011625301815425,16.581364116235854,3019300.0
VIB,2021-12-24,16.384902456090877,17.28862609275776,16.34561012406188,17.15110293065628,1615800.0
VIB,2021-12-27,17.28862609275776,17.28862609275776,16.30631779203289,16.974287436525803,9994900.0
VIB,2021-12-28,16.856410440438815,17.28862609275776,16.620656448264846,16.856410440438815,10360700.0
VIB,2021-12-29,17.013579768554795,17.68154941304771,16.9939336025403,17.327918424786755,3579500.0
VIB,2021-12-30,17.327918424786755,17.68154941304771,17.327918424786755,17.386856922830248,1449500.0
VIB,2021-12-31,17.406503088844744,18.58527304971459,17.406503088844744,18.58527304971459,9613200.0
VIB,2022-01-04,18.84067320790306,18.87996553993205,18.565626883700094,18.722796211816075,2591300.0
VIB,2022-01-05,18.722796211816075,19.194304196164016,18.408457555584114,18.644211547758086,1966300.0
VIB,2022-01-06,18.388811389569618,19.017488702033535,18.19234972942464,18.349519057540626,6248000.0
VIB,2022-01-07,18.251288227468137,18.467396053627606,18.13341123138115,18.15305739739565,2216300.0
VIB,2022-01-10,18.03518040130866,18.19234972942464,17.485087752902736,17.878011073192685,3785400.0
VIB,2022-01-11,17.878011073192685,18.074472733337657,17.406503088844744,17.563672416960724,1697800.0
VIB,2022-01-12,17.563672416960724,18.58527304971459,16.777825776380826,18.44774988761311,2888100.0
VIB,2022-01-13,18.624565381743587,19.05678103406253,18.270934393482634,18.31022672551163,4106800.0
VIB,2022-01-14,17.956595737250677,18.270934393482634,17.68154941304771,18.03518040130866,1318700.0
VIB,2022-01-17,18.03518040130866,18.349519057540626,17.092164432612787,17.28862609275776,3082400.0
VIB,2022-01-18,17.092164432612787,17.642257081018712,16.542071784206858,17.05287210058379,3248400.0
VIB,2022-01-19,16.974287436525803,17.52438008493173,16.974287436525803,17.131456764641783,1232900.0
VIB,2022-01-20,17.131456764641783,17.485087752902736,16.542071784206858,17.28862609275776,2766500.0
VIB,2022-01-21,17.092164432612787,18.074472733337657,17.07251826659829,17.720841745076704,2323300.0
VIB,2022-01-24,17.642257081018712,18.05482656732316,17.28862609275776,17.327918424786755,1532600.0
VIB,2022-01-25,17.327918424786755,17.99588806927967,17.28862609275776,17.99588806927967,1454600.0
VIB,2022-01-26,18.074472733337657,18.860319373917555,17.99588806927967,18.506688385656602,4286000.0
VIB,2022-01-27,18.5263345516711,18.860319373917555,18.19234972942464,18.388811389569618,1798500.0
VIB,2022-01-28,18.58527304971459,19.21395036217851,18.349519057540626,18.68350387978708,3606500.0
VIB,2022-02-07,18.821027041888563,19.05678103406253,18.60491921572909,18.60491921572909,1529200.0
VIB,2022-02-08,18.31022672551163,18.860319373917555,18.31022672551163,18.860319373917555,2461300.0
VIB,2022-02-09,19.037134868048035,19.253242694207504,18.742442377830574,18.821027041888563,3507311.0
VIB,2022-02-10,18.70315004580158,18.89961170594655,18.545980717685598,18.70315004580158,1854100.0
VIB,2022-02-11,18.58527304971459,18.97819637000454,18.565626883700094,18.742442377830574,1582500.0
VIB,2022-02-14,18.388811389569618,18.644211547758086,18.03518040130866,18.03518040130866,3896300.0
VIB,2022-02-15,18.074472733337657,18.349519057540626,17.68154941304771,18.15305739739565,6948200.0
VIB,2022-02-16,18.15305739739565,18.15305739739565,17.83871874116369,17.91730340522168,11870800.0
VIB,2022-02-17,18.074472733337657,18.388811389569618,17.91730340522168,18.388811389569618,1864800.0
VIB,2022-02-18,18.31022672551163,18.624565381743587,18.231642061453638,18.408457555584114,1739000.0
VIB,2022-02-21,18.15305739739565,18.408457555584114,18.13341123138115,18.31022672551163,1898300.0
VIB,2022-02-22,18.074472733337657,18.388811389569618,17.956595737250677,18.270934393482634,1809200.0
VIB,2022-02-23,18.467396053627606,18.801380875874067,18.349519057540626,18.428103721598614,2541300.0
VIB,2022-02-24,18.329872891526126,18.545980717685598,17.68154941304771,18.408457555584114,3087200.0
VIB,2022-02-25,18.506688385656602,18.722796211816075,18.467396053627606,18.624565381743587,2371600.0
VIB,2022-02-28,18.663857713772583,18.70315004580158,18.428103721598614,18.428103721598614,1375700.0
VIB,2022-03-01,18.388811389569618,18.467396053627606,18.15305739739565,18.467396053627606,1554800.0
VIB,2022-03-02,18.31022672551163,18.31022672551163,17.327918424786755,17.99588806927967,4419400.0
VIB,2022-03-03,17.85836490717819,18.074472733337657,17.44579542087374,18.074472733337657,2259100.0
VIB,2022-03-04,18.03518040130866,18.19234972942464,17.83871874116369,17.99588806927967,963100.0
VIB,2022-03-07,17.878011073192685,17.878011073192685,17.642257081018712,17.642257081018712,1360200.0
VIB,2022-03-08,17.60296474898972,17.83871874116369,17.426149254859244,17.52438008493173,2093200.0
VIB,2022-03-09,17.485087752902736,17.60296474898972,16.856410440438815,17.485087752902736,2100000.0
VIB,2022-03-10,17.799426409134693,17.799426409134693,17.44579542087374,17.44579542087374,900700.0
VIB,2022-03-11,17.092164432612787,17.485087752902736,17.092164432612787,17.170749096670775,1353800.0
VIB,2022-03-14,17.092164432612787,17.131456764641783,16.89570277246781,16.89570277246781,2405300.0
VIB,2022-03-15,16.974287436525803,17.21004142869977,16.83676427442432,16.9939336025403,1056100.0
VIB,2022-03-16,17.34756459080125,17.485087752902736,17.21004142869977,17.308272258772256,1046100.0
VIB,2022-03-17,17.52438008493173,17.642257081018712,17.36721075681575,17.36721075681575,560400.0
VIB,2022-03-18,17.386856922830248,17.44579542087374,17.28862609275776,17.406503088844744,621300.0
VIB,2022-03-21,17.52438008493173,17.60296474898972,17.44579542087374,17.60296474898972,1304200.0
VIB,2022-03-22,17.701195579062205,17.878011073192685,17.642257081018712,17.720841745076704,859100.0
VIB,2022-03-23,17.7601340771057,17.956595737250677,17.60296474898972,17.68154941304771,666500.0
VIB,2022-03-24,17.68154941304771,17.68154941304771,17.44579542087374,17.563672416960724,1065800.0
VIB,2022-03-25,17.563672416960724,17.622610915004216,17.485087752902736,17.485087752902736,846294.0
VIB,2022-03-28,17.406503088844744,17.485087752902736,17.111810598627283,17.268979926743263,906700.0
VIB,2022-03-29,17.268979926743263,17.7404879110912,17.268979926743263,17.642257081018712,1060000.0
VIB,2022-03-30,17.60296474898972,18.467396053627606,17.60296474898972,18.467396053627606,3653000.0
VIB,2022-03-31,18.388811389569618,18.506688385656602,18.270934393482634,18.487042219642102,1278200.0
VIB,2022-04-01,18.467396053627606,19.037134868048035,18.36916522355512,18.821027041888563,2657300.0
VIB,2022-04-04,19.174658030149516,19.174658030149516,18.70315004580158,18.781734709859567,1724400.0
VIB,2022-04-05,18.722796211816075,18.781734709859567,18.408457555584114,18.408457555584114,1416000.0
VIB,2022-04-06,18.388811389569618,19.017488702033535,18.231642061453638,18.624565381743587,1998700.0
VIB,2022-04-07,18.663857713772583,18.938904037975547,18.349519057540626,18.349519057540626,1509900.0
VIB,2022-04-08,18.467396053627606,18.467396053627606,17.68154941304771,17.68154941304771,1450500.0
VIB,2022-04-12,17.878011073192685,17.91730340522168,17.36721075681575,17.36721075681575,991400.0
VIB,2022-04-13,17.406503088844744,17.779780243120197,17.05287210058379,17.68154941304771,905500.0
VIB,2022-04-14,17.68154941304771,17.799426409134693,17.544026250946228,17.583318582975224,551500.0
VIB,2022-04-15,17.485087752902736,17.583318582975224,17.19039526268527,17.21004142869977,1210900.0
VIB,2022-04-18,17.092164432612787,17.19039526268527,16.581364116235854,16.974287436525803,1632900.0
VIB,2022-04-19,16.974287436525803,17.092164432612787,16.463487120148866,16.699241112322838,947100.0
VIB,2022-04-20,16.699241112322838,16.83676427442432,16.247379293989397,16.247379293989397,659100.0
VIB,2022-04-21,16.30631779203289,16.50277945217786,15.166840163192036,16.50277945217786,1573400.0
VIB,2022-04-22,16.50277945217786,16.954641270511303,15.716932811597964,16.699241112322838,1051800.0
VIB,2022-04-25,16.699241112322838,16.699241112322838,15.540117317467486,15.697286645583468,1224094.0
VIB,2022-04-26,15.52047115145299,16.14914846391691,14.636393680800603,16.14914846391691,1082600.0
VIB,2022-04-27,16.109856131887913,16.42419478811987,15.716932811597964,16.42419478811987,2134500.0
VIB,2022-04-28,16.168794629931405,16.522425618192358,16.14914846391691,16.267025460003893,1009800.0
VIB,2022-04-29,16.30631779203289,16.9939336025403,16.2080869619604,16.89570277246781,1467600.0
VIB,2022-05-04,17.092164432612787,17.092164432612787,15.874102139713942,15.874102139713942,621500.0
VIB,2022-05-05,16.30631779203289,16.50277945217786,15.952686803771934,16.42419478811987,702200.0
VIB,2022-05-06,16.109856131887913,16.384902456090877,15.913394471742938,15.952686803771934,10317600.0
VIB,2022-05-09,15.716932811597964,15.952686803771934,14.852501506960074,15.324009491308015,1298700.0
VIB,2022-05-10,14.341701190583143,15.20613249522103,14.341701190583143,15.088255499134045,1148900.0
VIB,2022-05-11,15.36330182333701,15.500824985438493,15.048963167105049,15.500824985438493,3708700.0
VIB,2022-05-12,15.324009491308015,15.441886487395,14.420285854641133,14.420285854641133,1511900.0
VIB,2022-05-13,14.322055024568645,14.799456858720932,13.42029600450321,13.42029600450321,1756000.0
VIB,2022-05-16,13.314206708024926,14.322055024568645,12.492014660318207,13.552907625101069,3900600.0
VIB,2022-05-17,13.526385300981497,14.189443403970786,12.942894170350922,14.109876431612072,4400900.0
VIB,2022-05-18,14.322055024568645,14.348577348688217,13.791608542177213,14.109876431612072,1457100.0
VIB,2022-05-19,13.367251356264067,13.950742486894642,13.367251356264067,13.685519245698927,3459600.0
VIB,2022-05-20,13.685519245698927,13.844653190416357,13.526385300981497,13.7120415698185,4259900.0
VIB,2022-05-23,13.791608542177213,13.791608542177213,13.155072763307496,13.155072763307496,877500.0
VIB,2022-05-24,12.969416494470494,13.526385300981497,12.810282549753063,13.526385300981497,1284000.0
VIB,2022-05-25,13.526385300981497,13.977264811014214,13.526385300981497,13.977264811014214,1334900.0
VIB,2022-05-26,14.056831783372928,14.056831783372928,13.818130866296785,13.897697838655498,798500.0
VIB,2022-05-27,13.92422016277507,14.2690103763295,13.818130866296785,14.24248805220993,2060600.0
VIB,2022-05-30,14.2690103763295,14.481188969286073,14.215965728090358,14.42814432104693,999300.0
VIB,2022-05-31,14.454666645166501,14.454666645166501,14.109876431612072,14.215965728090358,1791200.0
VIB,2022-06-01,14.189443403970786,14.375099672807789,14.003787135133784,14.056831783372928,811930.0
VIB,2022-06-02,14.056831783372928,14.189443403970786,13.818130866296785,13.950742486894642,752700.0
VIB,2022-06-03,13.950742486894642,14.003787135133784,13.7120415698185,13.844653190416357,633800.0
VIB,2022-06-06,13.844653190416357,13.871175514535926,13.685519245698927,13.871175514535926,9396400.0
VIB,2022-06-07,13.871175514535926,13.897697838655498,13.473340652742353,13.791608542177213,755400.0
VIB,2022-06-08,14.056831783372928,14.322055024568645,13.791608542177213,14.136398755731642,6118300.0
VIB,2022-06-09,14.215965728090358,14.215965728090358,13.950742486894642,14.056831783372928,380900.0
VIB,2022-06-10,13.844653190416357,14.136398755731642,13.818130866296785,13.818130866296785,607900.0
VIB,2022-06-13,13.287684383905354,13.42029600450321,12.863327197992207,12.863327197992207,1897500.0
VIB,2022-06-14,12.836804873872635,12.836804873872635,11.988090502046347,11.988090502046347,2198900.0
VIB,2022-06-15,11.935045853807203,11.988090502046347,11.1924207784592,11.669822612611489,5684500.0
VIB,2022-06-16,11.88200120556806,12.20026909500292,11.72286726085063,11.775911909089773,1797900.0
VIB,2022-06-17,11.510688667894058,11.510688667894058,10.953719861383055,10.953719861383055,5375100.0
VIB,2022-06-20,10.953719861383055,11.457644019654916,10.211094786035051,10.237617110154623,4263200.0
VIB,2022-06-21,9.760215276002334,10.290661758393766,9.548036683045762,9.548036683045762,10814200.0
VIB,2022-06-22,9.972393868958909,10.211094786035051,9.654125979524048,10.211094786035051,13534800.0
VIB,2022-06-23,10.423273378991624,10.794585916665627,10.34370640663291,10.794585916665627,1731700.0
VIB,2022-06-24,10.980242185502627,11.006764509622199,10.741541268426483,10.927197537263485,1390100.0
VIB,2022-06-27,10.927197537263485,11.006764509622199,10.71501894430691,10.980242185502627,9935700.0
VIB,2022-06-28,11.086331481980913,11.72286726085063,10.980242185502627,11.72286726085063,1753800.0
VIB,2022-06-29,11.775911909089773,12.518536984437779,11.563733316133202,11.88200120556806,2386500.0
VIB,2022-06-30,11.908523529687631,12.094179798524634,11.404599371415772,11.404599371415772,1565500.0
VIB,2022-07-01,11.404599371415772,12.20026909500292,10.71501894430691,12.067657474405062,2331300.0
VIB,2022-07-04,12.253313743242064,12.88984952211178,12.253313743242064,12.88984952211178,4534400.0
VIB,2022-07-05,13.261162059785782,13.473340652742353,12.783760225633495,12.783760225633495,3134100.0
VIB,2022-07-06,12.359403039720348,12.995938818590066,12.359403039720348,12.783760225633495,1904200.0
VIB,2022-07-07,12.88984952211178,13.446818328622783,12.306358391481204,13.314206708024926,3123300.0
VIB,2022-07-08,13.499862976861925,13.658996921579355,13.261162059785782,13.287684383905354,1823700.0
VIB,2022-07-11,12.836804873872635,13.155072763307496,12.57158163267692,12.677670929155207,2490200.0
VIB,2022-07-12,12.598103956796493,13.208117411546638,12.545059308557349,12.88984952211178,1857100.0
VIB,2022-07-13,12.995938818590066,13.367251356264067,12.730715577394351,12.88984952211178,1516500.0
VIB,2022-07-14,12.810282549753063,12.995938818590066,12.677670929155207,12.969416494470494,1745000.0
VIB,2022-07-15,12.969416494470494,13.367251356264067,12.863327197992207,12.863327197992207,4024500.0
VIB,2022-07-18,12.88984952211178,13.07550579094878,12.863327197992207,13.04898346682921,1385800.0
VIB,2022-07-19,13.102028115068352,13.102028115068352,12.810282549753063,12.88984952211178,1095000.0
VIB,2022-07-20,13.23463973566621,13.261162059785782,13.04898346682921,13.181595087427068,2090400.0
VIB,2022-07-21,13.287684383905354,13.499862976861925,13.261162059785782,13.314206708024926,1907200.0
VIB,2022-07-22,13.499862976861925,14.030309459253356,13.340729032144495,13.897697838655498,4380500.0
VIB,2022-07-25,13.791608542177213,13.791608542177213,13.526385300981497,13.658996921579355,1483300.0
VIB,2022-07-26,13.632474597459783,13.871175514535926,13.526385300981497,13.605952273340211,2186400.0
VIB,2022-07-27,13.526385300981497,13.632474597459783,13.367251356264067,13.605952273340211,817000.0
VIB,2022-07-28,13.818130866296785,14.030309459253356,13.632474597459783,14.030309459253356,2830800.0
VIB,2022-07-29,14.056831783372928,14.481188969286073,14.030309459253356,14.109876431612072,8735500.0
VIB,2022-08-01,14.056831783372928,14.189443403970786,13.950742486894642,14.136398755731642,6466300.0
VIB,2022-08-02,14.322055024568645,14.401621996927359,14.0833541074925,14.109876431612072,7293800.0
VIB,2022-08-03,14.109876431612072,14.109876431612072,13.844653190416357,13.897697838655498,2835300.0
VIB,2022-08-04,14.030309459253356,14.030309459253356,13.791608542177213,13.844653190416357,2874400.0
VIB,2022-08-05,13.791608542177213,13.791608542177213,13.605952273340211,13.765086218057641,2453300.0
VIB,2022-08-08,13.685519245698927,13.950742486894642,13.685519245698927,13.871175514535926,3351800.0
VIB,2022-08-09,13.950742486894642,13.950742486894642,13.73856389393807,13.818130866296785,1647000.0
VIB,2022-08-10,13.791608542177213,13.844653190416357,13.73856389393807,13.791608542177213,1361400.0
VIB,2022-08-11,13.897697838655498,13.950742486894642,13.526385300981497,13.605952273340211,2342900.0
VIB,2022-08-12,13.73856389393807,13.73856389393807,13.473340652742353,13.685519245698927,1775300.0
VIB,2022-08-15,13.791608542177213,14.0833541074925,13.685519245698927,13.92422016277507,2349900.0
VIB,2022-08-16,13.950742486894642,14.189443403970786,13.844653190416357,14.003787135133784,3397300.0
VIB,2022-08-17,14.003787135133784,14.056831783372928,13.871175514535926,13.871175514535926,2337400.0
VIB,2022-08-18,13.844653190416357,14.030309459253356,13.791608542177213,13.791608542177213,2759000.0
VIB,2022-08-19,13.73856389393807,13.897697838655498,13.632474597459783,13.632474597459783,2337700.0
VIB,2022-08-22,13.685519245698927,13.685519245698927,13.07550579094878,13.261162059785782,2503500.0
VIB,2022-08-23,13.102028115068352,13.367251356264067,13.022461142709638,13.367251356264067,2122200.0
VIB,2022-08-24,13.446818328622783,13.552907625101069,13.314206708024926,13.314206708024926,1099400.0
VIB,2022-08-25,13.473340652742353,13.7120415698185,13.367251356264067,13.632474597459783,2396600.0
VIB,2022-08-26,13.632474597459783,13.7120415698185,13.446818328622783,13.473340652742353,1537900.0
VIB,2022-08-29,13.314206708024926,13.632474597459783,13.07550579094878,13.42029600450321,2187200.0
VIB,2022-08-30,13.579429949220641,13.658996921579355,13.261162059785782,13.261162059785782,4412800.0
VIB,2022-08-31,13.261162059785782,13.367251356264067,13.181595087427068,13.261162059785782,1229800.0
VIB,2022-09-05,13.261162059785782,13.340729032144495,13.022461142709638,13.022461142709638,1685900.0
VIB,2022-09-06,13.022461142709638,13.155072763307496,12.942894170350922,13.04898346682921,2087100.0
VIB,2022-09-07,13.04898346682921,13.446818328622783,12.995938818590066,12.995938818590066,3049400.0
VIB,2022-09-08,13.102028115068352,13.155072763307496,12.518536984437779,12.518536984437779,1882400.0
VIB,2022-09-09,12.598103956796493,12.624626280916065,11.828956557328917,12.518536984437779,4268400.0
VIB,2022-09-12,12.624626280916065,12.704193253274779,12.173746770883348,12.38592536383992,3608800.0
VIB,2022-09-13,12.41244768795949,12.492014660318207,12.20026909500292,12.38592536383992,1088700.0
VIB,2022-09-14,12.147224446763776,12.279836067361632,12.014612826165918,12.279836067361632,1607100.0
VIB,2022-09-15,12.359403039720348,12.359403039720348,12.20026909500292,12.20026909500292,685900.0
VIB,2022-09-16,12.147224446763776,12.20026909500292,11.855478881448489,12.067657474405062,1448000.0
VIB,2022-09-19,11.775911909089773,11.988090502046347,11.325032399057058,11.69634493673106,2560300.0
VIB,2022-09-20,11.669822612611489,11.828956557328917,11.325032399057058,11.828956557328917,5454000.0
VIB,2022-09-21,11.669822612611489,11.72286726085063,11.53721099201363,11.669822612611489,3609900.0
VIB,2022-09-22,11.457644019654916,11.935045853807203,11.431121695535344,11.935045853807203,1412400.0
VIB,2022-09-23,11.775911909089773,11.935045853807203,11.69634493673106,11.828956557328917,1919300.0
VIB,2022-09-26,11.563733316133202,12.20026909500292,11.112853806100485,11.961568177926775,2790900.0
VIB,2022-09-27,11.72286726085063,12.492014660318207,11.72286726085063,12.332880715600776,3852400.0
VIB,2022-09-28,12.41244768795949,12.41244768795949,11.935045853807203,12.094179798524634,1211300.0
VIB,2022-09-29,12.173746770883348,12.306358391481204,11.72286726085063,11.749389584970201,1563400.0
VIB,2022-09-30,11.72286726085063,11.802434233209345,11.1924207784592,11.669822612611489,2095300.0
VIB,2022-10-03,11.457644019654916,11.72286726085063,11.086331481980913,11.21894310257877,2715800.0
VIB,2022-10-04,11.351554723176628,11.69634493673106,11.245465426698342,11.271987750817914,2401800.0
VIB,2022-10-05,11.669822612611489,11.669822612611489,11.3780770472962,11.3780770472962,5321000.0
VIB,2022-10-06,11.3780770472962,11.3780770472962,10.608929647828626,11.006764509622199,2044800.0
VIB,2022-10-07,10.555884999589482,10.953719861383055,10.237617110154623,10.608929647828626,2913700.0
VIB,2022-10-10,10.529362675469912,10.847630564904769,10.18457246191548,10.582407323709054,4627900.0
VIB,2022-10-11,10.34370640663291,10.529362675469912,9.866304572480622,10.264139434274195,7561700.0
VIB,2022-10-12,10.237617110154623,10.900675213143913,10.237617110154623,10.396751054872054,2053400.0
VIB,2022-10-13,10.449795703111196,10.608929647828626,10.34370640663291,10.449795703111196,2160300.0
VIB,2022-10-14,11.165898454339628,11.165898454339628,10.635451971948196,10.71501894430691,4532500.0
VIB,2022-10-17,10.688496620187339,10.71501894430691,10.290661758393766,10.555884999589482,3405800.0
VIB,2022-10-18,10.741541268426483,10.87415288902434,10.555884999589482,10.582407323709054,2541400.0
VIB,2022-10-19,10.608929647828626,10.927197537263485,10.555884999589482,10.821108240785197,6708000.0
VIB,2022-10-20,10.87415288902434,10.87415288902434,10.555884999589482,10.582407323709054,4582680.0
VIB,2022-10-21,10.661974296067768,10.661974296067768,9.892826896600193,10.18457246191548,2151700.0
VIB,2022-10-24,10.211094786035051,10.211094786035051,9.49499203480662,9.99891619307848,12919100.0
VIB,2022-10-25,10.078483165437193,10.50284035135034,9.548036683045762,10.211094786035051,1845500.0
VIB,2022-10-26,10.264139434274195,10.34370640663291,9.892826896600193,10.105005489556765,10957200.0
VIB,2022-10-27,10.18457246191548,10.555884999589482,9.892826896600193,10.555884999589482,2237000.0
VIB,2022-10-28,10.661974296067768,10.900675213143913,10.449795703111196,10.449795703111196,2534610.0
VIB,2022-10-31,10.529362675469912,10.555884999589482,10.131527813676337,10.396751054872054,3179300.0
VIB,2022-11-01,10.555884999589482,10.847630564904769,10.50284035135034,10.688496620187339,5002300.0
VIB,2022-11-02,10.688496620187339,11.271987750817914,10.661974296067768,10.980242185502627,13637500.0
VIB,2022-11-03,10.900675213143913,11.033286833741771,10.741541268426483,10.768063592546055,4351300.0
VIB,2022-11-04,10.608929647828626,10.768063592546055,10.025438517198051,10.476318027230768,6769700.0
VIB,2022-11-07,10.211094786035051,10.449795703111196,9.760215276002334,9.786737600121906,25959800.0
VIB,2022-11-08,9.548036683045762,9.892826896600193,9.52151435892619,9.83978224836105,6424300.0
VIB,2022-11-09,9.733692951882764,10.025438517198051,9.601081331284906,9.760215276002334,4545200.0
VIB,2022-11-10,9.548036683045762,9.654125979524048,9.097157173013045,9.282813441850047,13072800.0
VIB,2022-11-11,9.441947386567477,9.52151435892619,8.752366959458616,9.282813441850047,4915500.0
VIB,2022-11-14,9.044112524773903,9.362380414208761,8.699322311219472,9.229768793610903,13404300.0
VIB,2022-11-15,9.01759020065433,9.123679497132617,8.593233014741186,9.01759020065433,4764800.0
VIB,2022-11-16,8.619755338860758,9.627603655404476,8.619755338860758,9.548036683045762,3799900.0
VIB,2022-11-17,9.760215276002334,9.972393868958909,9.654125979524048,9.786737600121906,3260100.0
VIB,2022-11-18,9.786737600121906,9.866304572480622,9.49499203480662,9.760215276002334,44723700.0
VIB,2022-11-21,9.813259924241478,10.025438517198051,9.733692951882764,9.813259924241478,2445900.0
VIB,2022-11-22,9.733692951882764,10.078483165437193,9.627603655404476,9.654125979524048,15886230.0
VIB,2022-11-23,9.760215276002334,9.760215276002334,9.49499203480662,9.49499203480662,1916000.0
VIB,2022-11-24,9.441947386567477,9.52151435892619,9.282813441850047,9.46846971068705,2522100.0
VIB,2022-11-25,9.654125979524048,9.707170627763192,9.548036683045762,9.707170627763192,3659400.0
VIB,2022-11-28,9.945871544839337,10.237617110154623,9.760215276002334,10.105005489556765,14705300.0
VIB,2022-11-29,10.158050137795907,10.237617110154623,9.866304572480622,10.051960841317623,5562500.0
VIB,2022-11-30,10.158050137795907,10.741541268426483,10.051960841317623,10.741541268426483,11776100.0
VIB,2022-12-01,11.059809157861343,11.112853806100485,10.582407323709054,10.608929647828626,16526300.0
VIB,2022-12-02,10.529362675469912,11.351554723176628,10.50284035135034,11.351554723176628,8818700.0
VIB,2022-12-05,11.669822612611489,11.802434233209345,11.3780770472962,11.616777964372345,16130770.0
VIB,2022-12-06,11.643300288491917,11.669822612611489,10.821108240785197,10.821108240785197,11957500.0
VIB,2022-12-07,10.821108240785197,10.980242185502627,10.608929647828626,10.847630564904769,15327458.0
VIB,2022-12-08,11.086331481980913,11.563733316133202,10.927197537263485,11.112853806100485,6289200.0
VIB,2022-12-09,11.139376130220057,11.21894310257877,10.927197537263485,11.112853806100485,5451700.0
VIB,2022-12-12,11.139376130220057,11.298510074937486,10.768063592546055,10.794585916665627,14647500.0
VIB,2022-12-13,10.741541268426483,11.006764509622199,10.608929647828626,11.006764509622199,5149500.0
VIB,2022-12-14,11.086331481980913,11.139376130220057,10.927197537263485,10.927197537263485,5327700.0
VIB,2022-12-15,10.980242185502627,11.404599371415772,10.927197537263485,11.139376130220057,5964300.0
VIB,2022-12-16,10.980242185502627,11.1924207784592,10.980242185502627,11.033286833741771,4733700.0
VIB,2022-12-19,11.059809157861343,11.431121695535344,11.006764509622199,11.006764509622199,11539352.0
VIB,2022-12-20,10.953719861383055,11.006764509622199,10.370228730752482,10.449795703111196,5751300.0
VIB,2022-12-21,10.50284035135034,10.71501894430691,9.972393868958909,10.449795703111196,3531700.0
VIB,2022-12-22,10.608929647828626,10.71501894430691,10.34370640663291,10.582407323709054,2382700.0
VIB,2022-12-23,10.529362675469912,10.582407323709054,10.290661758393766,10.423273378991624,1624300.0
VIB,2022-12-26,10.423273378991624,10.50284035135034,9.707170627763192,9.733692951882764,8230600.0
VIB,2022-12-27,9.707170627763192,10.078483165437193,9.707170627763192,10.078483165437193,2122300.0
VIB,2022-12-28,9.99891619307848,10.211094786035051,9.892826896600193,10.078483165437193,2124100.0
VIB,2022-12-29,9.945871544839337,10.18457246191548,9.945871544839337,10.025438517198051,1375100.0
VIB,2022-12-30,10.131527813676337,10.211094786035051,10.025438517198051,10.078483165437193,1426000.0
VIB,2023-01-03,10.051960841317623,10.555884999589482,10.051960841317623,10.555884999589482,2386500.0
VIB,2023-01-04,10.608929647828626,10.821108240785197,10.50284035135034,10.555884999589482,2527100.0
VIB,2023-01-05,10.555884999589482,10.688496620187339,10.529362675469912,10.661974296067768,1760900.0
VIB,2023-01-06,10.71501894430691,11.059809157861343,10.608929647828626,10.927197537263485,5142600.0
VIB,2023-01-09,11.033286833741771,11.484166343774486,11.033286833741771,11.21894310257877,4565900.0
VIB,2023-01-10,11.245465426698342,11.351554723176628,11.059809157861343,11.21894310257877,6081600.0
VIB,2023-01-11,11.404599371415772,11.404599371415772,11.245465426698342,11.245465426698342,4904100.0
VIB,2023-01-12,11.21894310257877,11.643300288491917,11.21894310257877,11.563733316133202,5231600.0
VIB,2023-01-13,11.775911909089773,11.988090502046347,11.616777964372345,11.69634493673106,6749900.0
VIB,2023-01-16,11.802434233209345,11.88200120556806,11.69634493673106,11.828956557328917,2879100.0
VIB,2023-01-17,11.802434233209345,12.147224446763776,11.802434233209345,12.147224446763776,3424600.0
VIB,2023-01-18,12.279836067361632,12.306358391481204,12.094179798524634,12.147224446763776,3544300.0
VIB,2023-01-19,11.988090502046347,12.173746770883348,11.961568177926775,12.147224446763776,4654000.0
VIB,2023-01-27,12.359403039720348,12.465492336198635,12.253313743242064,12.38592536383992,3768100.0
VIB,2023-01-30,12.438970012079062,12.492014660318207,12.226791419122492,12.226791419122492,4984500.0
VIB,2023-01-31,12.20026909500292,12.492014660318207,11.988090502046347,12.492014660318207,19772500.0
VIB,2023-02-01,12.704193253274779,12.942894170350922,12.41244768795949,12.518536984437779,8391300.0
VIB,2023-02-02,12.518536984437779,12.677670929155207,12.359403039720348,12.518536984437779,4398300.0
VIB,2023-02-03,12.624626280916065,12.88984952211178,12.492014660318207,12.88984952211178,4288000.0
VIB,2023-02-06,12.624626280916065,12.783760225633495,12.492014660318207,12.545059308557349,31256734.0
VIB,2023-02-07,12.677670929155207,12.677670929155207,12.147224446763776,12.226791419122492,4619100.0
VIB,2023-02-08,12.20026909500292,12.438970012079062,12.147224446763776,12.306358391481204,19420800.0
VIB,2023-02-09,12.389509461159886,12.417226484562926,12.167773273935547,12.195490297338589,1809800.0
VIB,2023-02-10,12.195490297338589,12.278641367547715,11.58571578247166,11.641149829277744,3334000.0
VIB,2023-02-13,11.363979595247322,11.641149829277744,11.086809361216899,11.197677454829067,6544100.0
VIB,2023-02-14,11.33626257184428,11.530281735665575,11.253111501635154,11.363979595247322,1270100.0
VIB,2023-02-15,11.363979595247322,11.641149829277744,11.225394478232111,11.47484768885949,3332100.0
VIB,2023-02-16,11.58571578247166,11.668866852680788,11.47484768885949,11.58571578247166,2126100.0
VIB,2023-02-17,11.69658387608383,11.918320063308167,11.641149829277744,11.918320063308167,3786200.0
VIB,2023-02-20,11.890603039905123,12.195490297338589,11.862886016502081,12.195490297338589,4482500.0
VIB,2023-02-21,12.3340754143538,12.417226484562926,12.08462220372642,12.08462220372642,3183000.0
VIB,2023-02-22,11.918320063308167,12.029188156920336,11.641149829277744,11.641149829277744,3325600.0
VIB,2023-02-23,11.668866852680788,11.918320063308167,11.47484768885949,11.918320063308167,4451500.0
VIB,2023-02-24,11.890603039905123,12.029188156920336,11.641149829277744,11.641149829277744,1443600.0
VIB,2023-02-27,11.47484768885949,11.752017922889912,11.391696618650364,11.391696618650364,2431000.0
VIB,2023-02-28,11.47484768885949,11.58571578247166,11.33626257184428,11.391696618650364,1348100.0
VIB,2023-03-01,11.391696618650364,11.69658387608383,11.253111501635154,11.69658387608383,2472900.0
VIB,2023-03-02,11.668866852680788,11.779734946292956,11.58571578247166,11.641149829277744,1234800.0
VIB,2023-03-03,11.69658387608383,11.72430089948687,11.447130665456447,11.447130665456447,1379528.0
VIB,2023-03-06,11.530281735665575,11.668866852680788,11.419413642053406,11.419413642053406,2051100.0
VIB,2023-03-07,11.58571578247166,11.641149829277744,11.391696618650364,11.419413642053406,6467278.0
VIB,2023-03-08,11.391696618650364,11.502564712262533,11.280828525038196,11.47484768885949,2689100.0
VIB,2023-03-09,11.58571578247166,11.83516899309904,11.530281735665575,11.752017922889912,4209700.0
VIB,2023-03-10,11.613432805874702,11.69658387608383,11.47484768885949,11.613432805874702,2337300.0
VIB,2023-03-13,11.47484768885949,11.557998759068619,11.419413642053406,11.47484768885949,3069900.0
VIB,2023-03-14,11.447130665456447,11.530281735665575,11.169960431426025,11.225394478232111,2489300.0
VIB,2023-03-15,11.447130665456447,11.862886016502081,11.419413642053406,11.862886016502081,7400900.0
VIB,2023-03-16,11.807451969695999,11.807451969695999,11.530281735665575,11.58571578247166,3550700.0
VIB,2023-03-17,11.779734946292956,11.779734946292956,11.58571578247166,11.613432805874702,2763200.0
VIB,2023-03-20,11.613432805874702,11.779734946292956,11.391696618650364,11.391696618650364,5064900.0
VIB,2023-03-21,11.58571578247166,11.58571578247166,11.308545548441236,11.502564712262533,2879600.0
VIB,2023-03-22,11.58571578247166,11.58571578247166,11.447130665456447,11.47484768885949,2169700.0
VIB,2023-03-23,11.419413642053406,11.47484768885949,11.308545548441236,11.447130665456447,3300021.0
VIB,2023-03-24,11.530281735665575,11.69658387608383,11.502564712262533,11.613432805874702,5705400.0
VIB,2023-03-27,11.641149829277744,11.72430089948687,11.58571578247166,11.69658387608383,4952000.0
VIB,2023-03-28,11.779734946292956,11.918320063308167,11.72430089948687,11.72430089948687,7081900.0
VIB,2023-03-29,11.752017922889912,11.890603039905123,11.69658387608383,11.779734946292956,5015200.0
VIB,2023-03-30,11.890603039905123,12.029188156920336,11.83516899309904,11.83516899309904,5388000.0
VIB,2023-03-31,11.890603039905123,11.94603708671121,11.779734946292956,11.862886016502081,6069400.0
VIB,2023-04-03,12.029188156920336,12.08462220372642,11.94603708671121,12.029188156920336,6201200.0
VIB,2023-04-04,12.056905180323378,12.361792437756844,12.001471133517292,12.250924344144675,7571200.0
VIB,2023-04-05,12.250924344144675,12.278641367547715,12.140056250532504,12.167773273935547,5630800.0
VIB,2023-04-06,12.196136381680736,12.252862597409486,11.912505303036998,11.912505303036998,9176600.0
VIB,2023-04-07,11.884142195172624,11.99759462663012,11.799052871579503,11.85577908730825,3902600.0
VIB,2023-04-10,11.969231518765747,12.054320842358868,11.799052871579503,11.85577908730825,5192900.0
VIB,2023-04-11,11.85577908730825,11.969231518765747,11.799052871579503,11.969231518765747,4240400.0
VIB,2023-04-12,12.025957734494494,12.196136381680736,11.969231518765747,12.082683950223242,4787800.0
VIB,2023-04-13,12.111047058087616,12.111047058087616,11.912505303036998,11.99759462663012,3205900.0
VIB,2023-04-14,11.99759462663012,12.167773273816362,11.799052871579503,11.799052871579503,5005300.0
VIB,2023-04-17,11.799052871579503,11.85577908730825,11.713963547986381,11.713963547986381,2123600.0
VIB,2023-04-18,11.799052871579503,11.799052871579503,11.685600440122009,11.713963547986381,1923500.0
VIB,2023-04-19,11.742326655850755,11.827415979443877,11.572148008664511,11.600511116528887,4064500.0
VIB,2023-04-20,11.572148008664511,11.628874224393261,11.543784900800139,11.572148008664511,2254700.0
VIB,2023-04-21,11.600511116528887,11.685600440122009,11.430332469342643,11.430332469342643,4273800.0
VIB,2023-04-24,11.487058685071391,11.628874224393261,11.430332469342643,11.515421792935765,3896100.0
VIB,2023-04-25,11.543784900800139,11.600511116528887,11.316880037885149,11.345243145749523,3302100.0
VIB,2023-04-26,11.430332469342643,11.600511116528887,11.345243145749523,11.600511116528887,2819200.0
VIB,2023-04-27,11.600511116528887,11.600511116528887,11.487058685071391,11.487058685071391,2390500.0
VIB,2023-04-28,11.543784900800139,11.628874224393261,11.487058685071391,11.628874224393261,4237100.0
VIB,2023-05-04,11.628874224393261,11.628874224393261,11.458695577207017,11.458695577207017,2239801.0
VIB,2023-05-05,11.543784900800139,11.543784900800139,11.430332469342643,11.430332469342643,4048900.0
VIB,2023-05-08,11.458695577207017,11.572148008664511,11.430332469342643,11.543784900800139,4571100.0
VIB,2023-05-09,11.600511116528887,11.600511116528887,11.458695577207017,11.487058685071391,1754500.0
VIB,2023-05-10,11.515421792935765,11.742326655850755,11.458695577207017,11.713963547986381,6172700.0
VIB,2023-05-11,11.742326655850755,11.827415979443877,11.628874224393261,11.657237332257635,3478400.0
VIB,2023-05-12,11.713963547986381,11.742326655850755,11.572148008664511,11.628874224393261,4439100.0
VIB,2023-05-15,11.685600440122009,11.99759462663012,11.657237332257635,11.827415979443877,10368900.0
VIB,2023-05-16,11.884142195172624,11.99759462663012,11.77068976371513,11.85577908730825,6169600.0
VIB,2023-05-17,11.799052871579503,11.912505303036998,11.799052871579503,11.799052871579503,5670400.0
VIB,2023-05-18,11.799052871579503,12.281225705273858,11.77068976371513,12.167773273816362,10803300.0
VIB,2023-05-19,12.196136381680736,12.22449948954511,12.054320842358868,12.139410165951988,4445400.0
VIB,2023-05-22,12.22449948954511,12.309588813138232,12.139410165951988,12.252862597409486,6131801.0
VIB,2023-05-23,12.252862597409486,12.309588813138232,11.99759462663012,12.082683950223242,5636500.0
VIB,2023-05-24,12.167773273816362,12.167773273816362,11.912505303036998,11.912505303036998,5366900.0
VIB,2023-05-25,11.884142195172624,11.940868410901373,11.827415979443877,11.85577908730825,3309900.0
VIB,2023-05-26,11.884142195172624,11.969231518765747,11.827415979443877,11.940868410901373,2404300.0
VIB,2023-05-29,12.025957734494494,12.082683950223242,11.912505303036998,12.082683950223242,3875800.0
VIB,2023-05-30,12.111047058087616,12.139410165951988,12.025957734494494,12.082683950223242,3850400.0
VIB,2023-05-31,12.082683950223242,12.337951921002606,12.082683950223242,12.139410165951988,6538900.0
VIB,2023-06-01,12.139410165951988,12.252862597409486,12.082683950223242,12.22449948954511,4271200.0
VIB,2023-06-02,12.423041244595726,13.075392725476325,12.423041244595726,13.075392725476325,21493100.0
VIB,2023-06-05,13.387386911984438,13.387386911984438,13.047029617611951,13.160482049069445,8326700.0
VIB,2023-06-06,13.160482049069445,13.387386911984438,13.1037558333407,13.387386911984438,9666600.0
VIB,2023-06-07,13.387386911984438,13.41575001984881,13.217208264798193,13.387386911984438,7241900.0
VIB,2023-06-08,13.387386911984438,13.41575001984881,12.96194029401883,12.96194029401883,14234800.0
VIB,2023-06-09,13.018666509747577,13.387386911984438,12.905214078290081,13.27393448052694,11068900.0
VIB,2023-06-12,13.302297588391314,13.41575001984881,12.990303401883203,13.33066069625569,5732401.0
VIB,2023-06-13,13.33066069625569,13.387386911984438,13.160482049069445,13.27393448052694,5855200.0
VIB,2023-06-14,13.33066069625569,13.642654882763802,13.217208264798193,13.217208264798193,10454000.0
VIB,2023-06-15,13.217208264798193,13.27393448052694,13.1037558333407,13.132118941205071,6601201.0
VIB,2023-06-16,13.160482049069445,13.387386911984438,13.1037558333407,13.1037558333407,9142000.0
VIB,2023-06-19,13.1037558333407,13.18884515693382,13.047029617611951,13.1037558333407,4677503.0
VIB,2023-06-20,13.1037558333407,13.27393448052694,13.1037558333407,13.217208264798193,6705900.0
VIB,2023-06-21,13.27393448052694,13.27393448052694,13.18884515693382,13.217208264798193,9979200.0
VIB,2023-06-22,13.478148857150432,13.614291774899426,13.444113127713184,13.444113127713184,8928600.0
VIB,2023-06-23,13.478148857150432,13.750434692648419,13.478148857150432,13.580256045462177,5935301.0
VIB,2023-06-26,13.682363233773923,13.682363233773923,13.342005939401439,13.580256045462177,6614000.0
VIB,2023-06-27,13.614291774899426,13.614291774899426,13.376041668838685,13.478148857150432,4437400.0
VIB,2023-06-28,13.478148857150432,13.614291774899426,13.376041668838685,13.512184586587681,4611101.0
VIB,2023-06-29,13.546220316024927,13.580256045462177,13.410077398275934,13.444113127713184,5794700.0
VIB,2023-06-30,13.444113127713184,13.478148857150432,13.376041668838685,13.376041668838685,3321000.0
VIB,2023-07-03,13.376041668838685,13.444113127713184,13.30797020996419,13.376041668838685,2700100.0
VIB,2023-07-04,13.30797020996419,13.376041668838685,13.27393448052694,13.376041668838685,15271700.0
VIB,2023-07-05,13.376041668838685,13.648327504336676,13.376041668838685,13.546220316024927,7419400.0
VIB,2023-07-06,13.478148857150432,13.580256045462177,13.30797020996419,13.342005939401439,4263549.0
VIB,2023-07-07,13.30797020996419,13.478148857150432,13.27393448052694,13.478148857150432,2523100.0
VIB,2023-07-10,13.546220316024927,13.886577610397413,13.478148857150432,13.818506151522918,11490003.0
VIB,2023-07-11,13.886577610397413,14.056756257583656,13.750434692648419,13.818506151522918,5398001.0
VIB,2023-07-12,13.818506151522918,13.886577610397413,13.580256045462177,13.682363233773923,5051900.0
VIB,2023-07-13,13.750434692648419,13.750434692648419,13.614291774899426,13.750434692648419,6143700.0
VIB,2023-07-14,13.784470422085668,13.852541880960167,13.614291774899426,13.784470422085668,4896300.0
VIB,2023-07-17,13.784470422085668,13.920613339834663,13.784470422085668,13.886577610397413,4294801.0
VIB,2023-07-18,13.886577610397413,14.158863445895403,13.784470422085668,13.98868479870916,5250300.0
VIB,2023-07-19,14.090791987020905,14.124827716458155,13.95464906927191,13.98868479870916,5286701.0
VIB,2023-07-20,13.98868479870916,14.02272052814641,13.852541880960167,13.95464906927191,2845023.0
VIB,2023-07-21,13.920613339834663,13.98868479870916,13.818506151522918,13.98868479870916,34178079.0
VIB,2023-07-24,14.02272052814641,14.499220740267889,13.920613339834663,14.295006363644397,7571307.0
VIB,2023-07-25,14.295006363644397,14.499220740267889,14.260970634207148,14.260970634207148,26603668.0
VIB,2023-07-26,14.2269349047699,14.329042093081647,14.124827716458155,14.158863445895403,2564558.0
VIB,2023-07-27,14.158863445895403,14.2269349047699,13.95464906927191,14.056756257583656,25872474.0
VIB,2023-07-28,14.02272052814641,14.124827716458155,13.95464906927191,14.124827716458155,2750177.0
VIB,2023-07-31,14.192899175332652,14.397113551956142,14.158863445895403,14.158863445895403,24765642.0
VIB,2023-08-01,14.192899175332652,14.431149281393392,14.02272052814641,14.056756257583656,6261795.0
VIB,2023-08-02,13.98868479870916,14.192899175332652,13.95464906927191,14.090791987020905,27075926.0
VIB,2023-08-03,14.090791987020905,14.2269349047699,14.02272052814641,14.056756257583656,5841025.0
VIB,2023-08-04,14.124827716458155,14.295006363644397,14.02272052814641,14.295006363644397,10388790.0
VIB,2023-08-07,14.329042093081647,14.771506575765876,14.295006363644397,14.567292199142384,13288591.0
VIB,2023-08-08,14.70343511689138,14.737470846328627,14.397113551956142,14.431149281393392,6702253.0
VIB,2023-08-09,14.431149281393392,14.46518501083064,14.192899175332652,14.260970634207148,18395849.0
VIB,2023-08-10,14.2269349047699,14.295006363644397,13.95464906927191,14.056756257583656,5056532.0
VIB,2023-08-11,14.192899175332652,14.192899175332652,13.852541880960167,13.98868479870916,4837528.0
VIB,2023-08-14,14.056756257583656,14.158863445895403,13.95464906927191,14.090791987020905,14772126.0
VIB,2023-08-15,14.090791987020905,14.124827716458155,13.98868479870916,14.02272052814641,2716527.0
VIB,2023-08-16,14.02272052814641,14.192899175332652,13.920613339834663,14.056756257583656,8933335.0
VIB,2023-08-17,14.090791987020905,14.260970634207148,13.98868479870916,14.090791987020905,4951404.0
VIB,2023-08-18,14.02272052814641,14.056756257583656,13.27393448052694,13.30797020996419,13913925.0
VIB,2023-08-21,13.376041668838685,13.546220316024927,13.205863021652442,13.512184586587681,5020113.0
VIB,2023-08-22,13.512184586587681,13.546220316024927,12.967612915591703,13.512184586587681,12601007.0
VIB,2023-08-23,13.580256045462177,13.614291774899426,13.27393448052694,13.444113127713184,3218044.0
VIB,2023-08-24,13.410077398275934,13.512184586587681,13.342005939401439,13.444113127713184,3456738.0
VIB,2023-08-25,13.444113127713184,13.444113127713184,13.30797020996419,13.342005939401439,7653619.0
VIB,2023-08-28,13.342005939401439,13.512184586587681,13.342005939401439,13.478148857150432,2649108.0
VIB,2023-08-29,13.478148857150432,13.580256045462177,13.410077398275934,13.478148857150432,7374733.0
VIB,2023-08-30,13.546220316024927,13.682363233773923,13.478148857150432,13.614291774899426,3306401.0
VIB,2023-08-31,13.614291774899426,13.886577610397413,13.614291774899426,13.852541880960167,3262604.0
VIB,2023-09-05,13.98868479870916,14.158863445895403,13.95464906927191,14.02272052814641,4459308.0
VIB,2023-09-06,14.02272052814641,14.056756257583656,13.920613339834663,14.056756257583656,4425110.0
VIB,2023-09-07,14.158863445895403,14.295006363644397,14.02272052814641,14.090791987020905,6195409.0
VIB,2023-09-08,14.02272052814641,14.090791987020905,13.98868479870916,14.02272052814641,4004520.0
VIB,2023-09-11,14.158863445895403,14.158863445895403,13.750434692648419,13.750434692648419,5297000.0
VIB,2023-09-12,13.750434692648419,13.95464906927191,13.682363233773923,13.886577610397413,3756000.0
VIB,2023-09-13,13.95464906927191,14.295006363644397,13.886577610397413,14.295006363644397,11135200.0
VIB,2023-09-14,14.499220740267889,14.975720952389368,14.46518501083064,14.771506575765876,21459102.0
VIB,2023-09-15,14.70343511689138,14.873613764077623,14.533256469705139,14.669399387454131,12877300.0
VIB,2023-09-18,14.499220740267889,14.601327928579634,14.158863445895403,14.260970634207148,12220003.0
VIB,2023-09-19,14.260970634207148,14.329042093081647,14.02272052814641,14.090791987020905,7677209.0
VIB,2023-09-20,14.090791987020905,14.295006363644397,14.056756257583656,14.295006363644397,6087726.0
VIB,2023-09-21,14.329042093081647,14.397113551956142,14.02272052814641,14.056756257583656,8857855.0
VIB,2023-09-22,13.886577610397413,13.920613339834663,13.614291774899426,13.818506151522918,10720535.0
VIB,2023-09-25,13.818506151522918,13.852541880960167,12.967612915591703,12.967612915591703,7549046.0
VIB,2023-09-26,13.27393448052694,13.410077398275934,13.0356843744662,13.103755833340697,5112732.0
VIB,2023-09-27,13.103755833340697,13.342005939401439,12.899541456717206,13.30797020996419,5074908.0
VIB,2023-09-28,13.410077398275934,13.410077398275934,13.0356843744662,13.171827292215195,4070608.0
VIB,2023-09-29,13.27393448052694,13.410077398275934,13.137791562777947,13.171827292215195,2514428.0
VIB,2023-10-02,13.171827292215195,13.342005939401439,13.137791562777947,13.239898751089692,3624742.0
VIB,2023-10-03,13.103755833340697,13.171827292215195,12.729362809530963,12.79743426840546,6600300.0
VIB,2023-10-04,12.729362809530963,13.0356843744662,12.661291350656468,12.865505727279956,2262100.0
VIB,2023-10-05,13.001648645028952,13.001648645028952,12.593219891781969,12.593219891781969,3397500.0
VIB,2023-10-06,12.627255621219218,12.865505727279956,12.525148432907471,12.729362809530963,3185400.0
VIB,2023-10-09,12.729362809530963,12.899541456717206,12.627255621219218,12.899541456717206,3513200.0
VIB,2023-10-10,13.001648645028952,13.27393448052694,12.933577186154455,13.205863021652442,5637800.0
VIB,2023-10-11,13.205863021652442,13.342005939401439,13.103755833340697,13.342005939401439,2096201.0
VIB,2023-10-12,13.342005939401439,13.444113127713184,13.30797020996419,13.376041668838685,2660901.0
VIB,2023-10-13,13.001648645028952,13.27393448052694,13.001648645028952,13.171827292215195,2006100.0
VIB,2023-10-16,13.137791562777947,13.137791562777947,12.83146999784271,12.83146999784271,3559201.0
VIB,2023-10-17,12.933577186154455,13.001648645028952,12.695327080093714,12.695327080093714,2708000.0
VIB,2023-10-18,12.729362809530963,12.79743426840546,12.457076974032976,12.55918416234472,3494800.0
VIB,2023-10-19,12.525148432907471,12.55918416234472,12.252862597409484,12.423041244595726,4523201.0
VIB,2023-10-20,12.389005515158477,12.593219891781969,12.320934056283981,12.491112703470224,4006401.0
VIB,2023-10-23,12.491112703470224,12.55918416234472,12.286898326846732,12.286898326846732,2750800.0
VIB,2023-10-24,12.354969785721227,12.695327080093714,12.354969785721227,12.593219891781969,2062700.0
VIB,2023-10-25,12.593219891781969,12.695327080093714,12.457076974032976,12.457076974032976,2265102.0
VIB,2023-10-26,12.320934056283981,12.320934056283981,11.776362385288003,11.810398114725253,6166400.0
VIB,2023-10-27,12.11671967966049,12.320934056283981,11.912505303036998,12.320934056283981,2493400.0
VIB,2023-10-30,12.320934056283981,12.389005515158477,11.980576761911495,11.980576761911495,1744300.0
VIB,2023-10-31,11.980576761911495,12.252862597409484,11.946541032474247,12.184791138534985,3627701.0
VIB,2023-11-01,12.184791138534985,12.252862597409484,11.980576761911495,12.252862597409484,2414700.0
VIB,2023-11-02,12.354969785721227,12.661291350656468,12.252862597409484,12.627255621219218,3228901.0
VIB,2023-11-03,12.865505727279956,12.865505727279956,12.627255621219218,12.661291350656468,3335500.0
VIB,2023-11-06,12.899541456717206,12.899541456717206,12.729362809530963,12.865505727279956,2570601.0
VIB,2023-11-07,12.933577186154455,12.933577186154455,12.627255621219218,12.729362809530963,2936901.0
VIB,2023-11-08,12.729362809530963,13.205863021652442,12.695327080093714,13.205863021652442,3794200.0
VIB,2023-11-09,13.27393448052694,13.30797020996419,13.069720103903448,13.137791562777947,3035600.0
VIB,2023-11-10,12.933577186154455,13.171827292215195,12.899541456717206,12.933577186154455,5971200.0
VIB,2023-11-13,13.069720103903448,13.171827292215195,12.865505727279956,13.069720103903448,3770600.0
VIB,2023-11-14,13.103755833340697,13.410077398275934,13.069720103903448,13.342005939401439,8836600.0
VIB,2023-11-15,13.580256045462177,13.614291774899426,13.342005939401439,13.376041668838685,5371600.0
VIB,2023-11-16,13.30797020996419,13.376041668838685,13.205863021652442,13.342005939401439,2604400.0
VIB,2023-11-17,13.342005939401439,13.410077398275934,13.001648645028952,13.0356843744662,4530701.0
VIB,2023-11-20,12.967612915591703,13.0356843744662,12.763398538968211,12.933577186154455,3187302.0
VIB,2023-11-21,13.001648645028952,13.171827292215195,12.967612915591703,12.967612915591703,2033600.0
VIB,2023-11-22,13.001648645028952,13.103755833340697,12.83146999784271,13.069720103903448,2344401.0
VIB,2023-11-23,13.137791562777947,13.171827292215195,12.79743426840546,12.79743426840546,2602801.0
VIB,2023-11-24,12.79743426840546,12.865505727279956,12.627255621219218,12.79743426840546,2657900.0
VIB,2023-11-27,12.79743426840546,12.79743426840546,12.55918416234472,12.55918416234472,2539001.0
VIB,2023-11-28,12.55918416234472,12.729362809530963,12.457076974032976,12.729362809530963,1702000.0
VIB,2023-11-29,12.79743426840546,12.865505727279956,12.695327080093714,12.79743426840546,1756500.0
VIB,2023-11-30,12.79743426840546,12.899541456717206,12.661291350656468,12.729362809530963,1306801.0
VIB,2023-12-01,12.79743426840546,12.933577186154455,12.695327080093714,12.899541456717206,1735200.0
VIB,2023-12-04,13.0356843744662,13.069720103903448,12.933577186154455,13.0356843744662,8280101.0
VIB,2023-12-05,13.069720103903448,13.069720103903448,12.933577186154455,13.0356843744662,2569201.0
VIB,2023-12-06,13.069720103903448,13.137791562777947,13.001648645028952,13.069720103903448,4686401.0
VIB,2023-12-07,13.137791562777947,13.27393448052694,13.001648645028952,13.137791562777947,7027401.0
VIB,2023-12-08,13.137791562777947,13.239898751089692,13.103755833340697,13.171827292215195,4536500.0
VIB,2023-12-11,13.205863021652442,13.205863021652442,13.001648645028952,13.069720103903448,2208601.0
VIB,2023-12-12,13.137791562777947,13.137791562777947,12.967612915591703,13.069720103903448,2262600.0
VIB,2023-12-13,13.069720103903448,13.205863021652442,12.967612915591703,12.967612915591703,3331000.0
VIB,2023-12-14,13.069720103903448,13.069720103903448,12.865505727279956,12.865505727279956,3053400.0
VIB,2023-12-15,12.83146999784271,12.967612915591703,12.79743426840546,12.79743426840546,2080700.0
VIB,2023-12-18,12.79743426840546,12.83146999784271,12.593219891781969,12.627255621219218,3752800.0
VIB,2023-12-19,12.525148432907471,12.695327080093714,12.525148432907471,12.695327080093714,2102000.0
VIB,2023-12-20,12.79743426840546,12.79743426840546,12.661291350656468,12.729362809530963,3709400.0
VIB,2023-12-21,12.695327080093714,12.79743426840546,12.661291350656468,12.763398538968211,1390100.0
VIB,2023-12-22,12.79743426840546,12.865505727279956,12.661291350656468,12.763398538968211,3927081.0
VIB,2023-12-25,12.79743426840546,13.0356843744662,12.763398538968211,12.967612915591703,2078200.0
VIB,2023-12-26,12.967612915591703,13.0356843744662,12.933577186154455,13.0356843744662,1845300.0
VIB,2023-12-27,13.001648645028952,13.103755833340697,13.001648645028952,13.069720103903448,1900200.0
VIB,2023-12-28,13.103755833340697,13.376041668838685,13.069720103903448,13.376041668838685,5402100.0
VIB,2023-12-29,13.410077398275934,13.546220316024927,13.342005939401439,13.342005939401439,9215740.0
VIB,2024-01-02,13.376041668838685,13.546220316024927,13.376041668838685,13.478148857150432,4383502.0
VIB,2024-01-03,13.478148857150432,13.682363233773923,13.410077398275934,13.682363233773923,5454582.0
VIB,2024-01-04,13.750434692648419,14.2269349047699,13.648327504336676,13.886577610397413,10162800.0
VIB,2024-01-05,13.886577610397413,14.090791987020905,13.886577610397413,14.090791987020905,4437400.0
VIB,2024-01-08,14.2269349047699,14.295006363644397,14.090791987020905,14.2269349047699,6160101.0
VIB,2024-01-09,14.295006363644397,14.295006363644397,14.158863445895403,14.260970634207148,3891800.0
VIB,2024-01-10,14.2269349047699,14.397113551956142,14.158863445895403,14.329042093081647,4782400.0
VIB,2024-01-11,14.329042093081647,14.499220740267889,14.260970634207148,14.397113551956142,6946300.0
VIB,2024-01-12,14.260970634207148,14.431149281393392,14.158863445895403,14.329042093081647,9658800.0
VIB,2024-01-15,14.363077822518894,14.669399387454131,14.363077822518894,14.431149281393392,6440901.0
VIB,2024-01-16,14.363077822518894,14.635363658016884,14.329042093081647,14.635363658016884,7248700.0
VIB,2024-01-17,14.635363658016884,14.737470846328627,14.567292199142384,14.567292199142384,11165294.0
VIB,2024-01-18,14.567292199142384,14.601327928579634,14.431149281393392,14.567292199142384,3679800.0
VIB,2024-01-19,14.707362315782063,14.812414903751934,14.637327257135482,14.777397374428645,3577600.0
VIB,2024-01-22,14.812414903751934,14.917467491721807,14.637327257135482,14.777397374428645,4194100.0
VIB,2024-01-23,14.777397374428645,14.882449962398516,14.637327257135482,14.672344786458773,4230803.0
VIB,2024-01-24,14.672344786458773,14.742379845105354,14.567292198488902,14.602309727812193,2284400.0
VIB,2024-01-25,14.637327257135482,14.637327257135482,14.392204551872448,14.427222081195739,3843700.0
VIB,2024-01-26,14.462239610519028,14.602309727812193,14.462239610519028,14.567292198488902,2172300.0
VIB,2024-01-29,14.602309727812193,14.637327257135482,14.497257139842318,14.567292198488902,2175900.0
VIB,2024-01-30,14.602309727812193,14.637327257135482,14.427222081195739,14.637327257135482,3594501.0
VIB,2024-01-31,14.707362315782063,14.742379845105354,14.392204551872448,14.53227466916561,5757300.0
VIB,2024-02-01,14.53227466916561,14.567292198488902,14.322169493225866,14.462239610519028,4350600.0
VIB,2024-02-02,14.427222081195739,14.462239610519028,14.182099375932705,14.182099375932705,7524000.0
VIB,2024-02-05,14.252134434579286,14.917467491721807,14.217116905255995,14.847432433075225,12796500.0
VIB,2024-02-06,15.05753760901497,15.337677843601293,14.917467491721807,14.987502550368387,7549500.0
VIB,2024-02-07,15.127572667661552,15.197607726308132,14.987502550368387,15.197607726308132,12004800.0
VIB,2024-02-15,15.407712902247876,15.65283560751091,15.337677843601293,15.477747960894458,14543100.0
VIB,2024-02-16,15.61781807818762,15.61781807818762,15.302660314278006,15.477747960894458,6189200.0
VIB,2024-02-19,15.547783019541038,15.547783019541038,15.232625255631422,15.407712902247876,7495000.0
VIB,2024-02-20,15.442730431571167,15.792905724804074,15.337677843601293,15.547783019541038,6739601.0
VIB,2024-02-21,15.757888195480781,15.792905724804074,15.547783019541038,15.61781807818762,5639800.0
VIB,2024-02-22,15.6878531368342,15.757888195480781,15.547783019541038,15.757888195480781,4236201.0
VIB,2024-02-23,15.757888195480781,15.932975842097235,15.337677843601293,15.407712902247876,14808301.0
VIB,2024-02-26,15.337677843601293,15.407712902247876,15.16259019698484,15.372695372924584,4317501.0
VIB,2024-02-27,15.407712902247876,15.407712902247876,15.232625255631422,15.372695372924584,6527600.0
VIB,2024-02-28,15.442730431571167,15.512765490217747,15.302660314278006,15.477747960894458,4776304.0
VIB,2024-02-29,15.6878531368342,15.6878531368342,15.267642784954713,15.337677843601293,6382403.0
VIB,2024-03-01,15.302660314278006,15.337677843601293,15.09255513833826,15.337677843601293,4849302.0
VIB,2024-03-04,15.407712902247876,15.512765490217747,15.127572667661552,15.407712902247876,7902801.0
VIB,2024-03-05,15.407712902247876,15.477747960894458,15.267642784954713,15.477747960894458,3307101.0
VIB,2024-03-06,15.547783019541038,15.65283560751091,15.302660314278006,15.337677843601293,5293801.0
VIB,2024-03-07,15.372695372924584,15.372695372924584,15.232625255631422,15.302660314278006,5706901.0
VIB,2024-03-08,15.372695372924584,15.407712902247876,15.09255513833826,15.09255513833826,7431000.0
VIB,2024-03-11,15.09255513833826,15.16259019698484,14.917467491721807,14.917467491721807,3386600.0
VIB,2024-03-12,14.987502550368387,14.987502550368387,14.847432433075225,14.917467491721807,3515100.0
VIB,2024-03-13,15.05753760901497,15.477747960894458,14.882449962398516,15.442730431571167,4080000.0
VIB,2024-03-14,15.512765490217747,15.512765490217747,15.127572667661552,15.197607726308132,3858900.0
VIB,2024-03-15,15.302660314278006,15.827923254127365,15.197607726308132,15.757888195480781,8526001.0
VIB,2024-03-18,15.932975842097235,15.932975842097235,15.232625255631422,15.582800548864329,6283004.0
VIB,2024-03-19,15.582800548864329,15.65283560751091,15.337677843601293,15.477747960894458,4031601.0
VIB,2024-03-20,15.65283560751091,16.528273840593176,15.407712902247876,16.528273840593176,27345400.0
VIB,2024-03-21,16.738379016532917,17.088554309765826,16.563291369916467,17.018519251119244,10423401.0
VIB,2024-03-22,17.018519251119244,17.263641956382276,16.66834395788634,16.948484192472662,13319701.0
VIB,2024-03-25,16.91346666314937,17.33367701502886,16.563291369916467,16.773396545856208,8090900.0
VIB,2024-03-26,16.738379016532917,17.088554309765826,16.70336148720963,17.053536780442535,8562901.0
VIB,2024-03-27,17.053536780442535,17.053536780442535,16.773396545856208,16.948484192472662,9533801.0
VIB,2024-03-28,17.158589368412407,17.33367701502886,16.773396545856208,16.983501721795953,11213000.0
VIB,2024-03-29,16.983501721795953,17.508764661645312,16.808414075179503,17.22862442705899,10050700.0
VIB,2024-04-01,17.088554309765826,17.22862442705899,16.773396545856208,17.018519251119244,8953202.0
VIB,2024-04-02,16.843431604502793,17.018519251119244,16.493256311269885,16.878449133826084,15290200.0
VIB,2024-04-03,16.878449133826084,16.878449133826084,16.458238781946594,16.493256311269885,11790800.0
VIB,2024-04-04,16.493256311269885,16.598308899239758,16.24813360600685,16.24813360600685,7718001.0
VIB,2024-04-05,16.038028430067104,16.14308101803698,15.827923254127365,15.897958312773945,7470900.0
VIB,2024-04-08,15.897958312773945,16.003010900743817,15.792905724804074,15.897958312773945,8400200.0
VIB,2024-04-09,15.897958312773945,16.17809854736027,15.862940783450654,16.14308101803698,31132900.0
VIB,2024-04-10,16.28315113533014,16.28315113533014,16.038028430067104,16.038028430067104,6594200.0
VIB,2024-04-11,15.967993371420526,16.038028430067104,15.827923254127365,16.038028430067104,4585700.0
VIB,2024-04-12,16.17809854736027,16.528273840593176,16.003010900743817,16.528273840593176,9057600.0
VIB,2024-04-15,16.528273840593176,16.66834395788634,15.72287066615749,15.757888195480781,11379800.0
VIB,2024-04-16,15.827923254127365,16.10806348871369,15.407712902247876,15.792905724804074,9656200.0
VIB,2024-04-17,16.081360623937172,16.11741748632268,15.504450825769021,15.504450825769021,7517502.0
VIB,2024-04-19,15.143882201913927,15.504450825769021,15.107825339528418,15.215995926684947,8950600.0
VIB,2024-04-22,15.252052789070454,15.432337100998001,15.215995926684947,15.288109651455965,5869800.0
VIB,2024-04-23,15.288109651455965,15.54050768815453,14.99965475237189,15.143882201913927,7926700.0
VIB,2024-04-24,15.215995926684947,15.576564550540041,15.215995926684947,15.432337100998001,21093600.0
VIB,2024-04-25,15.432337100998001,15.504450825769021,15.179939064299438,15.252052789070454,3793100.0
VIB,2024-04-26,15.071768477142907,15.360223376226983,15.071768477142907,15.215995926684947,2906500.0
VIB,2024-05-02,15.179939064299438,15.46839396338351,15.143882201913927,15.432337100998001,3169102.0
VIB,2024-05-03,15.504450825769021,15.684735137696567,15.288109651455965,15.288109651455965,5626601.0
VIB,2024-05-06,15.432337100998001,15.684735137696567,15.396280238612494,15.648678275311058,24020601.0
VIB,2024-05-07,15.756848862467587,15.792905724853094,15.54050768815453,15.648678275311058,2608500.0
VIB,2024-05-08,15.504450825769021,15.612621412925549,15.396280238612494,15.54050768815453,24133900.0
VIB,2024-05-09,15.576564550540041,15.684735137696567,15.432337100998001,15.576564550540041,3117084.0
VIB,2024-05-10,15.576564550540041,15.576564550540041,15.46839396338351,15.54050768815453,2714000.0
VIB,2024-05-13,15.54050768815453,15.612621412925549,15.360223376226983,15.396280238612494,3635100.0
VIB,2024-05-14,15.576564550540041,16.00924689916615,15.432337100998001,15.684735137696567,6993100.0
VIB,2024-05-15,15.901076312009625,15.901076312009625,15.684735137696567,15.756848862467587,5311340.0
VIB,2024-05-16,16.00924689916615,16.11741748632268,15.937133174395134,16.081360623937172,10575800.0
VIB,2024-05-17,16.081360623937172,16.153474348708187,16.00924689916615,16.081360623937172,4327200.0
VIB,2024-05-20,16.297701798250227,16.333758660635734,16.153474348708187,16.22558807347921,22439300.0
VIB,2024-05-21,16.333758660635734,16.333758660635734,16.00924689916615,16.297701798250227,26207601.0
VIB,2024-05-22,16.297701798250227,16.405872385406756,16.00924689916615,16.00924689916615,22185300.0
VIB,2024-05-23,15.937133174395134,16.04530376155166,15.865019449624114,16.04530376155166,13820300.0
VIB,2024-05-24,15.865019449624114,16.369815523021245,15.720792000082078,15.865019449624114,24934200.0
VIB,2024-05-27,15.901076312009625,15.973190036780641,15.756848862467587,15.865019449624114,25589500.0
VIB,2024-05-28,16.081360623937172,16.081360623937172,15.865019449624114,16.081360623937172,48235628.0
VIB,2024-05-29,16.11741748632268,16.189531211093698,15.792905724853094,15.792905724853094,23039201.0
VIB,2024-05-30,15.756848862467587,15.865019449624114,15.576564550540041,15.865019449624114,5831901.0
VIB,2024-05-31,15.865019449624114,15.865019449624114,15.684735137696567,15.684735137696567,3286202.0
VIB,2024-06-03,15.756848862467587,16.189531211093698,15.756848862467587,16.081360623937172,4929201.0
VIB,2024-06-04,16.153474348708187,16.22558807347921,16.04530376155166,16.153474348708187,3476400.0
VIB,2024-06-05,16.22558807347921,16.441929247792263,16.153474348708187,16.153474348708187,9256404.0
VIB,2024-06-06,16.297701798250227,16.297701798250227,16.081360623937172,16.153474348708187,3668300.0
VIB,2024-06-07,16.297701798250227,16.333758660635734,16.081360623937172,16.153474348708187,17671201.0
VIB,2024-06-10,16.153474348708187,16.26164493586472,16.00924689916615,16.26164493586472,5269600.0
VIB,2024-06-11,16.297701798250227,16.69432728449083,16.297701798250227,16.51404297256328,8505900.0
VIB,2024-06-12,16.477986110177774,16.586156697334303,16.333758660635734,16.550099834948792,5256101.0
VIB,2024-06-13,16.586156697334303,16.65827042210532,16.441929247792263,16.51404297256328,7715200.0
VIB,2024-06-14,16.62221355971981,16.62221355971981,16.22558807347921,16.22558807347921,24850000.0
VIB,2024-06-17,16.153474348708187,16.22558807347921,15.901076312009625,15.901076312009625,7547601.0
VIB,2024-06-18,15.973190036780641,16.081360623937172,15.901076312009625,15.901076312009625,6275900.0
VIB,2024-06-19,16.04530376155166,16.04530376155166,15.792905724853094,15.865019449624114,4359900.0
VIB,2024-06-20,15.865019449624114,15.937133174395134,15.756848862467587,15.865019449624114,3562700.0
VIB,2024-06-21,15.865019449624114,15.865019449624114,15.720792000082078,15.720792000082078,3604200.0
VIB,2024-06-24,15.648678275311058,15.720792000082078,15.360223376226983,15.360223376226983,22166279.0
VIB,2024-06-25,15.504450825769021,15.504450825769021,15.252052789070454,15.360223376226983,5823792.0
VIB,2024-06-26,15.396280238612494,15.46839396338351,15.252052789070454,15.324166513841474,7037600.0
VIB,2024-06-27,15.288109651455965,15.396280238612494,15.215995926684947,15.252052789070454,3009100.0
VIB,2024-06-28,15.324166513841474,15.324166513841474,15.143882201913927,15.143882201913927,2780600.0
VIB,2024-07-01,15.071768477142907,15.288109651455965,15.071768477142907,15.288109651455965,2130300.0
VIB,2024-07-02,15.288109651455965,15.504450825769021,15.288109651455965,15.432337100998001,2316500.0
VIB,2024-07-03,15.46839396338351,15.504450825769021,15.360223376226983,15.396280238612494,2533701.0
VIB,2024-07-04,15.360223376226983,15.504450825769021,15.252052789070454,15.324166513841474,2950500.0
VIB,2024-07-05,15.324166513841474,15.324166513841474,15.143882201913927,15.288109651455965,2937801.0
VIB,2024-07-08,15.288109651455965,15.432337100998001,15.252052789070454,15.360223376226983,2197500.0
VIB,2024-07-09,15.396280238612494,15.504450825769021,15.324166513841474,15.432337100998001,4017200.0
VIB,2024-07-10,15.46839396338351,15.612621412925549,15.396280238612494,15.396280238612494,3291800.0
VIB,2024-07-11,15.504450825769021,15.54050768815453,15.360223376226983,15.360223376226983,2654700.0
VIB,2024-07-12,15.360223376226983,15.46839396338351,15.324166513841474,15.360223376226983,1453100.0
VIB,2024-07-15,15.396280238612494,15.46839396338351,15.288109651455965,15.360223376226983,1465101.0
VIB,2024-07-16,15.360223376226983,15.612621412925549,15.360223376226983,15.360223376226983,3172800.0
VIB,2024-07-17,15.46839396338351,16.00924689916615,15.432337100998001,15.576564550540041,8679900.0
VIB,2024-07-18,15.612621412925549,15.756848862467587,15.46839396338351,15.54050768815453,3563500.0
VIB,2024-07-19,15.54050768815453,15.756848862467587,15.432337100998001,15.46839396338351,4828200.0
VIB,2024-07-22,15.46839396338351,15.720792000082078,15.324166513841474,15.396280238612494,5098600.0
VIB,2024-07-23,15.46839396338351,15.504450825769021,15.215995926684947,15.215995926684947,3948000.0
VIB,2024-07-24,15.215995926684947,15.288109651455965,15.0357116147574,15.143882201913927,3426700.0
VIB,2024-07-25,15.143882201913927,15.179939064299438,14.99965475237189,14.99965475237189,2790102.0
VIB,2024-07-26,15.071768477142907,15.143882201913927,14.99965475237189,15.071768477142907,1464000.0
VIB,2024-07-29,15.143882201913927,15.215995926684947,15.071768477142907,15.071768477142907,1868900.0
VIB,2024-07-30,15.107825339528418,15.107825339528418,14.783313578058834,14.855427302829854,3730100.0
VIB,2024-07-31,14.855427302829854,15.288109651455965,14.819370440444343,15.288109651455965,5418701.0
VIB,2024-08-01,15.360223376226983,15.396280238612494,14.891484165215362,14.92754102760087,4218001.0
VIB,2024-08-02,14.855427302829854,15.215995926684947,14.747256715673323,15.215995926684947,4311301.0
VIB,2024-08-05,14.92754102760087,15.071768477142907,14.566972403745778,14.603029266131287,7514100.0
VIB,2024-08-06,14.819370440444343,14.99965475237189,14.675142990902307,14.99965475237189,2746600.0
VIB,2024-08-07,15.071768477142907,15.071768477142907,14.783313578058834,14.891484165215362,2050701.0
VIB,2024-08-08,14.819370440444343,15.143882201913927,14.819370440444343,14.891484165215362,2588801.0
VIB,2024-08-09,15.0357116147574,15.071768477142907,14.92754102760087,15.071768477142907,2128400.0
VIB,2024-08-12,15.0357116147574,15.071768477142907,14.891484165215362,14.99965475237189,2392004.0
VIB,2024-08-13,14.92754102760087,15.143882201913927,14.819370440444343,14.819370440444343,4890000.0
VIB,2024-08-14,14.891484165215362,14.963597889986382,14.855427302829854,14.855427302829854,1546700.0
VIB,2024-08-15,14.891484165215362,14.99965475237189,14.855427302829854,14.99965475237189,2118100.0
VIB,2024-08-16,14.963597889986382,15.288109651455965,14.963597889986382,15.252052789070454,4174803.0
VIB,2024-08-19,15.288109651455965,15.612621412925549,15.288109651455965,15.504450825769021,5841604.0
VIB,2024-08-20,15.504450825769021,15.54050768815453,15.360223376226983,15.432337100998001,4233702.0
VIB,2024-08-21,15.432337100998001,15.46839396338351,15.288109651455965,15.396280238612494,23355594.0
VIB,2024-08-22,15.735575313660135,15.77776184265118,15.524642668704905,15.524642668704905,8297902.0
VIB,2024-08-23,15.524642668704905,15.566829197695952,15.440269610722815,15.524642668704905,5092705.0
VIB,2024-08-26,15.609015726686998,15.609015726686998,15.482456139713861,15.482456139713861,3186306.0
VIB,2024-08-27,15.524642668704905,15.524642668704905,15.440269610722815,15.440269610722815,3446701.0
VIB,2024-08-28,15.440269610722815,15.524642668704905,15.355896552740722,15.440269610722815,2320901.0
VIB,2024-08-29,15.482456139713861,15.566829197695952,15.440269610722815,15.440269610722815,3745603.0
VIB,2024-08-30,15.440269610722815,15.524642668704905,15.440269610722815,15.482456139713861,2398100.0
VIB,2024-09-04,15.355896552740722,15.398083081731768,15.18715043677654,15.355896552740722,7828904.0
VIB,2024-09-05,15.398083081731768,15.524642668704905,15.313710023749676,15.313710023749676,3862100.0
VIB,2024-09-06,15.355896552740722,15.398083081731768,15.271523494758632,15.271523494758632,2410200.0
VIB,2024-09-09,15.271523494758632,15.271523494758632,15.060590849803402,15.102777378794446,2915802.0
VIB,2024-09-10,15.18715043677654,15.271523494758632,15.060590849803402,15.102777378794446,1429800.0
VIB,2024-09-11,15.102777378794446,15.144963907785492,15.018404320812357,15.060590849803402,2273201.0
VIB,2024-09-12,15.102777378794446,15.313710023749676,15.102777378794446,15.313710023749676,2103302.0
VIB,2024-09-13,15.271523494758632,15.313710023749676,15.18715043677654,15.18715043677654,1621001.0
VIB,2024-09-16,15.18715043677654,15.271523494758632,15.102777378794446,15.18715043677654,1832901.0
VIB,2024-09-17,15.229336965767585,15.313710023749676,15.102777378794446,15.313710023749676,13233014.0
VIB,2024-09-18,15.313710023749676,15.440269610722815,15.271523494758632,15.398083081731768,2956004.0
VIB,2024-09-19,15.440269610722815,15.482456139713861,15.398083081731768,15.440269610722815,3095400.0
VIB,2024-09-20,15.524642668704905,15.693388784669091,15.482456139713861,15.566829197695952,6346101.0
VIB,2024-09-23,15.609015726686998,15.735575313660135,15.566829197695952,15.609015726686998,3124103.0
VIB,2024-09-24,15.609015726686998,16.11525407457955,15.398083081731768,16.11525407457955,167066001.0
VIB,2024-09-25,16.11525407457955,16.41055977751687,15.988694487606411,16.41055977751687,15476002.0
VIB,2024-09-26,16.41055977751687,16.579305893481052,16.241813661552687,16.368373248525824,19828501.0
VIB,2024-09-27,16.41055977751687,16.494932835498965,16.19962713256164,16.326186719534782,17254200.0
VIB,2024-09-30,16.326186719534782,16.41055977751687,16.19962713256164,16.284000190543733,9580703.0
VIB,2024-10-01,16.326186719534782,16.874611596418376,16.241813661552687,16.705865480454193,33995700.0
VIB,2024-10-02,16.663678951463147,16.663678951463147,16.494932835498965,16.494932835498965,8365600.0
VIB,2024-10-03,16.53711936449001,16.83242506742733,16.241813661552687,16.241813661552687,25247700.0
VIB,2024-10-04,16.241813661552687,16.368373248525824,16.157440603570596,16.241813661552687,10344200.0
VIB,2024-10-07,16.368373248525824,16.41055977751687,16.19962713256164,16.19962713256164,6663900.0
VIB,2024-10-08,16.241813661552687,16.45274630650792,16.19962713256164,16.19962713256164,10322103.0
VIB,2024-10-09,16.241813661552687,16.326186719534782,16.157440603570596,16.19962713256164,12384902.0
VIB,2024-10-10,16.284000190543733,16.41055977751687,16.11525407457955,16.11525407457955,17930800.0
VIB,2024-10-11,16.11525407457955,16.19962713256164,16.03088101659746,16.11525407457955,6388201.0
VIB,2024-10-14,16.19962713256164,16.241813661552687,16.03088101659746,16.073067545588504,8075100.0
VIB,2024-10-15,16.073067545588504,16.326186719534782,16.073067545588504,16.19962713256164,11666300.0
VIB,2024-10-16,16.157440603570596,16.241813661552687,16.073067545588504,16.157440603570596,6750302.0
VIB,2024-10-17,16.157440603570596,16.368373248525824,15.988694487606411,16.326186719534782,13633602.0
VIB,2024-10-18,16.41055977751687,16.74805200944524,16.368373248525824,16.45274630650792,29939001.0
VIB,2024-10-21,16.368373248525824,16.45274630650792,16.157440603570596,16.19962713256164,11022704.0
VIB,2024-10-22,16.19962713256164,16.19962713256164,15.693388784669091,15.819948371642228,25443602.0
VIB,2024-10-23,15.819948371642228,15.946507958615365,15.524642668704905,15.77776184265118,24325602.0
VIB,2024-10-24,15.819948371642228,15.946507958615365,15.609015726686998,15.609015726686998,10839901.0
VIB,2024-10-25,15.735575313660135,15.77776184265118,15.398083081731768,15.398083081731768,18285002.0
VIB,2024-10-28,15.482456139713861,15.609015726686998,15.355896552740722,15.398083081731768,35480802.0
VIB,2024-10-29,15.440269610722815,15.819948371642228,15.440269610722815,15.819948371642228,328852200.0
VIB,2024-10-30,15.946507958615365,16.157440603570596,15.862134900633274,16.03088101659746,21736400.0
VIB,2024-10-31,16.03088101659746,16.03088101659746,15.862134900633274,15.988694487606411,27275640.0
VIB,2024-11-01,15.946507958615365,15.988694487606411,15.77776184265118,15.904321429624321,8399000.0
VIB,2024-11-04,15.819948371642228,15.819948371642228,15.566829197695952,15.609015726686998,9589504.0
VIB,2024-11-05,15.609015726686998,15.735575313660135,15.566829197695952,15.609015726686998,5763302.0
VIB,2024-11-06,15.693388784669091,15.77776184265118,15.651202255678045,15.693388784669091,6119600.0
VIB,2024-11-07,15.77776184265118,15.77776184265118,15.609015726686998,15.609015726686998,4892501.0
VIB,2024-11-08,15.693388784669091,15.693388784669091,15.398083081731768,15.440269610722815,15854102.0
VIB,2024-11-11,15.440269610722815,15.524642668704905,15.229336965767585,15.355896552740722,16462802.0
VIB,2024-11-12,15.440269610722815,15.524642668704905,15.313710023749676,15.482456139713861,11304502.0
VIB,2024-11-13,15.440269610722815,15.482456139713861,15.313710023749676,15.440269610722815,6342802.0
VIB,2024-11-14,15.482456139713861,15.482456139713861,15.271523494758632,15.355896552740722,8122201.0
VIB,2024-11-15,15.271523494758632,15.398083081731768,15.271523494758632,15.313710023749676,14235000.0
VIB,2024-11-18,15.313710023749676,15.482456139713861,15.144963907785492,15.355896552740722,7499600.0
VIB,2024-11-19,15.355896552740722,15.440269610722815,15.229336965767585,15.229336965767585,3613400.0
VIB,2024-11-20,15.18715043677654,15.398083081731768,15.18715043677654,15.313710023749676,9024201.0
VIB,2024-11-21,15.313710023749676,15.440269610722815,15.271523494758632,15.440269610722815,3701901.0
VIB,2024-11-22,15.482456139713861,15.524642668704905,15.355896552740722,15.355896552740722,5184101.0
VIB,2024-11-25,15.398083081731768,15.693388784669091,15.355896552740722,15.609015726686998,12233502.0
VIB,2024-11-26,15.651202255678045,15.77776184265118,15.609015726686998,15.651202255678045,6924500.0
VIB,2024-11-27,15.651202255678045,15.735575313660135,15.566829197695952,15.609015726686998,5505402.0
VIB,2024-11-28,15.693388784669091,16.03088101659746,15.651202255678045,15.946507958615365,29693201.0
VIB,2024-11-29,15.862134900633274,16.03088101659746,15.819948371642228,16.03088101659746,8760700.0
VIB,2024-12-02,16.03088101659746,16.073067545588504,15.904321429624321,15.904321429624321,5514500.0
VIB,2024-12-03,15.904321429624321,16.073067545588504,15.77776184265118,15.862134900633274,9939400.0
VIB,2024-12-04,15.862134900633274,16.03088101659746,15.819948371642228,15.904321429624321,7391803.0
VIB,2024-12-05,15.862134900633274,16.326186719534782,15.862134900633274,16.326186719534782,11668502.0
VIB,2024-12-06,16.241813661552687,16.368373248525824,16.19962713256164,16.241813661552687,7405901.0
VIB,2024-12-09,16.284000190543733,16.326186719534782,16.19962713256164,16.284000190543733,18596979.0
VIB,2024-12-10,16.284000190543733,16.326186719534782,16.241813661552687,16.284000190543733,10623574.0
VIB,2024-12-11,16.326186719534782,16.368373248525824,16.11525407457955,16.157440603570596,29026404.0
VIB,2024-12-12,16.19962713256164,16.241813661552687,16.11525407457955,16.11525407457955,5848604.0
VIB,2024-12-13,16.11525407457955,16.241813661552687,16.073067545588504,16.241813661552687,5294600.0
VIB,2024-12-16,16.241813661552687,16.326186719534782,16.19962713256164,16.284000190543733,5088900.0
VIB,2024-12-17,16.326186719534782,16.326186719534782,16.19962713256164,16.19962713256164,3377701.0
VIB,2024-12-18,16.19962713256164,16.241813661552687,16.073067545588504,16.157440603570596,5668901.0
VIB,2024-12-19,16.073067545588504,16.11525407457955,15.946507958615365,15.946507958615365,12948264.0
VIB,2024-12-20,15.904321429624321,16.03088101659746,15.904321429624321,15.988694487606411,3273302.0
VIB,2024-12-23,16.03088101659746,16.11525407457955,15.946507958615365,15.988694487606411,3862802.0
VIB,2024-12-24,15.988694487606411,16.073067545588504,15.904321429624321,16.073067545588504,6079703.0
VIB,2024-12-25,16.03088101659746,16.53711936449001,16.03088101659746,16.19962713256164,17095100.0
VIB,2024-12-26,16.326186719534782,16.705865480454193,16.284000190543733,16.663678951463147,21867902.0
VIB,2024-12-27,16.705865480454193,17.085544241373608,16.663678951463147,16.91679812540942,23148401.0
VIB,2024-12-30,16.91679812540942,17.001171183391513,16.663678951463147,16.663678951463147,7629400.0
VIB,2024-12-31,16.705865480454193,16.74805200944524,16.6214924224721,16.6214924224721,6923000.0
VIB,2025-01-02,16.6214924224721,16.83242506742733,16.53711936449001,16.6214924224721,12755900.0
VIB,2025-01-03,16.6214924224721,16.6214924224721,16.157440603570596,16.157440603570596,7458700.0
VIB,2025-01-06,16.157440603570596,16.241813661552687,16.073067545588504,16.157440603570596,7984400.0
VIB,2025-01-07,16.19962713256164,16.41055977751687,16.11525407457955,16.326186719534782,7023602.0
VIB,2025-01-08,16.326186719534782,16.45274630650792,16.19962713256164,16.41055977751687,4983101.0
VIB,2025-01-09,16.41055977751687,16.494932835498965,16.368373248525824,16.41055977751687,5083900.0
VIB,2025-01-10,16.45274630650792,16.53711936449001,16.284000190543733,16.284000190543733,10223501.0
VIB,2025-01-13,16.241813661552687,16.368373248525824,16.157440603570596,16.368373248525824,5788700.0
VIB,2025-01-14,16.368373248525824,16.45274630650792,16.284000190543733,16.368373248525824,3812002.0
VIB,2025-01-15,16.45274630650792,16.705865480454193,16.368373248525824,16.579305893481052,6065800.0
VIB,2025-01-16,16.705865480454193,16.705865480454193,16.53711936449001,16.6214924224721,5915601.0
VIB,2025-01-17,16.663678951463147,16.74805200944524,16.579305893481052,16.74805200944524,8072401.0
VIB,2025-01-20,16.74805200944524,17.04335771238256,16.74805200944524,16.95898465440047,10041800.0
VIB,2025-01-21,17.04335771238256,17.085544241373608,16.83242506742733,16.95898465440047,5162700.0
VIB,2025-01-22,17.001171183391513,17.001171183391513,16.790238538436284,16.83242506742733,9119300.0
VIB,2025-01-23,16.83242506742733,17.296476886328836,16.83242506742733,17.25429035733779,14908501.0
VIB,2025-01-24,17.296476886328836,17.549596060275114,17.1699172993557,17.423036473301973,11168000.0
VIB,2025-02-03,17.25429035733779,17.25429035733779,16.241813661552687,16.95898465440047,10233700.0
VIB,2025-02-04,17.001171183391513,17.296476886328836,17.001171183391513,17.1699172993557,6960201.0
VIB,2025-02-05,17.1699172993557,17.25429035733779,17.127730770364654,17.21210382834674,4292201.0
VIB,2025-02-06,17.380849944310928,17.549596060275114,17.21210382834674,17.25429035733779,3973800.0
VIB,2025-02-07,17.127730770364654,17.507409531284065,17.085544241373608,17.296476886328836,7040402.0
VIB,2025-02-10,17.1699172993557,17.718342176239297,17.085544241373608,17.296476886328836,15204401.0
VIB,2025-02-11,17.507409531284065,17.633969118257202,17.296476886328836,17.423036473301973,4937201.0
VIB,2025-02-12,17.423036473301973,17.46522300229302,17.21210382834674,17.296476886328836,6346401.0
VIB,2025-02-13,17.21210382834674,17.296476886328836,17.1699172993557,17.25429035733779,6620601.0
VIB,2025-02-14,17.423036473301973,17.46522300229302,17.21210382834674,17.25429035733779,5804301.0
VIB,2025-02-17,17.21210382834674,17.338663415319882,17.1699172993557,17.1699172993557,8696304.0
VIB,2025-02-18,17.21210382834674,17.380849944310928,17.1699172993557,17.21210382834674,6055802.0
VIB,2025-02-19,17.21210382834674,17.507409531284065,17.21210382834674,17.338663415319882,8588902.0
VIB,2025-02-20,17.423036473301973,17.423036473301973,17.338663415319882,17.338663415319882,6876300.0
VIB,2025-02-21,17.338663415319882,17.46522300229302,17.296476886328836,17.380849944310928,7975802.0
VIB,2025-02-24,17.380849944310928,17.84490176321243,17.296476886328836,17.549596060275114,19863732.0
VIB,2025-02-25,17.59178258926616,17.718342176239297,17.46522300229302,17.507409531284065,12866500.0
VIB,2025-02-26,17.507409531284065,17.549596060275114,17.380849944310928,17.380849944310928,8322901.0
VIB,2025-02-27,17.338663415319882,17.423036473301973,17.25429035733779,17.423036473301973,7836802.0
VIB,2025-02-28,17.338663415319882,17.633969118257202,17.25429035733779,17.507409531284065,12978601.0
VIB,2025-03-03,17.549596060275114,17.84490176321243,17.549596060275114,17.718342176239297,18797902.0
VIB,2025-03-04,17.633969118257202,17.88708829220348,17.59178258926616,17.802715234221388,13951203.0
VIB,2025-03-05,17.929274821194525,18.055834408167662,17.718342176239297,17.718342176239297,20974600.0
VIB,2025-03-06,17.718342176239297,17.718342176239297,17.423036473301973,17.676155647248248,13191202.0
VIB,2025-03-07,17.633969118257202,17.88708829220348,17.549596060275114,17.676155647248248,13328700.0
VIB,2025-03-10,17.802715234221388,17.88708829220348,17.633969118257202,17.676155647248248,17364404.0
VIB,2025-03-11,17.59178258926616,17.633969118257202,17.46522300229302,17.549596060275114,9164900.0
VIB,2025-03-12,17.718342176239297,17.718342176239297,17.296476886328836,17.296476886328836,12894319.0
VIB,2025-03-13,17.296476886328836,17.380849944310928,17.001171183391513,17.127730770364654,16037100.0
VIB,2025-03-14,17.127730770364654,17.21210382834674,17.04335771238256,17.1699172993557,5470300.0
VIB,2025-03-17,17.296476886328836,17.507409531284065,17.1699172993557,17.296476886328836,9298002.0
VIB,2025-03-18,17.46522300229302,17.46522300229302,17.1699172993557,17.21210382834674,20846401.0
VIB,2025-03-19,17.1699172993557,17.380849944310928,17.127730770364654,17.296476886328836,10143300.0
VIB,2025-03-20,17.423036473301973,17.423036473301973,17.1699172993557,17.21210382834674,7555001.0
VIB,2025-03-21,17.25429035733779,17.296476886328836,17.127730770364654,17.127730770364654,5350002.0
VIB,2025-03-24,17.127730770364654,17.1699172993557,16.494932835498965,16.83242506742733,46277601.0
VIB,2025-03-25,16.91679812540942,17.1699172993557,16.790238538436284,16.91679812540942,14467503.0
VIB,2025-03-26,17.001171183391513,17.04335771238256,16.83242506742733,16.83242506742733,15694902.0
VIB,2025-03-27,16.83242506742733,16.95898465440047,16.790238538436284,16.874611596418376,4849900.0
VIB,2025-03-28,16.874611596418376,16.874611596418376,16.663678951463147,16.705865480454193,6686902.0
VIB,2025-03-31,16.6214924224721,16.74805200944524,16.53711936449001,16.74805200944524,7526004.0
VIB,2025-04-01,16.874611596418376,16.91679812540942,16.74805200944524,16.874611596418376,5841100.0
VIB,2025-04-02,16.95898465440047,17.04335771238256,16.83242506742733,16.83242506742733,10133101.0
VIB,2025-04-03,16.284000190543733,16.494932835498965,15.693388784669091,15.693388784669091,31989101.0
VIB,2025-04-04,15.060590849803402,15.77776184265118,14.680912088883986,15.77776184265118,22360701.0
VIB,2025-04-08,15.18715043677654,15.229336965767585,14.680912088883986,14.680912088883986,10902002.0
VIB,2025-04-09,13.752808451080977,15.271523494758632,13.752808451080977,14.301233327964573,12080703.0
VIB,2025-04-10,15.271523494758632,15.271523494758632,15.271523494758632,15.271523494758632,645502.0
VIB,2025-04-11,15.862134900633274,15.862134900633274,15.355896552740722,15.735575313660135,16422401.0
VIB,2025-04-14,15.735575313660135,15.862134900633274,15.651202255678045,15.819948371642228,6014501.0
VIB,2025-04-15,15.651202255678045,15.819948371642228,15.482456139713861,15.566829197695952,7580200.0
VIB,2025-04-16,15.566829197695952,15.651202255678045,15.355896552740722,15.355896552740722,5114603.0
VIB,2025-04-17,15.355896552740722,15.524642668704905,15.102777378794446,15.18715043677654,9416401.0
VIB,2025-04-18,15.313710023749676,15.566829197695952,15.313710023749676,15.440269610722815,4870700.0
VIB,2025-04-21,15.482456139713861,15.609015726686998,15.440269610722815,15.482456139713861,5836803.0
VIB,2025-04-22,15.350877192982457,15.6140350877193,14.561403508771932,15.350877192982457,6132302.0
VIB,2025-04-23,15.526315789473685,15.6140350877193,15.482456140350877,15.482456140350877,6139200.0
VIB,2025-04-24,15.438596491228072,15.6140350877193,15.394736842105265,15.482456140350877,2372500.0
VIB,2025-04-25,15.438596491228072,15.482456140350877,15.17543859649123,15.219298245614038,11244901.0
VIB,2025-04-28,15.394736842105265,15.438596491228072,15.219298245614038,15.219298245614038,2032801.0
VIB,2025-04-29,15.394736842105265,15.394736842105265,15.219298245614038,15.219298245614038,2146801.0
VIB,2025-05-05,15.394736842105265,15.394736842105265,15.219298245614038,15.394736842105265,3035500.0
VIB,2025-05-06,15.394736842105265,15.482456140350877,15.350877192982457,15.350877192982457,4157200.0
VIB,2025-05-07,15.307017543859649,15.350877192982457,15.219298245614038,15.307017543859649,5178000.0
VIB,2025-05-08,15.307017543859649,15.482456140350877,15.17543859649123,15.438596491228072,5038300.0
VIB,2025-05-09,15.394736842105265,15.438596491228072,15.263157894736842,15.394736842105265,4220700.0
VIB,2025-05-12,15.394736842105265,15.789473684210527,15.394736842105265,15.789473684210527,7467802.0
VIB,2025-05-13,15.877192982456142,15.877192982456142,15.657894736842108,15.833333333333336,4120000.0
VIB,2025-05-14,15.833333333333336,16.140350877192983,15.789473684210527,16.096491228070178,10083901.0
VIB,2025-05-15,16.18421052631579,16.447368421052634,16.05263157894737,16.447368421052634,9460302.0
VIB,2025-05-16,16.271929824561404,16.359649122807017,15.964912280701755,16.05263157894737,6436888.0
VIB,2025-05-19,16.05263157894737,16.140350877192983,15.789473684210527,15.789473684210527,7308200.0
VIB,2025-05-20,15.789473684210527,16.05263157894737,15.789473684210527,15.964912280701755,4492201.0
VIB,2025-05-21,16.140350877192983,16.140350877192983,15.921052631578947,15.964912280701755,5509901.0
VIB,2025-05-22,15.964912280701755,16.096491228070178,15.877192982456142,15.921052631578947,5517401.0
VIB,2025-05-23,15.921052631578947,16.05263157894737,15.921052631578947,15.964912280701755,6181601.0
VIB,2025-05-26,16.00877192982456,16.05263157894737,15.701754385964913,16.00877192982456,4408001.0
VIB,2025-05-27,16.05263157894737,16.447368421052634,16.05263157894737,16.359649122807017,14260903.0
VIB,2025-05-28,16.359649122807017,16.491228070175442,16.140350877192983,16.18421052631579,4094901.0
VIB,2025-05-29,16.2280701754386,16.271929824561404,16.05263157894737,16.05263157894737,3602202.0
VIB,2025-05-30,16.00877192982456,16.140350877192983,15.701754385964913,15.701754385964913,7601603.0
VIB,2025-06-02,15.701754385964913,15.877192982456142,15.6140350877193,15.833333333333336,3053001.0
VIB,2025-06-03,15.921052631578947,15.964912280701755,15.789473684210527,15.877192982456142,4975201.0
VIB,2025-06-04,15.921052631578947,15.964912280701755,15.833333333333336,15.877192982456142,4554404.0
VIB,2025-06-05,15.833333333333336,15.964912280701755,15.789473684210527,15.789473684210527,3911903.0
VIB,2025-06-06,15.74561403508772,15.833333333333336,15.657894736842108,15.657894736842108,8189101.0
VIB,2025-06-09,15.657894736842108,15.74561403508772,15.6140350877193,15.657894736842108,2080307.0
VIB,2025-06-10,15.789473684210527,15.833333333333336,15.657894736842108,15.657894736842108,2178802.0
VIB,2025-06-11,15.657894736842108,15.74561403508772,15.570175438596493,15.6140350877193,2264202.0
VIB,2025-06-12,15.74561403508772,15.789473684210527,15.657894736842108,15.789473684210527,3503803.0
VIB,2025-06-13,15.74561403508772,16.00877192982456,15.657894736842108,15.701754385964913,7211301.0
VIB,2025-06-16,15.701754385964913,16.05263157894737,15.701754385964913,16.05263157894737,6364701.0
VIB,2025-06-17,16.140350877192983,16.140350877192983,15.877192982456142,15.964912280701755,5576203.0
VIB,2025-06-18,16.05263157894737,16.096491228070178,15.789473684210527,15.833333333333336,7535900.0
VIB,2025-06-19,15.833333333333336,15.877192982456142,15.74561403508772,15.789473684210527,4906601.0
VIB,2025-06-20,15.833333333333336,16.00877192982456,15.74561403508772,15.877192982456142,5662003.0
VIB,2025-06-23,15.789473684210527,15.877192982456142,15.74561403508772,15.789473684210527,4288306.0
VIB,2025-06-24,15.877192982456142,16.00877192982456,15.833333333333336,15.921052631578947,7618003.0
VIB,2025-06-25,15.964912280701755,16.140350877192983,15.921052631578947,15.964912280701755,7116202.0
VIB,2025-06-26,16.05263157894737,16.05263157894737,15.833333333333336,15.877192982456142,2279302.0
VIB,2025-06-27,16.00877192982456,16.00877192982456,15.833333333333336,15.877192982456142,2950301.0
VIB,2025-06-30,15.921052631578947,16.096491228070178,15.877192982456142,16.05263157894737,11541404.0
VIB,2025-07-01,16.096491228070178,16.140350877192983,15.964912280701755,16.05263157894737,4002503.0
VIB,2025-07-02,16.096491228070178,16.096491228070178,15.964912280701755,16.05263157894737,4359600.0
VIB,2025-07-03,16.096491228070178,16.315789473684212,16.05263157894737,16.096491228070178,13517102.0
VIB,2025-07-04,16.18421052631579,16.18421052631579,16.05263157894737,16.140350877192983,4322902.0
VIB,2025-07-07,16.271929824561404,16.491228070175442,16.18421052631579,16.403508771929825,13974704.0
VIB,2025-07-08,16.535087719298247,16.57894736842105,16.403508771929825,16.491228070175442,6768802.0
VIB,2025-07-09,16.57894736842105,16.885964912280702,16.535087719298247,16.79824561403509,17474902.0
VIB,2025-07-10,16.885964912280702,16.885964912280702,16.666666666666668,16.754385964912284,5674600.0
VIB,2025-07-11,16.79824561403509,17.06140350877193,16.710526315789476,16.97368421052632,12525100.0
VIB,2025-07-14,17.017543859649123,17.149122807017545,16.710526315789476,17.017543859649123,8891902.0
VIB,2025-07-15,17.017543859649123,17.149122807017545,16.97368421052632,16.97368421052632,18480102.0
VIB,2025-07-16,16.97368421052632,17.017543859649123,16.885964912280702,16.92982456140351,14330500.0
VIB,2025-07-17,17.15,17.25,17.0,17.05,12266901.0
VIB,2025-07-18,17.05,17.25,17.0,17.1,11826801.0
VIB,2025-07-21,17.2,17.5,17.05,17.35,16153102.0
VIB,2025-07-22,17.35,17.45,17.25,17.4,14387102.0
VIB,2025-07-23,17.55,17.85,17.4,17.8,21078002.0
VIB,2025-07-24,18.0,18.55,17.95,18.35,25920801.0
VIB,2025-07-25,18.45,18.55,18.2,18.4,20586704.0
VIB,2025-07-28,18.5,18.9,18.5,18.85,30401203.0
VIB,2025-07-29,19.05,19.55,18.5,18.55,56173601.0
VIB,2025-07-30,18.7,19.5,18.65,19.35,37955436.0
VIB,2025-07-31,19.5,19.7,19.25,19.4,23512601.0
VIB,2025-08-01,19.55,19.6,18.4,19.0,30980000.0
VIB,2025-08-04,19.0,19.35,18.75,19.35,11738000.0
VIB,2025-08-05,19.55,20.1,18.0,19.3,32573600.0
VIB,2025-08-06,19.5,19.6,19.3,19.5,11127400.0
VIB,2025-08-07,19.6,19.6,19.25,19.55,20147501.0
VIB,2025-08-08,19.75,20.5,19.75,20.25,26053502.0
VIB,2025-08-11,20.45,20.85,20.25,20.3,15428204.0
VIB,2025-08-12,20.5,20.5,19.75,19.9,17468800.0
VIB,2025-08-13,20.05,20.1,19.55,19.95,21295202.0
VIB,2025-08-14,20.25,20.65,19.95,20.45,23970802.0
VIB,2025-08-15,20.65,20.85,20.1,20.35,20235502.0
VIB,2025-08-18,20.5,20.5,20.0,20.1,10069201.0
VIB,2025-08-19,20.1,20.6,20.1,20.5,18188703.0
VIB,2025-08-20,20.8,21.9,20.35,21.9,70427500.0
VIB,2025-08-21,23.4,23.4,23.15,23.4,22055600.0
VIB,2025-08-22,24.5,24.8,22.05,23.6,63158301.0
VIB,2025-08-25,23.85,24.3,21.95,21.95,42820302.0
VIB,2025-08-26,22.0,22.75,21.65,22.75,24671602.0
VIB,2025-08-27,22.75,23.3,22.35,22.35,21275901.0
VIB,2025-08-28,22.4,22.45,21.95,22.15,16860201.0
VIB,2025-08-29,22.45,23.0,22.15,22.6,41773104.0
VIB,2025-09-03,22.6,22.7,22.1,22.65,12594404.0
VIB,2025-09-04,22.75,23.45,22.75,22.95,18396706.0
VIB,2025-09-05,23.2,23.25,22.25,22.25,17627303.0
VIB,2025-09-08,21.9,22.1,21.0,21.0,28293402.0
VIB,2025-09-09,20.95,21.15,20.6,21.05,10740303.0
VIB,2025-09-10,21.1,21.2,20.7,20.9,26267732.0
VIB,2025-09-11,20.9,21.05,20.1,21.0,12253041.0
VIB,2025-09-12,21.1,21.35,20.9,21.25,8413101.0
VIB,2025-09-15,21.4,21.65,21.1,21.45,11200703.0
VIB,2025-09-16,21.55,21.7,21.0,21.05,24492402.0
VIB,2025-09-17,21.05,21.2,20.6,20.65,11156501.0
VIB,2025-09-18,20.8,20.85,20.25,20.55,8045900.0
VIB,2025-09-19,20.6,20.6,20.1,20.3,10201280.0
VIB,2025-09-22,20.15,20.3,19.5,19.75,16044301.0
VIB,2025-09-23,19.9,20.05,19.7,19.85,7486301.0
VIB,2025-09-24,19.85,20.5,19.5,20.5,11269202.0
VIB,2025-09-25,20.5,20.65,20.0,20.1,13576600.0
VIB,2025-09-26,20.1,20.15,19.75,19.8,7659724.0
VIB,2025-09-29,19.75,19.95,19.65,19.75,7070501.0
VIB,2025-09-30,19.75,20.0,19.6,19.9,9790702.0
VIB,2025-10-01,19.9,20.35,19.9,20.1,8350501.0
VIB,2025-10-02,20.15,20.35,19.7,19.7,10580001.0
VIB,2025-10-03,19.7,19.85,19.65,19.75,6748901.0
VIB,2025-10-06,20.0,20.6,19.95,20.55,11256400.0
VIB,2025-10-07,20.7,20.7,20.15,20.2,10736582.0
VIB,2025-10-08,20.4,20.45,20.05,20.05,10243602.0
VIB,2025-10-09,20.05,20.4,20.05,20.4,11780501.0
VIB,2025-10-10,20.5,20.6,20.3,20.35,11120201.0
VIB,2025-10-13,20.0,20.3,19.95,20.15,10833901.0
VIB,2025-10-14,20.35,20.4,20.0,20.0,14817403.0
VIB,2025-10-15,19.9,20.4,19.9,20.25,11977403.0
VIB,2025-10-16,20.25,20.25,20.0,20.0,8456302.0
VIB,2025-10-17,20.0,20.15,19.7,19.7,12630201.0
VIB,2025-10-20,19.7,19.8,18.35,18.35,21189401.0
VIB,2025-10-21,18.4,18.95,18.2,18.65,14706301.0
VIB,2025-10-22,18.75,18.9,18.4,18.65,6234500.0
VIB,2025-10-23,18.65,18.95,18.5,18.5,4168400.0
VIB,2025-10-24,18.6,18.75,18.3,18.5,6173401.0
VIB,2025-10-27,18.7,18.75,18.45,18.45,4156201.0
VIB,2025-10-28,18.45,19.2,18.4,19.2,8434404.0
VIB,2025-10-29,19.15,19.35,19.0,19.0,6009802.0
VIB,2025-10-30,19.05,19.25,18.75,18.75,5619501.0
VIB,2025-10-31,18.75,18.8,18.55,18.55,5349100.0
VIB,2025-11-03,18.6,18.8,18.35,18.35,4545408.0
VIB,2025-11-04,18.35,19.1,18.1,18.95,8138901.0
VIB,2025-11-05,18.85,18.95,18.7,18.75,6789098.0
VIB,2025-11-06,18.85,18.85,18.55,18.55,2832100.0
VIB,2025-11-07,18.5,18.6,18.2,18.3,3709002.0
VIB,2025-11-10,18.5,18.5,18.25,18.25,4542901.0
VIB,2025-11-11,18.3,18.5,18.2,18.2,9972939.0
VIB,2025-11-12,18.25,18.65,18.25,18.65,6052303.0
VIB,2025-11-13,18.65,18.75,18.55,18.55,3051201.0
VIB,2025-11-14,18.5,18.65,18.45,18.5,2565603.0
VIB,2025-11-17,18.6,18.7,18.4,18.7,10283694.0
VIB,2025-11-18,18.75,18.8,18.6,18.7,5488600.0
VIB,2025-11-19,18.7,19.1,18.65,18.7,8736503.0
VIB,2025-11-20,18.7,18.9,18.65,18.7,7709100.0
VIB,2025-11-21,18.55,18.8,18.45,18.55,3446602.0
VIB,2025-11-24,18.55,18.7,18.5,18.5,3753800.0
VIB,2025-11-25,18.5,18.55,18.3,18.3,7298300.0
VIB,2025-11-26,18.3,18.6,18.3,18.45,8449900.0
VIB,2025-11-27,18.6,18.95,18.55,18.65,7252400.0
VIB,2025-11-28,18.7,18.8,18.45,18.5,7441544.0
VIB,2025-12-01,18.5,18.55,18.35,18.35,3867303.0
VIB,2025-12-02,18.4,18.5,18.25,18.45,3006800.0
VIB,2025-12-03,18.45,18.9,18.45,18.8,14065467.0
VIB,2025-12-04,18.85,19.0,18.8,18.9,7086302.0
VIB,2025-12-05,19.0,19.0,18.6,18.65,4212200.0
VIB,2025-12-08,18.6,18.7,18.35,18.35,29894202.0
VIB,2025-12-09,18.4,18.4,18.15,18.15,9488946.0
VIB,2025-12-10,18.15,18.35,18.15,18.2,4472800.0
VIB,2025-12-11,18.25,18.35,18.1,18.1,5044001.0
VIB,2025-12-12,18.15,18.2,17.3,17.3,10100601.0
VIB,2025-12-15,17.5,17.55,17.15,17.15,7099201.0
VIB,2025-12-16,17.35,17.7,17.0,17.55,5377300.0
VIB,2025-12-17,17.65,17.7,17.5,17.6,4448200.0
VIB,2025-12-18,17.6,17.65,17.45,17.5,2812400.0
VIB,2025-12-19,17.6,17.7,17.5,17.6,3416700.0
VIB,2025-12-22,17.7,17.95,17.6,17.75,18888503.0
VIB,2025-12-23,17.9,18.2,17.7,17.75,10219601.0
VIB,2025-12-24,17.75,18.2,17.6,17.9,18557000.0
VIB,2025-12-25,17.95,18.15,17.8,17.8,8870380.0
VIB,2025-12-26,17.65,17.85,17.2,17.6,28529801.0
VIB,2025-12-29,17.6,17.75,17.55,17.6,3691201.0
VIB,2025-12-30,17.6,17.8,17.6,17.7,4837201.0
VIB,2025-12-31,17.8,17.95,17.7,17.75,6584200.0
VIB,2026-01-05,17.75,17.9,17.55,17.7,4251700.0
VIB,2026-01-06,17.65,17.8,17.4,17.75,5413101.0
VIB,2026-01-07,17.8,18.15,17.8,18.05,8724701.0
VIB,2026-01-08,18.1,18.2,17.9,18.0,17046800.0
VIB,2026-01-09,18.1,18.15,17.85,17.95,10177300.0
VIB,2026-01-12,17.95,18.75,17.85,18.55,16079000.0
VIB,2026-01-13,18.7,18.75,18.45,18.55,9889601.0
VIB,2026-01-14,18.6,18.65,18.05,18.15,19494001.0
VIB,2026-01-15,18.3,18.45,18.2,18.4,13574901.0
VIB,2026-01-16,18.45,18.45,18.15,18.2,8248201.0
VIB,2026-01-19,18.2,18.3,18.15,18.15,5557600.0
VIB,2026-01-20,18.25,18.4,18.05,18.05,15419949.0
VIB,2026-01-21,18.0,18.05,17.7,17.8,15733400.0
VIB,2026-01-22,17.8,18.0,17.8,17.85,4862400.0
VIB,2026-01-23,17.95,17.95,17.75,17.8,4259401.0
VIB,2026-01-26,17.8,17.9,17.35,17.45,9717301.0
VIB,2026-01-27,17.45,17.55,17.35,17.4,3499102.0
VIB,2026-01-28,17.4,17.65,17.35,17.45,5466702.0
VIB,2026-01-29,17.45,17.6,17.4,17.5,9673000.0
VIB,2026-01-30,17.5,17.8,17.45,17.8,8146601.0
VIB,2026-02-02,17.7,17.7,17.4,17.5,13123002.0
VIB,2026-02-03,17.55,17.7,17.35,17.45,7669003.0
VIB,2026-02-04,17.45,17.5,17.3,17.4,5060902.0
VIB,2026-02-05,17.45,17.5,17.15,17.15,3831400.0
VIB,2026-02-06,17.1,17.15,16.7,16.7,8313901.0
VIB,2026-02-09,16.9,17.0,16.7,16.7,4919800.0
VIB,2026-02-10,16.85,17.0,16.5,16.5,14074045.0
VIB,2026-02-11,16.7,17.1,16.65,16.95,11063939.0
VIB,2026-02-12,17.1,17.15,16.95,17.1,3196300.0
VIB,2026-02-13,17.1,17.4,17.05,17.25,6435200.0
VIB,2026-02-23,17.35,17.5,17.3,17.4,3091103.0
VIB,2026-02-24,17.45,17.5,17.25,17.3,6553600.0
VIB,2026-02-25,17.4,17.6,17.2,17.4,9668603.0
VIB,2026-02-26,17.4,17.6,17.35,17.4,3401001.0
VIB,2026-02-27,17.4,17.45,17.3,17.3,2778501.0
VIB,2026-03-02,16.8,17.1,16.8,16.9,10693601.0
VIB,2026-03-03,17.0,17.05,16.7,16.7,9832201.0
VIB,2026-03-04,16.7,16.85,16.45,16.85,6618901.0
VIB,2026-03-05,17.0,17.05,16.8,16.85,4074200.0
VIB,2026-03-06,16.85,16.9,16.7,16.7,2831001.0
VIB,2026-03-09,15.7,15.9,15.55,15.65,25152501.0
VIB,2026-03-10,16.3,16.4,15.95,16.1,20834703.0
VIB,2026-03-11,16.25,17.2,16.2,17.05,11598900.0
VIB,2026-03-12,17.0,17.0,16.6,16.65,6466301.0
VIB,2026-03-13,16.65,17.0,16.55,16.9,10574193.0
VIB,2026-03-16,16.9,17.0,16.75,17.0,2941301.0
VIB,2026-03-17,17.1,17.25,17.0,17.0,8879700.0
VIB,2026-03-18,17.2,17.25,16.85,17.1,6526100.0
VIB,2026-03-19,16.95,17.0,16.6,16.8,6341400.0
VIB,2026-03-20,16.75,16.9,16.7,16.8,15121200.0
VIB,2026-03-23,16.65,16.75,16.2,16.3,5663500.0
VIB,2026-03-24,16.5,16.9,16.4,16.7,9919400.0
VIB,2026-03-25,16.8,17.25,16.7,17.25,8611500.0
VIB,2026-03-26,17.25,17.25,16.9,16.95,9240001.0
VIB,2026-03-27,16.85,17.2,16.85,17.0,6298900.0
VIB,2026-03-30,16.8,17.1,16.8,16.9,4031600.0
VIB,2026-03-31,17.05,17.2,16.9,16.95,19173092.0
VIB,2026-04-01,17.15,17.4,17.1,17.2,5681801.0
VIB,2026-04-02,17.15,17.15,16.85,16.9,4091500.0
VIB,2026-04-03,16.95,17.0,16.65,16.65,5895800.0
VIB,2026-04-06,16.65,16.85,16.55,16.65,4626500.0
VIB,2026-04-07,16.7,16.8,16.55,16.7,2726400.0
VIB,2026-04-08,17.05,17.45,16.9,17.35,14767282.0
VIB,2026-04-09,17.4,17.4,17.05,17.15,4937801.0
VIB,2026-04-10,17.25,17.55,17.2,17.45,10411800.0
VIB,2026-04-13,17.35,18.05,17.3,17.75,21570900.0
VIB,2026-04-14,17.85,17.9,17.6,17.6,6829000.0
VIB,2026-04-15,17.75,17.75,17.35,17.35,8727300.0
VIB,2026-04-16,17.4,17.4,17.1,17.15,16376218.0
VIB,2026-04-17,17.25,17.45,17.1,17.35,5665400.0
VIB,2026-04-20,17.45,17.5,17.3,17.5,4624016.0
VIB,2026-04-21,17.5,17.55,17.2,17.2,9474101.0
VIB,2026-04-22,17.25,17.35,17.15,17.3,10212638.0
VIB,2026-04-23,17.35,17.55,17.1,17.2,10932211.0
VIB,2026-04-24,17.2,17.3,17.15,17.25,3303941.0
VIB,2026-04-28,16.5,16.59,16.4,16.45,5270400.0
VIB,2026-04-29,16.5,16.55,16.3,16.3,5111400.0
VIB,2026-05-04,16.45,16.45,16.15,16.15,4132700.0
VIB,2026-05-05,16.1,16.15,15.85,15.95,5576500.0
VIB,2026-05-06,16.0,16.25,15.95,16.2,3382000.0
VIB,2026-05-07,16.2,16.3,16.1,16.1,4510300.0
VIB,2026-05-08,16.15,16.2,16.0,16.05,3838800.0
VIB,2026-05-11,16.05,16.25,15.95,15.95,6157000.0
VIB,2026-05-12,16.05,16.1,15.95,16.0,2263500.0
VIB,2026-05-13,16.15,16.15,15.95,15.95,2832800.0
VIB,2026-05-14,16.0,16.2,15.95,16.05,3275200.0
