Symbol,Date,Open,High,Low,Close,Volume
VNM,2021-05-17,68.08747452991982,68.46785148260093,66.33774054758669,66.33774054758669,5001300.0
VNM,2021-05-18,66.56596671919536,66.94634367187648,66.03343898544179,66.18558976651424,2970100.0
VNM,2021-05-19,66.79419289080403,67.7070975772387,66.26166515705046,66.56596671919536,4026307.0
VNM,2021-05-20,66.87026828134026,67.0224190624127,66.18558976651424,66.94634367187648,2844700.0
VNM,2021-05-21,66.87026828134026,69.07645460689072,66.26166515705046,67.85924835831115,5267800.0
VNM,2021-05-24,68.46785148260093,69.91328390278919,68.08747452991982,69.38075616903562,4349800.0
VNM,2021-05-25,69.38075616903562,69.38075616903562,68.46785148260093,68.84822843528205,2993000.0
VNM,2021-05-26,68.46785148260093,69.91328390278919,67.93532374884737,69.22860538796317,3933300.0
VNM,2021-05-27,69.53290695010807,69.6850577311805,68.46785148260093,68.84822843528205,3492100.0
VNM,2021-05-28,69.22860538796317,69.76113312171674,68.77215304474583,69.30468077849939,3122200.0
VNM,2021-05-31,69.83720851225296,69.9893592933254,68.62000226367338,68.84822843528205,3355991.0
VNM,2021-06-01,68.84822843528205,69.0003792163545,68.39177609206472,68.39177609206472,2339900.0
VNM,2021-06-02,68.16354992045603,68.16354992045603,67.7070975772387,68.0113991393836,3672400.0
VNM,2021-06-03,68.46785148260093,69.07645460689072,68.31570070152848,68.62000226367338,3629000.0
VNM,2021-06-04,68.6960776542096,69.22860538796317,67.78317296777493,68.08747452991982,4704600.0
VNM,2021-06-07,68.93471685908821,69.01173888909835,67.77938640893589,68.85769482907806,3736600.0
VNM,2021-06-08,68.93471685908821,70.32111339927098,68.85769482907806,69.08876091910852,5836400.0
VNM,2021-06-09,69.16578294911866,69.39684903914913,68.39556264901712,68.62662873904759,4200600.0
VNM,2021-06-10,68.85769482907806,72.09262008950454,68.24151858899681,71.01431166936239,6119300.0
VNM,2021-06-11,71.01431166936239,71.24537775939284,70.24409136926083,70.86026760934207,2992800.0
VNM,2021-06-14,71.24537775939284,72.01559805949438,70.4751574592913,71.24537775939284,5084100.0
VNM,2021-06-15,71.322399789403,71.78453196946393,70.93728963935222,71.55346587943346,4711500.0
VNM,2021-06-16,71.39942181941315,71.63048790944362,70.32111339927098,70.70622354932176,3541200.0
VNM,2021-06-17,70.09004730924053,71.01431166936239,69.93600324922022,70.09004730924053,4261700.0
VNM,2021-06-18,70.39813542928114,71.39942181941315,70.39813542928114,70.93728963935222,5024894.0
VNM,2021-06-21,70.86026760934207,70.93728963935222,69.78195918919991,69.78195918919991,4313600.0
VNM,2021-06-22,70.09004730924053,70.4751574592913,69.78195918919991,69.78195918919991,2998300.0
VNM,2021-06-23,69.78195918919991,69.93600324922022,69.08876091910852,69.31982700913898,3480300.0
VNM,2021-06-24,69.24280497912883,69.47387106915929,68.01045249896636,68.31854061900698,4245024.0
VNM,2021-06-25,68.31854061900698,69.24280497912883,68.31854061900698,69.08876091910852,2136300.0
VNM,2021-06-28,69.31982700913898,69.47387106915929,68.54960670903743,68.70365076905775,1937900.0
VNM,2021-06-29,69.16578294911866,70.62920151931161,68.54960670903743,70.09004730924053,4368100.0
VNM,2021-06-30,70.09004730924053,70.16706933925067,69.47387106915929,69.6279151291796,2465780.0
VNM,2021-07-01,69.78195918919991,70.32111339927098,69.6279151291796,70.01302527923038,3841500.0
VNM,2021-07-02,70.09004730924053,70.09004730924053,69.39684903914913,69.39684903914913,2750900.0
VNM,2021-07-05,69.39684903914913,69.6279151291796,68.24151858899681,68.70365076905775,2988000.0
VNM,2021-07-06,68.85769482907806,69.16578294911866,67.00916610883435,67.00916610883435,4816900.0
VNM,2021-07-07,67.00916610883435,69.16578294911866,66.70107798879373,69.16578294911866,4738700.0
VNM,2021-07-08,67.9334304689562,68.85769482907806,67.77938640893589,68.08747452897651,1908900.0
VNM,2021-07-09,68.01045249896636,68.08747452897651,66.9321440788242,67.00916610883435,3224100.0
VNM,2021-07-12,67.39427625888511,67.77938640893589,64.92957129856018,66.47001189876326,4833100.0
VNM,2021-07-13,66.31596783874295,66.62405595878357,64.85254926855002,64.92957129856018,2883300.0
VNM,2021-07-14,65.46872550863127,66.00787971870234,64.92957129856018,65.46872550863127,4410200.0
VNM,2021-07-15,65.46872550863127,66.47001189876326,65.08361535858049,65.62276956865158,3394100.0
VNM,2021-07-16,65.85383565868203,66.39298986875312,65.69979159866172,66.16192377872265,1449600.0
VNM,2021-07-19,65.00659332857033,65.46872550863127,64.69850520852971,65.46872550863127,4111700.0
VNM,2021-07-20,65.46872550863127,66.23894580873281,64.92957129856018,66.16192377872265,3352000.0
VNM,2021-07-21,65.77681362867189,66.16192377872265,65.62276956865158,65.69979159866172,1996200.0
VNM,2021-07-22,65.85383565868203,67.08618813884449,65.69979159866172,66.85512204881404,2152400.0
VNM,2021-07-23,66.85512204881404,69.16578294911866,66.31596783874295,67.47129828889527,4558600.0
VNM,2021-07-26,67.77938640893589,68.70365076905775,67.70236437892574,68.47258467902729,2791500.0
VNM,2021-07-27,68.47258467902729,68.93471685908821,67.39427625888511,67.39427625888511,2388200.0
VNM,2021-07-28,67.08618813884449,67.31725422887497,66.70107798879373,66.9321440788242,1775500.0
VNM,2021-07-29,67.00916610883435,67.54832031890543,66.23894580873281,66.85512204881404,2648300.0
VNM,2021-07-30,66.85512204881404,67.16321016885466,66.16192377872265,66.31596783874295,4405200.0
VNM,2021-08-02,66.39298986875312,66.9321440788242,66.23894580873281,66.62405595878357,2794300.0
VNM,2021-08-03,66.70107798879373,67.39427625888511,66.70107798879373,67.08618813884449,3014600.0
VNM,2021-08-04,67.39427625888511,67.39427625888511,67.00916610883435,67.08618813884449,3086500.0
VNM,2021-08-05,66.9321440788242,67.08618813884449,66.70107798879373,66.70107798879373,3896800.0
VNM,2021-08-06,66.9321440788242,68.08747452897651,66.70107798879373,67.16321016885466,4260600.0
VNM,2021-08-09,67.16321016885466,67.70236437892574,67.00916610883435,67.54832031890543,3850700.0
VNM,2021-08-10,67.77938640893589,69.31982700913898,67.77938640893589,68.85769482907806,6223200.0
VNM,2021-08-11,69.24280497912883,70.39813542928114,69.16578294911866,70.01302527923038,5440400.0
VNM,2021-08-12,69.93600324922022,70.4751574592913,69.55089309916944,69.70493715918975,4581540.0
VNM,2021-08-13,69.6279151291796,69.70493715918975,68.70365076905775,69.24280497912883,4105500.0
VNM,2021-08-16,69.24280497912883,69.78195918919991,68.54960670903743,68.93471685908821,3380800.0
VNM,2021-08-17,69.01173888909835,69.39684903914913,68.62662873904759,68.7806727990679,2612200.0
VNM,2021-08-18,68.93471685908821,70.01302527923038,68.85769482907806,69.31982700913898,4710100.0
VNM,2021-08-19,69.70493715918975,69.70493715918975,69.16578294911866,69.55089309916944,3256300.0
VNM,2021-08-20,69.55089309916944,69.55089309916944,67.00916610883435,67.62534234891558,4326800.0
VNM,2021-08-23,67.54832031890543,67.62534234891558,66.23894580873281,66.23894580873281,4416500.0
VNM,2021-08-24,66.31596783874295,67.00916610883435,66.00787971870234,66.47001189876326,4125700.0
VNM,2021-08-25,66.54703392877343,67.08618813884449,66.23894580873281,66.9321440788242,1982500.0
VNM,2021-08-26,66.9321440788242,67.54832031890543,66.77810001880388,67.00916610883435,1976000.0
VNM,2021-08-27,67.31725422887497,67.39427625888511,66.77810001880388,67.00916610883435,4096900.0
VNM,2021-08-30,67.08618813884449,67.47129828889527,67.00916610883435,67.31725422887497,4680364.0
VNM,2021-08-31,67.39427625888511,67.47129828889527,67.08618813884449,67.31725422887497,3857200.0
VNM,2021-09-01,67.31725422887497,68.39556264901712,67.16321016885466,67.85640843894605,3530100.0
VNM,2021-09-06,68.01045249896636,68.39556264901712,67.9334304689562,68.01045249896636,3512200.0
VNM,2021-09-07,68.79398305833345,68.79398305833345,67.61868722020704,67.61868722020704,2808200.0
VNM,2021-09-08,67.61868722020704,67.61868722020704,66.83515666145608,66.91350971733118,4068200.0
VNM,2021-09-09,66.91350971733118,66.99186277320628,66.6000974938308,66.75680360558098,2452400.0
VNM,2021-09-10,66.75680360558098,68.1671586113327,66.6000974938308,67.77539333195722,6288900.0
VNM,2021-09-13,67.77539333195722,68.48057083483309,67.61868722020704,68.32386472308289,2956200.0
VNM,2021-09-14,68.32386472308289,68.40221777895799,67.85374638783232,68.1671586113327,3007900.0
VNM,2021-09-15,68.01045249958251,68.01045249958251,67.46198110845684,67.46198110845684,3424700.0
VNM,2021-09-16,67.77539333195722,67.77539333195722,67.30527499670666,67.69704027608213,3968400.0
VNM,2021-09-17,67.69704027608213,69.26410139358404,67.61868722020704,67.77539333195722,5292600.0
VNM,2021-09-20,68.63727694658327,69.81257278470969,68.40221777895799,69.49916056120932,5787700.0
VNM,2021-09-21,68.95068917008365,69.6558666729595,68.71563000245837,69.5775136170844,3096300.0
VNM,2021-09-22,69.34245444945913,71.84975223746217,69.34245444945913,71.69304612571197,10310100.0
VNM,2021-09-23,71.69304612571197,72.39822362858784,70.83116251108594,71.14457473458631,5097500.0
VNM,2021-09-24,71.3012808463365,71.61469306983689,70.90951556696103,71.06622167871122,2990000.0
VNM,2021-09-27,70.98786862283612,71.61469306983689,69.5775136170844,69.5775136170844,5053900.0
VNM,2021-09-28,69.5775136170844,70.43939723171046,68.95068917008365,69.96927889645988,3839280.0
VNM,2021-09-29,69.96927889645988,70.59610334346064,69.49916056120932,70.20433806408516,2763400.0
VNM,2021-09-30,70.43939723171046,71.06622167871122,70.20433806408516,70.20433806408516,4183200.0
VNM,2021-10-01,69.96927889645988,70.83116251108594,69.81257278470969,70.36104417583536,5855255.0
VNM,2021-10-04,70.90951556696103,71.3796339022116,70.59610334346064,70.67445639933574,3060200.0
VNM,2021-10-05,70.75280945521084,70.75280945521084,70.20433806408516,70.20433806408516,2268000.0
VNM,2021-10-06,70.20433806408516,70.59610334346064,69.8909258405848,69.96927889645988,2808500.0
VNM,2021-10-07,69.96927889645988,70.04763195233498,69.5775136170844,69.5775136170844,3126400.0
VNM,2021-10-08,69.6558666729595,70.51775028758556,69.49916056120932,70.20433806408516,2641000.0
VNM,2021-10-11,70.51775028758556,70.83116251108594,70.12598500821008,70.51775028758556,2629400.0
VNM,2021-10-12,70.83116251108594,71.53634001396179,70.59610334346064,70.83116251108594,3784200.0
VNM,2021-10-13,71.3012808463365,71.53634001396179,70.51775028758556,70.59610334346064,3859700.0
VNM,2021-10-14,70.67445639933574,70.90951556696103,70.20433806408516,70.51775028758556,2351000.0
VNM,2021-10-15,70.51775028758556,71.06622167871122,70.20433806408516,70.51775028758556,3828200.0
VNM,2021-10-18,70.51775028758556,70.59610334346064,69.8909258405848,70.36104417583536,3173092.0
VNM,2021-10-19,70.36104417583536,70.90951556696103,70.36104417583536,70.75280945521084,7011854.0
VNM,2021-10-20,70.83116251108594,70.98786862283612,69.7342197288346,70.51775028758556,5975224.0
VNM,2021-10-21,70.51775028758556,70.59610334346064,69.81257278470969,69.81257278470969,4036500.0
VNM,2021-10-22,70.12598500821008,70.90951556696103,69.8909258405848,70.90951556696103,4510000.0
VNM,2021-10-25,70.90951556696103,70.98786862283612,70.43939723171046,70.59610334346064,3874500.0
VNM,2021-10-26,70.51775028758556,70.67445639933574,70.04763195233498,70.20433806408516,1641200.0
VNM,2021-10-27,70.51775028758556,70.98786862283612,70.28269111996026,70.83116251108594,3726500.0
VNM,2021-10-28,70.90951556696103,71.69304612571197,70.90951556696103,70.98786862283612,4966000.0
VNM,2021-10-29,70.98786862283612,71.3012808463365,70.75280945521084,71.06622167871122,4603700.0
VNM,2021-11-01,71.14457473458631,71.53634001396179,70.36104417583536,70.51775028758556,5083800.0
VNM,2021-11-02,70.51775028758556,70.51775028758556,69.7342197288346,69.8909258405848,4888900.0
VNM,2021-11-03,69.81257278470969,70.12598500821008,69.10739528183385,69.10739528183385,6312000.0
VNM,2021-11-04,69.26410139358404,69.49916056120932,69.02904222595875,69.26410139358404,2513000.0
VNM,2021-11-05,69.42080750533421,70.04763195233498,69.34245444945913,69.8909258405848,3448400.0
VNM,2021-11-08,70.28269111996026,71.3796339022116,70.20433806408516,71.14457473458631,6365200.0
VNM,2021-11-09,71.3012808463365,71.3796339022116,70.28269111996026,70.36104417583536,3744600.0
VNM,2021-11-10,70.51775028758556,70.59610334346064,69.96927889645988,70.28269111996026,2666100.0
VNM,2021-11-11,70.36104417583536,70.83116251108594,69.96927889645988,70.20433806408516,3460600.0
VNM,2021-11-12,70.51775028758556,70.59610334346064,69.81257278470969,69.96927889645988,2119600.0
VNM,2021-11-15,70.12598500821008,70.20433806408516,69.7342197288346,69.7342197288346,3268000.0
VNM,2021-11-16,69.7342197288346,69.96927889645988,69.34245444945913,69.42080750533421,3251700.0
VNM,2021-11-17,69.42080750533421,70.20433806408516,69.42080750533421,69.5775136170844,3074400.0
VNM,2021-11-18,69.5775136170844,69.5775136170844,68.95068917008365,68.95068917008365,3900000.0
VNM,2021-11-19,68.95068917008365,69.26410139358404,67.38362805258176,67.46198110845684,5151200.0
VNM,2021-11-22,67.38362805258176,67.77539333195722,67.30527499670666,67.54033416433194,3495500.0
VNM,2021-11-23,67.77539333195722,67.93209944370741,67.38362805258176,67.61868722020704,2439371.0
VNM,2021-11-24,67.77539333195722,68.55892389070817,67.77539333195722,68.55892389070817,2124500.0
VNM,2021-11-25,68.55892389070817,69.10739528183385,68.32386472308289,68.55892389070817,2345400.0
VNM,2021-11-26,68.63727694658327,69.5775136170844,68.55892389070817,69.18574833770893,3015700.0
VNM,2021-11-29,68.79398305833345,68.87233611420857,68.32386472308289,68.55892389070817,2855900.0
VNM,2021-11-30,68.63727694658327,69.5775136170844,68.63727694658327,68.63727694658327,3443400.0
VNM,2021-12-01,68.95068917008365,69.42080750533421,68.48057083483309,68.55892389070817,2786600.0
VNM,2021-12-02,68.55892389070817,68.95068917008365,68.48057083483309,68.48057083483309,1820400.0
VNM,2021-12-03,68.63727694658327,68.95068917008365,67.22692194083156,67.22692194083156,3584600.0
VNM,2021-12-06,67.38362805258176,67.85374638783232,66.83515666145608,66.83515666145608,3168200.0
VNM,2021-12-07,67.22692194083156,67.77539333195722,66.91350971733118,67.77539333195722,1932000.0
VNM,2021-12-08,67.61868722020704,67.77539333195722,67.14856888495646,67.38362805258176,2106023.0
VNM,2021-12-09,67.30527499670666,68.2455116672078,67.14856888495646,68.1671586113327,2126800.0
VNM,2021-12-10,67.77539333195722,68.1671586113327,67.22692194083156,67.61868722020704,1730000.0
VNM,2021-12-13,67.61868722020704,68.01045249958251,67.38362805258176,67.69704027608213,1832316.0
VNM,2021-12-14,67.69704027608213,68.08880555545761,67.54033416433194,67.61868722020704,2175600.0
VNM,2021-12-15,67.69704027608213,67.93209944370741,67.61868722020704,67.61868722020704,1602500.0
VNM,2021-12-16,67.61868722020704,67.85374638783232,67.38362805258176,67.85374638783232,1610300.0
VNM,2021-12-17,67.85374638783232,67.93209944370741,67.14856888495646,67.14856888495646,2949600.0
VNM,2021-12-20,67.38362805258176,67.61868722020704,67.07021582908136,67.14856888495646,2194400.0
VNM,2021-12-21,67.22692194083156,67.38362805258176,66.99186277320628,66.99186277320628,1831900.0
VNM,2021-12-22,67.14856888495646,67.54033416433194,66.83515666145608,66.91350971733118,1991800.0
VNM,2021-12-23,66.91350971733118,66.91350971733118,66.20833221445533,66.36503832620552,2618900.0
VNM,2021-12-24,66.36503832620552,67.38362805258176,66.36503832620552,67.38362805258176,1428400.0
VNM,2021-12-27,67.38362805258176,67.69704027608213,67.14856888495646,67.46198110845684,1285700.0
VNM,2021-12-28,67.54033416433194,67.54033416433194,66.75680360558098,66.99186277320628,1937800.0
VNM,2021-12-29,66.99186277320628,67.07021582908136,66.67845054970589,66.75680360558098,965400.0
VNM,2021-12-30,66.83515666145608,67.07021582908136,66.67845054970589,66.83515666145608,1040500.0
VNM,2021-12-31,66.99186277320628,68.55892389070817,66.83515666145608,67.69704027608213,2468500.0
VNM,2022-01-04,68.32386472308289,68.48057083483309,67.93209944370741,67.93209944370741,1994600.0
VNM,2022-01-05,68.01045249958251,68.1671586113327,67.38362805258176,67.54033416433194,3272000.0
VNM,2022-01-06,67.46198110845684,67.46198110845684,66.83515666145608,66.91350971733118,2991600.0
VNM,2022-01-07,66.83515666145608,67.07021582908136,66.6000974938308,66.75680360558098,2593984.0
VNM,2022-01-10,67.55342417273107,67.712748286346,66.51781743423402,66.67714154784895,2246400.0
VNM,2022-01-11,66.59747949104148,66.91612771827134,66.51781743423402,66.67714154784895,1972400.0
VNM,2022-01-12,66.75680360465641,66.75680360465641,65.88052097977429,66.19916920700415,2322300.0
VNM,2022-01-13,66.43815537742655,66.67714154784895,66.03984509338923,66.19916920700415,2109000.0
VNM,2022-01-14,66.19916920700415,67.79241034315346,65.88052097977429,67.4737621159236,2760800.0
VNM,2022-01-17,67.712748286346,67.712748286346,66.03984509338923,66.03984509338923,2100400.0
VNM,2022-01-18,66.03984509338923,66.51781743423402,65.80085892296682,66.43815537742655,2100400.0
VNM,2022-01-19,66.03984509338923,66.51781743423402,65.88052097977429,66.43815537742655,2064900.0
VNM,2022-01-20,66.11950715019668,66.35849332061909,66.03984509338923,66.11950715019668,1488400.0
VNM,2022-01-21,66.11950715019668,66.35849332061909,65.72119686615936,65.80085892296682,1796400.0
VNM,2022-01-24,65.80085892296682,65.88052097977429,64.52626601404737,64.52626601404737,2442120.0
VNM,2022-01-25,64.12795573001004,64.52626601404737,63.01268693470551,63.092348991512985,3922100.0
VNM,2022-01-26,63.17201104832045,64.12795573001004,63.17201104832045,63.490659275550314,1452100.0
VNM,2022-01-27,63.80930750278017,66.43815537742655,63.80930750278017,66.19916920700415,2039000.0
VNM,2022-01-28,66.11950715019668,67.07545183188628,65.96018303658175,66.19916920700415,2971300.0
VNM,2022-02-07,66.27883126381163,66.91612771827134,66.03984509338923,66.51781743423402,1703100.0
VNM,2022-02-08,66.43815537742655,66.51781743423402,65.32288658212202,65.32288658212202,3640900.0
VNM,2022-02-09,65.32288658212202,66.67714154784895,65.32288658212202,65.96018303658175,1919300.0
VNM,2022-02-10,65.96018303658175,66.35849332061909,65.56187275254443,65.88052097977429,1612500.0
VNM,2022-02-11,65.72119686615936,65.80085892296682,65.24322452531457,65.32288658212202,2222698.0
VNM,2022-02-14,64.9245762980847,65.32288658212202,64.52626601404737,64.60592807085483,3031800.0
VNM,2022-02-15,64.60592807085483,64.9245762980847,64.52626601404737,64.68559012766231,1465300.0
VNM,2022-02-16,64.68559012766231,64.76525218446976,63.96863161639511,64.04829367320258,2825100.0
VNM,2022-02-17,64.12795573001004,64.68559012766231,64.04829367320258,64.36694190043244,2087700.0
VNM,2022-02-18,63.80930750278017,64.36694190043244,63.80930750278017,64.20761778681751,1808100.0
VNM,2022-02-21,64.44660395723992,65.00423835489217,64.44660395723992,64.52626601404737,1280600.0
VNM,2022-02-22,64.44660395723992,64.52626601404737,63.490659275550314,63.729645445972714,3204500.0
VNM,2022-02-23,63.729645445972714,64.12795573001004,63.57032133235778,63.729645445972714,2200300.0
VNM,2022-02-24,63.729645445972714,63.729645445972714,62.53471459386072,62.614376650668184,2723500.0
VNM,2022-02-25,62.93302487789805,63.331335161935385,62.85336282109059,62.85336282109059,1347700.0
VNM,2022-02-28,62.85336282109059,62.93302487789805,61.97708019620846,62.45505253705326,2280500.0
VNM,2022-03-01,62.45505253705326,63.25167310512792,62.29572842343833,63.092348991512985,1412500.0
VNM,2022-03-02,63.092348991512985,63.092348991512985,62.13640430982339,62.53471459386072,2392300.0
VNM,2022-03-03,62.694038707475656,62.93302487789805,62.29572842343833,62.45505253705326,1933200.0
VNM,2022-03-04,62.45505253705326,62.45505253705326,61.97708019620846,62.05674225301593,3120400.0
VNM,2022-03-07,62.05674225301593,62.05674225301593,61.10079757132634,61.180459628133804,4199800.0
VNM,2022-03-08,60.782149344096474,60.9414734577114,60.543163173674074,60.62282523048154,2383000.0
VNM,2022-03-09,60.543163173674074,61.180459628133804,59.746542605599416,59.82620466240688,3192780.0
VNM,2022-03-10,60.543163173674074,62.05674225301593,60.543163173674074,61.4194457985562,2971800.0
VNM,2022-03-11,61.49910785536367,62.53471459386072,61.4194457985562,62.13640430982339,2322900.0
VNM,2022-03-14,62.13640430982339,62.13640430982339,61.260121684941275,61.49910785536367,2182310.0
VNM,2022-03-15,61.33978374174873,61.73809402578606,60.782149344096474,61.49910785536367,2279100.0
VNM,2022-03-16,61.49910785536367,62.13640430982339,61.33978374174873,61.57876991217113,2450400.0
VNM,2022-03-17,61.817756082593526,61.97708019620846,60.861811400903946,60.861811400903946,1777400.0
VNM,2022-03-18,61.02113551451887,61.33978374174873,60.543163173674074,60.543163173674074,4759000.0
VNM,2022-03-21,60.543163173674074,62.05674225301593,60.543163173674074,61.817756082593526,2384100.0
VNM,2022-03-22,62.05674225301593,62.05674225301593,61.180459628133804,61.260121684941275,2500200.0
VNM,2022-03-23,61.180459628133804,61.33978374174873,60.46350111686662,60.62282523048154,3226000.0
VNM,2022-03-24,60.543163173674074,60.62282523048154,59.90586671921435,60.22451494644421,3409808.0
VNM,2022-03-25,60.22451494644421,60.383839060059145,59.82620466240688,59.90586671921435,3376500.0
VNM,2022-03-28,59.98552877602181,60.22451494644421,58.471949696679964,58.471949696679964,4038700.0
VNM,2022-03-29,58.55161175348743,60.144852889636745,58.55161175348743,60.144852889636745,2784940.0
VNM,2022-03-30,60.144852889636745,61.02113551451887,59.82620466240688,60.70248728728901,3506500.0
VNM,2022-03-31,60.70248728728901,64.52626601404737,60.543163173674074,64.44660395723992,9645800.0
VNM,2022-04-01,64.52626601404737,65.88052097977429,63.96863161639511,65.08390041169963,6112000.0
VNM,2022-04-04,65.32288658212202,65.72119686615936,64.9245762980847,65.48221069573697,3808700.0
VNM,2022-04-05,65.1635624685071,65.1635624685071,64.04829367320258,64.04829367320258,2202100.0
VNM,2022-04-06,63.729645445972714,64.68559012766231,63.01268693470551,63.17201104832045,4306700.0
VNM,2022-04-07,63.64998338916525,63.729645445972714,62.53471459386072,62.53471459386072,1760300.0
VNM,2022-04-08,62.53471459386072,63.01268693470551,61.57876991217113,61.57876991217113,2738300.0
VNM,2022-04-12,61.57876991217113,61.97708019620846,60.9414734577114,61.180459628133804,1776300.0
VNM,2022-04-13,61.180459628133804,62.53471459386072,61.10079757132634,61.49910785536367,2118800.0
VNM,2022-04-14,61.73809402578606,62.13640430982339,60.782149344096474,60.782149344096474,1810200.0
VNM,2022-04-15,60.9414734577114,61.817756082593526,60.543163173674074,60.9414734577114,1362400.0
VNM,2022-04-18,60.9414734577114,62.05674225301593,60.861811400903946,61.33978374174873,2590300.0
VNM,2022-04-19,61.4194457985562,61.897418139401,60.543163173674074,60.543163173674074,1940200.0
VNM,2022-04-20,60.543163173674074,61.10079757132634,60.22451494644421,60.22451494644421,1931100.0
VNM,2022-04-21,59.98552877602181,60.9414734577114,59.746542605599416,59.746542605599416,4615600.0
VNM,2022-04-22,60.30417700325168,60.9414734577114,60.144852889636745,60.46350111686662,2800400.0
VNM,2022-04-25,60.543163173674074,60.782149344096474,58.1533014694501,58.55161175348743,3481800.0
VNM,2022-04-26,58.55161175348743,60.543163173674074,56.48039827649332,60.46350111686662,3910000.0
VNM,2022-04-27,59.90586671921435,60.383839060059145,58.710935867102364,59.746542605599416,2420900.0
VNM,2022-04-28,59.66688054879196,59.66688054879196,58.79059792390982,59.18890820794715,2751000.0
VNM,2022-04-29,59.26857026475463,59.746542605599416,58.94992203752476,59.10924615113969,2059100.0
VNM,2022-05-04,59.10924615113969,59.26857026475463,57.75499118541277,57.75499118541277,1763900.0
VNM,2022-05-05,58.312625583065035,58.312625583065035,56.95837061733811,57.4363429581829,1548200.0
VNM,2022-05-06,56.87870856053065,57.03803267414557,55.365129481188795,55.92276387884105,2109800.0
VNM,2022-05-09,55.92276387884105,56.95837061733811,55.44479153799625,55.763439765226124,2392100.0
VNM,2022-05-10,55.763439765226124,57.277018844567976,55.763439765226124,56.24141210607091,3106500.0
VNM,2022-05-11,56.24141210607091,56.63972239010824,55.365129481188795,55.365129481188795,2247300.0
VNM,2022-05-12,55.60411565161119,55.60411565161119,52.97526777696481,52.97526777696481,3641800.0
VNM,2022-05-13,53.37357806100214,54.01087451546187,52.49729543612003,52.65661954973495,5002100.0
VNM,2022-05-16,53.05492983377228,53.851550401846936,52.33797132250509,52.417633379312555,2688000.0
VNM,2022-05-17,52.25830926569762,55.763439765226124,51.93966103846776,55.763439765226124,2205100.0
VNM,2022-05-18,55.763439765226124,56.16175004926345,55.365129481188795,56.00242593564852,1983200.0
VNM,2022-05-19,55.365129481188795,55.763439765226124,54.966819197151466,54.966819197151466,1449400.0
VNM,2022-05-20,54.966819197151466,55.68377770841866,54.17019862907681,54.249860685884265,1396200.0
VNM,2022-05-23,54.56850891311414,54.727833026729066,52.73628160654242,52.815943663349884,2022200.0
VNM,2022-05-24,53.13459189057975,54.887157140344,52.97526777696481,54.887157140344,2033000.0
VNM,2022-05-25,54.887157140344,57.595667071797834,54.887157140344,57.277018844567976,2462100.0
VNM,2022-05-26,57.277018844567976,57.277018844567976,56.32107416287839,56.799046503723176,1590800.0
VNM,2022-05-27,56.799046503723176,58.39228763987249,56.32107416287839,58.1533014694501,3755500.0
VNM,2022-05-30,58.073639412642635,58.073639412642635,57.35668090137544,57.75499118541277,2224400.0
VNM,2022-05-31,57.4363429581829,57.675329128605306,57.11769473095305,57.11769473095305,2382400.0
VNM,2022-06-01,56.95837061733811,57.834653242220234,56.799046503723176,57.277018844567976,1643600.0
VNM,2022-06-02,57.35668090137544,57.35668090137544,56.40073621968585,56.63972239010824,1700700.0
VNM,2022-06-03,56.56006033330078,56.799046503723176,55.763439765226124,56.00242593564852,1251100.0
VNM,2022-06-06,55.92276387884105,56.71938444691572,55.763439765226124,56.40073621968585,1432000.0
VNM,2022-06-07,56.00242593564852,56.32107416287839,55.763439765226124,56.24141210607091,1322200.0
VNM,2022-06-08,56.32107416287839,56.87870856053065,56.32107416287839,56.56006033330078,1817600.0
VNM,2022-06-09,56.56006033330078,56.63972239010824,55.92276387884105,55.92276387884105,1271600.0
VNM,2022-06-10,55.763439765226124,55.92276387884105,55.365129481188795,55.365129481188795,1656600.0
VNM,2022-06-13,54.48884685630667,54.48884685630667,52.73628160654242,52.895605720157356,2379700.0
VNM,2022-06-14,52.178647208890155,53.77188834503948,52.0989851520827,52.65661954973495,1477200.0
VNM,2022-06-15,52.65661954973495,52.97526777696481,51.382026640815496,51.382026640815496,4092500.0
VNM,2022-06-16,51.85999898166029,54.4091847994992,51.780336924852826,54.17019862907681,2260500.0
VNM,2022-06-17,53.293916004194685,54.648170969921594,51.93966103846776,53.13459189057975,2586800.0
VNM,2022-06-20,52.895605720157356,55.524453594803724,52.895605720157356,54.966819197151466,2588200.0
VNM,2022-06-21,55.126143310766395,58.79059792390982,54.80749508353653,58.710935867102364,5715800.0
VNM,2022-06-22,58.232963526257564,58.471949696679964,56.24141210607091,56.24141210607091,2214000.0
VNM,2022-06-23,56.24141210607091,57.35668090137544,55.763439765226124,56.32107416287839,1223100.0
VNM,2022-06-24,56.56006033330078,58.073639412642635,56.48039827649332,56.95837061733811,1777600.0
VNM,2022-06-27,57.197356787760505,57.4363429581829,56.00242593564852,56.63972239010824,1804300.0
VNM,2022-06-28,56.24141210607091,57.914315299027706,55.84310182203358,56.40073621968585,3037200.0
VNM,2022-06-29,56.24141210607091,57.914315299027706,56.24141210607091,57.595667071797834,2515400.0
VNM,2022-06-30,57.595667071797834,59.58721849198448,57.51600501499038,57.51600501499038,3807600.0
VNM,2022-07-01,57.595667071797834,58.8702599807173,57.35668090137544,58.710935867102364,2859000.0
VNM,2022-07-04,58.94992203752476,60.383839060059145,58.79059792390982,59.82620466240688,3259300.0
VNM,2022-07-05,59.98552877602181,60.06519083282929,58.1533014694501,58.232963526257564,2590800.0
VNM,2022-07-06,58.52144954559439,58.933572429718296,57.285080893222684,58.27417581512005,2360100.0
VNM,2022-07-07,58.27417581512005,60.16994108209001,57.69720377734659,60.16994108209001,3049600.0
VNM,2022-07-08,60.16994108209001,60.41721481256435,59.75781819796611,60.16994108209001,1853200.0
VNM,2022-07-11,59.51054446749177,61.57115888811129,59.34569531384221,60.16994108209001,2556900.0
VNM,2022-07-12,60.16994108209001,60.91176227351304,59.84024277479088,60.41721481256435,1186100.0
VNM,2022-07-13,60.334790235739575,60.66448854303869,59.67539362114133,59.75781819796611,1483500.0
VNM,2022-07-14,59.59296904431655,60.334790235739575,59.51054446749177,59.67539362114133,1168520.0
VNM,2022-07-15,59.67539362114133,60.16994108209001,59.015997006543074,59.015997006543074,1658900.0
VNM,2022-07-18,59.34569531384221,59.51054446749177,58.933572429718296,59.098421583367866,1106700.0
VNM,2022-07-19,59.34569531384221,60.087516505265235,59.015997006543074,60.00509192844045,2050600.0
VNM,2022-07-20,60.334790235739575,60.66448854303869,60.00509192844045,60.16994108209001,1167800.0
VNM,2022-07-21,59.75781819796611,60.66448854303869,59.51054446749177,60.334790235739575,1720500.0
VNM,2022-07-22,60.334790235739575,60.334790235739575,59.34569531384221,59.34569531384221,1154300.0
VNM,2022-07-25,59.34569531384221,60.087516505265235,59.18084616019264,60.087516505265235,1242600.0
VNM,2022-07-26,60.087516505265235,60.16994108209001,59.18084616019264,59.34569531384221,1676900.0
VNM,2022-07-27,59.34569531384221,59.84024277479088,59.18084616019264,59.51054446749177,1222700.0
VNM,2022-07-28,59.75781819796611,60.00509192844045,59.59296904431655,59.84024277479088,1532500.0
VNM,2022-07-29,59.92266735161567,60.66448854303869,59.67539362114133,60.00509192844045,2872000.0
VNM,2022-08-01,60.00509192844045,60.582063966213916,59.51054446749177,60.582063966213916,3078600.0
VNM,2022-08-02,60.49963938938914,61.15903600398738,59.92266735161567,60.49963938938914,3059100.0
VNM,2022-08-03,60.00509192844045,60.582063966213916,59.75781819796611,60.49963938938914,3134700.0
VNM,2022-08-04,60.49963938938914,60.49963938938914,60.00509192844045,60.41721481256435,1888600.0
VNM,2022-08-05,60.41721481256435,60.49963938938914,59.84024277479088,59.84024277479088,2135400.0
VNM,2022-08-08,59.75781819796611,59.75781819796611,59.42811989066698,59.51054446749177,2795800.0
VNM,2022-08-09,59.51054446749177,59.67539362114133,59.34569531384221,59.34569531384221,2408800.0
VNM,2022-08-10,59.34569531384221,59.84024277479088,59.34569531384221,59.75781819796611,2358800.0
VNM,2022-08-11,59.84024277479088,59.84024277479088,58.27417581512005,58.60387412241917,4084600.0
VNM,2022-08-12,58.52144954559439,59.26327073701743,58.52144954559439,59.26327073701743,2175100.0
VNM,2022-08-15,59.34569531384221,59.34569531384221,58.768723276068734,58.933572429718296,2525800.0
VNM,2022-08-16,59.18084616019264,59.67539362114133,59.098421583367866,59.18084616019264,3021756.0
VNM,2022-08-17,59.18084616019264,59.84024277479088,59.098421583367866,59.84024277479088,1484400.0
VNM,2022-08-18,59.84024277479088,60.66448854303869,59.84024277479088,60.49963938938914,4230600.0
VNM,2022-08-19,60.49963938938914,61.40630973446172,60.087516505265235,61.0766114271626,5351600.0
VNM,2022-08-22,61.0766114271626,61.65358346493606,60.74691311986348,60.74691311986348,2171700.0
VNM,2022-08-23,60.74691311986348,62.56025381000866,60.66448854303869,62.477829233183876,4551200.0
VNM,2022-08-24,62.477829233183876,64.5384436538034,62.477829233183876,64.04389619285472,6069100.0
VNM,2022-08-25,64.20874534650427,64.5384436538034,63.466924155081244,64.20874534650427,2182100.0
VNM,2022-08-26,64.1263207696795,64.37359450015383,62.807527540483,63.38449957825647,2463000.0
VNM,2022-08-29,62.725102963658216,62.88995211730778,62.14813092588476,62.230555502709535,3331964.0
VNM,2022-08-30,62.230555502709535,62.972376694132564,62.230555502709535,62.64267838683344,2275076.0
VNM,2022-08-31,62.56025381000866,62.972376694132564,62.230555502709535,62.230555502709535,1677100.0
VNM,2022-09-05,62.230555502709535,64.1263207696795,62.230555502709535,63.87904703920515,3169400.0
VNM,2022-09-06,63.87904703920515,65.11541569157686,63.714197885555585,64.1263207696795,2669000.0
VNM,2022-09-07,64.1263207696795,64.1263207696795,62.3954046563591,62.3954046563591,2916400.0
VNM,2022-09-08,62.64267838683344,63.05480127095734,61.983281772235195,62.3954046563591,1351100.0
VNM,2022-09-09,62.56025381000866,63.05480127095734,62.230555502709535,62.56025381000866,1188500.0
VNM,2022-09-12,62.64267838683344,62.807527540483,62.065706349059965,62.065706349059965,1386100.0
VNM,2022-09-13,61.983281772235195,62.64267838683344,61.983281772235195,62.3954046563591,1556500.0
VNM,2022-09-14,61.736008041760854,61.818432618585625,60.829337696688256,60.99418685033782,2037900.0
VNM,2022-09-15,61.0766114271626,61.983281772235195,61.0766114271626,61.40630973446172,1207500.0
VNM,2022-09-16,61.57115888811129,62.64267838683344,61.32388515763695,62.64267838683344,2308600.0
VNM,2022-09-19,62.312980079534306,62.3954046563591,61.736008041760854,61.983281772235195,1418000.0
VNM,2022-09-20,62.065706349059965,62.807527540483,62.065706349059965,62.477829233183876,1139700.0
VNM,2022-09-21,62.3954046563591,63.961471616029925,62.312980079534306,63.38449957825647,2477500.0
VNM,2022-09-22,63.13722584778212,63.54934873190602,62.64267838683344,63.38449957825647,1033500.0
VNM,2022-09-23,63.466924155081244,63.714197885555585,63.05480127095734,63.219650424606904,1398600.0
VNM,2022-09-26,62.477829233183876,62.807527540483,60.74691311986348,60.99418685033782,3886000.0
VNM,2022-09-27,61.40630973446172,61.736008041760854,59.59296904431655,59.67539362114133,3111500.0
VNM,2022-09-28,59.34569531384221,60.16994108209001,58.439024968769615,59.18084616019264,2145700.0
VNM,2022-09-29,60.087516505265235,60.582063966213916,59.51054446749177,59.92266735161567,2375100.0
VNM,2022-09-30,59.26327073701743,60.41721481256435,59.26327073701743,59.59296904431655,2643400.0
VNM,2022-10-03,59.26327073701743,59.75781819796611,58.52144954559439,58.52144954559439,2339100.0
VNM,2022-10-04,59.18084616019264,59.18084616019264,57.69720377734659,58.439024968769615,1755300.0
VNM,2022-10-05,58.52144954559439,59.34569531384221,58.52144954559439,59.015997006543074,1493400.0
VNM,2022-10-06,58.768723276068734,58.851147852893526,57.69720377734659,57.69720377734659,1819500.0
VNM,2022-10-07,57.12023173957312,58.768723276068734,54.81234358847926,57.532354623697024,2685300.0
VNM,2022-10-10,56.46083512497487,58.933572429718296,55.55416477990229,58.10932666147049,1661900.0
VNM,2022-10-11,58.10932666147049,58.933572429718296,57.36750547004746,57.86205293099615,1718400.0
VNM,2022-10-12,58.10932666147049,59.098421583367866,57.779628354171365,59.015997006543074,1274000.0
VNM,2022-10-13,58.52144954559439,60.829337696688256,58.35660039194483,60.829337696688256,3171000.0
VNM,2022-10-14,60.99418685033782,61.40630973446172,60.74691311986348,60.99418685033782,1746000.0
VNM,2022-10-17,60.829337696688256,61.9008571954104,60.74691311986348,61.0766114271626,1812700.0
VNM,2022-10-18,61.818432618585625,63.466924155081244,61.57115888811129,63.05480127095734,3172000.0
VNM,2022-10-19,62.725102963658216,63.30207500143168,62.725102963658216,63.13722584778212,1467000.0
VNM,2022-10-20,63.13722584778212,63.87904703920515,62.477829233183876,63.87904703920515,2664900.0
VNM,2022-10-21,63.87904703920515,64.62086823062818,63.05480127095734,63.466924155081244,2097600.0
VNM,2022-10-24,63.63177330873081,63.63177330873081,60.99418685033782,60.99418685033782,2342300.0
VNM,2022-10-25,61.0766114271626,63.30207500143168,61.0766114271626,62.64267838683344,1657600.0
VNM,2022-10-26,62.64267838683344,62.972376694132564,62.312980079534306,62.64267838683344,1467000.0
VNM,2022-10-27,62.64267838683344,64.70329280745295,62.64267838683344,64.70329280745295,2283600.0
VNM,2022-10-28,64.70329280745295,64.78571738427773,64.04389619285472,64.29116992332905,1614400.0
VNM,2022-10-31,64.04389619285472,64.70329280745295,63.714197885555585,64.70329280745295,1949200.0
VNM,2022-11-01,64.70329280745295,68.00027588044419,64.70329280745295,66.10451061347423,3180100.0
VNM,2022-11-02,66.10451061347423,66.18693519029901,64.5384436538034,64.5384436538034,1830500.0
VNM,2022-11-03,64.29116992332905,66.51663349759814,64.29116992332905,65.93966145982468,1278300.0
VNM,2022-11-04,65.8572368829999,66.76390722807248,64.29116992332905,65.93966145982468,3179200.0
VNM,2022-11-07,66.02208603664944,67.75300214996984,65.93966145982468,67.75300214996984,2638300.0
VNM,2022-11-08,67.75300214996984,67.91785130361941,65.60996315252554,67.91785130361941,2501400.0
VNM,2022-11-09,67.58815299632029,67.75300214996984,65.93966145982468,66.6814826512477,2701100.0
VNM,2022-11-10,66.6814826512477,66.76390722807248,63.466924155081244,64.62086823062818,2637600.0
VNM,2022-11-11,65.03299111475208,66.2693597671238,64.62086823062818,64.62086823062818,1564400.0
VNM,2022-11-14,64.29116992332905,67.58815299632029,62.725102963658216,65.11541569157686,2766800.0
VNM,2022-11-15,65.11541569157686,65.445113998876,63.05480127095734,63.466924155081244,2389600.0
VNM,2022-11-16,62.230555502709535,64.9505665379273,60.829337696688256,61.40630973446172,4122600.0
VNM,2022-11-17,63.30207500143168,64.5384436538034,61.9008571954104,62.64267838683344,2599500.0
VNM,2022-11-18,63.466924155081244,64.1263207696795,62.3954046563591,63.466924155081244,2229300.0
VNM,2022-11-21,63.466924155081244,64.20874534650427,63.38449957825647,64.20874534650427,1787400.0
VNM,2022-11-22,63.87904703920515,66.10451061347423,63.79662246238037,65.52753857570076,2281200.0
VNM,2022-11-23,65.52753857570076,65.69238772935033,64.5384436538034,65.445113998876,773100.0
VNM,2022-11-24,65.11541569157686,66.92875638172204,65.03299111475208,66.92875638172204,3261400.0
VNM,2022-11-25,67.01118095854682,68.16512503409376,66.76390722807248,67.75300214996984,2596100.0
VNM,2022-11-28,67.58815299632029,68.74209707186722,67.34087926584594,67.34087926584594,2299200.0
VNM,2022-11-29,67.01118095854682,68.65967249504243,66.35178434394858,68.4123987645681,2404200.0
VNM,2022-11-30,68.4123987645681,68.4123987645681,67.17603011219639,68.24754961091853,1995600.0
VNM,2022-12-01,67.25845468902116,68.32997418774332,67.25845468902116,67.91785130361941,2216800.0
VNM,2022-12-02,67.83542672679462,69.2366445328159,67.58815299632029,69.2366445328159,2600500.0
VNM,2022-12-05,69.31906910964068,70.55543776201239,69.31906910964068,70.06089030106371,2066000.0
VNM,2022-12-06,70.06089030106371,70.14331487788849,68.00027588044419,68.00027588044419,1395300.0
VNM,2022-12-07,68.4123987645681,69.48391826329025,67.42330384267072,68.00027588044419,1939600.0
VNM,2022-12-08,68.4123987645681,69.2366445328159,66.76390722807248,66.76390722807248,1677100.0
VNM,2022-12-09,66.76390722807248,67.42330384267072,65.93966145982468,65.93966145982468,2408500.0
VNM,2022-12-12,66.18693519029901,67.50572841949551,64.62086823062818,64.70329280745295,3942700.0
VNM,2022-12-13,64.78571738427773,65.445113998876,63.63177330873081,64.29116992332905,4051300.0
VNM,2022-12-14,65.445113998876,65.445113998876,63.87904703920515,63.87904703920515,3865200.0
VNM,2022-12-15,63.87904703920515,65.28026484522643,63.714197885555585,63.961471616029925,2595300.0
VNM,2022-12-16,64.04389619285472,64.9505665379273,63.961471616029925,64.29116992332905,3002000.0
VNM,2022-12-19,64.70329280745295,64.70329280745295,63.466924155081244,63.466924155081244,2422700.0
VNM,2022-12-20,63.714197885555585,65.69238772935033,63.38449957825647,64.86814196110252,3030300.0
VNM,2022-12-21,65.69238772935033,66.43420892077334,65.52753857570076,65.69238772935033,2305500.0
VNM,2022-12-22,66.53137096888406,66.69916761697709,64.60170951581429,64.60170951581429,1630400.0
VNM,2022-12-23,64.6856078398608,65.60848940437243,63.93052292344219,63.93052292344219,1561800.0
VNM,2022-12-26,64.09831957153521,65.10509946009336,63.67882795130266,63.762726275349166,1717600.0
VNM,2022-12-27,64.43391286772126,65.4406927562794,63.762726275349166,64.26611621962823,1586800.0
VNM,2022-12-28,64.35001454367476,65.4406927562794,64.26611621962823,64.60170951581429,1248500.0
VNM,2022-12-29,64.93730281200034,65.60848940437243,64.60170951581429,64.60170951581429,1329700.0
VNM,2022-12-30,65.4406927562794,65.4406927562794,63.846624599395675,63.846624599395675,1243300.0
VNM,2023-01-03,64.18221789558173,65.86018437651197,63.93052292344219,65.86018437651197,1496000.0
VNM,2023-01-04,66.027981024605,66.53137096888406,65.94408270055848,66.53137096888406,1153800.0
VNM,2023-01-05,66.53137096888406,68.29323577386083,66.27967599674453,68.1254391257678,2469800.0
VNM,2023-01-06,67.95764247767477,68.1254391257678,66.7830659410236,66.95086258911662,1309700.0
VNM,2023-01-09,67.03476091316314,67.70594750553524,66.7830659410236,67.70594750553524,948300.0
VNM,2023-01-10,67.87374415362827,68.37713409790733,67.62204918148872,67.95764247767477,1216000.0
VNM,2023-01-11,67.95764247767477,68.46103242195383,66.61526929293058,66.61526929293058,1574700.0
VNM,2023-01-12,67.03476091316314,67.28645588530267,66.53137096888406,67.11865923720966,754900.0
VNM,2023-01-13,67.28645588530267,68.04154080172128,67.20255756125616,67.62204918148872,1689000.0
VNM,2023-01-16,67.62204918148872,67.78984582958174,66.61526929293058,66.61526929293058,854700.0
VNM,2023-01-17,67.28645588530267,67.95764247767477,66.61526929293058,67.87374415362827,1791400.0
VNM,2023-01-18,67.87374415362827,68.37713409790733,67.70594750553524,68.2093374498143,1397900.0
VNM,2023-01-19,67.78984582958174,68.37713409790733,67.11865923720966,68.2093374498143,2792100.0
VNM,2023-01-27,68.29323577386083,68.71272739409338,66.7830659410236,67.11865923720966,2331800.0
VNM,2023-01-30,67.11865923720966,67.11865923720966,66.61526929293058,66.61526929293058,1614000.0
VNM,2023-01-31,66.44747264483756,66.69916761697709,64.51781119176778,64.6856078398608,4947600.0
VNM,2023-02-01,65.18899778413987,65.27289610818639,64.51781119176778,64.76950616390731,1810400.0
VNM,2023-02-02,64.93730281200034,65.02120113604684,64.35001454367476,64.35001454367476,1520400.0
VNM,2023-02-03,64.60170951581429,64.6856078398608,63.67882795130266,63.762726275349166,1967400.0
VNM,2023-02-06,63.67882795130266,65.02120113604684,63.67882795130266,64.93730281200034,1910700.0
VNM,2023-02-07,65.10509946009336,65.10509946009336,63.846624599395675,63.846624599395675,1274400.0
VNM,2023-02-08,63.93052292344219,64.26611621962823,63.511031303209634,63.59492962725614,1550000.0
VNM,2023-02-09,63.59492962725614,63.762726275349166,62.92374303488405,62.92374303488405,1619600.0
VNM,2023-02-10,62.92374303488405,63.67882795130266,62.92374303488405,63.67882795130266,1236100.0
VNM,2023-02-13,63.67882795130266,63.67882795130266,62.16865811846543,63.17543800702358,1637632.0
VNM,2023-02-14,63.17543800702358,63.511031303209634,62.420353090604976,62.67204806274451,1193500.0
VNM,2023-02-15,62.67204806274451,63.762726275349166,62.420353090604976,63.762726275349166,1443500.0
VNM,2023-02-16,63.762726275349166,64.18221789558173,63.42713297916311,64.18221789558173,691300.0
VNM,2023-02-17,63.846624599395675,64.09831957153521,63.17543800702358,63.762726275349166,943900.0
VNM,2023-02-20,63.762726275349166,65.02120113604684,63.3432346551166,65.02120113604684,1385300.0
VNM,2023-02-21,65.02120113604684,65.10509946009336,64.35001454367476,64.76950616390731,888300.0
VNM,2023-02-22,64.0144212474887,64.35001454367476,63.3432346551166,63.3432346551166,1383600.0
VNM,2023-02-23,63.3432346551166,64.51781119176778,62.420353090604976,63.511031303209634,2327900.0
VNM,2023-02-24,63.511031303209634,63.762726275349166,62.504251414651485,62.67204806274451,1681000.0
VNM,2023-02-27,62.67204806274451,63.67882795130266,62.08475979441892,63.09153968297707,1112500.0
VNM,2023-02-28,63.3432346551166,63.67882795130266,63.007641358930556,63.3432346551166,1034300.0
VNM,2023-03-01,63.007641358930556,64.60170951581429,62.92374303488405,64.51781119176778,1635500.0
VNM,2023-03-02,64.51781119176778,64.51781119176778,63.846624599395675,64.18221789558173,1088800.0
VNM,2023-03-03,62.92374303488405,64.43391286772126,62.92374303488405,63.762726275349166,704200.0
VNM,2023-03-06,63.762726275349166,64.26611621962823,62.92374303488405,62.92374303488405,891800.0
VNM,2023-03-07,63.67882795130266,63.93052292344219,63.3432346551166,63.59492962725614,1170900.0
VNM,2023-03-08,63.09153968297707,64.18221789558173,62.92374303488405,64.18221789558173,1244400.0
VNM,2023-03-09,63.93052292344219,64.6856078398608,63.93052292344219,64.18221789558173,1489700.0
VNM,2023-03-10,64.18221789558173,64.76950616390731,63.846624599395675,64.51781119176778,1427700.0
VNM,2023-03-13,64.43391286772126,64.6856078398608,64.26611621962823,64.51781119176778,1824500.0
VNM,2023-03-14,64.0144212474887,64.51781119176778,63.42713297916311,64.26611621962823,1735100.0
VNM,2023-03-15,64.26611621962823,64.85340448795382,64.18221789558173,64.6856078398608,2040200.0
VNM,2023-03-16,64.60170951581429,64.6856078398608,63.67882795130266,64.09831957153521,1895200.0
VNM,2023-03-17,64.09831957153521,64.09831957153521,62.504251414651485,62.504251414651485,2512800.0
VNM,2023-03-20,62.92374303488405,62.92374303488405,62.16865811846543,62.33645476655846,1609600.0
VNM,2023-03-21,62.420353090604976,63.007641358930556,62.25255644251195,62.420353090604976,1350200.0
VNM,2023-03-22,62.58814973869799,62.67204806274451,62.420353090604976,62.420353090604976,900200.0
VNM,2023-03-23,62.33645476655846,63.17543800702358,62.08475979441892,63.17543800702358,1805000.0
VNM,2023-03-24,62.92374303488405,63.3432346551166,62.75594638679102,62.92374303488405,932300.0
VNM,2023-03-27,62.92374303488405,62.92374303488405,62.33645476655846,62.58814973869799,1461500.0
VNM,2023-03-28,62.504251414651485,63.17543800702358,62.420353090604976,62.420353090604976,1650000.0
VNM,2023-03-29,62.67204806274451,62.83984471083754,62.420353090604976,62.83984471083754,907400.0
VNM,2023-03-30,62.67204806274451,63.2593363310701,62.58814973869799,62.92374303488405,838700.0
VNM,2023-03-31,62.92374303488405,63.2593363310701,62.420353090604976,62.420353090604976,1076100.0
VNM,2023-04-03,62.58814973869799,62.83984471083754,62.25255644251195,62.420353090604976,850600.0
VNM,2023-04-04,62.420353090604976,62.504251414651485,62.25255644251195,62.25255644251195,1819000.0
VNM,2023-04-05,62.25255644251195,62.75594638679102,62.16865811846543,62.504251414651485,963400.0
VNM,2023-04-06,62.420353090604976,62.58814973869799,62.33645476655846,62.33645476655846,967300.0
VNM,2023-04-07,62.420353090604976,62.67204806274451,62.33645476655846,62.67204806274451,794400.0
VNM,2023-04-10,62.67204806274451,62.67204806274451,62.420353090604976,62.420353090604976,832700.0
VNM,2023-04-11,62.33645476655846,62.504251414651485,62.16865811846543,62.420353090604976,782800.0
VNM,2023-04-12,62.420353090604976,62.420353090604976,62.08475979441892,62.33645476655846,979100.0
VNM,2023-04-13,62.33645476655846,62.420353090604976,61.665268174186366,61.665268174186366,1748200.0
VNM,2023-04-14,61.749166498232874,61.83306482227939,61.07797990586078,61.07797990586078,1294000.0
VNM,2023-04-17,61.07797990586078,61.161878229907295,60.15509834134915,60.15509834134915,1365400.0
VNM,2023-04-18,60.23899666539566,61.2457765539538,60.23899666539566,61.2457765539538,1820300.0
VNM,2023-04-19,61.32967487800031,61.32967487800031,60.406793313488684,60.406793313488684,816300.0
VNM,2023-04-20,60.49069163753519,60.91018325776775,60.23899666539566,60.322894989442176,1322300.0
VNM,2023-04-21,60.406793313488684,60.406793313488684,59.400013424930535,59.48391174897706,1643300.0
VNM,2023-04-24,59.567810073023566,59.651708397070074,58.89662348065147,59.148318452791,1851900.0
VNM,2023-04-25,59.148318452791,59.90340336920961,58.561030184465416,58.64492850851194,1370200.0
VNM,2023-04-26,58.72882683255844,59.567810073023566,58.72882683255844,59.567810073023566,5145618.0
VNM,2023-04-27,59.567810073023566,59.567810073023566,58.309335212325884,58.309335212325884,1369100.0
VNM,2023-04-28,58.561030184465416,58.89662348065147,58.47713186041891,58.72882683255844,2136300.0
VNM,2023-05-04,58.72882683255844,58.72882683255844,57.38645364781426,57.554250295907266,3172800.0
VNM,2023-05-05,57.554250295907266,58.05764024018635,57.554250295907266,57.7220469440003,1786200.0
VNM,2023-05-08,57.88984359209332,59.064420128744494,57.88984359209332,59.064420128744494,1897300.0
VNM,2023-05-09,59.400013424930535,59.567810073023566,59.148318452791,59.316115100884026,2985200.0
VNM,2023-05-10,59.400013424930535,59.651708397070074,59.148318452791,59.148318452791,1451601.0
VNM,2023-05-11,59.148318452791,59.48391174897706,58.72882683255844,58.72882683255844,767500.0
VNM,2023-05-12,59.064420128744494,59.064420128744494,58.309335212325884,58.39323353637239,1214100.0
VNM,2023-05-15,58.64492850851194,58.64492850851194,57.88984359209332,57.88984359209332,2105600.0
VNM,2023-05-16,57.88984359209332,58.47713186041891,57.88984359209332,58.47713186041891,1947400.0
VNM,2023-05-17,58.47713186041891,58.47713186041891,57.7220469440003,57.88984359209332,1993000.0
VNM,2023-05-18,57.88984359209332,58.72882683255844,57.470351971860765,58.05764024018635,2622200.0
VNM,2023-05-19,58.225436888279376,58.309335212325884,57.554250295907266,57.554250295907266,1329500.0
VNM,2023-05-22,57.63814861995379,57.88984359209332,57.218656999721226,57.218656999721226,1698000.0
VNM,2023-05-23,57.0508603516282,57.38645364781426,56.21187711116308,56.21187711116308,2935700.0
VNM,2023-05-24,56.295775435209585,56.54747040734913,55.456792194744466,55.6245888428375,2350000.0
VNM,2023-05-25,55.54069051879099,56.63136873139564,55.37289387069796,56.295775435209585,1970600.0
VNM,2023-05-26,56.54747040734913,57.0508603516282,56.295775435209585,56.295775435209585,2118800.0
VNM,2023-05-29,56.463572083302616,56.79916537948867,56.295775435209585,56.295775435209585,2348900.0
VNM,2023-05-30,56.295775435209585,56.54747040734913,55.79238549093052,55.79238549093052,3248000.0
VNM,2023-05-31,56.04408046307005,56.04408046307005,55.456792194744466,55.456792194744466,1536600.0
VNM,2023-06-01,55.456792194744466,55.79238549093052,55.37289387069796,55.456792194744466,1214500.0
VNM,2023-06-02,55.54069051879099,55.6245888428375,54.9534022504654,55.288995546651456,3138500.0
VNM,2023-06-05,55.79238549093052,56.37967375925611,55.54069051879099,55.79238549093052,3323000.0
VNM,2023-06-06,56.127978787116575,56.127978787116575,55.37289387069796,55.70848716688401,3423000.0
VNM,2023-06-07,55.79238549093052,55.960182139023544,55.37289387069796,55.54069051879099,3719000.0
VNM,2023-06-08,55.79238549093052,55.79238549093052,54.9534022504654,54.9534022504654,5180900.0
VNM,2023-06-09,55.03730057451191,55.79238549093052,54.9534022504654,55.205097222604934,2080200.0
VNM,2023-06-12,55.37289387069796,57.0508603516282,55.37289387069796,56.966962027581694,5471300.0
VNM,2023-06-13,57.13475867567471,57.302555323767734,56.63136873139564,56.71526705544215,4973400.0
VNM,2023-06-14,56.79916537948867,57.218656999721226,56.295775435209585,56.295775435209585,5404900.0
VNM,2023-06-15,56.463572083302616,56.54747040734913,55.54069051879099,55.6245888428375,5810400.0
VNM,2023-06-16,55.79238549093052,55.87628381497703,55.37289387069796,55.456792194744466,6021785.0
VNM,2023-06-19,55.6245888428375,55.87628381497703,55.03730057451191,55.205097222604934,3279400.0
VNM,2023-06-20,55.288995546651456,55.288995546651456,54.9534022504654,54.9534022504654,2993000.0
VNM,2023-06-21,55.03730057451191,55.6245888428375,54.9534022504654,55.6245888428375,4490900.0
VNM,2023-06-22,55.79238549093052,56.463572083302616,55.6245888428375,56.127978787116575,5610600.0
VNM,2023-06-23,56.21187711116308,58.309335212325884,56.21187711116308,57.97374191613983,11958000.0
VNM,2023-06-26,58.14153856423285,59.316115100884026,57.302555323767734,59.23221677683751,10737800.0
VNM,2023-06-27,59.400013424930535,59.400013424930535,58.39323353637239,59.148318452791,6128900.0
VNM,2023-06-28,59.148318452791,59.48391174897706,58.47713186041891,59.23221677683751,6204700.0
VNM,2023-06-29,59.23221677683751,60.74238660967474,58.81272515660495,60.322894989442176,7911400.0
VNM,2023-06-30,60.322894989442176,60.406793313488684,59.400013424930535,59.567810073023566,3645000.0
VNM,2023-07-03,59.651708397070074,59.90340336920961,58.98052180469798,59.316115100884026,3186200.0
VNM,2023-07-04,59.148318452791,59.73560672111659,58.81272515660495,59.23221677683751,4923805.0
VNM,2023-07-05,59.400013424930535,59.400013424930535,58.39323353637239,58.561030184465416,6873600.0
VNM,2023-07-06,58.64492850851194,59.316115100884026,58.561030184465416,59.148318452791,7631000.0
VNM,2023-07-07,59.316115100884026,59.73560672111659,59.064420128744494,59.48391174897706,5780500.0
VNM,2023-07-10,59.90340336920961,60.99408158181427,59.73560672111659,60.49069163753519,6201102.0
VNM,2023-07-11,60.49069163753519,61.58136985013986,60.15509834134915,61.07797990586078,6235300.0
VNM,2023-07-12,61.161878229907295,61.665268174186366,60.91018325776775,61.665268174186366,4195800.0
VNM,2023-07-13,61.58136985013986,61.9169631463259,61.161878229907295,61.32967487800031,4376500.0
VNM,2023-07-14,61.413573202046834,61.58136985013986,60.49069163753519,61.497471526093335,7399700.0
VNM,2023-07-17,61.2457765539538,61.749166498232874,60.57458996158171,60.658488285628216,5802800.0
VNM,2023-07-18,60.82628493372125,60.91018325776775,60.57458996158171,60.74238660967474,5537000.0
VNM,2023-07-19,60.82628493372125,61.2457765539538,60.74238660967474,60.91018325776775,3025100.0
VNM,2023-07-20,60.91018325776775,61.07797990586078,60.658488285628216,60.91018325776775,2600707.0
VNM,2023-07-21,60.91018325776775,61.665268174186366,60.82628493372125,61.665268174186366,3821822.0
VNM,2023-07-24,61.665268174186366,62.08475979441892,61.497471526093335,61.749166498232874,2535331.0
VNM,2023-07-25,61.749166498232874,62.67204806274451,61.32967487800031,62.504251414651485,6645914.0
VNM,2023-07-26,62.420353090604976,63.09153968297707,62.33645476655846,62.92374303488405,3189718.0
VNM,2023-07-27,62.92374303488405,63.59492962725614,62.75594638679102,63.511031303209634,6208219.0
VNM,2023-07-28,63.59492962725614,65.18899778413987,63.42713297916311,64.93730281200034,6143629.0
VNM,2023-07-31,64.85340448795382,65.77628605246547,64.76950616390731,65.4406927562794,3814939.0
VNM,2023-08-01,65.4406927562794,65.4406927562794,63.762726275349166,63.762726275349166,5730817.0
VNM,2023-08-02,63.762726275349166,64.18221789558173,63.17543800702358,63.846624599395675,5698936.0
VNM,2023-08-03,64.23672617717845,64.23672617717845,62.93638759059589,62.93638759059589,2917624.0
VNM,2023-08-04,62.849698351490396,63.28314454701791,62.41625215596287,63.28314454701791,3165220.0
VNM,2023-08-07,63.196455307912416,64.9302400900225,62.67631987327938,64.9302400900225,5087933.0
VNM,2023-08-08,64.75686161181149,64.9302400900225,64.06334769896745,64.58348313360047,3510526.0
VNM,2023-08-09,64.58348313360047,64.58348313360047,63.109766068806906,63.369833786123415,3727162.0
VNM,2023-08-10,63.369833786123415,64.15003693807296,63.196455307912416,63.369833786123415,2813226.0
VNM,2023-08-11,63.369833786123415,63.716590742545435,62.76300911238489,63.716590742545435,2204332.0
VNM,2023-08-14,63.62990150343993,63.716590742545435,62.849698351490396,63.62990150343993,3366511.0
VNM,2023-08-15,63.196455307912416,63.62990150343993,63.0230768297014,63.109766068806906,2259703.0
VNM,2023-08-16,63.109766068806906,63.716590742545435,62.849698351490396,63.369833786123415,2083904.0
VNM,2023-08-17,63.369833786123415,64.58348313360047,63.196455307912416,63.80327998165093,4650904.0
VNM,2023-08-18,63.716590742545435,64.84355085091698,62.50294139506837,63.54321226433442,7106201.0
VNM,2023-08-21,63.0230768297014,63.976658459861945,63.0230768297014,63.196455307912416,3617708.0
VNM,2023-08-22,63.456523025228925,63.456523025228925,61.63604900401333,63.0230768297014,3075108.0
VNM,2023-08-23,62.76300911238489,63.80327998165093,62.06949519954085,63.716590742545435,4172801.0
VNM,2023-08-24,63.716590742545435,64.9302400900225,63.28314454701791,64.75686161181149,5206002.0
VNM,2023-08-25,65.2769970464445,65.2769970464445,64.41010465538946,64.9302400900225,3045401.0
VNM,2023-08-28,65.01692932912799,67.70429574139861,65.01692932912799,67.53091726318762,6039700.0
VNM,2023-08-29,67.18416030676559,67.27084954587109,66.05720019839404,67.0974710676601,4199901.0
VNM,2023-08-30,66.75071411123807,68.05105269782064,66.31726791571056,67.44422802408211,2659700.0
VNM,2023-08-31,67.18416030676559,68.39780965424265,66.83740335034358,67.44422802408211,4386000.0
VNM,2023-09-05,68.05105269782064,69.78483747993072,67.70429574139861,69.43808052350869,6839901.0
VNM,2023-09-06,69.43808052350869,69.43808052350869,68.91794508887567,69.35139128440319,2280401.0
VNM,2023-09-07,69.2647020452977,69.35139128440319,68.13774193692613,68.91794508887567,3726700.0
VNM,2023-09-08,68.65787737155917,69.43808052350869,68.57118813245366,69.35139128440319,2774901.0
VNM,2023-09-11,69.35139128440319,70.30497291456373,67.27084954587109,68.91794508887567,4234900.0
VNM,2023-09-12,68.48449889334815,69.95821595814172,67.87767421960962,69.61145900171971,2708500.0
VNM,2023-09-13,69.00463432798117,69.61145900171971,68.22443117603164,68.57118813245366,2507600.0
VNM,2023-09-14,68.05105269782064,69.35139128440319,67.96436345871513,68.83125584977017,2660100.0
VNM,2023-09-15,68.83125584977017,70.39166215366924,68.48449889334815,68.91794508887567,5614800.0
VNM,2023-09-18,68.57118813245366,69.17801280619219,68.22443117603164,68.39780965424265,1499600.0
VNM,2023-09-19,68.05105269782064,68.39780965424265,67.0974710676601,68.39780965424265,2571703.0
VNM,2023-09-20,67.96436345871513,68.31112041513714,67.61760650229311,67.87767421960962,2403202.0
VNM,2023-09-21,67.70429574139861,67.87767421960962,67.01078182855458,67.61760650229311,2577902.0
VNM,2023-09-22,66.83740335034358,67.87767421960962,65.71044324197202,67.18416030676559,4361903.0
VNM,2023-09-25,66.92409258944909,68.05105269782064,66.49064639392157,67.27084954587109,2795503.0
VNM,2023-09-26,67.27084954587109,67.61760650229311,65.88382172018304,65.97051095928853,2634600.0
VNM,2023-09-27,66.14388943749954,66.40395715481606,64.84355085091698,66.40395715481606,2273300.0
VNM,2023-09-28,65.97051095928853,66.23057867660505,64.84355085091698,64.84355085091698,2034300.0
VNM,2023-09-29,65.01692932912799,66.23057867660505,64.32341541628396,64.32341541628396,1403900.0
VNM,2023-10-02,64.32341541628396,65.53706476376101,64.32341541628396,65.53706476376101,1304901.0
VNM,2023-10-03,64.67017237270598,65.10361856823349,64.06334769896745,64.15003693807296,2013700.0
VNM,2023-10-04,63.80327998165093,64.67017237270598,63.62990150343993,64.49679389449497,1177900.0
VNM,2023-10-05,64.23672617717845,64.49679389449497,63.0230768297014,63.0230768297014,2645700.0
VNM,2023-10-06,63.0230768297014,64.32341541628396,62.93638759059589,64.32341541628396,1327000.0
VNM,2023-10-09,64.15003693807296,64.23672617717845,63.80327998165093,63.88996922075644,1621374.0
VNM,2023-10-10,64.41010465538946,65.01692932912799,64.15003693807296,64.49679389449497,1123900.0
VNM,2023-10-11,64.67017237270598,64.84355085091698,64.15003693807296,64.49679389449497,1898774.0
VNM,2023-10-12,64.58348313360047,65.79713248107754,64.58348313360047,65.45037552465551,2534800.0
VNM,2023-10-13,65.36368628555002,66.14388943749954,65.01692932912799,65.71044324197202,1560000.0
VNM,2023-10-16,65.10361856823349,65.71044324197202,64.75686161181149,65.19030780733901,1374400.0
VNM,2023-10-17,65.2769970464445,65.97051095928853,64.84355085091698,64.84355085091698,1595900.0
VNM,2023-10-18,64.84355085091698,64.84355085091698,62.76300911238489,64.06334769896745,2572400.0
VNM,2023-10-19,63.62990150343993,63.62990150343993,61.46267052580234,61.896116721329854,4007700.0
VNM,2023-10-20,61.80942748222434,62.849698351490396,60.8558458520638,62.67631987327938,2371808.0
VNM,2023-10-23,62.15618443864636,62.41625215596287,60.76915661295829,60.8558458520638,2804900.0
VNM,2023-10-24,60.8558458520638,61.37598128669682,60.76915661295829,60.942535091169304,1099508.0
VNM,2023-10-25,60.942535091169304,61.37598128669682,59.815574982797756,59.815574982797756,2477700.0
VNM,2023-10-26,59.38212878727023,59.468818026375736,57.128208570527136,58.08179020068767,5201700.0
VNM,2023-10-27,58.34185791800418,58.94868259174272,57.73503324426565,58.94868259174272,1811000.0
VNM,2023-10-30,58.861993352637214,58.94868259174272,58.168479439793174,58.60192563532069,1112000.0
VNM,2023-10-31,58.861993352637214,60.24902117832527,58.60192563532069,58.94868259174272,2183600.0
VNM,2023-11-01,59.815574982797756,61.11591356938031,58.861993352637214,61.029224330274815,2337200.0
VNM,2023-11-02,61.11591356938031,61.46267052580234,60.50908889564178,61.46267052580234,2390200.0
VNM,2023-11-03,61.46267052580234,61.46267052580234,60.50908889564178,60.682467373852795,1692700.0
VNM,2023-11-06,60.8558458520638,61.98280596043535,60.76915661295829,61.549359764907834,1136800.0
VNM,2023-11-07,61.11591356938031,61.37598128669682,60.50908889564178,61.37598128669682,1474700.0
VNM,2023-11-08,61.37598128669682,61.98280596043535,60.50908889564178,61.896116721329854,2339600.0
VNM,2023-11-09,62.06949519954085,62.50294139506837,61.289292047591324,61.289292047591324,3420100.0
VNM,2023-11-10,61.37598128669682,61.37598128669682,60.335710417430775,60.335710417430775,2833100.0
VNM,2023-11-13,60.422399656536285,60.682467373852795,59.468818026375736,59.555507265481246,1730800.0
VNM,2023-11-14,59.815574982797756,60.162331939219776,59.12206106995372,59.72888574369225,2996000.0
VNM,2023-11-15,60.682467373852795,62.24287367775186,60.682467373852795,61.289292047591324,3949400.0
VNM,2023-11-16,61.202602808485814,61.80942748222434,60.59577813474729,60.942535091169304,2368200.0
VNM,2023-11-17,61.549359764907834,61.63604900401333,59.98895346100876,60.682467373852795,2335800.0
VNM,2023-11-20,59.98895346100876,60.59577813474729,59.815574982797756,60.075642700114265,2001000.0
VNM,2023-11-21,60.162331939219776,60.50908889564178,59.72888574369225,60.24902117832527,2989800.0
VNM,2023-11-22,60.24902117832527,60.8558458520638,59.815574982797756,60.162331939219776,1533200.0
VNM,2023-11-23,60.50908889564178,60.59577813474729,59.555507265481246,59.555507265481246,1653100.0
VNM,2023-11-24,59.468818026375736,59.72888574369225,58.60192563532069,59.208750309059226,3128900.0
VNM,2023-11-27,59.208750309059226,59.29543954816474,58.861993352637214,59.03537183084821,1333300.0
VNM,2023-11-28,59.03537183084821,59.38212878727023,58.515236396215194,59.38212878727023,1957253.0
VNM,2023-11-29,59.38212878727023,59.64219650458674,59.12206106995372,59.29543954816474,1419153.0
VNM,2023-11-30,59.29543954816474,59.555507265481246,58.4285471571097,58.4285471571097,2630600.0
VNM,2023-12-01,58.94868259174272,59.38212878727023,58.68861487442621,59.29543954816474,1558800.0
VNM,2023-12-04,59.38212878727023,60.24902117832527,59.29543954816474,59.64219650458674,3006800.0
VNM,2023-12-05,59.64219650458674,59.815574982797756,58.94868259174272,59.03537183084821,2302100.0
VNM,2023-12-06,59.03537183084821,59.468818026375736,59.03537183084821,59.38212878727023,1606600.0
VNM,2023-12-07,59.64219650458674,59.64219650458674,58.515236396215194,59.29543954816474,3921300.0
VNM,2023-12-08,59.29543954816474,60.075642700114265,58.94868259174272,59.815574982797756,3729400.0
VNM,2023-12-11,61.11591356938031,61.11591356938031,60.59577813474729,60.682467373852795,4764500.0
VNM,2023-12-12,60.682467373852795,60.76915661295829,59.815574982797756,60.162331939219776,2788700.0
VNM,2023-12-13,60.335710417430775,60.422399656536285,59.03537183084821,59.12206106995372,4601000.0
VNM,2023-12-14,59.29543954816474,59.72888574369225,59.12206106995372,59.29543954816474,1462000.0
VNM,2023-12-15,59.38212878727023,59.468818026375736,59.03537183084821,59.03537183084821,4122500.0
VNM,2023-12-18,59.03537183084821,59.12206106995372,58.08179020068767,58.08179020068767,3613100.0
VNM,2023-12-19,58.168479439793174,58.4285471571097,57.47496552694914,58.08179020068767,3151900.0
VNM,2023-12-20,58.08179020068767,59.12206106995372,58.08179020068767,59.03537183084821,2623900.0
VNM,2023-12-21,58.861993352637214,59.208750309059226,58.7753041135317,58.7753041135317,2875900.0
VNM,2023-12-22,58.7753041135317,59.03537183084821,58.515236396215194,58.60192563532069,2620700.0
VNM,2023-12-25,58.60192563532069,59.555507265481246,58.60192563532069,58.861993352637214,3128279.0
VNM,2023-12-26,59.208750309059226,59.38212878727023,58.94868259174272,58.94868259174272,1975400.0
VNM,2023-12-27,59.38533949939303,59.56000226262654,58.94868259130926,58.94868259130926,1736400.0
VNM,2023-12-28,58.94868259130926,59.8219964074768,58.94868259130926,59.8219964074768,2873700.0
VNM,2023-12-29,59.996659170710316,59.996659170710316,59.03601397292601,59.03601397292601,2257800.0
VNM,2024-01-02,59.56000226262654,59.8219964074768,59.29800811777628,59.64733364424329,2142800.0
VNM,2024-01-03,59.73466502586005,60.25865331556057,59.38533949939303,60.25865331556057,1979801.0
VNM,2024-01-04,60.34598469717732,60.69531022364435,60.25865331556057,60.25865331556057,3401500.0
VNM,2024-01-05,60.520647460410835,60.520647460410835,59.8219964074768,60.083990552327066,1775700.0
VNM,2024-01-08,60.25865331556057,60.34598469717732,59.56000226262654,59.56000226262654,2396400.0
VNM,2024-01-09,59.56000226262654,59.8219964074768,59.38533949939303,59.472670881009776,2579400.0
VNM,2024-01-10,59.472670881009776,59.472670881009776,58.86135120969251,58.94868259130926,3006600.0
VNM,2024-01-11,58.94868259130926,59.8219964074768,58.94868259130926,59.29800811777628,2083900.0
VNM,2024-01-12,59.03601397292601,59.29800811777628,58.51202568322549,58.686688446458994,3283000.0
VNM,2024-01-15,58.686688446458994,58.94868259130926,58.51202568322549,58.51202568322549,2336501.0
VNM,2024-01-16,58.51202568322549,58.86135120969251,58.250031538375225,58.86135120969251,2072400.0
VNM,2024-01-17,58.94868259130926,59.29800811777628,58.51202568322549,58.59935706484224,1916400.0
VNM,2024-01-18,58.774019828075744,59.21067673615952,58.774019828075744,58.86135120969251,3008200.0
VNM,2024-01-19,58.86135120969251,59.90932778909355,58.86135120969251,59.38533949939303,2809900.0
VNM,2024-01-22,59.38533949939303,59.996659170710316,59.38533949939303,59.64733364424329,1959800.0
VNM,2024-01-23,59.64733364424329,59.64733364424329,59.03601397292601,59.12334535454277,2252000.0
VNM,2024-01-24,59.21067673615952,59.38533949939303,58.686688446458994,58.774019828075744,2083500.0
VNM,2024-01-25,58.86135120969251,58.94868259130926,58.42469430160874,58.42469430160874,2800500.0
VNM,2024-01-26,58.51202568322549,58.94868259130926,58.51202568322549,58.51202568322549,1675800.0
VNM,2024-01-29,58.59935706484224,58.774019828075744,58.42469430160874,58.51202568322549,2153800.0
VNM,2024-01-30,58.774019828075744,58.774019828075744,58.42469430160874,58.42469430160874,1840400.0
VNM,2024-01-31,58.686688446458994,59.56000226262654,58.42469430160874,58.51202568322549,4441100.0
VNM,2024-02-01,58.686688446458994,59.21067673615952,58.686688446458994,58.94868259130926,2549300.0
VNM,2024-02-02,58.94868259130926,59.12334535454277,58.51202568322549,58.86135120969251,2677300.0
VNM,2024-02-05,58.86135120969251,59.56000226262654,58.686688446458994,59.38533949939303,3565900.0
VNM,2024-02-06,59.472670881009776,59.56000226262654,59.03601397292601,59.03601397292601,2463800.0
VNM,2024-02-07,59.03601397292601,59.29800811777628,58.686688446458994,59.03601397292601,2736300.0
VNM,2024-02-15,59.03601397292601,59.38533949939303,58.686688446458994,59.03601397292601,4115500.0
VNM,2024-02-16,59.21067673615952,61.39396127657838,58.94868259130926,61.13196713172812,11114600.0
VNM,2024-02-19,61.917949566278914,63.40258305376373,61.7432868030454,62.79126338244646,7144500.0
VNM,2024-02-20,62.616600619212946,63.22792029053023,62.267275092745926,62.44193785597943,4435700.0
VNM,2024-02-21,62.44193785597943,62.79126338244646,62.00528094789566,62.267275092745926,3590200.0
VNM,2024-02-22,62.267275092745926,63.48991443538049,62.09261232951241,62.52926923759618,4698100.0
VNM,2024-02-23,62.703932000829695,63.48991443538049,62.00528094789566,62.00528094789566,6142500.0
VNM,2024-02-26,62.00528094789566,62.616600619212946,61.7432868030454,62.00528094789566,3138400.0
VNM,2024-02-27,62.17994371112918,63.22792029053023,62.09261232951241,62.87859476406321,5282500.0
VNM,2024-02-28,63.22792029053023,63.40258305376373,62.44193785597943,63.05325752729672,3509000.0
VNM,2024-02-29,63.40258305376373,64.01390272508101,62.52926923759618,62.87859476406321,6568800.0
VNM,2024-03-01,62.96592614567996,62.96592614567996,62.17994371112918,62.44193785597943,4487700.0
VNM,2024-03-04,62.703932000829695,63.48991443538049,62.52926923759618,62.87859476406321,5014600.0
VNM,2024-03-05,62.87859476406321,63.751908580230754,62.616600619212946,63.751908580230754,5530900.0
VNM,2024-03-06,64.01390272508101,64.18856548831452,62.703932000829695,62.703932000829695,4862900.0
VNM,2024-03-07,62.616600619212946,62.96592614567996,62.267275092745926,62.87859476406321,5217600.0
VNM,2024-03-08,62.96592614567996,63.664577198614005,61.13196713172812,61.13196713172812,7361000.0
VNM,2024-03-11,61.568624039811894,62.267275092745926,61.13196713172812,61.39396127657838,4268400.0
VNM,2024-03-12,61.481292658195144,61.655955421428644,61.13196713172812,61.13196713172812,3844000.0
VNM,2024-03-13,61.21929851334487,61.917949566278914,61.13196713172812,61.83061818466215,5702600.0
VNM,2024-03-14,62.00528094789566,62.267275092745926,61.39396127657838,61.568624039811894,5476400.0
VNM,2024-03-15,62.01092737448673,62.01092737448673,60.77247804033151,60.860938707056874,4851100.0
VNM,2024-03-18,60.860938707056874,61.12632070723299,59.79941070635239,60.06479270652852,6796400.0
VNM,2024-03-19,60.59555670688076,60.59555670688076,59.97633203980314,59.97633203980314,3222100.0
VNM,2024-03-20,59.97633203980314,60.684017373606125,59.71095003962702,60.15325337325389,3657800.0
VNM,2024-03-21,60.33017470670464,60.59555670688076,60.06479270652852,60.50709604015539,5061700.0
VNM,2024-03-22,60.684017373606125,60.77247804033151,59.97633203980314,59.97633203980314,6162600.0
VNM,2024-03-25,60.06479270652852,60.33017470670464,59.35710737272552,59.53402870617627,5588600.0
VNM,2024-03-26,59.622489372901654,60.06479270652852,59.53402870617627,59.88787137307777,2524500.0
VNM,2024-03-27,60.15325337325389,60.15325337325389,59.71095003962702,59.88787137307777,2812100.0
VNM,2024-03-28,59.88787137307777,60.50709604015539,59.79941070635239,59.88787137307777,4492200.0
VNM,2024-03-29,60.50709604015539,60.50709604015539,59.71095003962702,59.79941070635239,3694900.0
VNM,2024-04-01,59.79941070635239,59.88787137307777,59.268646706000155,59.268646706000155,5013000.0
VNM,2024-04-02,59.268646706000155,59.622489372901654,59.00326470582404,59.53402870617627,4322900.0
VNM,2024-04-03,59.53402870617627,59.53402870617627,59.00326470582404,59.00326470582404,5046100.0
VNM,2024-04-04,59.00326470582404,60.50709604015539,59.00326470582404,60.33017470670464,8598100.0
VNM,2024-04-05,60.33017470670464,60.33017470670464,59.88787137307777,60.06479270652852,4233800.0
VNM,2024-04-08,60.15325337325389,60.15325337325389,59.18018603927479,59.268646706000155,3716000.0
VNM,2024-04-09,59.35710737272552,59.53402870617627,59.091725372549405,59.268646706000155,2516000.0
VNM,2024-04-10,59.35710737272552,59.53402870617627,59.091725372549405,59.091725372549405,4464100.0
VNM,2024-04-11,59.00326470582404,59.18018603927479,58.82634337237329,58.914804039098655,2947700.0
VNM,2024-04-12,59.091725372549405,59.35710737272552,58.914804039098655,59.00326470582404,2509200.0
VNM,2024-04-15,59.00326470582404,59.00326470582404,57.41097270476732,57.41097270476732,5776100.0
VNM,2024-04-16,57.41097270476732,57.499433371492685,55.73022003698522,56.61482670423896,7128700.0
VNM,2024-04-17,56.96866937114045,57.41097270476732,56.79174803768971,56.79174803768971,5144500.0
VNM,2024-04-19,56.79174803768971,56.96866937114045,55.99560203716134,56.79174803768971,4677100.0
VNM,2024-04-22,57.23405137131657,57.7648153716688,56.61482670423896,56.61482670423896,2035200.0
VNM,2024-04-23,56.79174803768971,56.880208704415075,55.90714137043597,56.17252337061209,2139400.0
VNM,2024-04-24,56.61482670423896,56.880208704415075,56.17252337061209,56.61482670423896,2478300.0
VNM,2024-04-25,56.61482670423896,57.32251203804194,56.52636603751358,57.23405137131657,2006000.0
VNM,2024-04-26,57.23405137131657,58.20711870529567,57.057130037865825,57.499433371492685,2940600.0
VNM,2024-05-02,57.853276038394185,57.94173670511955,57.41097270476732,57.853276038394185,2563400.0
VNM,2024-05-03,58.03019737184492,58.38404003874642,57.94173670511955,58.03019737184492,2204400.0
VNM,2024-05-06,58.20711870529567,58.73788270564792,57.94173670511955,58.20711870529567,2261300.0
VNM,2024-05-07,58.38404003874642,60.59555670688076,58.29557937202105,60.15325337325389,8723900.0
VNM,2024-05-08,60.15325337325389,60.15325337325389,59.35710737272552,60.06479270652852,2984400.0
VNM,2024-05-09,60.06479270652852,60.06479270652852,58.914804039098655,58.914804039098655,2998000.0
VNM,2024-05-10,59.00326470582404,59.71095003962702,58.47250070547179,58.82634337237329,2438800.0
VNM,2024-05-13,58.914804039098655,59.091725372549405,57.853276038394185,58.20711870529567,2882500.0
VNM,2024-05-14,58.29557937202105,59.268646706000155,58.29557937202105,58.82634337237329,2704800.0
VNM,2024-05-15,59.18018603927479,59.53402870617627,59.00326470582404,59.268646706000155,3895400.0
VNM,2024-05-16,59.35710737272552,59.88787137307777,59.268646706000155,59.445568039450905,3153300.0
VNM,2024-05-17,59.53402870617627,59.97633203980314,59.091725372549405,59.268646706000155,4349200.0
VNM,2024-05-20,59.35710737272552,59.79941070635239,58.73788270564792,58.73788270564792,4941500.0
VNM,2024-05-21,58.73788270564792,58.914804039098655,58.20711870529567,58.56096137219717,3821200.0
VNM,2024-05-22,58.73788270564792,59.00326470582404,58.20711870529567,58.20711870529567,3728300.0
VNM,2024-05-23,58.38404003874642,59.268646706000155,58.20711870529567,59.268646706000155,2991400.0
VNM,2024-05-24,59.00326470582404,59.18018603927479,58.1186580385703,58.38404003874642,4194100.0
VNM,2024-05-27,58.47250070547179,58.914804039098655,58.20711870529567,58.47250070547179,2426600.0
VNM,2024-05-28,58.64942203892254,59.53402870617627,58.47250070547179,59.091725372549405,5787500.0
VNM,2024-05-29,59.268646706000155,59.53402870617627,58.38404003874642,58.64942203892254,3644200.0
VNM,2024-05-30,58.47250070547179,58.56096137219717,57.94173670511955,58.1186580385703,4502600.0
VNM,2024-05-31,58.29557937202105,58.29557937202105,57.7648153716688,57.853276038394185,4165400.0
VNM,2024-06-03,58.20711870529567,58.914804039098655,58.1186580385703,58.47250070547179,3302200.0
VNM,2024-06-04,58.47250070547179,58.914804039098655,58.38404003874642,58.38404003874642,3755800.0
VNM,2024-06-05,58.56096137219717,61.214781373958374,58.56096137219717,60.59555670688076,11865800.0
VNM,2024-06-06,61.037860040507624,61.037860040507624,59.445568039450905,59.445568039450905,4907800.0
VNM,2024-06-07,59.79941070635239,60.684017373606125,59.71095003962702,59.97633203980314,4127600.0
VNM,2024-06-10,60.50709604015539,60.59555670688076,59.445568039450905,59.445568039450905,4584100.0
VNM,2024-06-11,59.622489372901654,59.71095003962702,58.73788270564792,58.82634337237329,6177100.0
VNM,2024-06-12,58.82634337237329,59.53402870617627,58.64942203892254,59.268646706000155,3522696.0
VNM,2024-06-13,59.268646706000155,59.622489372901654,59.091725372549405,59.18018603927479,4003600.0
VNM,2024-06-14,59.268646706000155,59.53402870617627,58.56096137219717,58.56096137219717,4124200.0
VNM,2024-06-17,58.64942203892254,58.914804039098655,58.38404003874642,58.38404003874642,3617600.0
VNM,2024-06-18,58.82634337237329,58.82634337237329,58.29557937202105,58.29557937202105,2751700.0
VNM,2024-06-19,58.38404003874642,58.38404003874642,57.58789403821806,57.7648153716688,6211000.0
VNM,2024-06-20,57.853276038394185,59.091725372549405,57.676354704943435,58.38404003874642,4397100.0
VNM,2024-06-21,58.82634337237329,59.35710737272552,58.38404003874642,58.38404003874642,4023700.0
VNM,2024-06-24,58.47250070547179,58.914804039098655,57.7648153716688,57.94173670511955,3871900.0
VNM,2024-06-25,58.20711870529567,58.56096137219717,57.94173670511955,57.94173670511955,3680600.0
VNM,2024-06-26,58.20711870529567,58.20711870529567,57.58789403821806,57.676354704943435,2599300.0
VNM,2024-06-27,57.676354704943435,58.03019737184492,57.58789403821806,57.7648153716688,2755400.0
VNM,2024-06-28,57.94173670511955,58.38404003874642,57.7648153716688,57.94173670511955,2821700.0
VNM,2024-07-01,58.20711870529567,58.38404003874642,57.7648153716688,58.38404003874642,1909300.0
VNM,2024-07-02,58.38404003874642,58.64942203892254,58.20711870529567,58.56096137219717,2042800.0
VNM,2024-07-03,58.56096137219717,58.64942203892254,58.38404003874642,58.56096137219717,1437600.0
VNM,2024-07-04,58.64942203892254,59.18018603927479,58.64942203892254,58.73788270564792,2688900.0
VNM,2024-07-05,58.73788270564792,59.71095003962702,58.73788270564792,59.445568039450905,4285100.0
VNM,2024-07-08,59.53402870617627,59.88787137307777,59.268646706000155,59.79941070635239,4942400.0
VNM,2024-07-09,59.79941070635239,59.97633203980314,59.445568039450905,59.71095003962702,5045200.0
VNM,2024-07-10,59.71095003962702,59.97633203980314,59.091725372549405,59.091725372549405,3991700.0
VNM,2024-07-11,59.18018603927479,59.268646706000155,58.64942203892254,58.64942203892254,3787100.0
VNM,2024-07-12,58.73788270564792,58.914804039098655,58.47250070547179,58.64942203892254,2189900.0
VNM,2024-07-15,58.64942203892254,59.18018603927479,58.56096137219717,58.56096137219717,2155300.0
VNM,2024-07-16,58.73788270564792,59.00326470582404,58.47250070547179,58.47250070547179,2243700.0
VNM,2024-07-17,58.56096137219717,58.82634337237329,58.03019737184492,58.1186580385703,3464800.0
VNM,2024-07-18,58.38404003874642,58.38404003874642,57.94173670511955,58.29557937202105,2363000.0
VNM,2024-07-19,58.29557937202105,58.29557937202105,57.58789403821806,57.7648153716688,3412700.0
VNM,2024-07-22,57.7648153716688,58.38404003874642,57.676354704943435,57.853276038394185,2654800.0
VNM,2024-07-23,58.03019737184492,58.64942203892254,57.94173670511955,58.29557937202105,3777800.0
VNM,2024-07-24,58.20711870529567,58.47250070547179,58.03019737184492,58.03019737184492,3913500.0
VNM,2024-07-25,58.03019737184492,58.1186580385703,57.7648153716688,58.03019737184492,1957600.0
VNM,2024-07-26,57.853276038394185,58.56096137219717,57.853276038394185,58.20711870529567,3275400.0
VNM,2024-07-29,58.56096137219717,59.79941070635239,58.29557937202105,59.445568039450905,5781800.0
VNM,2024-07-30,59.53402870617627,60.50709604015539,59.18018603927479,59.88787137307777,6465600.0
VNM,2024-07-31,60.59555670688076,63.69168004226882,60.59555670688076,63.33783737536733,21564900.0
VNM,2024-08-01,63.51475870881808,63.60321937554345,62.01092737448673,62.187848707937476,8955800.0
VNM,2024-08-02,61.92246670776136,63.60321937554345,61.92246670776136,63.24937670864196,10290200.0
VNM,2024-08-05,62.807073375015094,62.98399470846584,60.59555670688076,61.391702707409124,12245500.0
VNM,2024-08-06,62.187848707937476,64.84166870969868,61.92246670776136,64.31090470934645,13950400.0
VNM,2024-08-07,64.75320804297331,65.28397204332555,64.04552270917033,65.28397204332555,10740700.0
VNM,2024-08-08,65.37243271005093,65.8147360436778,63.86860137571957,64.31090470934645,7611000.0
VNM,2024-08-09,64.39936537607181,64.93012937642406,64.1339833758957,64.84166870969868,4527500.0
VNM,2024-08-12,64.84166870969868,65.8147360436778,64.39936537607181,64.57628670952256,5804000.0
VNM,2024-08-13,64.39936537607181,65.8147360436778,64.31090470934645,65.28397204332555,6834400.0
VNM,2024-08-14,65.4608933767763,65.54935404350167,64.84166870969868,65.4608933767763,5456225.0
VNM,2024-08-15,65.4608933767763,65.99165737712853,65.19551137660018,65.28397204332555,4255830.0
VNM,2024-08-16,65.4608933767763,65.54935404350167,64.75320804297331,65.28397204332555,7392917.0
VNM,2024-08-19,65.4608933767763,67.23010671128375,65.28397204332555,67.23010671128375,7917931.0
VNM,2024-08-20,67.23010671128375,67.4070280447345,66.61088204420615,66.87626404438227,4177349.0
VNM,2024-08-21,66.52242137748077,67.31856737800912,66.4339607107554,66.61088204420615,3991045.0
VNM,2024-08-22,67.23010671128375,67.23010671128375,65.1070507098748,65.63781471022705,6025954.0
VNM,2024-08-23,66.25703937730465,66.87626404438227,65.8147360436778,66.25703937730465,3307633.0
VNM,2024-08-26,66.25703937730465,66.34550004403003,64.84166870969868,64.93012937642406,6324827.0
VNM,2024-08-27,64.93012937642406,65.28397204332555,64.22244404262106,65.01859004314943,4265844.0
VNM,2024-08-28,65.1070507098748,65.4608933767763,64.75320804297331,65.37243271005093,3352840.0
VNM,2024-08-29,65.19551137660018,65.4608933767763,64.93012937642406,65.01859004314943,2042980.0
VNM,2024-08-30,65.1070507098748,66.16857871057928,64.93012937642406,65.37243271005093,3675800.0
VNM,2024-09-04,64.84166870969868,65.90319671040317,64.66474737624793,65.72627537695242,2839125.0
VNM,2024-09-05,65.72627537695242,66.69934271093152,65.54935404350167,66.08011804385391,5841142.0
VNM,2024-09-06,66.25703937730465,66.78780337765689,66.16857871057928,66.69934271093152,3641800.0
VNM,2024-09-09,66.4339607107554,66.4339607107554,65.63781471022705,66.16857871057928,2638800.0
VNM,2024-09-10,66.16857871057928,66.78780337765689,65.72627537695242,66.25703937730465,3332434.0
VNM,2024-09-11,66.16857871057928,66.4339607107554,65.37243271005093,65.99165737712853,3165231.0
VNM,2024-09-12,66.34550004403003,66.52242137748077,65.8147360436778,66.08011804385391,2052124.0
VNM,2024-09-13,66.16857871057928,66.16857871057928,64.4878260427972,64.4878260427972,5347113.0
VNM,2024-09-16,64.57628670952256,64.57628670952256,63.60321937554345,63.60321937554345,4034700.0
VNM,2024-09-17,63.69168004226882,64.93012937642406,63.426298042092704,64.93012937642406,2526732.0
VNM,2024-09-18,65.1070507098748,65.37243271005093,64.57628670952256,64.84166870969868,2845344.0
VNM,2024-09-19,64.84166870969868,65.01859004314943,64.57628670952256,64.84166870969868,1572742.0
VNM,2024-09-20,65.01859004314943,65.4608933767763,64.31090470934645,64.31090470934645,6555403.0
VNM,2024-09-23,64.66474737624793,64.75320804297331,64.22244404262106,64.4878260427972,2997201.0
VNM,2024-09-24,64.99127961795709,64.99127961795709,64.16744649603932,64.35052052313216,2199514.0
VNM,2024-09-25,64.35052052313216,64.44205753667859,63.70976142830723,63.70976142830723,4847436.0
VNM,2024-09-26,63.70976142830723,65.0828166315035,63.70976142830723,64.71666857731785,4484109.0
VNM,2024-09-27,64.80820559086426,65.17435364504993,64.71666857731785,64.99127961795709,3168700.0
VNM,2024-09-30,64.99127961795709,64.99127961795709,64.16744649603932,64.16744649603932,2043516.0
VNM,2024-10-01,64.25898350958575,64.71666857731785,64.16744649603932,64.16744649603932,2040200.0
VNM,2024-10-02,64.25898350958575,64.25898350958575,63.70976142830723,64.16744649603932,2139900.0
VNM,2024-10-03,64.25898350958575,64.533594550225,63.984372468946496,64.35052052313216,2948000.0
VNM,2024-10-04,64.533594550225,64.533594550225,62.61131726575022,62.70285427929663,6134000.0
VNM,2024-10-07,62.885928306389474,63.43515038766798,61.42133608964677,61.42133608964677,5986300.0
VNM,2024-10-08,61.51287310319319,62.42824323865738,61.51287310319319,62.42824323865738,3182649.0
VNM,2024-10-09,62.519780252203795,62.794391292843045,62.0620951844717,62.0620951844717,3827960.0
VNM,2024-10-10,62.519780252203795,62.97746531993589,61.97055817092529,61.97055817092529,3122515.0
VNM,2024-10-11,62.33670622511095,62.42824323865738,61.78748414383245,61.97055817092529,2690038.0
VNM,2024-10-14,62.33670622511095,62.33670622511095,61.42133608964677,61.51287310319319,3220500.0
VNM,2024-10-15,61.51287310319319,61.69594713028604,61.05518803546111,61.146725049007514,3473302.0
VNM,2024-10-16,61.146725049007514,62.33670622511095,61.146725049007514,61.78748414383245,2003900.0
VNM,2024-10-17,61.879021157378865,62.15363219801813,61.60441011673961,61.879021157378865,1655019.0
VNM,2024-10-18,61.879021157378865,62.245169211564544,61.69594713028604,61.69594713028604,1737502.0
VNM,2024-10-21,61.69594713028604,62.15363219801813,61.51287310319319,61.60441011673961,1860000.0
VNM,2024-10-22,61.60441011673961,62.0620951844717,61.51287310319319,61.60441011673961,2250400.0
VNM,2024-10-23,61.60441011673961,61.879021157378865,61.51287310319319,61.60441011673961,1835900.0
VNM,2024-10-24,61.60441011673961,63.160539347028724,61.60441011673961,62.61131726575022,4365000.0
VNM,2024-10-25,62.794391292843045,62.794391292843045,62.15363219801813,62.245169211564544,2170200.0
VNM,2024-10-28,61.97055817092529,62.245169211564544,61.05518803546111,61.51287310319319,2923300.0
VNM,2024-10-29,61.60441011673961,61.60441011673961,61.146725049007514,61.32979907610036,2030600.0
VNM,2024-10-30,61.32979907610036,61.60441011673961,60.68903998127543,60.68903998127543,3431700.0
VNM,2024-10-31,60.96365102191468,60.96365102191468,59.77366984581124,60.505965954182585,5269100.0
VNM,2024-11-01,60.505965954182585,60.68903998127543,60.04828088645049,60.231354913543335,2178005.0
VNM,2024-11-04,60.322891927089756,60.96365102191468,60.04828088645049,60.04828088645049,2118800.0
VNM,2024-11-05,60.13981789999692,60.41442894063617,59.95674387290408,59.95674387290408,1060900.0
VNM,2024-11-06,60.41442894063617,60.41442894063617,59.77366984581124,60.231354913543335,2594600.0
VNM,2024-11-07,60.41442894063617,60.597502967729014,60.04828088645049,60.322891927089756,1152300.0
VNM,2024-11-08,60.41442894063617,60.597502967729014,60.04828088645049,60.13981789999692,1852400.0
VNM,2024-11-11,60.13981789999692,60.231354913543335,59.224447764532734,59.68213283226483,2737600.0
VNM,2024-11-12,59.68213283226483,60.13981789999692,59.31598477807915,59.40752179162558,1729600.0
VNM,2024-11-13,59.5905958187184,60.04828088645049,59.224447764532734,59.49905880517199,2820700.0
VNM,2024-11-14,59.49905880517199,59.49905880517199,59.224447764532734,59.49905880517199,1779900.0
VNM,2024-11-15,59.40752179162558,59.40752179162558,58.309077629068554,58.309077629068554,3688300.0
VNM,2024-11-18,58.309077629068554,58.76676269680064,57.85139256133646,57.85139256133646,3797000.0
VNM,2024-11-19,57.942929574882875,58.12600360197571,57.66831853424362,57.66831853424362,2833600.0
VNM,2024-11-20,57.66831853424362,58.40061464261496,57.5767815206972,58.21754061552213,2818000.0
VNM,2024-11-21,58.309077629068554,58.67522568325422,58.03446658842929,58.49215165616138,2253500.0
VNM,2024-11-22,58.49215165616138,59.31598477807915,58.49215165616138,58.858299710347055,2585700.0
VNM,2024-11-25,58.858299710347055,59.13291075098631,58.76676269680064,58.858299710347055,2446600.0
VNM,2024-11-26,59.0413737374399,59.49905880517199,58.94983672389348,59.31598477807915,1675600.0
VNM,2024-11-27,59.31598477807915,59.49905880517199,59.0413737374399,59.13291075098631,1586400.0
VNM,2024-11-28,59.49905880517199,59.49905880517199,59.0413737374399,59.0413737374399,1273300.0
VNM,2024-11-29,59.0413737374399,59.31598477807915,58.858299710347055,59.13291075098631,1105500.0
VNM,2024-12-02,59.13291075098631,59.31598477807915,58.76676269680064,59.0413737374399,1229100.0
VNM,2024-12-03,59.13291075098631,59.13291075098631,58.49215165616138,58.49215165616138,2425200.0
VNM,2024-12-04,58.40061464261496,58.49215165616138,57.942929574882875,57.942929574882875,2745800.0
VNM,2024-12-05,58.12600360197571,59.224447764532734,57.85139256133646,58.858299710347055,2218400.0
VNM,2024-12-06,59.0413737374399,59.31598477807915,58.67522568325422,58.67522568325422,1677900.0
VNM,2024-12-09,59.0413737374399,59.0413737374399,58.583688669707804,58.67522568325422,1762700.0
VNM,2024-12-10,58.67522568325422,58.94983672389348,58.49215165616138,58.49215165616138,1711000.0
VNM,2024-12-11,58.49215165616138,59.13291075098631,58.49215165616138,58.76676269680064,2024600.0
VNM,2024-12-12,58.76676269680064,59.40752179162558,58.76676269680064,59.13291075098631,2249807.0
VNM,2024-12-13,58.858299710347055,59.0413737374399,58.67522568325422,58.76676269680064,1396700.0
VNM,2024-12-16,58.76676269680064,59.68213283226483,58.76676269680064,59.49905880517199,2387600.0
VNM,2024-12-17,59.40752179162558,59.49905880517199,59.0413737374399,59.13291075098631,1204000.0
VNM,2024-12-18,59.49905880517199,59.5905958187184,59.224447764532734,59.224447764532734,1614100.0
VNM,2024-12-19,58.94983672389348,59.0413737374399,58.49215165616138,58.49215165616138,2646900.0
VNM,2024-12-20,58.583688669707804,59.49905880517199,58.583688669707804,59.49905880517199,3799600.0
VNM,2024-12-23,59.224447764532734,59.49905880517199,58.858299710347055,58.94983672389348,1367800.0
VNM,2024-12-24,58.94983672389348,59.224447764532734,58.67522568325422,58.858299710347055,4725000.0
VNM,2024-12-25,58.94983672389348,59.40752179162558,58.94983672389348,58.94983672389348,1382500.0
VNM,2024-12-26,59.226596518686804,59.226596518686804,58.857583456265075,58.857583456265075,3886800.0
VNM,2024-12-27,58.94983672187051,59.13434325308137,58.765330190659654,58.857583456265075,2819200.0
VNM,2024-12-30,58.67307692505422,58.765330190659654,58.396317128237925,58.396317128237925,1490800.0
VNM,2024-12-31,58.488570393843354,58.857583456265075,58.396317128237925,58.488570393843354,3349900.0
VNM,2025-01-02,58.67307692505422,58.857583456265075,58.21181059702706,58.21181059702706,2336600.0
VNM,2025-01-03,58.304063862632496,58.396317128237925,58.027304065816196,58.11955733142163,1856800.0
VNM,2025-01-06,58.11955733142163,58.304063862632496,57.658291003394474,57.658291003394474,2103500.0
VNM,2025-01-07,57.75054426899991,58.11955733142163,56.828011612945595,56.92026487855103,2802100.0
VNM,2025-01-08,57.19702467536732,57.28927794097275,56.45899855052387,56.92026487855103,2084300.0
VNM,2025-01-09,57.01251814415645,57.10477140976189,56.5512518161293,57.01251814415645,1500000.0
VNM,2025-01-10,56.92026487855103,57.10477140976189,56.5512518161293,56.5512518161293,1720800.0
VNM,2025-01-13,56.45899855052387,57.10477140976189,56.36674528491844,56.64350508173473,1601700.0
VNM,2025-01-14,56.64350508173473,57.01251814415645,56.5512518161293,56.828011612945595,1235100.0
VNM,2025-01-15,57.28927794097275,57.47378447218361,56.92026487855103,56.92026487855103,1216400.0
VNM,2025-01-16,57.47378447218361,57.75054426899991,56.92026487855103,57.10477140976189,1684500.0
VNM,2025-01-17,57.38153120657818,57.38153120657818,57.19702467536732,57.19702467536732,2303292.0
VNM,2025-01-20,57.19702467536732,57.38153120657818,56.828011612945595,57.10477140976189,1633600.0
VNM,2025-01-21,57.19702467536732,57.28927794097275,56.828011612945595,57.01251814415645,1975738.0
VNM,2025-01-22,57.19702467536732,57.19702467536732,56.828011612945595,56.828011612945595,1760900.0
VNM,2025-01-23,56.828011612945595,57.47378447218361,56.828011612945595,57.19702467536732,1858300.0
VNM,2025-01-24,57.10477140976189,57.658291003394474,57.01251814415645,57.38153120657818,1576400.0
VNM,2025-02-03,57.38153120657818,57.38153120657818,55.81322569128585,55.81322569128585,7629600.0
VNM,2025-02-04,55.90547895689129,56.18223875370757,55.35195936325869,55.53646589446956,7983000.0
VNM,2025-02-05,55.72097242568042,56.735758347340166,55.72097242568042,56.735758347340166,3810400.0
VNM,2025-02-06,56.735758347340166,56.828011612945595,55.81322569128585,55.997732222496715,3224800.0
VNM,2025-02-07,55.997732222496715,56.45899855052387,55.90547895689129,56.089985488102144,3012600.0
VNM,2025-02-10,56.45899855052387,56.45899855052387,55.90547895689129,55.90547895689129,2592100.0
VNM,2025-02-11,55.90547895689129,55.997732222496715,55.44421262886413,55.72097242568042,3666500.0
VNM,2025-02-12,55.90547895689129,56.27449201931301,55.81322569128585,56.27449201931301,3555200.0
VNM,2025-02-13,56.27449201931301,56.27449201931301,55.72097242568042,55.997732222496715,2624800.0
VNM,2025-02-14,55.997732222496715,55.997732222496715,55.628719160074986,55.628719160074986,6488800.0
VNM,2025-02-17,55.72097242568042,55.90547895689129,55.35195936325869,55.35195936325869,3632400.0
VNM,2025-02-18,55.72097242568042,55.81322569128585,55.35195936325869,55.628719160074986,2496800.0
VNM,2025-02-19,55.628719160074986,56.18223875370757,55.628719160074986,56.089985488102144,3072700.0
VNM,2025-02-20,56.18223875370757,56.18223875370757,55.90547895689129,55.997732222496715,4473200.0
VNM,2025-02-21,56.089985488102144,57.28927794097275,55.90547895689129,56.64350508173473,4737200.0
VNM,2025-02-24,56.828011612945595,58.94983672187051,56.828011612945595,58.857583456265075,11512800.0
VNM,2025-02-25,59.04208998747594,59.04208998747594,57.75054426899991,58.027304065816196,3934200.0
VNM,2025-02-26,58.11955733142163,58.488570393843354,58.027304065816196,58.21181059702706,3782600.0
VNM,2025-02-27,58.304063862632496,58.304063862632496,57.38153120657818,57.38153120657818,3570600.0
VNM,2025-02-28,57.47378447218361,58.304063862632496,57.38153120657818,57.38153120657818,5468200.0
VNM,2025-03-03,57.93505080021077,58.304063862632496,57.47378447218361,58.304063862632496,3660600.0
VNM,2025-03-04,58.304063862632496,58.857583456265075,58.027304065816196,58.58082365944879,6042000.0
VNM,2025-03-05,58.67307692505422,58.67307692505422,57.84279753460534,57.84279753460534,2275500.0
VNM,2025-03-06,57.84279753460534,58.027304065816196,57.38153120657818,58.027304065816196,3175600.0
VNM,2025-03-07,58.027304065816196,58.11955733142163,57.566037737789046,57.84279753460534,2655600.0
VNM,2025-03-10,58.11955733142163,58.11955733142163,57.658291003394474,57.658291003394474,2579500.0
VNM,2025-03-11,57.47378447218361,57.658291003394474,57.28927794097275,57.566037737789046,2287600.0
VNM,2025-03-12,57.658291003394474,57.93505080021077,57.38153120657818,57.38153120657818,2755400.0
VNM,2025-03-13,57.47378447218361,58.027304065816196,57.10477140976189,57.19702467536732,5100400.0
VNM,2025-03-14,57.566037737789046,57.84279753460534,57.28927794097275,57.28927794097275,2696700.0
VNM,2025-03-17,57.566037737789046,58.488570393843354,57.566037737789046,58.11955733142163,4177100.0
VNM,2025-03-18,58.21181059702706,58.21181059702706,57.658291003394474,57.658291003394474,3281943.0
VNM,2025-03-19,57.84279753460534,57.93505080021077,57.10477140976189,57.47378447218361,3153400.0
VNM,2025-03-20,57.38153120657818,57.38153120657818,56.5512518161293,57.01251814415645,3939200.0
VNM,2025-03-21,57.01251814415645,57.01251814415645,56.45899855052387,56.5512518161293,3855000.0
VNM,2025-03-24,56.64350508173473,57.19702467536732,56.36674528491844,56.64350508173473,2539900.0
VNM,2025-03-25,56.92026487855103,56.92026487855103,56.45899855052387,56.64350508173473,2507400.0
VNM,2025-03-26,56.735758347340166,57.10477140976189,56.45899855052387,56.45899855052387,1846000.0
VNM,2025-03-27,56.45899855052387,56.735758347340166,56.36674528491844,56.36674528491844,2313900.0
VNM,2025-03-28,56.27449201931301,56.36674528491844,55.53646589446956,55.628719160074986,5561600.0
VNM,2025-03-31,56.089985488102144,56.828011612945595,55.90547895689129,55.90547895689129,5880100.0
VNM,2025-04-01,56.45899855052387,56.45899855052387,55.628719160074986,56.089985488102144,3129300.0
VNM,2025-04-02,55.997732222496715,56.64350508173473,55.81322569128585,55.81322569128585,4684400.0
VNM,2025-04-03,54.89069303523154,54.98294630083697,51.93858853585774,52.123095067068604,16938200.0
VNM,2025-04-04,49.81676342693282,54.24492017599352,49.63225689572196,53.96816037917723,9826600.0
VNM,2025-04-08,52.30760159827947,52.492108129490326,50.27802975495998,50.27802975495998,13779500.0
VNM,2025-04-09,47.418178521191614,50.923802614198,47.418178521191614,47.9716981148242,9932600.0
VNM,2025-04-10,51.292815676619725,51.292815676619725,51.292815676619725,51.292815676619725,1914300.0
VNM,2025-04-11,51.292815676619725,53.8759071135718,51.292815676619725,53.04562772312292,9164400.0
VNM,2025-04-14,53.41464078554464,53.41464078554464,52.123095067068604,52.492108129490326,5679700.0
VNM,2025-04-15,52.30760159827947,53.04562772312292,51.93858853585774,51.93858853585774,4163500.0
VNM,2025-04-16,52.030841801463175,52.768867926306626,51.66182873904145,51.66182873904145,3735600.0
VNM,2025-04-17,51.200562411014296,52.21534833267404,50.554789551776274,51.66182873904145,7219000.0
VNM,2025-04-18,52.30760159827947,52.861121191912055,52.21534833267404,52.21534833267404,3137200.0
VNM,2025-04-21,52.3998548638849,52.67661466070119,52.123095067068604,52.30760159827947,3021400.0
VNM,2025-04-22,52.21534833267404,52.21534833267404,49.724510161327395,51.66182873904145,7202000.0
VNM,2025-04-23,52.3998548638849,52.861121191912055,52.030841801463175,52.030841801463175,3586000.0
VNM,2025-04-24,52.123095067068604,52.3998548638849,51.84633527025231,51.93858853585774,2106400.0
VNM,2025-04-25,52.123095067068604,53.78365384796636,52.123095067068604,53.78365384796636,8517700.0
VNM,2025-04-28,53.78365384796636,53.78365384796636,53.04562772312292,53.04562772312292,2664700.0
VNM,2025-04-29,53.04562772312292,53.41464078554464,52.768867926306626,53.13788098872835,4938200.0
VNM,2025-05-05,53.04562772312292,53.13788098872835,52.492108129490326,52.492108129490326,4238300.0
VNM,2025-05-06,52.58436139509576,52.953374457517484,52.492108129490326,52.492108129490326,2552600.0
VNM,2025-05-07,52.492108129490326,53.230134254333784,52.492108129490326,52.768867926306626,2905500.0
VNM,2025-05-08,52.768867926306626,53.322387519939205,52.768867926306626,52.953374457517484,3370986.0
VNM,2025-05-09,53.230134254333784,54.06041364478266,53.230134254333784,53.230134254333784,3832400.0
VNM,2025-05-12,53.50689405115007,54.15266691038809,53.50689405115007,54.06041364478266,6328710.0
VNM,2025-05-13,54.33717344159895,54.429426707204385,53.78365384796636,53.96816037917723,4720500.0
VNM,2025-05-14,54.44575471942092,54.44575471942092,53.58608490806164,53.68160377599045,5034700.0
VNM,2025-05-15,53.68160377599045,54.44575471942092,53.68160377599045,54.2547169835633,4559800.0
VNM,2025-05-16,54.2547169835633,54.2547169835633,53.68160377599045,53.68160377599045,3198400.0
VNM,2025-05-19,53.68160377599045,54.44575471942092,53.49056604013283,53.49056604013283,2964700.0
VNM,2025-05-20,53.58608490806164,53.777122643919256,53.29952830427521,53.39504717220402,5224100.0
VNM,2025-05-21,53.49056604013283,53.49056604013283,52.91745283255998,52.91745283255998,5687500.0
VNM,2025-05-22,52.91745283255998,53.1084905684176,52.53537736084474,52.53537736084474,2952100.0
VNM,2025-05-23,52.72641509670236,53.01297170048879,52.63089622877355,52.82193396463117,5366700.0
VNM,2025-05-26,52.91745283255998,53.29952830427521,52.53537736084474,53.20400943634641,2729200.0
VNM,2025-05-27,53.39504717220402,53.49056604013283,52.82193396463117,52.91745283255998,3680800.0
VNM,2025-05-28,53.20400943634641,53.20400943634641,52.63089622877355,52.72641509670236,3901700.0
VNM,2025-05-29,53.01297170048879,53.01297170048879,52.63089622877355,52.63089622877355,2932300.0
VNM,2025-05-30,52.91745283255998,52.91745283255998,52.34433962498712,52.43985849291593,3274098.0
VNM,2025-06-02,52.43985849291593,52.72641509670236,52.0577830212007,52.15330188912951,2644160.0
VNM,2025-06-03,52.24882075705832,53.49056604013283,52.24882075705832,53.01297170048879,4311900.0
VNM,2025-06-04,53.29952830427521,55.209905662851384,53.01297170048879,54.35023585149211,8419300.0
VNM,2025-06-05,54.44575471942092,54.54127358734973,53.777122643919256,53.777122643919256,2814832.0
VNM,2025-06-06,53.872641511848066,53.872641511848066,52.63089622877355,52.82193396463117,4122490.0
VNM,2025-06-09,52.91745283255998,53.777122643919256,52.82193396463117,52.82193396463117,3035700.0
VNM,2025-06-10,53.01297170048879,53.58608490806164,52.63089622877355,52.82193396463117,2999200.0
VNM,2025-06-11,52.82193396463117,53.1084905684176,52.63089622877355,52.72641509670236,1720880.0
VNM,2025-06-12,53.1084905684176,53.68160377599045,53.01297170048879,53.39504717220402,3282700.0
VNM,2025-06-13,53.01297170048879,53.20400943634641,52.72641509670236,53.01297170048879,3545400.0
VNM,2025-06-16,52.91745283255998,54.063679247705686,52.91745283255998,53.777122643919256,4734300.0
VNM,2025-06-17,53.872641511848066,54.159198115634496,53.58608490806164,53.68160377599045,3406400.0
VNM,2025-06-18,53.777122643919256,54.2547169835633,53.49056604013283,53.49056604013283,4098100.0
VNM,2025-06-19,53.49056604013283,53.872641511848066,53.20400943634641,53.58608490806164,2628700.0
VNM,2025-06-20,53.777122643919256,54.159198115634496,53.39504717220402,54.063679247705686,4661400.0
VNM,2025-06-23,53.49056604013283,53.872641511848066,53.29952830427521,53.39504717220402,3522800.0
VNM,2025-06-24,53.68160377599045,53.968160379776876,53.58608490806164,53.872641511848066,2805700.0
VNM,2025-06-25,53.968160379776876,55.209905662851384,53.872641511848066,54.2547169835633,6268200.0
VNM,2025-06-26,54.2547169835633,54.44575471942092,53.777122643919256,53.872641511848066,3118900.0
VNM,2025-06-27,54.2547169835633,55.974056606281856,53.777122643919256,55.209905662851384,8895400.0
VNM,2025-06-30,55.49646226663781,56.069575474210666,55.30542453078019,55.400943398709,4487800.0
VNM,2025-07-01,55.783018870424236,55.783018870424236,54.63679245527854,54.92334905906496,4063600.0
VNM,2025-07-02,55.01886792699377,55.400943398709,54.73231132320734,55.11438679492258,3775700.0
VNM,2025-07-03,55.11438679492258,55.783018870424236,54.73231132320734,54.92334905906496,5343100.0
VNM,2025-07-04,54.92334905906496,55.30542453078019,54.73231132320734,55.209905662851384,2696200.0
VNM,2025-07-07,55.400943398709,55.687500002495426,55.11438679492258,55.30542453078019,3762300.0
VNM,2025-07-08,55.400943398709,56.54716981385471,55.30542453078019,56.35613207799709,7203100.0
VNM,2025-07-09,56.64268868178351,57.884433964858026,56.4516509459259,57.50235849314279,9836900.0
VNM,2025-07-10,57.788915096929216,57.884433964858026,57.02476415349875,57.02476415349875,5396100.0
VNM,2025-07-11,57.597877361071596,58.07547170071564,57.120283021427554,57.120283021427554,6933200.0
VNM,2025-07-14,57.31132075728517,58.07547170071564,56.64268868178351,57.597877361071596,6233200.0
VNM,2025-07-15,57.884433964858026,58.45754717243088,57.40683962521398,57.40683962521398,6553200.0
VNM,2025-07-16,57.31132075728517,57.50235849314279,56.92924528556994,57.40683962521398,3111000.0
VNM,2025-07-17,57.597877361071596,57.884433964858026,57.120283021427554,57.40683962521398,6357800.0
VNM,2025-07-18,57.40683962521398,58.36202830450207,57.31132075728517,57.50235849314279,5826800.0
VNM,2025-07-21,57.597877361071596,58.07547170071564,57.31132075728517,57.31132075728517,5503300.0
VNM,2025-07-22,57.31132075728517,57.50235849314279,56.83372641764113,57.50235849314279,4760100.0
VNM,2025-07-23,57.693396229000406,58.93514151207493,57.50235849314279,58.93514151207493,9228600.0
VNM,2025-07-24,59.31721698379016,61.13207547443752,59.31721698379016,60.8455188706511,13521100.0
VNM,2025-07-25,60.9410377385799,60.9410377385799,60.272405663078246,60.367924531007056,5124000.0
VNM,2025-07-28,60.46344339893586,61.03655660650871,60.176886795149436,60.46344339893586,8462700.0
VNM,2025-07-29,60.46344339893586,61.32311321029514,59.985849059291816,60.367924531007056,10958000.0
VNM,2025-07-30,60.176886795149436,60.65448113479348,59.985849059291816,60.081367927220626,6078500.0
VNM,2025-07-31,60.176886795149436,60.65448113479348,57.693396229000406,58.45754717243088,11387300.0
VNM,2025-08-01,58.6485849082885,58.6485849082885,57.31132075728517,57.31132075728517,5329800.0
VNM,2025-08-04,57.120283021427554,58.07547170071564,57.120283021427554,57.693396229000406,4363300.0
VNM,2025-08-05,57.788915096929216,58.74410377621731,57.31132075728517,57.40683962521398,9564600.0
VNM,2025-08-06,57.693396229000406,58.93514151207493,57.693396229000406,58.55306604035969,6078500.0
VNM,2025-08-07,59.12617924793254,59.22169811586135,58.07547170071564,58.17099056864445,4741600.0
VNM,2025-08-08,58.26650943657326,59.03066038000373,57.884433964858026,58.07547170071564,6703200.0
VNM,2025-08-11,58.26650943657326,59.31721698379016,58.17099056864445,58.74410377621731,5987800.0
VNM,2025-08-12,59.31721698379016,59.60377358757658,58.6485849082885,59.03066038000373,5407000.0
VNM,2025-08-13,59.22169811586135,59.31721698379016,58.07547170071564,58.36202830450207,6210800.0
VNM,2025-08-14,58.55306604035969,59.41273585171897,58.26650943657326,58.93514151207493,6534600.0
VNM,2025-08-15,59.22169811586135,59.41273585171897,58.26650943657326,58.26650943657326,5660400.0
VNM,2025-08-18,58.36202830450207,58.55306604035969,57.884433964858026,57.979952832786836,4825600.0
VNM,2025-08-19,58.07547170071564,58.45754717243088,57.693396229000406,57.788915096929216,5277700.0
VNM,2025-08-20,57.788915096929216,58.17099056864445,56.92924528556994,57.31132075728517,6338200.0
VNM,2025-08-21,57.40683962521398,58.17099056864445,56.92924528556994,57.40683962521398,6610000.0
VNM,2025-08-22,57.120283021427554,57.215801889356364,55.878537738353046,56.069575474210666,7201500.0
VNM,2025-08-25,56.26061321006828,56.92924528556994,56.069575474210666,56.069575474210666,3360400.0
VNM,2025-08-26,55.974056606281856,57.40683962521398,55.878537738353046,57.02476415349875,2990300.0
VNM,2025-08-27,57.02476415349875,58.45754717243088,56.83372641764113,57.788915096929216,4849200.0
VNM,2025-08-28,58.26650943657326,58.74410377621731,57.979952832786836,58.26650943657326,4278100.0
VNM,2025-08-29,58.55306604035969,58.55306604035969,57.597877361071596,57.597877361071596,4166400.0
VNM,2025-09-03,57.597877361071596,58.74410377621731,57.597877361071596,58.74410377621731,4767300.0
VNM,2025-09-04,58.93514151207493,59.69929245550539,58.74410377621731,59.03066038000373,4228100.0
VNM,2025-09-05,59.12617924793254,59.22169811586135,58.17099056864445,58.17099056864445,5355900.0
VNM,2025-09-08,58.17099056864445,59.12617924793254,57.884433964858026,57.884433964858026,7158800.0
VNM,2025-09-09,57.884433964858026,58.26650943657326,57.40683962521398,57.597877361071596,3516800.0
VNM,2025-09-10,57.788915096929216,57.884433964858026,57.02476415349875,57.120283021427554,3485100.0
VNM,2025-09-11,57.120283021427554,58.45754717243088,56.73820754971232,58.45754717243088,5158900.0
VNM,2025-09-12,58.55306604035969,60.65448113479348,58.26650943657326,60.367924531007056,13975300.0
VNM,2025-09-15,60.55896226686467,60.65448113479348,59.985849059291816,60.272405663078246,3527500.0
VNM,2025-09-16,60.65448113479348,62.469339625440846,60.367924531007056,61.80070754993918,12813100.0
VNM,2025-09-17,61.896226417867986,63.23349056887131,61.896226417867986,62.18278302165441,9865800.0
VNM,2025-09-18,62.18278302165441,62.37382075751203,60.65448113479348,60.75000000272229,5050800.0
VNM,2025-09-19,60.9410377385799,61.03655660650871,59.22169811586135,59.22169811586135,5300500.0
VNM,2025-09-22,59.31721698379016,59.985849059291816,58.6485849082885,58.6485849082885,5285200.0
VNM,2025-09-23,58.74410377621731,59.69929245550539,58.74410377621731,58.83962264414612,3425100.0
VNM,2025-09-24,59.12617924793254,59.22169811586135,58.26650943657326,59.22169811586135,3214500.0
VNM,2025-09-25,59.50825471964777,59.60377358757658,58.74410377621731,58.74410377621731,2752800.0
VNM,2025-09-26,58.74410377621731,59.03066038000373,58.36202830450207,58.36202830450207,2489900.0
VNM,2025-09-29,58.36202830450207,58.45754717243088,57.50235849314279,57.597877361071596,5132105.0
VNM,2025-09-30,57.693396229000406,58.07547170071564,57.31132075728517,57.31132075728517,3106900.0
VNM,2025-10-01,57.979952832786836,59.69929245550539,57.50235849314279,59.31721698379016,4526400.0
VNM,2025-10-02,59.69929245550539,59.7948113234342,58.45754717243088,58.45754717243088,3398700.0
VNM,2025-10-03,58.55306604035969,59.50825471964777,58.45754717243088,58.55306604035969,3998500.0
VNM,2025-10-06,59.89033019136301,59.89033019136301,59.03066038000373,59.60377358757658,4051900.0
VNM,2025-10-07,59.89033019136301,59.89033019136301,58.6485849082885,58.6485849082885,3715300.0
VNM,2025-10-08,59.50825471964777,60.65448113479348,58.93514151207493,60.55896226686467,5919700.0
VNM,2025-10-09,60.55896226686467,60.65448113479348,59.7948113234342,60.081367927220626,3297300.0
VNM,2025-10-10,60.55896226686467,60.55896226686467,59.60377358757658,59.60377358757658,4972200.0
VNM,2025-10-13,59.41273585171897,61.227594342366324,59.03066038000373,61.13207547443752,6305000.0
VNM,2025-10-14,61.51415094615276,61.51415094615276,60.46344339893586,60.65448113479348,5359800.0
VNM,2025-10-15,60.9410377385799,61.51415094615276,60.75000000272229,60.75000000272229,4645400.0
VNM,2025-10-16,60.8,61.2,60.2,61.2,5158400.0
VNM,2025-10-17,61.0,61.2,58.8,58.8,6187800.0
VNM,2025-10-20,58.9,59.4,55.0,55.0,8737700.0
VNM,2025-10-21,56.1,58.0,56.1,56.5,7068100.0
VNM,2025-10-22,57.1,57.3,55.7,56.3,3846700.0
VNM,2025-10-23,56.5,57.1,56.3,56.6,2327300.0
VNM,2025-10-24,56.9,58.1,56.1,58.1,3959900.0
VNM,2025-10-27,58.4,58.4,57.0,57.0,2998800.0
VNM,2025-10-28,57.2,57.4,56.8,57.4,2079100.0
VNM,2025-10-29,57.5,57.9,57.1,57.5,1973006.0
VNM,2025-10-30,57.8,57.9,57.0,57.1,1905203.0
VNM,2025-10-31,57.4,57.7,57.1,57.6,2641502.0
VNM,2025-11-03,57.7,58.3,57.3,57.3,2642700.0
VNM,2025-11-04,57.6,57.9,56.3,57.3,4333219.0
VNM,2025-11-05,57.3,58.5,57.1,58.0,3831600.0
VNM,2025-11-06,58.0,58.5,57.6,58.0,2241200.0
VNM,2025-11-07,57.6,58.4,57.5,57.6,3251100.0
VNM,2025-11-10,57.7,57.9,57.0,57.0,2675800.0
VNM,2025-11-11,57.0,59.0,57.0,58.9,5152704.0
VNM,2025-11-12,58.8,60.0,58.5,59.8,5161900.0
VNM,2025-11-13,59.8,62.0,59.7,61.8,9741800.0
VNM,2025-11-14,61.7,63.3,61.6,62.8,10146900.0
VNM,2025-11-17,62.9,63.3,61.8,62.1,4198418.0
VNM,2025-11-18,62.0,62.3,60.5,60.7,5714909.0
VNM,2025-11-19,60.7,61.9,60.5,60.9,4458507.0
VNM,2025-11-20,61.4,61.6,60.5,60.7,2950105.0
VNM,2025-11-21,60.3,60.7,59.7,59.9,4191105.0
VNM,2025-11-24,60.1,63.4,60.1,63.0,10174312.0
VNM,2025-11-25,63.0,63.2,61.9,61.9,4907903.0
VNM,2025-11-26,62.3,63.2,62.3,62.8,3904003.0
VNM,2025-11-27,63.0,63.4,62.0,62.0,4012308.0
VNM,2025-11-28,62.2,64.5,62.2,64.0,12016300.0
VNM,2025-12-01,64.3,65.9,64.3,64.9,9107300.0
VNM,2025-12-02,64.8,65.6,64.5,65.0,6764300.0
VNM,2025-12-03,65.1,65.2,64.0,64.6,5448600.0
VNM,2025-12-04,65.0,65.1,63.4,63.4,5918000.0
VNM,2025-12-05,63.6,64.5,63.4,63.4,3639400.0
VNM,2025-12-08,63.3,64.5,63.2,63.5,3322000.0
VNM,2025-12-09,63.5,64.1,62.5,62.5,5389200.0
VNM,2025-12-10,62.4,64.5,62.3,63.1,3496600.0
VNM,2025-12-11,63.0,63.5,61.5,61.5,4902300.0
VNM,2025-12-12,61.7,62.0,60.2,60.2,4446400.0
VNM,2025-12-15,60.3,62.6,60.3,62.0,4292600.0
VNM,2025-12-16,62.0,64.4,61.7,64.2,7213305.0
VNM,2025-12-17,64.1,64.1,62.9,62.9,2454412.0
VNM,2025-12-18,63.6,64.0,62.9,63.9,3115000.0
VNM,2025-12-19,63.7,64.0,63.0,64.0,3049704.0
VNM,2025-12-22,63.9,63.9,63.1,63.2,98790334.0
VNM,2025-12-23,63.5,64.1,62.3,62.6,4690901.0
VNM,2025-12-24,62.8,62.9,61.5,61.5,4960200.0
VNM,2025-12-25,61.6,62.3,61.3,61.3,2369800.0
VNM,2025-12-26,61.6,62.3,61.2,61.5,2444204.0
VNM,2025-12-29,61.5,62.2,61.4,62.1,1943000.0
VNM,2025-12-30,62.1,62.3,61.7,61.8,1581003.0
VNM,2025-12-31,61.9,62.0,61.2,61.2,1904604.0
VNM,2026-01-05,61.3,61.5,60.0,60.3,2814700.0
VNM,2026-01-06,60.5,60.9,60.3,60.8,2963306.0
VNM,2026-01-07,60.8,61.5,60.5,60.9,3228104.0
VNM,2026-01-08,61.1,63.4,61.1,62.2,5636400.0
VNM,2026-01-09,62.4,62.5,61.0,61.0,4184100.0
VNM,2026-01-12,61.1,62.7,61.1,62.7,4146300.0
VNM,2026-01-13,62.9,64.9,62.8,63.3,6761300.0
VNM,2026-01-14,63.6,67.7,63.4,67.7,24838300.0
VNM,2026-01-15,70.0,72.4,69.5,71.0,19260600.0
VNM,2026-01-16,71.1,73.0,69.1,69.6,13372500.0
VNM,2026-01-19,69.8,71.0,68.3,70.6,10385300.0
VNM,2026-01-20,71.5,75.5,71.1,73.4,21521900.0
VNM,2026-01-21,73.0,73.0,70.0,70.3,11234100.0
VNM,2026-01-22,71.1,72.8,70.0,70.9,8055200.0
VNM,2026-01-23,69.4,70.1,67.2,67.2,16050400.0
VNM,2026-01-26,67.4,69.3,67.4,68.9,8864800.0
VNM,2026-01-27,68.4,68.6,66.1,67.7,8357800.0
VNM,2026-01-28,67.7,69.5,67.2,67.7,9816800.0
VNM,2026-01-29,68.5,71.1,67.9,71.1,10036800.0
VNM,2026-01-30,71.5,72.5,70.5,70.6,7844800.0
VNM,2026-02-02,70.9,72.6,70.3,72.6,10777700.0
VNM,2026-02-03,72.9,73.6,71.3,71.6,7261000.0
VNM,2026-02-04,71.8,72.6,70.8,72.0,7672500.0
VNM,2026-02-05,71.9,72.2,69.1,69.1,8057000.0
VNM,2026-02-06,68.3,70.7,68.2,69.1,6695900.0
VNM,2026-02-09,69.4,70.4,69.3,69.6,2573300.0
VNM,2026-02-10,69.6,70.5,68.1,68.4,5090400.0
VNM,2026-02-11,68.4,69.9,68.4,69.1,2672900.0
VNM,2026-02-12,69.3,69.8,69.0,69.0,1951100.0
VNM,2026-02-13,69.0,69.8,68.6,69.5,3341400.0
VNM,2026-02-23,70.0,71.3,69.8,70.6,4211800.0
VNM,2026-02-24,70.6,71.3,70.2,70.2,3552500.0
VNM,2026-02-25,70.4,73.4,70.4,72.3,9804200.0
VNM,2026-02-26,71.2,71.4,69.6,70.6,14298200.0
VNM,2026-02-27,70.2,70.6,68.0,68.2,13371400.0
VNM,2026-03-02,66.9,69.8,66.5,66.6,12468700.0
VNM,2026-03-03,66.6,67.3,63.4,63.4,17815700.0
VNM,2026-03-04,63.4,64.9,62.0,64.9,13382500.0
VNM,2026-03-05,65.0,65.2,63.0,63.2,8165700.0
VNM,2026-03-06,63.0,63.0,62.2,62.4,6471800.0
VNM,2026-03-09,59.0,59.1,58.1,58.1,18046300.0
VNM,2026-03-10,60.0,62.1,59.5,62.1,10762100.0
VNM,2026-03-11,61.7,63.7,61.6,63.0,7507500.0
VNM,2026-03-12,62.0,62.7,61.3,61.6,6298800.0
VNM,2026-03-13,62.0,63.2,61.6,63.1,5388500.0
VNM,2026-03-16,62.6,62.9,61.7,61.8,2965000.0
VNM,2026-03-17,62.7,63.0,61.5,61.5,3816100.0
VNM,2026-03-18,61.8,62.7,61.6,61.7,2596400.0
VNM,2026-03-19,61.4,62.0,60.8,61.0,6400100.0
VNM,2026-03-20,61.0,61.5,60.0,60.0,5734800.0
VNM,2026-03-23,59.2,61.0,59.2,60.8,5908000.0
VNM,2026-03-24,61.8,61.8,60.9,61.2,2689900.0
VNM,2026-03-25,61.5,62.2,61.4,62.1,3445600.0
VNM,2026-03-26,62.1,62.1,61.0,61.0,2044000.0
VNM,2026-03-27,61.0,61.9,60.9,61.5,2137400.0
VNM,2026-03-30,60.6,61.5,60.2,60.6,4075600.0
VNM,2026-03-31,61.0,61.5,60.5,60.5,5323200.0
VNM,2026-04-01,61.3,62.2,61.0,61.3,5446200.0
VNM,2026-04-02,61.5,61.7,60.8,60.8,2855300.0
VNM,2026-04-03,61.0,61.7,60.0,60.0,3788600.0
VNM,2026-04-06,60.0,61.0,60.0,60.9,2587400.0
VNM,2026-04-07,60.9,61.2,60.3,61.0,1825200.0
VNM,2026-04-08,62.2,62.7,61.7,62.6,5568500.0
VNM,2026-04-09,61.8,62.1,61.4,61.8,2921000.0
VNM,2026-04-10,62.6,64.0,62.5,62.8,6158400.0
VNM,2026-04-13,62.4,62.8,62.2,62.8,3418300.0
VNM,2026-04-14,63.4,63.5,62.0,62.0,4247700.0
VNM,2026-04-15,62.1,62.6,61.2,61.3,4403200.0
VNM,2026-04-16,61.5,61.7,61.1,61.1,2272100.0
VNM,2026-04-17,61.3,62.7,61.3,61.3,3115500.0
VNM,2026-04-20,61.4,62.4,61.3,61.5,3251900.0
VNM,2026-04-21,61.9,62.7,61.5,61.6,5306600.0
VNM,2026-04-22,61.6,62.3,61.5,61.8,3939900.0
VNM,2026-04-23,62.0,62.5,61.0,62.0,4234100.0
VNM,2026-04-24,62.1,62.1,60.5,61.4,5855700.0
VNM,2026-04-28,61.2,61.3,60.5,61.2,3220800.0
VNM,2026-04-29,60.3,61.3,60.3,60.9,2407200.0
VNM,2026-05-04,61.1,61.6,60.7,60.9,1873800.0
VNM,2026-05-05,61.1,61.2,60.4,61.1,2751900.0
VNM,2026-05-06,61.2,61.7,60.7,61.5,2590900.0
VNM,2026-05-07,61.6,61.8,61.1,61.5,4751300.0
VNM,2026-05-08,61.8,61.8,60.9,60.9,2787000.0
VNM,2026-05-11,61.1,61.1,60.5,60.6,3875800.0
VNM,2026-05-12,60.6,60.7,59.9,60.1,4102800.0
VNM,2026-05-13,60.1,60.1,58.7,59.3,8534300.0
VNM,2026-05-14,59.3,60.1,59.3,60.1,3058300.0
