Symbol,Date,Open,High,Low,Close,Volume
VPB,2021-05-17,21.798807482213068,21.994605154208998,21.178781520892638,21.472478028886524,36498385.0
VPB,2021-05-18,21.472478028886524,21.929339263543685,21.04824973956202,21.929339263543685,31765700.0
VPB,2021-05-19,21.700908646215105,22.02723809954165,21.211414466225293,22.02723809954165,42405500.0
VPB,2021-05-20,21.929339263543685,21.994605154208998,21.37457919288856,21.798807482213068,35350700.0
VPB,2021-05-21,21.798807482213068,22.19040282620492,21.211414466225293,22.12513693553961,42798800.0
VPB,2021-05-24,22.12513693553961,22.12513693553961,21.2766803568906,21.766174536880413,40148000.0
VPB,2021-05-25,21.37457919288856,22.02723809954165,21.34194624755591,21.798807482213068,33498700.0
VPB,2021-05-26,21.73354159154776,22.157769880872266,21.570376864884487,22.0598710448743,35297100.0
VPB,2021-05-27,22.092503990206957,22.092503990206957,21.570376864884487,21.96197220887634,38691900.0
VPB,2021-05-28,21.89670631821103,22.4188334435335,21.831440427545726,22.386200498200843,40027100.0
VPB,2021-05-31,22.386200498200843,22.581998170196773,21.929339263543685,22.581998170196773,33519500.0
VPB,2021-06-01,22.353567552868192,22.908327623523316,21.929339263543685,22.614631115529424,46555100.0
VPB,2021-06-02,22.516732279531464,22.940960568855967,22.22303577153757,22.908327623523316,29533000.0
VPB,2021-06-03,22.87569467819066,23.10412529551924,22.22303577153757,23.03885940485393,59339900.0
VPB,2021-06-04,22.614631115529424,23.430454748845783,22.386200498200843,23.39782180351313,76637800.0
VPB,2021-06-07,23.169391186184548,23.49572063951109,22.679897006194736,23.49572063951109,46024200.0
VPB,2021-06-08,23.202024131517202,23.49572063951109,22.87569467819066,23.33255591284782,51463140.0
VPB,2021-06-09,23.169391186184548,23.5609865301764,22.87569467819066,23.430454748845783,33409200.0
VPB,2021-06-10,23.169391186184548,23.528353584843742,22.87569467819066,23.430454748845783,76830000.0
VPB,2021-06-11,23.169391186184548,23.430454748845783,22.908327623523316,23.39782180351313,30316000.0
VPB,2021-06-14,23.26729002218251,23.26729002218251,22.843061732858004,23.136758240851897,36309400.0
VPB,2021-06-15,22.908327623523316,22.908327623523316,21.537743919551833,21.700908646215105,38980100.0
VPB,2021-06-16,21.537743919551833,22.19040282620492,21.537743919551833,21.798807482213068,26164794.0
VPB,2021-06-17,21.537743919551833,21.668275700882454,21.211414466225293,21.537743919551833,16905800.0
VPB,2021-06-18,21.505110974219182,21.766174536880413,21.505110974219182,21.700908646215105,15485200.0
VPB,2021-06-21,21.73354159154776,21.864073372878376,21.505110974219182,21.700908646215105,15744200.0
VPB,2021-06-22,21.700908646215105,21.798807482213068,21.37457919288856,21.537743919551833,16917700.0
VPB,2021-06-23,22.19040282620492,22.64726406086208,22.157769880872266,22.516732279531464,30671700.0
VPB,2021-06-24,22.679897006194736,22.712529951527387,22.320934607535538,22.386200498200843,13502200.0
VPB,2021-06-25,22.353567552868192,22.516732279531464,22.157769880872266,22.25566871687023,11660600.0
VPB,2021-06-28,22.320934607535538,22.320934607535538,22.092503990206957,22.19040282620492,17376700.0
VPB,2021-06-29,22.19040282620492,22.25566871687023,21.798807482213068,21.831440427545726,15797107.0
VPB,2021-06-30,21.864073372878376,22.19040282620492,21.864073372878376,22.092503990206957,15417000.0
VPB,2021-07-01,22.25566871687023,23.006226459521276,22.0598710448743,22.973593514188625,30962800.0
VPB,2021-07-02,23.430454748845783,23.5609865301764,23.006226459521276,23.528353584843742,32252600.0
VPB,2021-07-05,23.62625242084171,23.78941714750498,23.33255591284782,23.724151256839672,23568800.0
VPB,2021-07-06,23.658885366174363,23.919948928835595,23.169391186184548,23.169391186184548,33287000.0
VPB,2021-07-07,23.169391186184548,23.33255591284782,22.549365224864115,23.07149235018659,16762200.0
VPB,2021-07-08,23.10412529551924,23.234657076849857,22.614631115529424,22.614631115529424,19600100.0
VPB,2021-07-09,22.4188334435335,22.940960568855967,21.864073372878376,22.45146638886615,21204600.0
VPB,2021-07-12,22.320934607535538,22.353567552868192,20.88508501289875,20.88508501289875,22353700.0
VPB,2021-07-13,21.015616794229366,21.211414466225293,20.167160215580353,20.88508501289875,17863800.0
VPB,2021-07-14,20.721920286235477,20.88508501289875,19.612400144925232,20.06926137958239,22439200.0
VPB,2021-07-15,20.101894324915044,21.439845083553873,19.906096652919118,20.88508501289875,17772800.0
VPB,2021-07-16,21.211414466225293,21.309313302223252,20.98298384889671,21.04824973956202,15498800.0
VPB,2021-07-19,20.36295788757628,20.558755559572205,19.579767199592577,19.579767199592577,17389500.0
VPB,2021-07-20,19.579767199592577,19.906096652919118,19.090273019602762,19.775564871588504,11652900.0
VPB,2021-07-21,19.906096652919118,20.134527270247702,19.677666035590537,19.677666035590537,7798100.0
VPB,2021-07-22,19.677666035590537,20.00399548891708,19.481868363594614,19.84083076225381,6736500.0
VPB,2021-07-23,19.808197816921158,19.906096652919118,19.090273019602762,19.090273019602762,11206300.0
VPB,2021-07-26,18.92710829293949,19.057640074270108,18.437614112949674,18.502880003614987,9487800.0
VPB,2021-07-27,18.86184240227418,19.025007128937453,18.470247058282332,18.600778839612946,12908100.0
VPB,2021-07-28,18.470247058282332,18.6334117849456,18.372348222284366,18.372348222284366,4633700.0
VPB,2021-07-29,18.92710829293949,18.9923741836048,18.600778839612946,18.829209456941527,8613600.0
VPB,2021-07-30,18.92710829293949,19.906096652919118,18.829209456941527,19.906096652919118,15637500.0
VPB,2021-08-02,20.06926137958239,20.06926137958239,19.71029898092319,19.71029898092319,7576200.0
VPB,2021-08-03,19.645033090257886,19.873463707586463,19.645033090257886,19.84083076225381,8690200.0
VPB,2021-08-04,19.808197816921158,19.97136254358443,19.71029898092319,19.74293192625585,8200500.0
VPB,2021-08-05,19.775564871588504,20.167160215580353,19.677666035590537,20.167160215580353,8050400.0
VPB,2021-08-06,20.06926137958239,20.23242610624566,19.775564871588504,19.775564871588504,11940900.0
VPB,2021-08-09,19.579767199592577,20.00399548891708,19.579767199592577,19.906096652919118,9098800.0
VPB,2021-08-10,20.00399548891708,20.06926137958239,19.612400144925232,19.74293192625585,6235800.0
VPB,2021-08-11,19.808197816921158,20.199793160913007,19.74293192625585,19.97136254358443,13511100.0
VPB,2021-08-12,20.036628434249735,20.428223778241588,20.00399548891708,20.199793160913007,9907800.0
VPB,2021-08-13,20.558755559572205,20.75455323156813,20.460856723574242,20.75455323156813,15242400.0
VPB,2021-08-16,20.88508501289875,21.798807482213068,20.852452067566094,21.407212138221215,15775700.0
VPB,2021-08-17,21.537743919551833,21.668275700882454,21.04824973956202,21.244047411557943,11417300.0
VPB,2021-08-18,21.211414466225293,21.244047411557943,20.75455323156813,20.88508501289875,14372500.0
VPB,2021-08-19,20.81981912223344,21.08088268489467,20.59138850490486,21.08088268489467,12087300.0
VPB,2021-08-20,20.9177179582314,20.950350903564058,19.906096652919118,20.395590832908933,15963000.0
VPB,2021-08-23,20.23242610624566,20.36295788757628,19.775564871588504,19.775564871588504,9310600.0
VPB,2021-08-24,19.873463707586463,20.265059051578316,19.71029898092319,19.906096652919118,8380400.0
VPB,2021-08-25,20.06926137958239,20.134527270247702,19.84083076225381,20.036628434249735,3734100.0
VPB,2021-08-26,20.167160215580353,20.23242610624566,19.808197816921158,19.84083076225381,4178000.0
VPB,2021-08-27,19.645033090257886,19.97136254358443,19.514501308927265,19.97136254358443,6470800.0
VPB,2021-08-30,20.199793160913007,20.23242610624566,19.938729598251776,20.101894324915044,4160900.0
VPB,2021-08-31,20.134527270247702,20.265059051578316,20.036628434249735,20.101894324915044,5355800.0
VPB,2021-09-01,19.97136254358443,20.23242610624566,19.808197816921158,20.06926137958239,6609200.0
VPB,2021-09-06,20.134527270247702,20.167160215580353,19.873463707586463,19.938729598251776,4702400.0
VPB,2021-09-07,19.97136254358443,20.81981912223344,19.97136254358443,20.721920286235477,10516500.0
VPB,2021-09-08,20.75455323156813,20.787186176900786,20.23242610624566,20.23242610624566,5217900.0
VPB,2021-09-09,20.23242610624566,20.721920286235477,20.23242610624566,20.689287340902823,6194500.0
VPB,2021-09-10,20.75455323156813,21.34194624755591,20.75455323156813,21.08088268489467,10239100.0
VPB,2021-09-13,21.211414466225293,21.537743919551833,21.11351563022733,21.14614857555998,7447900.0
VPB,2021-09-14,21.14614857555998,21.14614857555998,20.787186176900786,20.852452067566094,6174200.0
VPB,2021-09-15,20.624021450237514,20.9177179582314,20.59138850490486,20.852452067566094,4243000.0
VPB,2021-09-16,20.98298384889671,21.211414466225293,20.950350903564058,21.211414466225293,4800400.0
VPB,2021-09-17,21.37457919288856,21.994605154208998,21.34194624755591,21.864073372878376,27837060.0
VPB,2021-09-20,22.353567552868192,22.45146638886615,21.89670631821103,22.02723809954165,8211300.0
VPB,2021-09-21,21.929339263543685,22.092503990206957,21.700908646215105,21.831440427545726,6883800.0
VPB,2021-09-22,21.831440427545726,21.864073372878376,21.537743919551833,21.798807482213068,6083100.0
VPB,2021-09-23,21.73354159154776,22.0598710448743,21.635642755549796,21.864073372878376,6843200.0
VPB,2021-09-24,21.864073372878376,21.96197220887634,21.766174536880413,21.864073372878376,7281300.0
VPB,2021-09-27,21.831440427545726,22.288301662202883,21.798807482213068,21.864073372878376,9870500.0
VPB,2021-09-28,21.864073372878376,21.864073372878376,21.37457919288856,21.798807482213068,6959900.0
VPB,2021-09-29,21.73354159154776,21.73354159154776,21.407212138221215,21.537743919551833,6609400.0
VPB,2021-09-30,21.603009810217145,21.700908646215105,21.34194624755591,21.505110974219182,6937300.0
VPB,2021-10-01,21.407212138221215,21.439845083553873,20.787186176900786,20.852452067566094,9106950.0
VPB,2021-10-04,20.81981912223344,20.852452067566094,20.134527270247702,20.558755559572205,11582400.0
VPB,2021-10-05,20.52612261423955,20.558755559572205,20.36295788757628,20.428223778241588,8952200.0
VPB,2021-10-06,20.460856723574242,20.460856723574242,19.906096652919118,20.101894324915044,16536400.0
VPB,2021-10-07,20.67600442683462,21.087174969413713,20.499788480015003,20.940328347064035,12448200.0
VPB,2021-10-08,20.999066996003908,21.145913618353585,20.73474307577449,21.087174969413713,6885300.0
VPB,2021-10-11,21.028436320473844,21.615822809872554,20.85222037365423,21.615822809872554,10741700.0
VPB,2021-10-12,21.615822809872554,21.733300107752296,21.292760240703263,21.557084160932686,6445500.0
VPB,2021-10-13,21.498345511992813,21.674561458812427,21.3221295651732,21.64519213434249,5638900.0
VPB,2021-10-14,21.43960686305294,21.703930783282363,21.43960686305294,21.703930783282363,8081300.0
VPB,2021-10-15,21.703930783282363,22.085732001391523,21.64519213434249,22.02699335245165,11623400.0
VPB,2021-10-18,22.085732001391523,22.90807308654972,22.02699335245165,22.555641192910493,15081500.0
VPB,2021-10-19,22.643749166320298,22.70248781526017,22.408794570560815,22.61437984185036,10105300.0
VPB,2021-10-20,22.58501051738043,22.790595788669975,22.17383997480133,22.49690254397062,8437100.0
VPB,2021-10-21,22.49690254397062,22.61437984185036,22.056362676921587,22.056362676921587,9096800.0
VPB,2021-10-22,22.17383997480133,22.261947948211137,21.85077740563204,21.85077740563204,6945900.0
VPB,2021-10-25,21.79203875669217,21.79203875669217,21.557084160932686,21.733300107752296,8586600.0
VPB,2021-10-26,21.527714836462746,21.762669432222232,21.26339091623333,21.762669432222232,5707200.0
VPB,2021-10-27,22.02699335245165,22.408794570560815,21.762669432222232,22.291317272681074,6837800.0
VPB,2021-10-28,22.58501051738043,22.673118490790234,22.291317272681074,22.673118490790234,10696700.0
VPB,2021-10-29,22.731857139730106,22.90807308654972,22.261947948211137,22.350055921620942,7980700.0
VPB,2021-11-01,22.320686597151006,22.526271868440556,22.02699335245165,22.056362676921587,6479400.0
VPB,2021-11-02,21.968254703511782,22.144470650331396,21.938885379041846,22.056362676921587,5691000.0
VPB,2021-11-03,22.02699335245165,22.90807308654972,22.02699335245165,22.555641192910493,18265200.0
VPB,2021-11-04,22.643749166320298,22.643749166320298,22.261947948211137,22.320686597151006,4579500.0
VPB,2021-11-05,22.320686597151006,22.58501051738043,22.2325786237412,22.291317272681074,4384700.0
VPB,2021-11-08,22.43816389503075,22.43816389503075,22.02699335245165,22.056362676921587,8295600.0
VPB,2021-11-09,22.085732001391523,22.144470650331396,21.762669432222232,21.762669432222232,10126600.0
VPB,2021-11-10,21.79203875669217,21.85077740563204,21.498345511992813,21.557084160932686,6377200.0
VPB,2021-11-11,21.557084160932686,21.762669432222232,20.881589698124166,21.43960686305294,9282600.0
VPB,2021-11-12,21.43960686305294,21.733300107752296,21.116544293883653,21.586453485402618,7028400.0
VPB,2021-11-15,21.498345511992813,21.527714836462746,21.17528294282352,21.23402159176339,10398800.0
VPB,2021-11-16,21.23402159176339,21.733300107752296,21.087174969413713,21.23402159176339,9244400.0
VPB,2021-11-17,21.292760240703263,21.43960686305294,21.05780564494378,21.23402159176339,11966000.0
VPB,2021-11-18,21.145913618353585,21.26339091623333,20.793481724714358,20.793481724714358,12274299.0
VPB,2021-11-19,20.85222037365423,21.615822809872554,20.47041915554507,21.26339091623333,21869958.0
VPB,2021-11-22,21.26339091623333,22.11510132586146,21.087174969413713,21.557084160932686,17153400.0
VPB,2021-11-23,21.674561458812427,21.79203875669217,21.204652267293458,21.292760240703263,7995100.0
VPB,2021-11-24,21.292760240703263,22.085732001391523,21.087174969413713,21.90951605457191,38582100.0
VPB,2021-11-25,22.2325786237412,22.61437984185036,21.968254703511782,22.320686597151006,35369399.0
VPB,2021-11-26,22.555641192910493,23.201766331249075,22.43816389503075,23.02555038442946,50370600.0
VPB,2021-11-29,22.673118490790234,22.849334437609848,22.320686597151006,22.555641192910493,25574800.0
VPB,2021-11-30,22.790595788669975,22.849334437609848,21.90951605457191,22.144470650331396,21028900.0
VPB,2021-12-01,22.02699335245165,22.261947948211137,21.703930783282363,22.261947948211137,23499000.0
VPB,2021-12-02,22.261947948211137,22.291317272681074,21.733300107752296,21.733300107752296,10689800.0
VPB,2021-12-03,21.90951605457191,22.056362676921587,20.73474307577449,20.969697671533975,23234900.0
VPB,2021-12-06,20.999066996003908,21.17528294282352,19.971140639556165,20.85222037365423,21422000.0
VPB,2021-12-07,20.969697671533975,21.17528294282352,20.47041915554507,20.940328347064035,15401100.0
VPB,2021-12-08,20.969697671533975,21.380868214113068,20.558527128954875,20.999066996003908,16591700.0
VPB,2021-12-09,20.793481724714358,21.116544293883653,20.793481724714358,20.910959022594103,13662500.0
VPB,2021-12-10,20.999066996003908,21.26339091623333,20.881589698124166,21.028436320473844,15396400.0
VPB,2021-12-13,21.145913618353585,21.204652267293458,20.73474307577449,20.793481724714358,11669851.0
VPB,2021-12-14,20.793481724714358,21.028436320473844,20.558527128954875,20.558527128954875,18296100.0
VPB,2021-12-15,20.558527128954875,20.617265777894747,20.235464559785587,20.352941857665325,26319700.0
VPB,2021-12-16,20.558527128954875,20.558527128954875,19.67744739485681,19.794924692736554,37596500.0
VPB,2021-12-17,19.912401990616292,20.206095235315647,19.794924692736554,19.85366334167642,29809400.0
VPB,2021-12-20,20.147356586375775,20.529157804484942,19.85366334167642,20.05924861296597,23286496.0
VPB,2021-12-21,19.971140639556165,20.26483388425552,19.971140639556165,20.05924861296597,11970998.0
VPB,2021-12-22,20.08861793743591,20.206095235315647,19.736186043796682,19.736186043796682,20226000.0
VPB,2021-12-23,19.736186043796682,19.912401990616292,18.972583607578354,19.031322256518227,18647800.0
VPB,2021-12-24,19.207538203337844,20.176725910845715,19.0900609054581,20.117987261905842,13177600.0
VPB,2021-12-27,20.294203208725452,20.382311182135265,19.971140639556165,20.176725910845715,7645200.0
VPB,2021-12-28,20.26483388425552,20.294203208725452,20.029879288496037,20.294203208725452,10574900.0
VPB,2021-12-29,20.382311182135265,20.67600442683462,20.352941857665325,20.411680506605197,12852400.0
VPB,2021-12-30,20.499788480015003,20.881589698124166,20.47041915554507,20.793481724714358,10167498.0
VPB,2021-12-31,20.85222037365423,21.26339091623333,20.822851049184298,21.028436320473844,11820000.0
VPB,2022-01-04,21.23402159176339,21.351498889643135,21.145913618353585,21.17528294282352,15193899.0
VPB,2022-01-05,21.17528294282352,21.23402159176339,20.85222037365423,20.85222037365423,14492100.0
VPB,2022-01-06,20.73474307577449,20.85222037365423,20.499788480015003,20.64663510236468,14840400.0
VPB,2022-01-07,20.617265777894747,20.64663510236468,20.323572533195392,20.323572533195392,11996200.0
VPB,2022-01-10,20.26483388425552,20.617265777894747,20.05924861296597,20.206095235315647,11069825.0
VPB,2022-01-11,20.206095235315647,20.44104983107513,19.971140639556165,20.147356586375775,9857900.0
VPB,2022-01-12,20.08861793743591,20.822851049184298,19.88303266614636,20.793481724714358,12592100.0
VPB,2022-01-13,20.969697671533975,21.292760240703263,20.529157804484942,20.705373751304553,16366100.0
VPB,2022-01-14,20.705373751304553,20.793481724714358,20.382311182135265,20.47041915554507,7407700.0
VPB,2022-01-17,20.47041915554507,20.617265777894747,19.413123474627387,19.413123474627387,12818900.0
VPB,2022-01-18,19.413123474627387,19.912401990616292,19.383754150157454,19.530600772507132,6483100.0
VPB,2022-01-19,19.559970096977064,19.941771315086232,19.559970096977064,19.67744739485681,6560599.0
VPB,2022-01-20,19.736186043796682,19.941771315086232,19.5012314480372,19.941771315086232,7806800.0
VPB,2022-01-21,19.971140639556165,20.411680506605197,19.706816719326742,20.147356586375775,9127100.0
VPB,2022-01-24,20.000509964026097,20.176725910845715,19.383754150157454,19.648078070386877,11998200.0
VPB,2022-01-25,19.618708745916937,20.499788480015003,19.442492799097327,20.499788480015003,11750500.0
VPB,2022-01-26,20.499788480015003,21.351498889643135,20.44104983107513,21.087174969413713,18805000.0
VPB,2022-01-27,21.087174969413713,21.527714836462746,20.793481724714358,20.822851049184298,16617500.0
VPB,2022-01-28,20.940328347064035,21.557084160932686,20.85222037365423,21.527714836462746,24213598.0
VPB,2022-02-07,21.733300107752296,21.85077740563204,21.3221295651732,21.3221295651732,11288200.0
VPB,2022-02-08,21.23402159176339,22.261947948211137,21.204652267293458,21.90951605457191,22498900.0
VPB,2022-02-09,22.02699335245165,22.320686597151006,21.79203875669217,21.79203875669217,20711000.0
VPB,2022-02-10,21.762669432222232,21.880146730101973,21.23402159176339,21.557084160932686,15375100.0
VPB,2022-02-11,21.615822809872554,21.85077740563204,21.43960686305294,21.498345511992813,12765400.0
VPB,2022-02-14,21.26339091623333,21.410237538583008,20.558527128954875,20.558527128954875,20002100.0
VPB,2022-02-15,20.67600442683462,21.26339091623333,20.67600442683462,21.116544293883653,12966400.0
VPB,2022-02-16,21.204652267293458,21.380868214113068,20.940328347064035,20.940328347064035,7134100.0
VPB,2022-02-17,20.940328347064035,21.3221295651732,20.881589698124166,21.3221295651732,11693800.0
VPB,2022-02-18,21.087174969413713,21.145913618353585,20.969697671533975,21.087174969413713,9939800.0
VPB,2022-02-21,21.028436320473844,21.23402159176339,20.793481724714358,21.087174969413713,10573500.0
VPB,2022-02-22,20.85222037365423,21.087174969413713,20.67600442683462,20.881589698124166,11537300.0
VPB,2022-02-23,20.969697671533975,21.23402159176339,20.85222037365423,21.087174969413713,14372600.0
VPB,2022-02-24,21.05780564494378,21.85077740563204,20.910959022594103,21.674561458812427,36271400.0
VPB,2022-02-25,21.90951605457191,22.790595788669975,21.733300107752296,22.43816389503075,49486700.0
VPB,2022-02-28,22.43816389503075,22.731857139730106,22.02699335245165,22.320686597151006,21335600.0
VPB,2022-03-01,22.261947948211137,22.43816389503075,21.99762402798172,22.17383997480133,16869400.0
VPB,2022-03-02,21.968254703511782,21.968254703511782,21.43960686305294,21.43960686305294,29304398.0
VPB,2022-03-03,21.615822809872554,21.99762402798172,21.43960686305294,21.99762402798172,20235000.0
VPB,2022-03-04,22.02699335245165,22.878703762079784,21.99762402798172,22.37942524609088,64811400.0
VPB,2022-03-07,22.320686597151006,22.49690254397062,21.938885379041846,22.144470650331396,19257100.0
VPB,2022-03-08,22.02699335245165,22.144470650331396,21.586453485402618,21.733300107752296,16448898.0
VPB,2022-03-09,21.821408081162105,21.880146730101973,21.43960686305294,21.64519213434249,13754700.0
VPB,2022-03-10,22.02699335245165,22.056362676921587,21.586453485402618,21.586453485402618,11810197.0
VPB,2022-03-11,21.527714836462746,21.762669432222232,21.26339091623333,21.380868214113068,10936400.0
VPB,2022-03-14,21.204652267293458,21.3221295651732,20.910959022594103,21.145913618353585,14189800.0
VPB,2022-03-15,21.145913618353585,21.703930783282363,21.145913618353585,21.674561458812427,13476100.0
VPB,2022-03-16,21.733300107752296,21.880146730101973,21.615822809872554,21.615822809872554,8667500.0
VPB,2022-03-17,21.703930783282363,21.79203875669217,21.410237538583008,21.410237538583008,12427000.0
VPB,2022-03-18,21.468976187522877,21.557084160932686,21.26339091623333,21.292760240703263,12804900.0
VPB,2022-03-21,21.43960686305294,21.674561458812427,21.204652267293458,21.615822809872554,6872100.0
VPB,2022-03-22,21.615822809872554,22.085732001391523,21.615822809872554,21.64519213434249,13035600.0
VPB,2022-03-23,21.762669432222232,21.762669432222232,21.527714836462746,21.527714836462746,14070600.0
VPB,2022-03-24,21.527714836462746,21.557084160932686,21.351498889643135,21.351498889643135,14141000.0
VPB,2022-03-25,21.351498889643135,21.674561458812427,21.3221295651732,21.586453485402618,11610868.0
VPB,2022-03-28,21.527714836462746,21.527714836462746,21.145913618353585,21.292760240703263,12685200.0
VPB,2022-03-29,21.292760240703263,21.43960686305294,21.292760240703263,21.380868214113068,7681400.0
VPB,2022-03-30,21.3221295651732,21.99762402798172,21.26339091623333,21.615822809872554,16622400.0
VPB,2022-03-31,21.674561458812427,22.02699335245165,21.615822809872554,21.85077740563204,9292300.0
VPB,2022-04-01,21.79203875669217,22.673118490790234,21.733300107752296,22.673118490790234,36857900.0
VPB,2022-04-04,23.260504980188944,23.436720927008558,22.849334437609848,22.90807308654972,24543700.0
VPB,2022-04-05,22.731857139730106,23.02555038442946,22.408794570560815,22.49690254397062,15772700.0
VPB,2022-04-06,22.37942524609088,23.612936873828172,22.2325786237412,23.466090251478494,41068500.0
VPB,2022-04-07,23.5541982248883,24.112215389817074,23.377982278068686,23.377982278068686,31603800.0
VPB,2022-04-08,23.377982278068686,23.524828900418363,22.790595788669975,22.790595788669975,23996600.0
VPB,2022-04-12,22.96681173548959,23.612936873828172,22.90807308654972,22.90807308654972,26051400.0
VPB,2022-04-13,23.143027682309203,23.17239700677914,22.320686597151006,22.90807308654972,25370100.0
VPB,2022-04-14,22.90807308654972,23.84789146958766,22.849334437609848,23.201766331249075,23375700.0
VPB,2022-04-15,23.08428903336933,23.319243629128817,22.144470650331396,22.61437984185036,31760100.0
VPB,2022-04-18,22.61437984185036,22.673118490790234,21.527714836462746,21.527714836462746,29636000.0
VPB,2022-04-19,21.64519213434249,21.99762402798172,20.969697671533975,21.028436320473844,24170700.0
VPB,2022-04-20,20.85222037365423,21.292760240703263,20.67600442683462,20.67600442683462,21672600.0
VPB,2022-04-21,20.617265777894747,21.43960686305294,20.26483388425552,20.85222037365423,18919400.0
VPB,2022-04-22,21.26339091623333,21.85077740563204,20.793481724714358,21.615822809872554,22805300.0
VPB,2022-04-25,21.527714836462746,21.703930783282363,20.117987261905842,20.117987261905842,33929668.0
VPB,2022-04-26,19.736186043796682,21.498345511992813,19.442492799097327,21.380868214113068,22776100.0
VPB,2022-04-27,21.145913618353585,21.410237538583008,20.793481724714358,21.116544293883653,12489900.0
VPB,2022-04-28,21.204652267293458,21.557084160932686,21.05780564494378,21.43960686305294,11255800.0
VPB,2022-04-29,21.43960686305294,21.674561458812427,21.3221295651732,21.557084160932686,13253000.0
VPB,2022-05-04,21.586453485402618,21.586453485402618,21.028436320473844,21.028436320473844,12107800.0
VPB,2022-05-05,21.351498889643135,21.351498889643135,20.411680506605197,20.881589698124166,10991199.0
VPB,2022-05-06,20.558527128954875,20.64663510236468,20.05924861296597,20.05924861296597,13104500.0
VPB,2022-05-09,19.794924692736554,19.941771315086232,18.678890362879002,18.678890362879002,24221200.0
VPB,2022-05-10,18.29708914476984,19.559970096977064,18.29708914476984,19.559970096977064,15091000.0
VPB,2022-05-11,19.559970096977064,19.912401990616292,19.11943022992803,19.618708745916937,8488600.0
VPB,2022-05-12,19.35438482568752,19.383754150157454,18.267719820299906,18.267719820299906,17944700.0
VPB,2022-05-13,18.326458469239775,18.56141306499926,17.034208192562613,17.034208192562613,20760800.0
VPB,2022-05-16,17.621594681961323,17.944657251130614,17.034208192562613,17.034208192562613,12307800.0
VPB,2022-05-17,17.034208192562613,18.208981171360033,17.004838868092676,18.208981171360033,10802900.0
VPB,2022-05-18,18.50267441605939,18.88447563416855,18.03276522454042,18.179611846890097,11917200.0
VPB,2022-05-19,17.680333330901195,18.15024252242016,17.592225357491387,17.885918602190742,9355800.0
VPB,2022-05-20,17.97402657560055,18.179611846890097,17.797810628780937,17.97402657560055,7565500.0
VPB,2022-05-23,18.091503873480292,18.091503873480292,17.151685490442354,17.210424139382226,11300700.0
VPB,2022-05-24,17.38664008620184,17.739071979841064,17.151685490442354,17.621594681961323,9975000.0
VPB,2022-05-25,17.827179953250873,18.50267441605939,17.739071979841064,18.50267441605939,12879500.0
VPB,2022-05-26,18.62015171393913,18.649521038409066,18.23835049582997,18.23835049582997,8627400.0
VPB,2022-05-27,18.267719820299906,18.385197118179647,18.062134549010356,18.267719820299906,10610700.0
VPB,2022-05-30,18.473305091589452,18.56141306499926,18.23835049582997,18.56141306499926,12005500.0
VPB,2022-05-31,18.50267441605939,18.56141306499926,18.091503873480292,18.208981171360033,13453200.0
VPB,2022-06-01,18.15024252242016,18.326458469239775,17.856549277720806,18.120873197950228,11486800.0
VPB,2022-06-02,18.15024252242016,18.179611846890097,17.680333330901195,17.768441304311,9105500.0
VPB,2022-06-03,17.739071979841064,18.062134549010356,17.709702655371128,18.062134549010356,7124300.0
VPB,2022-06-06,18.03276522454042,18.326458469239775,17.827179953250873,17.97402657560055,8068100.0
VPB,2022-06-07,17.944657251130614,18.03276522454042,17.50411738408158,17.885918602190742,8412100.0
VPB,2022-06-08,17.97402657560055,18.766998336288808,17.768441304311,18.678890362879002,19013900.0
VPB,2022-06-09,18.73762901181887,18.766998336288808,18.50267441605939,18.50267441605939,10532900.0
VPB,2022-06-10,18.385197118179647,18.649521038409066,18.15024252242016,18.15024252242016,11011300.0
VPB,2022-06-13,17.621594681961323,17.885918602190742,16.887361570212935,16.887361570212935,21654500.0
VPB,2022-06-14,16.564299001043643,17.151685490442354,16.564299001043643,16.946100219152804,11647000.0
VPB,2022-06-15,16.946100219152804,17.269162788322095,16.211867107404416,16.946100219152804,13753800.0
VPB,2022-06-16,17.151685490442354,17.269162788322095,17.004838868092676,17.034208192562613,6132400.0
VPB,2022-06-17,16.623037649983512,16.740514947863257,16.035651160584802,16.38808305422403,14077400.0
VPB,2022-06-20,16.38808305422403,16.446821703163902,15.565741969065835,15.918173862705062,10939300.0
VPB,2022-06-21,16.06502048505474,16.417452378693966,15.741957915885449,15.976912511644931,7781800.0
VPB,2022-06-22,16.358713729754093,17.004838868092676,16.153128458464543,16.681776298923385,7104900.0
VPB,2022-06-23,16.446821703163902,16.769884272333194,16.417452378693966,16.71114562339332,11744300.0
VPB,2022-06-24,16.623037649983512,16.887361570212935,16.534929676573707,16.534929676573707,4487300.0
VPB,2022-06-27,16.623037649983512,17.09294684150248,16.59366832551358,16.97546954362274,7552800.0
VPB,2022-06-28,16.740514947863257,17.827179953250873,16.740514947863257,17.621594681961323,13889100.0
VPB,2022-06-29,17.38664008620184,17.768441304311,17.327901437261968,17.621594681961323,8388900.0
VPB,2022-06-30,17.56285603302145,17.739071979841064,17.034208192562613,17.034208192562613,8078900.0
VPB,2022-07-01,17.09294684150248,17.23979346385216,16.50556035210377,17.09294684150248,12508900.0
VPB,2022-07-04,17.151685490442354,17.327901437261968,16.946100219152804,17.151685490442354,8848600.0
VPB,2022-07-05,17.18105481491229,17.533486708551518,17.151685490442354,17.327901437261968,12608500.0
VPB,2022-07-06,17.210424139382226,17.357270761731904,16.91673089468287,16.91673089468287,6108600.0
VPB,2022-07-07,16.946100219152804,17.06357751703255,16.71114562339332,16.97546954362274,7855100.0
VPB,2022-07-08,17.034208192562613,17.122316165972418,16.769884272333194,16.799253596803126,7340400.0
VPB,2022-07-11,16.681776298923385,16.740514947863257,16.153128458464543,16.153128458464543,8474400.0
VPB,2022-07-12,16.241236431874352,16.564299001043643,16.12375913399461,16.299975080814225,9243200.0
VPB,2022-07-13,16.329344405284157,16.564299001043643,16.18249778293448,16.299975080814225,10620300.0
VPB,2022-07-14,16.241236431874352,16.50556035210377,16.153128458464543,16.476191027633835,9794300.0
VPB,2022-07-15,16.50556035210377,16.65240697445345,16.476191027633835,16.59366832551358,8732200.0
VPB,2022-07-18,16.740514947863257,16.828622921273062,16.534929676573707,16.534929676573707,7597400.0
VPB,2022-07-19,16.534929676573707,16.534929676573707,16.299975080814225,16.446821703163902,6855900.0
VPB,2022-07-20,16.623037649983512,16.71114562339332,16.50556035210377,16.534929676573707,10308300.0
VPB,2022-07-21,16.564299001043643,16.65240697445345,16.446821703163902,16.564299001043643,9258800.0
VPB,2022-07-22,16.623037649983512,16.740514947863257,16.50556035210377,16.534929676573707,7320700.0
VPB,2022-07-25,16.534929676573707,16.534929676573707,16.241236431874352,16.241236431874352,7813800.0
VPB,2022-07-26,16.211867107404416,16.476191027633835,16.18249778293448,16.27060575634429,8424900.0
VPB,2022-07-27,16.211867107404416,16.299975080814225,16.12375913399461,16.27060575634429,9112000.0
VPB,2022-07-28,16.446821703163902,16.91673089468287,16.329344405284157,16.681776298923385,21016300.0
VPB,2022-07-29,16.740514947863257,16.857992245743,16.623037649983512,16.857992245743,13884700.0
VPB,2022-08-01,16.857992245743,17.09294684150248,16.769884272333194,17.09294684150248,12779400.0
VPB,2022-08-02,17.210424139382226,17.210424139382226,16.887361570212935,17.06357751703255,12327000.0
VPB,2022-08-03,16.946100219152804,17.122316165972418,16.828622921273062,17.034208192562613,17241400.0
VPB,2022-08-04,17.18105481491229,17.592225357491387,17.06357751703255,17.269162788322095,20578400.0
VPB,2022-08-05,17.269162788322095,17.327901437261968,17.004838868092676,17.23979346385216,13036100.0
VPB,2022-08-08,17.269162788322095,17.621594681961323,17.151685490442354,17.621594681961323,17182600.0
VPB,2022-08-09,17.739071979841064,18.091503873480292,17.621594681961323,17.768441304311,21694200.0
VPB,2022-08-10,17.797810628780937,17.827179953250873,17.592225357491387,17.680333330901195,10950100.0
VPB,2022-08-11,17.856549277720806,17.915287926660678,17.38664008620184,17.38664008620184,15522600.0
VPB,2022-08-12,17.416009410671773,17.56285603302145,17.269162788322095,17.56285603302145,9403000.0
VPB,2022-08-15,17.739071979841064,17.885918602190742,17.621594681961323,17.827179953250873,12638300.0
VPB,2022-08-16,17.827179953250873,17.827179953250873,17.592225357491387,17.709702655371128,10852300.0
VPB,2022-08-17,17.739071979841064,17.915287926660678,17.65096400643126,17.709702655371128,11413799.0
VPB,2022-08-18,17.797810628780937,17.827179953250873,17.592225357491387,17.65096400643126,13191100.0
VPB,2022-08-19,17.739071979841064,18.678890362879002,17.65096400643126,18.35582779370971,32006400.0
VPB,2022-08-22,18.35582779370971,18.56141306499926,18.179611846890097,18.35582779370971,13398800.0
VPB,2022-08-23,18.091503873480292,18.326458469239775,17.915287926660678,18.326458469239775,8849600.0
VPB,2022-08-24,18.326458469239775,18.56141306499926,18.23835049582997,18.443935767119516,12754800.0
VPB,2022-08-25,18.532043740529325,19.001952932048294,18.532043740529325,18.766998336288808,18121000.0
VPB,2022-08-26,18.91384495863849,19.14879955439797,18.385197118179647,18.56141306499926,15131200.0
VPB,2022-08-29,18.208981171360033,18.50267441605939,17.97402657560055,18.326458469239775,19340200.0
VPB,2022-08-30,18.443935767119516,18.796367660758744,18.326458469239775,18.414566442649583,9159400.0
VPB,2022-08-31,18.473305091589452,18.678890362879002,18.29708914476984,18.678890362879002,8971400.0
VPB,2022-09-05,18.62015171393913,18.678890362879002,18.35582779370971,18.385197118179647,11936400.0
VPB,2022-09-06,18.385197118179647,18.678890362879002,18.29708914476984,18.443935767119516,13930300.0
VPB,2022-09-07,18.443935767119516,18.443935767119516,17.797810628780937,17.797810628780937,18952000.0
VPB,2022-09-08,17.827179953250873,17.915287926660678,17.56285603302145,17.56285603302145,12160300.0
VPB,2022-09-09,17.768441304311,18.091503873480292,17.56285603302145,17.915287926660678,17656800.0
VPB,2022-09-12,18.03276522454042,18.29708914476984,17.856549277720806,17.885918602190742,7759400.0
VPB,2022-09-13,17.885918602190742,18.03276522454042,17.827179953250873,17.915287926660678,6854100.0
VPB,2022-09-14,17.50411738408158,17.797810628780937,17.50411738408158,17.797810628780937,15232600.0
VPB,2022-09-15,17.885918602190742,18.062134549010356,17.797810628780937,17.797810628780937,9271800.0
VPB,2022-09-16,17.856549277720806,18.326458469239775,17.856549277720806,17.944657251130614,18945700.0
VPB,2022-09-19,18.03276522454042,18.208981171360033,17.50411738408158,17.56285603302145,14967200.0
VPB,2022-09-20,17.739071979841064,17.797810628780937,17.327901437261968,17.621594681961323,15197400.0
VPB,2022-09-21,17.50411738408158,17.621594681961323,17.09294684150248,17.327901437261968,13203500.0
VPB,2022-09-22,17.151685490442354,17.416009410671773,16.97546954362274,17.210424139382226,12906400.0
VPB,2022-09-23,17.23979346385216,17.38664008620184,16.857992245743,16.887361570212935,9947300.0
VPB,2022-09-26,16.623037649983512,16.71114562339332,15.888804538235126,16.211867107404416,17753300.0
VPB,2022-09-27,16.329344405284157,16.446821703163902,15.947543187174995,16.094389809524674,13067000.0
VPB,2022-09-28,16.38808305422403,16.52024501433874,16.12375913399461,16.299975080814225,10527500.0
VPB,2022-09-29,16.52024501433874,16.564299001043643,15.85943521376519,15.85943521376519,5625100.0
VPB,2022-09-30,16.035651160584802,16.079705147289705,15.066463453076931,15.85943521376519,15853300.0
VPB,2022-10-03,15.72727325365048,15.72727325365048,14.758085546142608,14.978355479667124,24720900.0
VPB,2022-10-04,15.154571426486736,15.462949333421061,14.097275745569057,14.80213953284751,17447600.0
VPB,2022-10-05,15.330787373306348,15.374841360011253,14.80213953284751,14.978355479667124,14142600.0
VPB,2022-10-06,15.066463453076931,15.066463453076931,13.965113785454347,14.53781561261809,14287100.0
VPB,2022-10-07,14.097275745569057,14.449707639208283,13.524573918405315,13.524573918405315,19585300.0
VPB,2022-10-10,13.03998006465138,14.009167772159252,12.599440197602346,13.524573918405315,15867400.0
VPB,2022-10-11,13.216196011470991,13.524573918405315,12.599440197602346,13.524573918405315,30409200.0
VPB,2022-10-12,13.480519931700412,14.27349169238867,13.216196011470991,14.097275745569057,10475000.0
VPB,2022-10-13,14.185383718978866,14.27349169238867,13.568627905110219,14.097275745569057,12059600.0
VPB,2022-10-14,14.53781561261809,14.53781561261809,14.097275745569057,14.229437705683766,8932700.0
VPB,2022-10-17,13.921059798749445,14.229437705683766,13.480519931700412,14.053221758864154,8278900.0
VPB,2022-10-18,14.27349169238867,14.405653652503382,14.053221758864154,14.053221758864154,7408200.0
VPB,2022-10-19,14.185383718978866,14.185383718978866,13.832951825339638,14.053221758864154,10773500.0
VPB,2022-10-20,13.965113785454347,14.229437705683766,13.832951825339638,14.053221758864154,8684100.0
VPB,2022-10-21,14.097275745569057,14.097275745569057,13.304303984880798,13.700789865224928,14606600.0
VPB,2022-10-24,13.744843851929831,13.788897838634735,13.03998006465138,13.568627905110219,10993200.0
VPB,2022-10-25,13.436465944995508,14.141329732273961,13.128088038061184,13.61268189181512,15262300.0
VPB,2022-10-26,13.656735878520024,13.87700581204454,13.392411958290603,13.700789865224928,8810400.0
VPB,2022-10-27,13.656735878520024,14.581869599322994,13.260249998175896,14.581869599322994,23529900.0
VPB,2022-10-28,14.625923586027898,14.890247506257316,14.405653652503382,14.405653652503382,10048594.0
VPB,2022-10-31,14.53781561261809,14.625923586027898,13.788897838634735,14.405653652503382,11070200.0
VPB,2022-11-01,14.53781561261809,15.374841360011253,14.53781561261809,15.154571426486736,25628600.0
VPB,2022-11-02,15.154571426486736,15.683219266945578,14.890247506257316,15.418895346716157,21557900.0
VPB,2022-11-03,15.110517439781832,15.551057306830865,15.110517439781832,15.418895346716157,11402300.0
VPB,2022-11-04,15.110517439781832,15.330787373306348,14.581869599322994,14.93430149296222,32724200.0
VPB,2022-11-07,15.066463453076931,15.286733386601448,14.846193519552415,15.066463453076931,23871500.0
VPB,2022-11-08,14.80213953284751,15.19862541319164,14.6699775727328,15.154571426486736,25833400.0
VPB,2022-11-09,15.286733386601448,15.551057306830865,15.022409466372027,15.418895346716157,16485500.0
VPB,2022-11-10,15.330787373306348,15.330787373306348,14.361599665798478,14.361599665798478,23822800.0
VPB,2022-11-11,14.6699775727328,14.978355479667124,14.317545679093573,14.361599665798478,17937800.0
VPB,2022-11-14,14.097275745569057,14.229437705683766,13.392411958290603,13.832951825339638,16429400.0
VPB,2022-11-15,13.3483579715857,13.832951825339638,12.907818104536668,12.907818104536668,18324400.0
VPB,2022-11-16,12.026738370438602,13.788897838634735,12.026738370438602,13.656735878520024,37062500.0
VPB,2022-11-17,13.87700581204454,13.965113785454347,13.524573918405315,13.656735878520024,14980500.0
VPB,2022-11-18,13.216196011470991,13.87700581204454,12.95187209124157,13.656735878520024,20483252.0
VPB,2022-11-21,13.832951825339638,13.832951825339638,13.304303984880798,13.656735878520024,13411400.0
VPB,2022-11-22,13.436465944995508,14.493761625913187,13.304303984880798,13.656735878520024,16566500.0
VPB,2022-11-23,13.436465944995508,13.744843851929831,13.260249998175896,13.260249998175896,6000000.0
VPB,2022-11-24,13.084034051356282,13.436465944995508,12.819710131126863,13.304303984880798,16447852.0
VPB,2022-11-25,13.480519931700412,13.656735878520024,13.3483579715857,13.656735878520024,9694700.0
VPB,2022-11-28,13.744843851929831,14.27349169238867,13.744843851929831,14.185383718978866,16558000.0
VPB,2022-11-29,14.27349169238867,14.405653652503382,13.700789865224928,14.229437705683766,17420500.0
VPB,2022-11-30,14.317545679093573,14.978355479667124,14.009167772159252,14.80213953284751,33747143.0
VPB,2022-12-01,15.022409466372027,15.330787373306348,14.625923586027898,14.80213953284751,31570800.0
VPB,2022-12-02,14.80213953284751,15.330787373306348,14.581869599322994,15.242679399896543,27273100.0
VPB,2022-12-05,15.59511129353577,16.211867107404416,15.374841360011253,15.991597173879898,57975468.0
VPB,2022-12-06,15.991597173879898,16.38808305422403,14.890247506257316,14.890247506257316,36389800.0
VPB,2022-12-07,14.80213953284751,14.978355479667124,13.965113785454347,14.27349169238867,30813800.0
VPB,2022-12-08,14.493761625913187,15.242679399896543,14.449707639208283,14.978355479667124,38550300.0
VPB,2022-12-09,15.110517439781832,15.154571426486736,14.6699775727328,14.890247506257316,17651900.0
VPB,2022-12-12,14.93430149296222,15.374841360011253,14.6699775727328,14.6699775727328,29167500.0
VPB,2022-12-13,14.714031559437704,15.066463453076931,14.449707639208283,15.066463453076931,23188300.0
VPB,2022-12-14,15.19862541319164,15.286733386601448,14.978355479667124,15.022409466372027,25229500.0
VPB,2022-12-15,15.022409466372027,16.035651160584802,15.022409466372027,16.035651160584802,73896500.0
VPB,2022-12-16,16.25592109410932,16.608352987748546,16.12375913399461,16.299975080814225,28614100.0
VPB,2022-12-19,16.167813120699513,16.52024501433874,15.815381227060286,15.815381227060286,31613800.0
VPB,2022-12-20,15.771327240355381,15.771327240355381,14.890247506257316,15.242679399896543,29002700.0
VPB,2022-12-21,15.418895346716157,15.771327240355381,14.978355479667124,15.551057306830865,23549300.0
VPB,2022-12-22,15.85943521376519,16.608352987748546,15.815381227060286,16.25592109410932,53534200.0
VPB,2022-12-23,16.25592109410932,16.432137040928932,15.947543187174997,16.167813120699513,18864000.0
VPB,2022-12-26,16.167813120699513,16.299975080814225,15.154571426486736,15.154571426486736,28585700.0
VPB,2022-12-27,15.242679399896543,15.771327240355381,15.110517439781832,15.771327240355381,16486600.0
VPB,2022-12-28,15.771327240355381,16.299975080814225,15.418895346716157,15.991597173879898,42732500.0
VPB,2022-12-29,15.947543187174997,16.299975080814225,15.683219266945578,15.683219266945578,34298000.0
VPB,2022-12-30,15.771327240355381,15.947543187174997,15.507003320125964,15.771327240355381,23758662.0
VPB,2023-01-03,15.85943521376519,16.299975080814225,15.683219266945578,16.299975080814225,20274800.0
VPB,2023-01-04,16.299975080814225,17.004838868092676,16.299975080814225,16.65240697445345,51145900.0
VPB,2023-01-05,16.740514947863257,16.78456893456816,16.344029067519127,16.69646096115835,15635600.0
VPB,2023-01-06,16.608352987748546,17.313216775026998,16.564299001043643,16.69646096115835,38106400.0
VPB,2023-01-09,16.916730894682868,17.004838868092676,16.564299001043643,16.608352987748546,19731600.0
VPB,2023-01-10,16.608352987748546,16.740514947863257,16.344029067519127,16.476191027633835,18155000.0
VPB,2023-01-11,16.740514947863257,16.740514947863257,16.25592109410932,16.25592109410932,18557304.0
VPB,2023-01-12,16.38808305422403,16.52024501433874,16.211867107404416,16.476191027633835,18761400.0
VPB,2023-01-13,16.608352987748546,17.18105481491229,16.344029067519127,17.09294684150248,30195900.0
VPB,2023-01-16,17.269162788322095,17.269162788322095,16.916730894682868,17.09294684150248,20636500.0
VPB,2023-01-17,17.18105481491229,17.269162788322095,17.04889285479758,17.269162788322095,44308200.0
VPB,2023-01-18,17.269162788322095,17.44537873514171,17.09294684150248,17.313216775026998,26275400.0
VPB,2023-01-19,17.225108801617193,17.3572707617319,17.09294684150248,17.18105481491229,21431100.0
VPB,2023-01-27,17.313216775026998,17.84186461548584,17.09294684150248,17.3572707617319,27343100.0
VPB,2023-01-30,17.3572707617319,17.401324748436807,16.960784881387774,16.960784881387774,24169000.0
VPB,2023-01-31,16.872676907977965,17.18105481491229,16.78456893456816,17.137000828207384,28195200.0
VPB,2023-02-01,17.225108801617193,17.269162788322095,15.947543187174997,16.12375913399461,34013900.0
VPB,2023-02-02,16.38808305422403,16.476191027633835,15.991597173879898,16.211867107404416,26826700.0
VPB,2023-02-03,16.299975080814225,16.344029067519127,15.903489200470094,16.079705147289705,20452600.0
VPB,2023-02-06,15.991597173879898,16.344029067519127,15.815381227060286,16.299975080814225,21931600.0
VPB,2023-02-07,16.344029067519127,16.432137040928932,15.815381227060286,15.815381227060286,16389800.0
VPB,2023-02-08,15.947543187174997,16.079705147289705,15.72727325365048,15.815381227060286,18819800.0
VPB,2023-02-09,15.815381227060286,16.344029067519127,15.771327240355381,15.85943521376519,16841800.0
VPB,2023-02-10,15.85943521376519,16.12375913399461,15.418895346716157,15.418895346716157,16692800.0
VPB,2023-02-13,15.507003320125964,15.551057306830865,14.625923586027898,14.978355479667124,26595800.0
VPB,2023-02-14,14.978355479667124,15.154571426486736,14.714031559437704,14.714031559437704,20293000.0
VPB,2023-02-15,14.714031559437704,15.154571426486736,14.714031559437704,15.154571426486736,16994000.0
VPB,2023-02-16,15.330787373306348,15.507003320125964,15.066463453076931,15.418895346716157,19752100.0
VPB,2023-02-17,15.242679399896543,15.418895346716157,15.154571426486736,15.242679399896543,11456300.0
VPB,2023-02-20,15.066463453076931,16.12375913399461,15.066463453076931,16.12375913399461,24753100.0
VPB,2023-02-21,16.211867107404416,16.211867107404416,15.683219266945578,15.683219266945578,25532850.0
VPB,2023-02-22,15.507003320125964,15.85943521376519,15.374841360011253,15.374841360011253,19999300.0
VPB,2023-02-23,15.374841360011253,15.462949333421061,15.066463453076931,15.462949333421061,20625500.0
VPB,2023-02-24,15.462949333421061,15.551057306830865,15.110517439781832,15.110517439781832,11536148.0
VPB,2023-02-27,14.978355479667124,15.110517439781832,14.581869599322994,14.978355479667124,13505000.0
VPB,2023-02-28,15.110517439781832,15.19862541319164,14.890247506257316,15.022409466372027,13729400.0
VPB,2023-03-01,14.846193519552415,15.418895346716157,14.714031559437704,15.374841360011253,13451500.0
VPB,2023-03-02,15.374841360011253,15.462949333421061,15.19862541319164,15.242679399896543,8360200.0
VPB,2023-03-03,15.374841360011253,15.418895346716157,14.890247506257316,14.978355479667124,11667500.0
VPB,2023-03-06,15.242679399896543,15.418895346716157,15.022409466372027,15.066463453076931,15451500.0
VPB,2023-03-07,15.330787373306348,15.59511129353577,15.242679399896543,15.330787373306348,18367900.0
VPB,2023-03-08,15.154571426486736,15.991597173879898,15.154571426486736,15.991597173879898,29448100.0
VPB,2023-03-09,15.991597173879898,16.12375913399461,15.85943521376519,16.035651160584802,15264000.0
VPB,2023-03-10,15.771327240355381,16.12375913399461,15.771327240355381,16.12375913399461,15857600.0
VPB,2023-03-13,16.564299001043643,17.09294684150248,16.38808305422403,17.09294684150248,41362700.0
VPB,2023-03-14,17.269162788322095,17.269162788322095,16.828622921273062,17.09294684150248,23143900.0
VPB,2023-03-15,17.44537873514171,17.48943272184661,17.225108801617193,17.44537873514171,22320800.0
VPB,2023-03-16,17.18105481491229,17.313216775026998,16.872676907977965,17.137000828207384,15647200.0
VPB,2023-03-17,17.269162788322095,17.401324748436807,17.04889285479758,17.3572707617319,17748900.0
VPB,2023-03-20,17.225108801617193,17.3572707617319,17.004838868092676,17.3572707617319,18939800.0
VPB,2023-03-21,17.3572707617319,17.929972588895648,17.18105481491229,17.929972588895648,29194300.0
VPB,2023-03-22,18.062134549010356,18.678890362879002,18.01808056230545,18.50267441605939,48407800.0
VPB,2023-03-23,18.50267441605939,18.634836376174096,18.326458469239775,18.54672840276429,22985700.0
VPB,2023-03-24,18.54672840276429,18.678890362879002,18.37051245594468,18.634836376174096,19655000.0
VPB,2023-03-27,18.634836376174096,18.987268269813324,18.50267441605939,18.722944349583905,30688100.0
VPB,2023-03-28,18.855106309698613,19.03132225651823,18.10618853571526,18.50267441605939,37168400.0
VPB,2023-03-29,18.41456644264958,18.41456644264958,18.150242522420164,18.41456644264958,16599052.0
VPB,2023-03-30,18.50267441605939,18.54672840276429,18.238350495829966,18.41456644264958,16473600.0
VPB,2023-03-31,18.326458469239775,18.766998336288808,18.326458469239775,18.54672840276429,23166600.0
VPB,2023-04-03,18.634836376174096,18.722944349583905,18.41456644264958,18.678890362879002,13648900.0
VPB,2023-04-04,18.678890362879002,18.89916029640352,18.50267441605939,18.855106309698613,16356500.0
VPB,2023-04-05,18.766998336288808,18.89916029640352,18.634836376174096,18.678890362879002,11992000.0
VPB,2023-04-06,18.678890362879002,18.94321428310842,18.41456644264958,18.41456644264958,12254900.0
VPB,2023-04-07,18.41456644264958,18.54672840276429,18.194296509125063,18.41456644264958,7688500.0
VPB,2023-04-10,18.41456644264958,18.811052322993714,18.238350495829966,18.41456644264958,16772700.0
VPB,2023-04-11,18.41456644264958,18.590782389469197,18.238350495829966,18.50267441605939,9590100.0
VPB,2023-04-12,18.50267441605939,18.54672840276429,18.194296509125063,18.194296509125063,9381800.0
VPB,2023-04-13,18.194296509125063,18.194296509125063,17.797810628780933,18.150242522420164,26896500.0
VPB,2023-04-14,18.150242522420164,18.238350495829966,17.929972588895648,18.062134549010356,9263300.0
VPB,2023-04-17,18.01808056230545,18.150242522420164,17.885918602190742,18.01808056230545,6018600.0
VPB,2023-04-18,18.01808056230545,18.10618853571526,17.709702655371128,17.84186461548584,10605300.0
VPB,2023-04-19,18.01808056230545,18.10618853571526,17.3572707617319,17.3572707617319,19419600.0
VPB,2023-04-20,17.313216775026998,17.44537873514171,16.960784881387774,17.04889285479758,13244000.0
VPB,2023-04-21,17.04889285479758,17.269162788322095,17.04889285479758,17.137000828207384,11090400.0
VPB,2023-04-24,17.137000828207384,17.665648668666226,17.04889285479758,17.18105481491229,11482200.0
VPB,2023-04-25,17.3572707617319,17.401324748436807,16.960784881387774,17.004838868092676,10203892.0
VPB,2023-04-26,17.004838868092676,17.09294684150248,16.828622921273062,17.04889285479758,11835900.0
VPB,2023-04-27,17.04889285479758,17.3572707617319,17.04889285479758,17.09294684150248,6399300.0
VPB,2023-04-28,17.225108801617193,17.533486708551514,17.18105481491229,17.533486708551514,10345305.0
VPB,2023-05-04,17.225108801617193,17.44537873514171,17.18105481491229,17.225108801617193,8234200.0
VPB,2023-05-05,17.269162788322095,17.533486708551514,17.137000828207384,17.137000828207384,10267400.0
VPB,2023-05-08,17.137000828207384,17.313216775026998,17.09294684150248,17.137000828207384,7026600.0
VPB,2023-05-09,17.225108801617193,17.269162788322095,17.09294684150248,17.137000828207384,6297700.0
VPB,2023-05-10,17.18105481491229,17.269162788322095,17.137000828207384,17.225108801617193,11427500.0
VPB,2023-05-11,17.269162788322095,17.48943272184661,17.269162788322095,17.44537873514171,8618100.0
VPB,2023-05-12,17.44537873514171,17.48943272184661,17.225108801617193,17.401324748436807,12922202.0
VPB,2023-05-15,17.44537873514171,17.797810628780933,17.401324748436807,17.44537873514171,16840503.0
VPB,2023-05-16,17.533486708551514,17.533486708551514,17.269162788322095,17.269162788322095,10606500.0
VPB,2023-05-17,17.269162788322095,17.313216775026998,16.916730894682868,16.916730894682868,14748300.0
VPB,2023-05-18,17.004838868092676,17.18105481491229,16.916730894682868,16.960784881387774,9532100.0
VPB,2023-05-19,17.004838868092676,17.09294684150248,16.916730894682868,17.004838868092676,9679600.0
VPB,2023-05-22,17.004838868092676,17.3572707617319,17.004838868092676,17.3572707617319,16734202.0
VPB,2023-05-23,17.401324748436807,17.44537873514171,17.18105481491229,17.225108801617193,10271300.0
VPB,2023-05-24,17.313216775026998,17.3572707617319,17.09294684150248,17.09294684150248,13285700.0
VPB,2023-05-25,17.04889285479758,17.137000828207384,16.916730894682868,16.916730894682868,10214201.0
VPB,2023-05-26,17.004838868092676,17.004838868092676,16.828622921273062,16.872676907977965,8508000.0
VPB,2023-05-29,16.916730894682868,17.137000828207384,16.916730894682868,17.04889285479758,9800801.0
VPB,2023-05-30,17.18105481491229,17.18105481491229,17.04889285479758,17.137000828207384,11531300.0
VPB,2023-05-31,17.225108801617193,17.225108801617193,16.960784881387774,17.004838868092676,10283900.0
VPB,2023-06-01,17.004838868092676,17.09294684150248,16.916730894682868,17.09294684150248,11789700.0
VPB,2023-06-02,17.269162788322095,17.797810628780933,17.225108801617193,17.48943272184661,29786300.0
VPB,2023-06-05,17.709702655371128,17.75375664207603,17.401324748436807,17.401324748436807,16481500.0
VPB,2023-06-06,17.401324748436807,17.621594681961323,17.3572707617319,17.48943272184661,16727300.0
VPB,2023-06-07,17.621594681961323,17.709702655371128,17.401324748436807,17.533486708551514,20829900.0
VPB,2023-06-08,17.533486708551514,17.665648668666226,17.18105481491229,17.18105481491229,21095601.0
VPB,2023-06-09,17.269162788322095,17.269162788322095,17.004838868092676,17.18105481491229,15683801.0
VPB,2023-06-12,17.3572707617319,17.3572707617319,17.04889285479758,17.269162788322095,14811300.0
VPB,2023-06-13,17.3572707617319,17.401324748436807,17.09294684150248,17.18105481491229,14288701.0
VPB,2023-06-14,17.269162788322095,17.709702655371128,17.225108801617193,17.401324748436807,31849000.0
VPB,2023-06-15,17.401324748436807,17.48943272184661,17.225108801617193,17.3572707617319,15171000.0
VPB,2023-06-16,17.48943272184661,17.709702655371128,17.18105481491229,17.225108801617193,35264505.0
VPB,2023-06-19,17.225108801617193,17.313216775026998,16.960784881387774,17.137000828207384,15469100.0
VPB,2023-06-20,17.137000828207384,17.225108801617193,16.960784881387774,17.18105481491229,20145100.0
VPB,2023-06-21,17.18105481491229,17.313216775026998,17.09294684150248,17.313216775026998,11655724.0
VPB,2023-06-22,17.401324748436807,17.48943272184661,17.269162788322095,17.269162788322095,19085600.0
VPB,2023-06-23,17.3572707617319,17.974026575600547,17.313216775026998,17.797810628780933,48092900.0
VPB,2023-06-26,18.062134549010356,18.062134549010356,17.577540695256417,17.84186461548584,20541801.0
VPB,2023-06-27,18.01808056230545,18.01808056230545,17.709702655371128,17.709702655371128,19339800.0
VPB,2023-06-28,17.797810628780933,17.929972588895648,17.665648668666226,17.84186461548584,20480200.0
VPB,2023-06-29,17.885918602190742,18.01808056230545,17.533486708551514,17.533486708551514,22041100.0
VPB,2023-06-30,17.533486708551514,17.621594681961323,17.401324748436807,17.48943272184661,16466000.0
VPB,2023-07-03,17.48943272184661,17.621594681961323,17.401324748436807,17.48943272184661,14737600.0
VPB,2023-07-04,17.48943272184661,17.577540695256417,17.401324748436807,17.48943272184661,11519700.0
VPB,2023-07-05,17.533486708551514,17.885918602190742,17.533486708551514,17.577540695256417,22255400.0
VPB,2023-07-06,17.577540695256417,17.709702655371128,17.225108801617193,17.225108801617193,18024900.0
VPB,2023-07-07,17.269162788322095,17.48943272184661,17.18105481491229,17.48943272184661,11467601.0
VPB,2023-07-10,17.577540695256417,17.75375664207603,17.44537873514171,17.665648668666226,15705401.0
VPB,2023-07-11,17.885918602190742,17.885918602190742,17.44537873514171,17.533486708551514,22499100.0
VPB,2023-07-12,17.621594681961323,17.621594681961323,17.313216775026998,17.313216775026998,14645901.0
VPB,2023-07-13,17.533486708551514,17.577540695256417,17.313216775026998,17.577540695256417,24930100.0
VPB,2023-07-14,17.665648668666226,17.709702655371128,17.269162788322095,17.533486708551514,24988700.0
VPB,2023-07-17,17.709702655371128,18.062134549010356,17.665648668666226,18.01808056230545,41658102.0
VPB,2023-07-18,18.01808056230545,18.590782389469197,17.885918602190742,18.458620429354482,44448003.0
VPB,2023-07-19,18.50267441605939,18.50267441605939,18.194296509125063,18.194296509125063,28738200.0
VPB,2023-07-20,18.150242522420164,18.50267441605939,18.062134549010356,18.50267441605939,26693917.0
VPB,2023-07-21,18.458620429354482,18.89916029640352,18.326458469239775,18.855106309698613,31964269.0
VPB,2023-07-24,18.94321428310842,19.295646176747645,18.766998336288808,19.251592190042746,27088001.0
VPB,2023-07-25,19.295646176747645,19.69213205709178,19.20753820333784,19.251592190042746,29980372.0
VPB,2023-07-26,19.20753820333784,19.295646176747645,18.987268269813324,19.251592190042746,21822177.0
VPB,2023-07-27,19.20753820333784,19.251592190042746,18.94321428310842,19.163484216632938,25532773.0
VPB,2023-07-28,19.163484216632938,19.471862123567263,19.03132225651823,19.471862123567263,22672715.0
VPB,2023-07-31,19.515916110272162,19.60402408368197,19.295646176747645,19.515916110272162,25191301.0
VPB,2023-08-01,19.515916110272162,19.559970096977068,19.07537624322313,19.33970016345255,29108892.0
VPB,2023-08-02,19.33970016345255,19.60402408368197,19.119430229928035,19.383754150157454,21227647.0
VPB,2023-08-03,19.33970016345255,19.383754150157454,19.03132225651823,19.119430229928035,16263800.0
VPB,2023-08-04,19.20753820333784,19.559970096977068,19.03132225651823,19.559970096977068,19866788.0
VPB,2023-08-07,19.780240030501584,20.26483388425552,19.648078070386873,19.956455977321195,20240886.0
VPB,2023-08-08,19.956455977321195,19.956455977321195,19.559970096977068,19.559970096977068,21426429.0
VPB,2023-08-09,19.471862123567263,19.559970096977068,19.119430229928035,19.427808136862357,22628047.0
VPB,2023-08-10,19.427808136862357,19.427808136862357,18.987268269813324,19.33970016345255,22253625.0
VPB,2023-08-11,19.33970016345255,19.383754150157454,18.987268269813324,19.383754150157454,13282629.0
VPB,2023-08-14,19.295646176747645,19.383754150157454,19.20753820333784,19.33970016345255,13827423.0
VPB,2023-08-15,19.33970016345255,19.383754150157454,19.07537624322313,19.383754150157454,22397546.0
VPB,2023-08-16,19.295646176747645,19.912401990616296,19.07537624322313,19.73618604379668,42588013.0
VPB,2023-08-17,19.824294017206487,19.956455977321195,19.515916110272162,19.515916110272162,20365205.0
VPB,2023-08-18,19.383754150157454,19.427808136862357,18.150242522420164,18.150242522420164,35054927.0
VPB,2023-08-21,18.150242522420164,18.50267441605939,17.974026575600547,18.326458469239775,16282729.0
VPB,2023-08-22,18.282404482534872,18.37051245594468,17.665648668666226,18.150242522420164,24513416.0
VPB,2023-08-23,18.282404482534872,18.37051245594468,17.84186461548584,17.84186461548584,18701631.0
VPB,2023-08-24,17.84186461548584,18.062134549010356,17.75375664207603,18.062134549010356,12674532.0
VPB,2023-08-25,18.01808056230545,18.10618853571526,17.621594681961323,17.797810628780933,17288018.0
VPB,2023-08-28,17.797810628780933,17.974026575600547,17.709702655371128,17.885918602190742,16372999.0
VPB,2023-08-29,17.929972588895648,18.41456644264958,17.84186461548584,18.37051245594468,20089543.0
VPB,2023-08-30,18.41456644264958,18.41456644264958,18.150242522420164,18.326458469239775,9437604.0
VPB,2023-08-31,18.326458469239775,18.54672840276429,18.238350495829966,18.458620429354482,14936301.0
VPB,2023-09-05,18.678890362879002,18.766998336288808,18.458620429354482,18.50267441605939,16945110.0
VPB,2023-09-06,18.722944349583905,19.20753820333784,18.41456644264958,19.20753820333784,46167309.0
VPB,2023-09-07,19.295646176747645,19.471862123567263,19.119430229928035,19.163484216632938,21835908.0
VPB,2023-09-08,19.163484216632938,19.295646176747645,19.119430229928035,19.20753820333784,40790211.0
VPB,2023-09-11,19.471862123567263,19.648078070386873,18.94321428310842,19.295646176747645,42997300.0
VPB,2023-09-12,19.295646176747645,19.648078070386873,19.119430229928035,19.648078070386873,21837601.0
VPB,2023-09-13,19.648078070386873,19.86834800391139,19.427808136862357,19.780240030501584,31026700.0
VPB,2023-09-14,19.73618604379668,19.912401990616296,19.383754150157454,19.73618604379668,25975749.0
VPB,2023-09-15,19.780240030501584,19.956455977321195,19.559970096977068,19.86834800391139,25670400.0
VPB,2023-09-18,19.824294017206487,19.824294017206487,19.295646176747645,19.515916110272162,17640000.0
VPB,2023-09-19,19.427808136862357,19.515916110272162,19.03132225651823,19.295646176747645,38789110.0
VPB,2023-09-20,19.20753820333784,19.427808136862357,18.987268269813324,19.295646176747645,14303836.0
VPB,2023-09-21,19.119430229928035,19.295646176747645,19.07537624322313,19.07537624322313,11671447.0
VPB,2023-09-22,18.678890362879002,18.811052322993714,18.37051245594468,18.722944349583905,19848048.0
VPB,2023-09-25,18.678890362879002,18.766998336288808,17.974026575600547,17.974026575600547,14809147.0
VPB,2023-09-26,18.150242522420164,18.238350495829966,17.84186461548584,18.01808056230545,19574735.0
VPB,2023-09-27,18.062134549010356,18.50267441605939,17.885918602190742,18.50267441605939,12776005.0
VPB,2023-09-28,18.282404482534872,18.855106309698613,18.10618853571526,18.678890362879002,13533806.0
VPB,2023-09-29,18.766998336288808,19.119430229928035,18.590782389469197,19.119430229928035,10579626.0
VPB,2023-10-02,19.03132225651823,19.20753820333784,18.855106309698613,19.20753820333784,11272934.0
VPB,2023-10-03,18.94321428310842,19.03132225651823,18.238350495829966,18.50267441605939,13701900.0
VPB,2023-10-04,18.062134549010356,18.722944349583905,18.062134549010356,18.50267441605939,6975100.0
VPB,2023-10-05,18.41456644264958,18.590782389469197,18.326458469239775,18.326458469239775,8948000.0
VPB,2023-10-06,18.458620429354482,18.54672840276429,18.238350495829966,18.458620429354482,13211000.0
VPB,2023-10-09,18.50267441605939,18.855106309698613,18.282404482534872,18.855106309698613,13973901.0
VPB,2023-10-10,18.811052322993714,19.03132225651823,18.766998336288808,19.03132225651823,11693200.0
VPB,2023-10-11,19.03132225651823,19.20753820333784,18.855106309698613,19.20753820333784,9126601.0
VPB,2023-10-12,19.295646176747645,19.295646176747645,19.03132225651823,19.251592190042746,11649300.0
VPB,2023-10-13,19.07537624322313,19.383754150157454,18.855106309698613,19.33970016345255,14714000.0
VPB,2023-10-16,19.119430229928035,19.824294017206487,19.119430229928035,19.824294017206487,26096800.0
VPB,2023-10-17,19.780240030501584,20.0005099640261,19.559970096977068,20.0005099640261,28839901.0
VPB,2023-10-18,19.824294017206487,20.396995844370228,19.163484216632938,19.824294017206487,42138000.0
VPB,2023-10-19,19.559970096977068,19.73618604379668,18.89916029640352,18.89916029640352,12570700.0
VPB,2023-10-20,19.03132225651823,19.471862123567263,18.89916029640352,19.03132225651823,10805700.0
VPB,2023-10-23,19.03132225651823,19.119430229928035,18.238350495829966,18.54672840276429,14445800.0
VPB,2023-10-24,18.37051245594468,18.855106309698613,18.37051245594468,18.54672840276429,7269700.0
VPB,2023-10-25,18.54672840276429,18.722944349583905,18.41456644264958,18.50267441605939,15340700.0
VPB,2023-10-26,18.238350495829966,18.37051245594468,17.225108801617193,17.797810628780933,23063600.0
VPB,2023-10-27,17.797810628780933,18.062134549010356,17.533486708551514,17.797810628780933,20476100.0
VPB,2023-10-30,17.621594681961323,17.75375664207603,17.44537873514171,17.533486708551514,15762900.0
VPB,2023-10-31,17.44537873514171,17.665648668666226,17.225108801617193,17.621594681961323,12339300.0
VPB,2023-11-01,17.621594681961323,17.709702655371128,17.44537873514171,17.44537873514171,10243800.0
VPB,2023-11-02,17.577540695256417,17.974026575600547,17.48943272184661,17.885918602190742,8439200.0
VPB,2023-11-03,18.01808056230545,18.062134549010356,17.44537873514171,17.44537873514171,21807500.0
VPB,2023-11-06,17.797810628780933,18.37051245594468,17.797810628780933,18.326458469239775,12293300.0
VPB,2023-11-07,18.41456644264958,18.590782389469197,18.238350495829966,18.238350495829966,12571900.0
VPB,2023-11-08,18.326458469239775,18.811052322993714,18.150242522420164,18.811052322993714,32525057.0
VPB,2023-11-09,18.94970872759953,18.99592752937416,18.487520709853197,18.487520709853197,16302100.0
VPB,2023-11-10,18.39508310630393,18.39508310630393,18.0715514938815,18.0715514938815,30220914.0
VPB,2023-11-13,18.0715514938815,18.2102078992054,17.609363476135172,17.74801988145907,10905445.0
VPB,2023-11-14,17.9328950885576,18.487520709853197,17.840457485008336,18.117770295656136,13113100.0
VPB,2023-11-15,18.39508310630393,18.626177115177097,18.302645502754668,18.441301908078565,17930900.0
VPB,2023-11-16,18.256426700980033,18.487520709853197,18.256426700980033,18.39508310630393,12304000.0
VPB,2023-11-17,18.487520709853197,18.487520709853197,17.563144674360537,17.840457485008336,21827000.0
VPB,2023-11-20,17.47070707081127,18.39508310630393,17.42448826903664,18.02533269210687,20209100.0
VPB,2023-11-21,18.117770295656136,18.39508310630393,18.02533269210687,18.163989097430765,33669600.0
VPB,2023-11-22,18.163989097430765,18.256426700980033,17.9328950885576,18.163989097430765,38807213.0
VPB,2023-11-23,18.2102078992054,18.256426700980033,17.701801079684437,17.701801079684437,13461980.0
VPB,2023-11-24,17.701801079684437,17.9328950885576,17.563144674360537,17.74801988145907,12505900.0
VPB,2023-11-27,17.794238683233704,17.979113890332233,17.701801079684437,17.74801988145907,9357701.0
VPB,2023-11-28,17.74801988145907,17.979113890332233,17.609363476135172,17.88667628678297,10967900.0
VPB,2023-11-29,17.9328950885576,17.9328950885576,17.794238683233704,17.794238683233704,8653600.0
VPB,2023-11-30,17.74801988145907,17.979113890332233,17.655582277909804,17.655582277909804,9675000.0
VPB,2023-12-01,17.74801988145907,17.88667628678297,17.609363476135172,17.840457485008336,6721900.0
VPB,2023-12-04,17.840457485008336,18.117770295656136,17.794238683233704,18.02533269210687,15020300.0
VPB,2023-12-05,18.02533269210687,18.0715514938815,17.701801079684437,17.701801079684437,17250007.0
VPB,2023-12-06,17.794238683233704,17.979113890332233,17.701801079684437,17.9328950885576,13820007.0
VPB,2023-12-07,17.9328950885576,18.163989097430765,17.701801079684437,18.163989097430765,22918000.0
VPB,2023-12-08,18.163989097430765,18.2102078992054,17.840457485008336,18.117770295656136,14187400.0
VPB,2023-12-11,18.02533269210687,18.117770295656136,17.74801988145907,17.9328950885576,18960585.0
VPB,2023-12-12,17.9328950885576,17.979113890332233,17.74801988145907,17.979113890332233,8860800.0
VPB,2023-12-13,17.88667628678297,17.9328950885576,17.655582277909804,17.74801988145907,12728400.0
VPB,2023-12-14,17.74801988145907,17.840457485008336,17.516925872585905,17.563144674360537,13623899.0
VPB,2023-12-15,17.563144674360537,17.655582277909804,17.239613061938105,17.28583186371274,16637301.0
VPB,2023-12-18,17.239613061938105,17.28583186371274,16.684987440642512,17.00851905306494,27930100.0
VPB,2023-12-19,16.731206242417144,16.916081449515676,16.638768638867877,16.916081449515676,17782200.0
VPB,2023-12-20,16.916081449515676,16.96230025129031,16.684987440642512,16.869862647741044,9647000.0
VPB,2023-12-21,16.82364384596641,16.869862647741044,16.638768638867877,16.82364384596641,18012700.0
VPB,2023-12-22,16.82364384596641,16.96230025129031,16.684987440642512,16.777425044191776,12434500.0
VPB,2023-12-25,16.869862647741044,17.10095665661421,16.869862647741044,17.10095665661421,11925100.0
VPB,2023-12-26,17.10095665661421,17.14717545838884,16.869862647741044,17.10095665661421,13082900.0
VPB,2023-12-27,17.10095665661421,17.193394260163476,16.96230025129031,17.10095665661421,25301300.0
VPB,2023-12-28,17.10095665661421,17.378269467262008,17.054737854839573,17.378269467262008,21754400.0
VPB,2023-12-29,17.378269467262008,17.74801988145907,17.28583186371274,17.74801988145907,33844400.0
VPB,2024-01-02,17.74801988145907,17.74801988145907,17.42448826903664,17.42448826903664,10134100.0
VPB,2024-01-03,17.42448826903664,17.655582277909804,17.239613061938105,17.655582277909804,9800900.0
VPB,2024-01-04,17.701801079684437,18.163989097430765,17.516925872585905,17.88667628678297,26501300.0
VPB,2024-01-05,17.88667628678297,17.979113890332233,17.655582277909804,17.74801988145907,11336800.0
VPB,2024-01-08,17.840457485008336,17.9328950885576,17.701801079684437,17.794238683233704,17842800.0
VPB,2024-01-09,17.794238683233704,17.88667628678297,17.655582277909804,17.701801079684437,9056500.0
VPB,2024-01-10,17.655582277909804,18.256426700980033,17.655582277909804,18.117770295656136,35009400.0
VPB,2024-01-11,18.302645502754668,18.3488643045293,18.0715514938815,18.163989097430765,32937600.0
VPB,2024-01-12,17.979113890332233,18.256426700980033,17.840457485008336,18.163989097430765,25120500.0
VPB,2024-01-15,18.302645502754668,18.302645502754668,17.88667628678297,17.88667628678297,11340300.0
VPB,2024-01-16,17.840457485008336,17.979113890332233,17.74801988145907,17.979113890332233,12899500.0
VPB,2024-01-17,17.979113890332233,18.0715514938815,17.794238683233704,17.840457485008336,13909200.0
VPB,2024-01-18,17.9328950885576,18.0715514938815,17.840457485008336,18.02533269210687,9947900.0
VPB,2024-01-19,18.0715514938815,18.256426700980033,18.0715514938815,18.2102078992054,23440100.0
VPB,2024-01-22,18.3488643045293,18.441301908078565,18.2102078992054,18.302645502754668,16135000.0
VPB,2024-01-23,18.3488643045293,18.39508310630393,18.163989097430765,18.2102078992054,12331900.0
VPB,2024-01-24,18.2102078992054,18.302645502754668,18.0715514938815,18.163989097430765,9496900.0
VPB,2024-01-25,18.163989097430765,18.2102078992054,18.0715514938815,18.163989097430765,6922000.0
VPB,2024-01-26,18.2102078992054,18.256426700980033,18.163989097430765,18.256426700980033,7546300.0
VPB,2024-01-29,18.256426700980033,18.256426700980033,18.0715514938815,18.256426700980033,4889600.0
VPB,2024-01-30,18.163989097430765,18.3488643045293,18.163989097430765,18.2102078992054,10332300.0
VPB,2024-01-31,18.163989097430765,18.2102078992054,17.701801079684437,17.9328950885576,21401700.0
VPB,2024-02-01,17.88667628678297,17.88667628678297,17.655582277909804,17.701801079684437,8037100.0
VPB,2024-02-02,17.701801079684437,17.74801988145907,17.378269467262008,17.378269467262008,20061300.0
VPB,2024-02-05,17.42448826903664,17.979113890332233,17.42448826903664,17.74801988145907,12142400.0
VPB,2024-02-06,17.840457485008336,17.9328950885576,17.74801988145907,17.840457485008336,5979000.0
VPB,2024-02-07,17.88667628678297,18.117770295656136,17.840457485008336,18.117770295656136,10722600.0
VPB,2024-02-15,18.117770295656136,18.626177115177097,18.117770295656136,18.302645502754668,20092100.0
VPB,2024-02-16,18.441301908078565,18.441301908078565,18.2102078992054,18.3488643045293,8422700.0
VPB,2024-02-19,18.3488643045293,18.441301908078565,18.163989097430765,18.302645502754668,14562400.0
VPB,2024-02-20,18.2102078992054,18.256426700980033,18.02533269210687,18.117770295656136,19656400.0
VPB,2024-02-21,18.117770295656136,18.487520709853197,18.117770295656136,18.256426700980033,20171300.0
VPB,2024-02-22,18.302645502754668,18.39508310630393,18.117770295656136,18.2102078992054,12556600.0
VPB,2024-02-23,18.2102078992054,18.718614718726364,18.02533269210687,18.02533269210687,47142600.0
VPB,2024-02-26,18.0715514938815,18.0715514938815,17.74801988145907,17.794238683233704,12880301.0
VPB,2024-02-27,17.88667628678297,18.02533269210687,17.74801988145907,17.88667628678297,21802100.0
VPB,2024-02-28,17.9328950885576,18.39508310630393,17.9328950885576,18.39508310630393,22285400.0
VPB,2024-02-29,18.579958313402464,18.67239591695173,18.163989097430765,18.39508310630393,19225700.0
VPB,2024-03-01,18.39508310630393,18.39508310630393,18.163989097430765,18.163989097430765,13763900.0
VPB,2024-03-04,18.302645502754668,18.302645502754668,18.117770295656136,18.117770295656136,16046750.0
VPB,2024-03-05,18.117770295656136,18.256426700980033,18.0715514938815,18.256426700980033,9789000.0
VPB,2024-03-06,18.302645502754668,18.3488643045293,17.840457485008336,17.9328950885576,13551750.0
VPB,2024-03-07,17.9328950885576,18.117770295656136,17.9328950885576,17.979113890332233,11946100.0
VPB,2024-03-08,17.979113890332233,18.02533269210687,17.516925872585905,17.563144674360537,35920400.0
VPB,2024-03-11,17.516925872585905,17.655582277909804,17.14717545838884,17.14717545838884,20576400.0
VPB,2024-03-12,17.14717545838884,17.332050665487372,17.10095665661421,17.14717545838884,13072400.0
VPB,2024-03-13,17.239613061938105,17.655582277909804,17.193394260163476,17.609363476135172,12508400.0
VPB,2024-03-14,17.655582277909804,17.655582277909804,17.239613061938105,17.378269467262008,10322800.0
VPB,2024-03-15,17.332050665487372,17.378269467262008,17.14717545838884,17.239613061938105,15184400.0
VPB,2024-03-18,17.239613061938105,17.28583186371274,16.592549837093244,16.82364384596641,28820100.0
VPB,2024-03-19,16.82364384596641,17.10095665661421,16.731206242417144,16.777425044191776,16652100.0
VPB,2024-03-20,16.82364384596641,17.239613061938105,16.82364384596641,17.239613061938105,14077900.0
VPB,2024-03-21,17.332050665487372,17.516925872585905,17.14717545838884,17.332050665487372,20305400.0
VPB,2024-03-22,17.47070707081127,17.563144674360537,17.239613061938105,17.378269467262008,22002200.0
VPB,2024-03-25,17.378269467262008,17.701801079684437,17.239613061938105,17.47070707081127,24263300.0
VPB,2024-03-26,17.47070707081127,18.117770295656136,17.47070707081127,18.117770295656136,43837300.0
VPB,2024-03-27,18.163989097430765,18.256426700980033,17.88667628678297,18.117770295656136,24434600.0
VPB,2024-03-28,18.163989097430765,18.302645502754668,18.02533269210687,18.163989097430765,21113300.0
VPB,2024-03-29,18.2102078992054,18.302645502754668,17.979113890332233,18.256426700980033,33675400.0
VPB,2024-04-01,18.117770295656136,18.256426700980033,17.979113890332233,18.163989097430765,13901301.0
VPB,2024-04-02,18.0715514938815,18.117770295656136,17.47070707081127,18.0715514938815,26646800.0
VPB,2024-04-03,17.88667628678297,18.02533269210687,17.794238683233704,17.88667628678297,20634600.0
VPB,2024-04-04,17.9328950885576,18.117770295656136,17.74801988145907,17.840457485008336,12592700.0
VPB,2024-04-05,17.655582277909804,17.979113890332233,17.563144674360537,17.979113890332233,14941300.0
VPB,2024-04-08,17.979113890332233,17.979113890332233,17.655582277909804,17.9328950885576,11325800.0
VPB,2024-04-09,17.88667628678297,17.9328950885576,17.701801079684437,17.88667628678297,10604100.0
VPB,2024-04-10,17.9328950885576,18.441301908078565,17.840457485008336,17.88667628678297,30260400.0
VPB,2024-04-11,17.88667628678297,18.117770295656136,17.840457485008336,17.88667628678297,10213900.0
VPB,2024-04-12,17.9328950885576,18.2102078992054,17.9328950885576,18.2102078992054,23794300.0
VPB,2024-04-15,18.117770295656136,18.302645502754668,17.00851905306494,17.193394260163476,45960910.0
VPB,2024-04-16,17.28583186371274,17.563144674360537,17.10095665661421,17.332050665487372,50301755.0
VPB,2024-04-17,17.516925872585905,17.609363476135172,16.777425044191776,16.777425044191776,13194901.0
VPB,2024-04-19,16.777425044191776,17.10095665661421,16.592549837093244,16.731206242417144,15355900.0
VPB,2024-04-22,17.00851905306494,17.193394260163476,16.869862647741044,16.916081449515676,24959900.0
VPB,2024-04-23,16.96230025129031,17.193394260163476,16.638768638867877,17.00851905306494,23878015.0
VPB,2024-04-24,17.10095665661421,17.332050665487372,17.00851905306494,17.193394260163476,21576456.0
VPB,2024-04-25,17.332050665487372,17.332050665487372,16.96230025129031,17.193394260163476,14691000.0
VPB,2024-04-26,17.00851905306494,17.193394260163476,16.916081449515676,17.14717545838884,9353200.0
VPB,2024-05-02,17.14717545838884,17.193394260163476,16.916081449515676,16.916081449515676,12412900.0
VPB,2024-05-03,17.00851905306494,17.10095665661421,16.96230025129031,17.00851905306494,16257400.0
VPB,2024-05-06,17.10095665661421,17.332050665487372,17.00851905306494,17.332050665487372,14729500.0
VPB,2024-05-07,17.332050665487372,17.42448826903664,17.14717545838884,17.378269467262008,11464000.0
VPB,2024-05-08,17.239613061938105,17.378269467262008,17.10095665661421,17.14717545838884,10998500.0
VPB,2024-05-09,17.239613061938105,17.42448826903664,17.10095665661421,17.332050665487372,13891000.0
VPB,2024-05-10,17.28583186371274,17.332050665487372,17.00851905306494,17.10095665661421,14833400.0
VPB,2024-05-13,17.14717545838884,17.47070707081127,17.054737854839573,17.378269467262008,21342400.0
VPB,2024-05-14,17.563144674360537,17.840457485008336,17.47070707081127,17.655582277909804,28168300.0
VPB,2024-05-15,17.794238683233704,17.794238683233704,17.609363476135172,17.609363476135172,14341000.0
VPB,2024-05-16,17.74801988145907,17.979113890332233,17.655582277909804,17.9328950885576,23193200.0
VPB,2024-05-17,17.9328950885576,17.979113890332233,17.794238683233704,17.9328950885576,19735500.0
VPB,2024-05-20,18.0715514938815,18.3488643045293,18.02533269210687,18.302645502754668,68949957.0
VPB,2024-05-21,18.302645502754668,18.3488643045293,18.117770295656136,18.302645502754668,24650900.0
VPB,2024-05-22,18.30264550342022,18.30264550342022,17.76719576794782,17.81587301662713,47304457.0
VPB,2024-05-23,17.81587301662713,18.010582011344365,17.6698412705892,18.010582011344365,23169950.0
VPB,2024-05-24,17.913227513985746,18.010582011344365,17.52380952455127,17.52380952455127,22010300.0
VPB,2024-05-27,17.6698412705892,17.6698412705892,17.475132275871964,17.52380952455127,25231000.0
VPB,2024-05-28,17.621164021909895,17.71851851926851,17.52380952455127,17.572486773230583,12113700.0
VPB,2024-05-29,17.621164021909895,17.621164021909895,17.475132275871964,17.572486773230583,13120900.0
VPB,2024-05-30,17.52380952455127,17.52380952455127,17.231746032475417,17.475132275871964,12454000.0
VPB,2024-05-31,17.475132275871964,17.572486773230583,17.426455027192652,17.52380952455127,6386900.0
VPB,2024-06-03,17.621164021909895,17.961904762665053,17.572486773230583,17.81587301662713,19778700.0
VPB,2024-06-04,17.913227513985746,17.913227513985746,17.6698412705892,17.71851851926851,18134000.0
VPB,2024-06-05,17.71851851926851,17.81587301662713,17.621164021909895,17.621164021909895,17144100.0
VPB,2024-06-06,17.6698412705892,17.76719576794782,17.475132275871964,17.621164021909895,30551300.0
VPB,2024-06-07,17.76719576794782,17.76719576794782,17.475132275871964,17.52380952455127,11957000.0
VPB,2024-06-10,17.572486773230583,17.71851851926851,17.52380952455127,17.572486773230583,15421400.0
VPB,2024-06-11,17.71851851926851,17.864550265306438,17.572486773230583,17.81587301662713,34479900.0
VPB,2024-06-12,17.81587301662713,18.88677248757193,17.6698412705892,18.88677248757193,75826300.0
VPB,2024-06-13,18.984126984930548,19.276190477006402,18.740740741534,18.935449736251236,47965400.0
VPB,2024-06-14,18.935449736251236,18.984126984930548,18.2052910060616,18.2052910060616,38385600.0
VPB,2024-06-17,18.2052910060616,18.546031746816766,17.961904762665053,18.25396825474091,53908575.0
VPB,2024-06-18,18.30264550342022,18.594708995496074,18.107936508702984,18.107936508702984,37891600.0
VPB,2024-06-19,18.15661375738229,18.69206349285469,17.913227513985746,18.497354498137454,93178175.0
VPB,2024-06-20,18.64338624417538,19.276190477006402,18.497354498137454,19.178835979647783,79569200.0
VPB,2024-06-21,19.178835979647783,19.32486772568571,18.83809523889262,19.081481482289167,69506503.0
VPB,2024-06-24,18.935449736251236,19.081481482289167,18.35132275209953,18.35132275209953,51572402.0
VPB,2024-06-25,18.35132275209953,18.69206349285469,18.35132275209953,18.497354498137454,21397002.0
VPB,2024-06-26,18.497354498137454,18.594708995496074,18.059259260023673,18.497354498137454,29401900.0
VPB,2024-06-27,18.497354498137454,18.546031746816766,18.2052910060616,18.497354498137454,25901801.0
VPB,2024-06-28,18.448677249458147,18.78941799021331,18.107936508702984,18.15661375738229,54366220.0
VPB,2024-07-01,18.15661375738229,18.546031746816766,18.010582011344365,18.497354498137454,17445601.0
VPB,2024-07-02,18.497354498137454,18.69206349285469,18.30264550342022,18.448677249458147,17465002.0
VPB,2024-07-03,18.497354498137454,18.69206349285469,18.25396825474091,18.497354498137454,20240201.0
VPB,2024-07-04,18.64338624417538,18.935449736251236,18.546031746816766,18.546031746816766,26604400.0
VPB,2024-07-05,18.546031746816766,18.78941799021331,18.497354498137454,18.64338624417538,21534301.0
VPB,2024-07-08,18.69206349285469,18.78941799021331,18.497354498137454,18.546031746816766,16256201.0
VPB,2024-07-09,18.69206349285469,18.935449736251236,18.497354498137454,18.88677248757193,34820600.0
VPB,2024-07-10,18.984126984930548,19.032804233609856,18.69206349285469,18.69206349285469,17073101.0
VPB,2024-07-11,18.69206349285469,19.032804233609856,18.546031746816766,18.546031746816766,25226500.0
VPB,2024-07-12,18.594708995496074,18.69206349285469,18.448677249458147,18.497354498137454,17738414.0
VPB,2024-07-15,18.546031746816766,18.594708995496074,18.2052910060616,18.30264550342022,16131613.0
VPB,2024-07-16,18.400000000778835,18.594708995496074,18.30264550342022,18.497354498137454,18281005.0
VPB,2024-07-17,18.497354498137454,18.88677248757193,18.30264550342022,18.497354498137454,36544404.0
VPB,2024-07-18,18.497354498137454,18.594708995496074,18.15661375738229,18.546031746816766,16847129.0
VPB,2024-07-19,18.497354498137454,18.69206349285469,18.30264550342022,18.30264550342022,19141711.0
VPB,2024-07-22,18.30264550342022,18.546031746816766,18.15661375738229,18.30264550342022,15933804.0
VPB,2024-07-23,18.35132275209953,18.400000000778835,17.71851851926851,17.913227513985746,17890003.0
VPB,2024-07-24,17.864550265306438,18.107936508702984,17.71851851926851,18.010582011344365,13902802.0
VPB,2024-07-25,17.913227513985746,18.010582011344365,17.81587301662713,17.864550265306438,10668518.0
VPB,2024-07-26,17.913227513985746,18.010582011344365,17.81587301662713,17.913227513985746,8349607.0
VPB,2024-07-29,18.010582011344365,18.107936508702984,17.913227513985746,17.913227513985746,7226602.0
VPB,2024-07-30,17.913227513985746,18.2052910060616,17.81587301662713,18.059259260023673,12800202.0
VPB,2024-07-31,18.107936508702984,18.64338624417538,18.107936508702984,18.497354498137454,38633414.0
VPB,2024-08-01,18.64338624417538,18.64338624417538,17.961904762665053,18.059259260023673,15647205.0
VPB,2024-08-02,18.010582011344365,18.25396825474091,17.864550265306438,18.25396825474091,15295804.0
VPB,2024-08-05,17.913227513985746,18.107936508702984,17.475132275871964,17.6698412705892,29120903.0
VPB,2024-08-06,17.864550265306438,18.010582011344365,17.621164021909895,17.864550265306438,16199111.0
VPB,2024-08-07,17.913227513985746,17.913227513985746,17.52380952455127,17.52380952455127,14903001.0
VPB,2024-08-08,17.426455027192652,17.52380952455127,17.037037037758182,17.377777778513348,22142411.0
VPB,2024-08-09,17.377777778513348,17.621164021909895,17.329100529834037,17.52380952455127,11869404.0
VPB,2024-08-12,17.52380952455127,17.6698412705892,17.329100529834037,17.6698412705892,12636703.0
VPB,2024-08-13,17.621164021909895,17.71851851926851,17.475132275871964,17.6698412705892,10643310.0
VPB,2024-08-14,17.6698412705892,17.71851851926851,17.52380952455127,17.52380952455127,9278282.0
VPB,2024-08-15,17.52380952455127,17.621164021909895,17.475132275871964,17.52380952455127,7557901.0
VPB,2024-08-16,17.572486773230583,17.961904762665053,17.52380952455127,17.913227513985746,24092004.0
VPB,2024-08-19,17.913227513985746,18.107936508702984,17.913227513985746,17.961904762665053,12821803.0
VPB,2024-08-20,17.961904762665053,18.15661375738229,17.913227513985746,18.107936508702984,19645303.0
VPB,2024-08-21,18.010582011344365,18.35132275209953,17.961904762665053,18.25396825474091,34804504.0
VPB,2024-08-22,18.25396825474091,18.35132275209953,18.107936508702984,18.25396825474091,14022600.0
VPB,2024-08-23,18.30264550342022,18.497354498137454,18.2052910060616,18.25396825474091,23867000.0
VPB,2024-08-26,18.30264550342022,18.78941799021331,18.30264550342022,18.497354498137454,40060003.0
VPB,2024-08-27,18.594708995496074,18.64338624417538,18.448677249458147,18.497354498137454,16374707.0
VPB,2024-08-28,18.497354498137454,18.594708995496074,18.400000000778835,18.448677249458147,13771103.0
VPB,2024-08-29,18.448677249458147,18.83809523889262,18.400000000778835,18.448677249458147,24001502.0
VPB,2024-08-30,18.594708995496074,18.594708995496074,18.448677249458147,18.448677249458147,12969502.0
VPB,2024-09-04,18.30264550342022,18.30264550342022,18.010582011344365,18.010582011344365,24148500.0
VPB,2024-09-05,18.059259260023673,18.059259260023673,17.81587301662713,17.81587301662713,15899500.0
VPB,2024-09-06,17.81587301662713,17.961904762665053,17.71851851926851,17.961904762665053,15100904.0
VPB,2024-09-09,17.913227513985746,17.961904762665053,17.76719576794782,17.864550265306438,16209409.0
VPB,2024-09-10,17.913227513985746,17.961904762665053,17.621164021909895,17.6698412705892,21881600.0
VPB,2024-09-11,17.621164021909895,17.81587301662713,17.572486773230583,17.76719576794782,11782500.0
VPB,2024-09-12,17.76719576794782,18.107936508702984,17.76719576794782,18.010582011344365,23766300.0
VPB,2024-09-13,18.010582011344365,18.059259260023673,17.81587301662713,17.961904762665053,10635200.0
VPB,2024-09-16,17.913227513985746,18.059259260023673,17.76719576794782,17.864550265306438,10279100.0
VPB,2024-09-17,17.864550265306438,18.15661375738229,17.81587301662713,18.15661375738229,10320200.0
VPB,2024-09-18,18.15661375738229,18.30264550342022,18.010582011344365,18.15661375738229,27055500.0
VPB,2024-09-19,18.15661375738229,18.30264550342022,18.15661375738229,18.25396825474091,20966800.0
VPB,2024-09-20,18.30264550342022,18.594708995496074,18.30264550342022,18.448677249458147,57363200.0
VPB,2024-09-23,18.497354498137454,18.69206349285469,18.400000000778835,18.497354498137454,33699100.0
VPB,2024-09-24,18.497354498137454,18.69206349285469,18.448677249458147,18.69206349285469,43226000.0
VPB,2024-09-25,18.78941799021331,19.032804233609856,18.69206349285469,18.935449736251236,47317570.0
VPB,2024-09-26,18.984126984930548,19.32486772568571,18.83809523889262,19.081481482289167,56247500.0
VPB,2024-09-27,19.178835979647783,19.616931217761564,19.081481482289167,19.22751322832709,63925900.0
VPB,2024-09-30,19.178835979647783,19.616931217761564,19.13015873096847,19.568253969082257,30702801.0
VPB,2024-10-01,19.568253969082257,19.76296296379949,19.32486772568571,19.373544974365018,33464208.0
VPB,2024-10-02,19.276190477006402,19.373544974365018,19.081481482289167,19.178835979647783,37579900.0
VPB,2024-10-03,19.276190477006402,19.90899470983742,19.276190477006402,19.470899471723637,49868500.0
VPB,2024-10-04,19.470899471723637,19.90899470983742,19.422222223044326,19.470899471723637,34247700.0
VPB,2024-10-07,19.568253969082257,19.616931217761564,19.178835979647783,19.470899471723637,25931500.0
VPB,2024-10-08,19.470899471723637,19.616931217761564,19.32486772568571,19.568253969082257,28138200.0
VPB,2024-10-09,19.470899471723637,19.76296296379949,19.470899471723637,19.714285715120184,51589013.0
VPB,2024-10-10,19.811640212478803,20.152380953233965,19.76296296379949,20.00634920719604,45962500.0
VPB,2024-10-11,19.957671958516727,20.152380953233965,19.811640212478803,20.152380953233965,23648500.0
VPB,2024-10-14,20.249735450592585,20.249735450592585,19.860317461158107,20.103703704554654,25145501.0
VPB,2024-10-15,19.957671958516727,20.493121693989128,19.957671958516727,20.298412699271893,45086300.0
VPB,2024-10-16,20.249735450592585,20.3470899479512,20.103703704554654,20.298412699271893,18041900.0
VPB,2024-10-17,20.298412699271893,20.39576719663051,20.152380953233965,20.3470899479512,24872205.0
VPB,2024-10-18,20.298412699271893,20.39576719663051,20.00634920719604,20.00634920719604,27607563.0
VPB,2024-10-21,20.00634920719604,20.201058201913273,19.860317461158107,20.103703704554654,18612243.0
VPB,2024-10-22,20.055026455875346,20.103703704554654,19.76296296379949,20.055026455875346,22323423.0
VPB,2024-10-23,19.957671958516727,20.00634920719604,19.76296296379949,19.90899470983742,16229511.0
VPB,2024-10-24,19.860317461158107,19.90899470983742,19.470899471723637,19.470899471723637,26149614.0
VPB,2024-10-25,19.568253969082257,19.665608466440872,19.470899471723637,19.568253969082257,18005417.0
VPB,2024-10-28,19.470899471723637,19.568253969082257,19.373544974365018,19.568253969082257,11242626.0
VPB,2024-10-29,19.665608466440872,19.76296296379949,19.616931217761564,19.714285715120184,25220611.0
VPB,2024-10-30,19.714285715120184,19.811640212478803,19.616931217761564,19.714285715120184,15367912.0
VPB,2024-10-31,19.714285715120184,19.90899470983742,19.616931217761564,19.90899470983742,15454616.0
VPB,2024-11-01,19.860317461158107,19.860317461158107,19.51957672040295,19.616931217761564,21603900.0
VPB,2024-11-04,19.616931217761564,19.665608466440872,19.081481482289167,19.178835979647783,30609301.0
VPB,2024-11-05,19.032804233609856,19.276190477006402,19.032804233609856,19.178835979647783,10174500.0
VPB,2024-11-06,19.22751322832709,19.422222223044326,19.178835979647783,19.32486772568571,16255901.0
VPB,2024-11-07,19.373544974365018,19.422222223044326,19.081481482289167,19.178835979647783,13396029.0
VPB,2024-11-08,19.276190477006402,19.276190477006402,18.78941799021331,18.984126984930548,25171329.0
VPB,2024-11-11,18.935449736251236,18.935449736251236,18.448677249458147,18.69206349285469,28193923.0
VPB,2024-11-12,18.740740741534,18.740740741534,18.400000000778835,18.594708995496074,15881913.0
VPB,2024-11-13,18.448677249458147,18.83809523889262,18.25396825474091,18.83809523889262,25401806.0
VPB,2024-11-14,18.594708995496074,18.69206349285469,18.30264550342022,18.497354498137454,17485406.0
VPB,2024-11-15,18.35132275209953,18.448677249458147,18.2052910060616,18.2052910060616,20699302.0
VPB,2024-11-18,18.107936508702984,18.400000000778835,17.961904762665053,18.2052910060616,25797503.0
VPB,2024-11-19,18.25396825474091,18.30264550342022,18.010582011344365,18.010582011344365,11226801.0
VPB,2024-11-20,17.913227513985746,18.400000000778835,17.913227513985746,18.2052910060616,17682701.0
VPB,2024-11-21,18.2052910060616,18.69206349285469,18.107936508702984,18.69206349285469,28295200.0
VPB,2024-11-22,18.69206349285469,18.78941799021331,18.546031746816766,18.546031746816766,18059300.0
VPB,2024-11-25,18.546031746816766,18.69206349285469,18.546031746816766,18.546031746816766,8109800.0
VPB,2024-11-26,18.546031746816766,18.88677248757193,18.546031746816766,18.546031746816766,33380500.0
VPB,2024-11-27,18.546031746816766,18.69206349285469,18.497354498137454,18.546031746816766,6922701.0
VPB,2024-11-28,18.69206349285469,18.83809523889262,18.546031746816766,18.546031746816766,27018600.0
VPB,2024-11-29,18.64338624417538,18.69206349285469,18.497354498137454,18.64338624417538,11398401.0
VPB,2024-12-02,18.78941799021331,18.78941799021331,18.594708995496074,18.69206349285469,20864601.0
VPB,2024-12-03,18.64338624417538,18.69206349285469,18.497354498137454,18.69206349285469,17364600.0
VPB,2024-12-04,18.546031746816766,18.64338624417538,18.448677249458147,18.497354498137454,8538700.0
VPB,2024-12-05,18.497354498137454,18.984126984930548,18.30264550342022,18.984126984930548,32178800.0
VPB,2024-12-06,18.984126984930548,18.984126984930548,18.78941799021331,18.83809523889262,11672800.0
VPB,2024-12-09,18.740740741534,19.032804233609856,18.69206349285469,18.88677248757193,34675200.0
VPB,2024-12-10,18.88677248757193,18.935449736251236,18.69206349285469,18.740740741534,8269900.0
VPB,2024-12-11,18.740740741534,18.78941799021331,18.546031746816766,18.740740741534,27962400.0
VPB,2024-12-12,18.740740741534,19.032804233609856,18.64338624417538,18.78941799021331,23442300.0
VPB,2024-12-13,18.69206349285469,18.78941799021331,18.594708995496074,18.64338624417538,22450602.0
VPB,2024-12-16,18.64338624417538,18.69206349285469,18.497354498137454,18.594708995496074,23562401.0
VPB,2024-12-17,18.594708995496074,18.64338624417538,18.448677249458147,18.448677249458147,14352500.0
VPB,2024-12-18,18.497354498137454,18.594708995496074,18.448677249458147,18.497354498137454,21743501.0
VPB,2024-12-19,18.448677249458147,18.448677249458147,18.107936508702984,18.30264550342022,21327100.0
VPB,2024-12-20,18.30264550342022,18.400000000778835,18.15661375738229,18.400000000778835,7699600.0
VPB,2024-12-23,18.448677249458147,18.64338624417538,18.400000000778835,18.448677249458147,7737800.0
VPB,2024-12-24,18.448677249458147,18.497354498137454,18.25396825474091,18.448677249458147,5989600.0
VPB,2024-12-25,18.448677249458147,18.78941799021331,18.30264550342022,18.69206349285469,25466234.0
VPB,2024-12-26,18.740740741534,18.78941799021331,18.546031746816766,18.740740741534,11611774.0
VPB,2024-12-27,18.69206349285469,18.83809523889262,18.594708995496074,18.740740741534,22060300.0
VPB,2024-12-30,18.69206349285469,18.740740741534,18.594708995496074,18.740740741534,6708704.0
VPB,2024-12-31,18.740740741534,18.740740741534,18.546031746816766,18.69206349285469,17228376.0
VPB,2025-01-02,18.594708995496074,18.69206349285469,18.448677249458147,18.64338624417538,8363404.0
VPB,2025-01-03,18.594708995496074,18.594708995496074,18.25396825474091,18.25396825474091,10601506.0
VPB,2025-01-06,18.25396825474091,18.400000000778835,18.2052910060616,18.30264550342022,7888502.0
VPB,2025-01-07,18.35132275209953,18.400000000778835,18.2052910060616,18.2052910060616,9945902.0
VPB,2025-01-08,18.2052910060616,18.400000000778835,18.15661375738229,18.35132275209953,4869803.0
VPB,2025-01-09,18.400000000778835,18.400000000778835,18.15661375738229,18.2052910060616,4278905.0
VPB,2025-01-10,18.2052910060616,18.25396825474091,17.961904762665053,18.010582011344365,6916002.0
VPB,2025-01-13,17.961904762665053,18.010582011344365,17.76719576794782,17.81587301662713,9488900.0
VPB,2025-01-14,17.76719576794782,17.864550265306438,17.572486773230583,17.6698412705892,11793501.0
VPB,2025-01-15,17.81587301662713,18.010582011344365,17.71851851926851,17.913227513985746,6198700.0
VPB,2025-01-16,18.010582011344365,18.010582011344365,17.71851851926851,17.913227513985746,11192000.0
VPB,2025-01-17,17.913227513985746,17.961904762665053,17.81587301662713,17.961904762665053,6243700.0
VPB,2025-01-20,17.913227513985746,18.059259260023673,17.864550265306438,17.913227513985746,8490800.0
VPB,2025-01-21,18.010582011344365,18.010582011344365,17.76719576794782,17.913227513985746,20455100.0
VPB,2025-01-22,17.913227513985746,18.010582011344365,17.76719576794782,17.864550265306438,14149900.0
VPB,2025-01-23,18.010582011344365,18.400000000778835,17.913227513985746,18.400000000778835,29519900.0
VPB,2025-01-24,18.400000000778835,18.497354498137454,18.30264550342022,18.400000000778835,11206200.0
VPB,2025-02-03,18.30264550342022,18.30264550342022,18.010582011344365,18.010582011344365,10292500.0
VPB,2025-02-04,18.25396825474091,18.30264550342022,18.059259260023673,18.25396825474091,14111365.0
VPB,2025-02-05,18.25396825474091,18.594708995496074,18.25396825474091,18.546031746816766,13416500.0
VPB,2025-02-06,18.594708995496074,18.69206349285469,18.448677249458147,18.546031746816766,13155805.0
VPB,2025-02-07,18.448677249458147,18.69206349285469,18.400000000778835,18.448677249458147,18738259.0
VPB,2025-02-10,18.400000000778835,18.594708995496074,18.25396825474091,18.35132275209953,13500005.0
VPB,2025-02-11,18.35132275209953,18.64338624417538,18.30264550342022,18.400000000778835,30773403.0
VPB,2025-02-12,18.497354498137454,18.594708995496074,18.30264550342022,18.400000000778835,11290903.0
VPB,2025-02-13,18.400000000778835,18.497354498137454,18.30264550342022,18.400000000778835,18164641.0
VPB,2025-02-14,18.594708995496074,18.64338624417538,18.497354498137454,18.497354498137454,14735003.0
VPB,2025-02-17,18.497354498137454,18.594708995496074,18.35132275209953,18.35132275209953,30786932.0
VPB,2025-02-18,18.35132275209953,18.69206349285469,18.25396825474091,18.448677249458147,18371101.0
VPB,2025-02-19,18.497354498137454,18.594708995496074,18.448677249458147,18.546031746816766,9257700.0
VPB,2025-02-20,18.594708995496074,18.78941799021331,18.497354498137454,18.69206349285469,18762903.0
VPB,2025-02-21,18.64338624417538,19.081481482289167,18.546031746816766,18.935449736251236,44188601.0
VPB,2025-02-24,18.88677248757193,19.032804233609856,18.69206349285469,19.032804233609856,22721401.0
VPB,2025-02-25,19.032804233609856,19.081481482289167,18.740740741534,18.83809523889262,14015503.0
VPB,2025-02-26,18.83809523889262,18.88677248757193,18.740740741534,18.740740741534,11212102.0
VPB,2025-02-27,18.740740741534,18.83809523889262,18.546031746816766,18.78941799021331,10246600.0
VPB,2025-02-28,18.594708995496074,18.88677248757193,18.594708995496074,18.78941799021331,9328703.0
VPB,2025-03-03,18.83809523889262,18.83809523889262,18.594708995496074,18.69206349285469,9400800.0
VPB,2025-03-04,18.594708995496074,18.69206349285469,18.448677249458147,18.594708995496074,19237102.0
VPB,2025-03-05,18.594708995496074,18.83809523889262,18.497354498137454,18.497354498137454,16030300.0
VPB,2025-03-06,18.546031746816766,18.83809523889262,18.546031746816766,18.64338624417538,20991201.0
VPB,2025-03-07,18.69206349285469,18.935449736251236,18.64338624417538,18.740740741534,20716400.0
VPB,2025-03-10,18.88677248757193,19.13015873096847,18.78941799021331,18.88677248757193,34122105.0
VPB,2025-03-11,18.740740741534,19.22751322832709,18.69206349285469,19.178835979647783,37545201.0
VPB,2025-03-12,19.276190477006402,19.276190477006402,18.984126984930548,19.081481482289167,27621701.0
VPB,2025-03-13,19.13015873096847,19.13015873096847,18.69206349285469,18.740740741534,23537504.0
VPB,2025-03-14,18.78941799021331,19.081481482289167,18.69206349285469,19.081481482289167,17943601.0
VPB,2025-03-17,19.22751322832709,19.860317461158107,19.081481482289167,19.665608466440872,79545101.0
VPB,2025-03-18,19.714285715120184,19.76296296379949,19.276190477006402,19.276190477006402,26171100.0
VPB,2025-03-19,19.22751322832709,19.22751322832709,18.88677248757193,18.935449736251236,36438701.0
VPB,2025-03-20,19.081481482289167,19.178835979647783,18.88677248757193,19.081481482289167,23239403.0
VPB,2025-03-21,19.081481482289167,19.13015873096847,18.88677248757193,18.984126984930548,10510103.0
VPB,2025-03-24,18.984126984930548,19.13015873096847,18.740740741534,19.081481482289167,22405100.0
VPB,2025-03-25,19.13015873096847,19.178835979647783,18.935449736251236,18.984126984930548,12586900.0
VPB,2025-03-26,18.984126984930548,19.13015873096847,18.78941799021331,18.83809523889262,15162300.0
VPB,2025-03-27,18.740740741534,18.935449736251236,18.740740741534,18.740740741534,7656600.0
VPB,2025-03-28,18.740740741534,18.88677248757193,18.69206349285469,18.740740741534,12071400.0
VPB,2025-03-31,18.64338624417538,18.740740741534,18.497354498137454,18.497354498137454,15183811.0
VPB,2025-04-01,18.64338624417538,18.69206349285469,18.497354498137454,18.64338624417538,9060047.0
VPB,2025-04-02,18.64338624417538,18.83809523889262,18.594708995496074,18.64338624417538,11701401.0
VPB,2025-04-03,17.71851851926851,18.059259260023673,17.377777778513348,17.377777778513348,41011200.0
VPB,2025-04-04,16.355555556247857,16.988359789078874,16.209523810209927,16.988359789078874,46810001.0
VPB,2025-04-08,16.550264550965093,16.744973545682328,15.820105820775455,15.820105820775455,27377903.0
VPB,2025-04-09,14.797883598509964,16.063492064172,14.749206349830656,15.5280423286996,56307800.0
VPB,2025-04-10,16.5989417996444,16.5989417996444,16.5989417996444,16.5989417996444,1923603.0
VPB,2025-04-11,16.550264550965093,17.18306878379611,16.355555556247857,16.988359789078874,61278401.0
VPB,2025-04-14,17.037037037758182,17.231746032475417,16.793650794361636,16.842328043040947,31105801.0
VPB,2025-04-15,16.744973545682328,16.793650794361636,16.404232804927165,16.452910053606473,19615100.0
VPB,2025-04-16,16.404232804927165,16.550264550965093,16.258201058889238,16.355555556247857,14138200.0
VPB,2025-04-17,16.355555556247857,16.355555556247857,15.917460318134074,16.11216931285131,22115700.0
VPB,2025-04-18,16.209523810209927,16.793650794361636,16.209523810209927,16.50158730228578,16480100.0
VPB,2025-04-21,16.452910053606473,16.5989417996444,16.258201058889238,16.258201058889238,12080600.0
VPB,2025-04-22,16.16084656153062,16.355555556247857,15.138624339265128,16.16084656153062,32463106.0
VPB,2025-04-23,16.550264550965093,16.550264550965093,16.258201058889238,16.258201058889238,10954900.0
VPB,2025-04-24,16.355555556247857,16.50158730228578,16.209523810209927,16.209523810209927,15643703.0
VPB,2025-04-25,16.258201058889238,16.306878307568546,16.01481481549269,16.063492064172,37794000.0
VPB,2025-04-28,16.258201058889238,16.258201058889238,16.063492064172,16.11216931285131,12661203.0
VPB,2025-04-29,16.16084656153062,16.258201058889238,16.063492064172,16.11216931285131,27554500.0
VPB,2025-05-05,16.258201058889238,16.306878307568546,16.063492064172,16.16084656153062,7704001.0
VPB,2025-05-06,16.258201058889238,16.744973545682328,16.209523810209927,16.452910053606473,25315800.0
VPB,2025-05-07,16.50158730228578,16.550264550965093,16.355555556247857,16.550264550965093,10235801.0
VPB,2025-05-08,16.5989417996444,16.744973545682328,16.50158730228578,16.550264550965093,15414401.0
VPB,2025-05-09,16.647619048323712,16.793650794361636,16.452910053606473,16.550264550965093,20694500.0
VPB,2025-05-12,16.647619048323712,16.988359789078874,16.50158730228578,16.891005291720255,36530801.0
VPB,2025-05-13,17.18306878379611,17.231746032475417,16.988359789078874,17.231746032475417,29906911.0
VPB,2025-05-14,17.329100529834037,18.400000000778835,17.28042328115473,18.400000000778835,128635053.0
VPB,2025-05-15,18.65,18.8,18.25,18.55,55821300.0
VPB,2025-05-16,18.35,18.7,18.05,18.05,58821285.0
VPB,2025-05-19,18.0,18.85,17.8,18.2,64648010.0
VPB,2025-05-20,18.2,18.55,18.15,18.2,28358100.0
VPB,2025-05-21,18.3,18.8,18.25,18.45,68308300.0
VPB,2025-05-22,18.5,18.7,18.2,18.3,44534700.0
VPB,2025-05-23,18.25,18.35,18.1,18.1,15069100.0
VPB,2025-05-26,18.1,18.2,17.3,18.15,24583500.0
VPB,2025-05-27,18.15,18.3,18.05,18.1,22988200.0
VPB,2025-05-28,18.2,18.3,18.0,18.0,13063100.0
VPB,2025-05-29,18.1,18.55,18.0,18.15,46408000.0
VPB,2025-05-30,18.25,18.3,17.9,17.95,26859100.0
VPB,2025-06-02,17.95,18.15,17.8,18.0,27571971.0
VPB,2025-06-03,18.1,18.4,18.0,18.3,23567860.0
VPB,2025-06-04,18.3,18.55,18.2,18.25,41724400.0
VPB,2025-06-05,18.2,18.4,18.05,18.1,15012701.0
VPB,2025-06-06,18.1,18.1,17.8,17.8,25184300.0
VPB,2025-06-09,17.75,17.9,17.65,17.85,16977700.0
VPB,2025-06-10,17.9,18.2,17.85,17.95,23563000.0
VPB,2025-06-11,18.05,18.05,17.9,18.0,8717100.0
VPB,2025-06-12,18.05,18.3,18.05,18.2,21883000.0
VPB,2025-06-13,18.05,18.4,17.9,18.15,35579800.0
VPB,2025-06-16,18.15,18.8,18.15,18.8,71932500.0
VPB,2025-06-17,18.9,19.0,18.6,18.8,35021100.0
VPB,2025-06-18,18.8,18.95,18.5,18.5,23850800.0
VPB,2025-06-19,18.5,18.75,18.5,18.5,18471800.0
VPB,2025-06-20,18.6,18.85,18.45,18.45,30601401.0
VPB,2025-06-23,18.35,18.5,18.25,18.4,19215801.0
VPB,2025-06-24,18.55,18.75,18.45,18.55,42718000.0
VPB,2025-06-25,18.6,18.7,18.4,18.4,18709501.0
VPB,2025-06-26,18.5,18.55,18.35,18.35,17957534.0
VPB,2025-06-27,18.5,18.75,18.45,18.5,22350705.0
VPB,2025-06-30,18.55,18.65,18.5,18.5,12830283.0
VPB,2025-07-01,18.5,18.6,18.4,18.45,17460200.0
VPB,2025-07-02,18.45,18.6,18.35,18.6,25827700.0
VPB,2025-07-03,18.55,18.85,18.5,18.65,49988200.0
VPB,2025-07-04,18.7,18.85,18.6,18.75,25180000.0
VPB,2025-07-07,18.9,19.35,18.9,19.3,55281800.0
VPB,2025-07-08,19.35,19.6,19.05,19.6,46182200.0
VPB,2025-07-09,19.8,20.15,19.7,20.05,67441400.0
VPB,2025-07-10,20.15,20.25,19.9,20.15,38454402.0
VPB,2025-07-11,20.2,20.35,19.9,20.15,46180901.0
VPB,2025-07-14,20.25,21.2,20.2,21.0,64958601.0
VPB,2025-07-15,21.15,21.2,20.75,20.75,49989100.0
VPB,2025-07-16,20.75,21.0,20.5,20.85,22921500.0
VPB,2025-07-17,21.0,21.3,20.75,20.9,49693101.0
VPB,2025-07-18,20.9,21.65,20.8,21.35,48947600.0
VPB,2025-07-21,21.6,22.5,21.35,22.3,76336409.0
VPB,2025-07-22,22.15,22.6,21.8,22.5,41745201.0
VPB,2025-07-23,22.8,23.6,22.5,23.35,74040900.0
VPB,2025-07-24,23.9,23.9,23.15,23.5,48157800.0
VPB,2025-07-25,23.5,24.15,23.4,24.05,56483100.0
VPB,2025-07-28,24.35,25.15,24.0,25.1,58364800.0
VPB,2025-07-29,25.1,25.8,23.55,23.6,129715275.0
VPB,2025-07-30,23.8,25.25,23.5,25.25,86059942.0
VPB,2025-07-31,25.8,26.1,25.55,25.8,65563941.0
VPB,2025-08-01,25.9,25.9,25.0,25.8,56465400.0
VPB,2025-08-04,25.25,26.4,25.25,26.4,40727100.0
VPB,2025-08-05,26.65,27.65,25.6,26.5,80767401.0
VPB,2025-08-06,26.55,27.1,26.3,27.1,28576400.0
VPB,2025-08-07,27.85,28.95,27.4,28.95,78609301.0
VPB,2025-08-08,29.5,29.55,28.0,29.55,48721400.0
VPB,2025-08-11,29.5,29.95,29.0,29.6,35742315.0
VPB,2025-08-12,29.6,29.8,29.2,29.6,42545801.0
VPB,2025-08-13,29.3,29.55,28.0,28.8,46106100.0
VPB,2025-08-14,29.4,30.8,29.2,30.8,72643901.0
VPB,2025-08-15,32.8,32.8,30.9,31.1,79959700.0
VPB,2025-08-18,32.05,32.55,31.6,32.0,46832901.0
VPB,2025-08-19,32.7,34.2,32.7,34.2,89717800.0
VPB,2025-08-20,35.6,36.55,33.7,36.55,119458800.0
VPB,2025-08-21,37.0,38.9,36.7,38.65,54852900.0
VPB,2025-08-22,38.0,38.25,35.95,35.95,75547200.0
VPB,2025-08-25,35.95,36.0,33.45,33.5,69384201.0
VPB,2025-08-26,33.05,34.35,32.75,34.3,69002700.0
VPB,2025-08-27,34.5,34.7,32.5,33.3,90887900.0
VPB,2025-08-28,33.1,34.2,32.6,34.0,37059300.0
VPB,2025-08-29,34.0,36.3,33.65,35.0,65934601.0
VPB,2025-09-03,35.15,35.4,34.35,34.5,28992800.0
VPB,2025-09-04,34.7,35.0,33.8,34.9,45236901.0
VPB,2025-09-05,35.5,35.5,33.5,33.5,37902100.0
VPB,2025-09-08,33.3,33.35,31.2,31.2,62349200.0
VPB,2025-09-09,31.5,32.55,31.35,32.4,43598200.0
VPB,2025-09-10,32.85,32.95,31.8,32.45,24442300.0
VPB,2025-09-11,32.05,32.35,30.45,32.25,52389206.0
VPB,2025-09-12,32.1,32.3,31.55,31.6,24071712.0
VPB,2025-09-15,31.5,32.2,30.95,31.55,64249102.0
VPB,2025-09-16,31.55,32.85,31.5,31.7,84813600.0
VPB,2025-09-17,31.7,31.95,31.0,31.0,27947311.0
VPB,2025-09-18,31.1,31.25,30.3,30.8,26845901.0
VPB,2025-09-19,30.9,30.95,30.0,30.4,28966700.0
VPB,2025-09-22,30.35,30.4,29.3,29.5,55243212.0
VPB,2025-09-23,29.6,30.65,29.6,29.9,57319703.0
VPB,2025-09-24,30.1,31.6,29.55,31.6,52048613.0
VPB,2025-09-25,31.7,31.85,30.9,30.95,40514207.0
VPB,2025-09-26,30.95,31.1,30.4,30.4,55861403.0
VPB,2025-09-29,30.5,31.2,30.05,31.1,60046203.0
VPB,2025-09-30,31.25,31.25,30.3,31.1,34394807.0
VPB,2025-10-01,31.1,31.55,30.85,30.9,18665813.0
VPB,2025-10-02,31.1,31.5,30.15,30.15,31872309.0
VPB,2025-10-03,30.15,30.2,29.5,29.5,31541409.0
VPB,2025-10-06,30.25,31.55,30.0,31.55,48588702.0
VPB,2025-10-07,31.9,31.9,30.9,31.05,26704015.0
VPB,2025-10-08,31.4,31.65,30.7,31.1,29322469.0
VPB,2025-10-09,31.3,32.1,31.1,32.1,39130916.0
VPB,2025-10-10,32.3,32.35,31.7,32.1,38762015.0
VPB,2025-10-13,31.6,31.85,31.25,31.7,37089014.0
VPB,2025-10-14,31.9,32.85,31.9,32.5,57924610.0
VPB,2025-10-15,32.75,34.65,32.75,33.7,111806208.0
VPB,2025-10-16,33.8,33.9,33.2,33.2,30945500.0
VPB,2025-10-17,33.2,33.35,31.9,31.95,50307213.0
VPB,2025-10-20,31.55,31.8,29.75,29.75,53124714.0
VPB,2025-10-21,29.5,30.65,28.35,30.35,55741209.0
VPB,2025-10-22,30.45,30.45,29.4,30.45,28315113.0
VPB,2025-10-23,30.5,30.8,30.0,30.0,15756412.0
VPB,2025-10-24,29.9,29.9,29.0,29.2,24260004.0
VPB,2025-10-27,29.5,29.8,28.3,28.3,40730311.0
VPB,2025-10-28,28.2,29.45,28.05,29.45,26971318.0
VPB,2025-10-29,29.7,30.3,29.45,29.85,26993970.0
VPB,2025-10-30,30.25,30.25,28.95,29.2,22800131.0
VPB,2025-10-31,29.2,29.35,28.65,28.7,17087354.0
VPB,2025-11-03,29.05,29.05,27.6,27.6,24955852.0
VPB,2025-11-04,27.55,29.5,27.25,29.5,32649547.0
VPB,2025-11-05,29.0,29.45,28.8,29.25,13685028.0
VPB,2025-11-06,29.2,29.2,28.4,28.5,13271960.0
VPB,2025-11-07,28.45,28.5,27.3,27.5,24069835.0
VPB,2025-11-10,27.4,28.2,27.4,27.5,30905321.0
VPB,2025-11-11,27.75,27.8,27.4,27.5,14818137.0
VPB,2025-11-12,27.65,28.3,27.5,28.0,36724222.0
VPB,2025-11-13,28.3,28.35,27.75,27.75,14483221.0
VPB,2025-11-14,27.6,28.2,27.6,27.8,11933421.0
VPB,2025-11-17,27.95,28.4,27.85,28.1,18402283.0
VPB,2025-11-18,28.3,28.8,28.15,28.8,19287481.0
VPB,2025-11-19,28.7,28.75,28.1,28.1,16875658.0
VPB,2025-11-20,28.25,28.75,28.0,28.55,19698431.0
VPB,2025-11-21,28.35,28.7,28.0,28.55,18214638.0
VPB,2025-11-24,28.55,29.2,28.4,29.0,18686129.0
VPB,2025-11-25,28.95,29.0,28.1,28.2,14627929.0
VPB,2025-11-26,28.2,29.1,28.2,29.0,25367441.0
VPB,2025-11-27,29.05,29.5,28.8,29.1,18568140.0
VPB,2025-11-28,29.1,29.25,28.7,29.25,13154925.0
VPB,2025-12-01,29.05,29.55,28.85,29.3,16123844.0
VPB,2025-12-02,29.25,29.25,28.7,28.9,10562221.0
VPB,2025-12-03,29.15,30.3,29.0,30.25,35666432.0
VPB,2025-12-04,30.35,30.45,29.9,30.25,19625137.0
VPB,2025-12-05,30.25,30.3,29.8,29.85,18315032.0
VPB,2025-12-08,29.8,30.25,29.55,29.7,22641024.0
VPB,2025-12-09,29.65,29.7,28.4,28.75,34664828.0
VPB,2025-12-10,28.75,29.1,28.5,29.0,12748027.0
VPB,2025-12-11,28.95,29.0,28.15,28.15,18184733.0
VPB,2025-12-12,28.1,28.2,26.55,26.55,41556821.0
VPB,2025-12-15,26.6,27.5,26.6,27.5,23034613.0
VPB,2025-12-16,27.45,28.3,26.8,28.25,18555235.0
VPB,2025-12-17,28.2,28.3,27.8,28.0,7380724.0
VPB,2025-12-18,28.0,28.3,27.7,28.3,8016828.0
VPB,2025-12-19,28.25,28.45,28.0,28.45,10752129.0
VPB,2025-12-22,28.45,29.0,28.1,29.0,14278827.0
VPB,2025-12-23,29.1,29.4,28.55,28.7,12974333.0
VPB,2025-12-24,28.6,29.3,28.4,29.3,22369521.0
VPB,2025-12-25,29.3,29.7,28.75,28.75,29590021.0
VPB,2025-12-26,28.2,28.85,27.35,28.15,30618662.0
VPB,2025-12-29,28.15,28.3,27.8,28.0,22587922.0
VPB,2025-12-30,27.9,29.1,27.9,28.7,24144423.0
VPB,2025-12-31,28.7,29.0,28.55,28.65,22530129.0
VPB,2026-01-05,28.65,28.8,27.55,27.9,21297102.0
VPB,2026-01-06,27.85,28.9,27.65,28.85,35880253.0
VPB,2026-01-07,29.15,29.75,29.1,29.25,34203513.0
VPB,2026-01-08,29.3,29.75,29.0,29.25,29952600.0
VPB,2026-01-09,29.25,29.65,28.2,28.25,37610200.0
VPB,2026-01-12,28.5,30.2,28.15,30.2,49690500.0
VPB,2026-01-13,31.3,31.45,30.3,30.5,42211100.0
VPB,2026-01-14,30.55,30.8,29.2,29.5,44749400.0
VPB,2026-01-15,29.35,29.4,28.75,29.0,34620800.0
VPB,2026-01-16,29.3,29.45,28.85,28.9,24981000.0
VPB,2026-01-19,28.95,29.8,28.9,29.65,30777100.0
VPB,2026-01-20,30.15,30.95,29.7,29.75,48697600.0
VPB,2026-01-21,29.65,29.65,29.0,29.05,34082700.0
VPB,2026-01-22,29.1,29.4,29.05,29.2,19795300.0
VPB,2026-01-23,29.2,29.3,28.5,28.5,31092900.0
VPB,2026-01-26,28.6,28.65,27.6,27.75,32470600.0
VPB,2026-01-27,27.8,28.1,27.7,27.8,12846500.0
VPB,2026-01-28,27.95,28.3,27.65,27.75,14212000.0
VPB,2026-01-29,28.0,28.15,27.65,27.65,8246800.0
VPB,2026-01-30,27.75,28.0,27.55,28.0,15839700.0
VPB,2026-02-02,27.85,28.0,27.25,27.6,14154800.0
VPB,2026-02-03,27.85,28.0,27.5,27.5,15333400.0
VPB,2026-02-04,27.5,27.8,27.25,27.75,16720100.0
VPB,2026-02-05,28.0,28.05,27.4,27.4,9669100.0
VPB,2026-02-06,27.2,27.25,26.8,26.8,18137700.0
VPB,2026-02-09,27.0,27.15,26.65,26.75,8770500.0
VPB,2026-02-10,26.7,27.3,26.35,26.6,11076900.0
VPB,2026-02-11,26.8,28.3,26.8,28.3,28252000.0
VPB,2026-02-12,28.35,28.5,28.15,28.25,8140700.0
VPB,2026-02-13,28.1,28.3,27.9,28.3,12905500.0
VPB,2026-02-23,28.45,29.15,28.3,28.8,15465000.0
VPB,2026-02-24,28.7,29.15,28.55,29.0,18101200.0
VPB,2026-02-25,29.0,29.5,28.8,28.85,20144800.0
VPB,2026-02-26,29.0,29.2,28.85,28.9,13933100.0
VPB,2026-02-27,29.05,29.45,28.75,28.95,18002900.0
VPB,2026-03-02,28.25,28.7,27.95,28.05,24664300.0
VPB,2026-03-03,28.05,28.45,27.3,27.45,18795100.0
VPB,2026-03-04,27.35,27.65,26.5,27.15,26580500.0
VPB,2026-03-05,27.45,28.1,26.95,27.0,21450200.0
VPB,2026-03-06,27.0,27.0,26.65,26.65,15454600.0
VPB,2026-03-09,24.8,25.2,24.8,24.8,32371300.0
VPB,2026-03-10,26.0,26.0,24.8,25.5,30382100.0
VPB,2026-03-11,25.5,26.5,25.4,26.45,17296100.0
VPB,2026-03-12,25.85,26.2,25.5,25.75,12809200.0
VPB,2026-03-13,25.4,26.0,25.0,25.65,13865300.0
VPB,2026-03-16,25.7,25.75,25.4,25.5,7467100.0
VPB,2026-03-17,25.8,26.4,25.7,25.7,9324100.0
VPB,2026-03-18,25.95,26.15,25.4,25.6,9271600.0
VPB,2026-03-19,25.25,25.8,24.95,25.6,23991600.0
VPB,2026-03-20,25.3,25.9,25.05,25.05,15978800.0
VPB,2026-03-23,24.9,24.9,23.9,24.0,22738500.0
VPB,2026-03-24,24.45,25.65,24.25,25.25,29998900.0
VPB,2026-03-25,25.95,26.4,25.55,26.3,21942900.0
VPB,2026-03-26,26.3,26.5,25.85,26.2,19426700.0
VPB,2026-03-27,26.0,26.55,25.9,26.45,11263600.0
VPB,2026-03-30,25.65,26.4,25.55,26.1,16541700.0
VPB,2026-03-31,26.4,26.9,26.25,26.7,19377200.0
VPB,2026-04-01,27.3,27.35,26.8,26.8,10288600.0
VPB,2026-04-02,26.6,26.6,26.0,26.25,11441500.0
VPB,2026-04-03,26.3,26.4,25.75,25.8,16758100.0
VPB,2026-04-06,25.8,25.95,25.5,25.6,11093100.0
VPB,2026-04-07,25.6,26.1,25.5,26.05,11428900.0
VPB,2026-04-08,27.2,27.75,26.65,27.6,24909900.0
VPB,2026-04-09,27.35,27.5,27.05,27.1,11852400.0
VPB,2026-04-10,27.5,27.9,27.3,27.3,14448500.0
VPB,2026-04-13,27.0,27.2,26.8,26.9,13557000.0
VPB,2026-04-14,27.3,27.75,27.1,27.35,14453500.0
VPB,2026-04-15,27.85,27.85,27.25,27.35,12229700.0
VPB,2026-04-16,27.3,27.9,27.0,27.6,15412800.0
VPB,2026-04-17,27.8,28.5,27.65,28.25,25668400.0
VPB,2026-04-20,28.5,28.5,28.05,28.05,14857100.0
VPB,2026-04-21,28.0,28.25,27.55,27.55,12776900.0
VPB,2026-04-22,27.6,27.85,27.4,27.55,13650100.0
VPB,2026-04-23,27.65,28.1,27.4,27.4,12903100.0
VPB,2026-04-24,27.4,27.6,27.2,27.25,8708200.0
VPB,2026-04-28,27.25,27.45,27.0,27.0,7722200.0
VPB,2026-04-29,26.8,27.0,26.5,26.5,18791500.0
VPB,2026-05-04,26.7,27.15,26.7,26.95,6238600.0
VPB,2026-05-05,26.9,28.0,26.5,28.0,22244500.0
VPB,2026-05-06,27.9,28.1,27.55,28.0,18609200.0
VPB,2026-05-07,28.0,28.25,27.8,28.15,18127700.0
VPB,2026-05-08,28.1,28.3,27.9,27.95,15747600.0
VPB,2026-05-11,27.9,28.1,27.8,27.8,14897400.0
VPB,2026-05-12,27.75,27.9,27.5,27.85,14565400.0
VPB,2026-05-13,28.0,28.15,27.7,27.75,13166100.0
VPB,2026-05-14,27.75,28.65,27.75,28.65,25280800.0
